batch_size,context_length,heads_per_program,num_warps,num_programs,kv_read_factor,production_median_ms,grouped_median_ms,speedup,production_gbps,grouped_gbps,max_abs_error,status,error
1,256,1,4,12,6,0.05352000147104263,0.06371200084686279,0.8400301475334687,29.38833999941141,24.687091585469307,1.52587890625e-05,ok,
1,256,1,8,12,6,0.05352000147104263,0.061792001128196716,0.8661315460557332,29.38833999941141,25.454168359701754,1.52587890625e-05,ok,
1,256,2,4,6,3,0.05352000147104263,0.0785600021481514,0.681262729220814,29.38833999941141,10.010590357634117,1.52587890625e-05,ok,
1,256,2,8,6,3,0.05352000147104263,0.07550400123000145,0.708836625863167,29.38833999941141,10.415765882451167,1.52587890625e-05,ok,
1,256,3,4,4,2,0.05352000147104263,0.0968800000846386,0.5524360180045956,29.38833999941141,5.411725841680007,1.52587890625e-05,ok,
1,256,3,8,4,2,0.05352000147104263,0.09211200103163719,0.5810317968519696,29.38833999941141,5.691853332118208,1.52587890625e-05,ok,
1,256,6,4,2,1,0.05352000147104263,0.14033599942922592,0.3813704372984765,29.38833999941141,1.867974012841973,1.52587890625e-05,ok,
1,256,6,8,2,1,0.05352000147104263,0.13233599811792374,0.40442511661378266,29.38833999941141,1.9808971385579093,1.52587890625e-05,ok,
1,512,1,4,12,6,0.07108800113201141,0.08567999675869942,0.8296919213502839,44.25118092937145,36.71484732730924,1.9073486328125e-06,ok,
1,512,1,8,12,6,0.07108800113201141,0.0811999998986721,0.8754679953290732,44.25118092937145,38.740492659180944,1.9073486328125e-06,ok,
1,512,2,4,6,3,0.07108800113201141,0.11552000045776367,0.6153739685796015,44.25118092937145,13.615512411420646,1.9073486328125e-06,ok,
1,512,2,8,6,3,0.07108800113201141,0.10844799876213074,0.6555031161795384,44.25118092937145,14.503393496913775,1.9073486328125e-06,ok,
1,512,3,4,4,2,0.07108800113201141,0.15200000256299973,0.46768421008774286,44.25118092937145,6.898526199467627,1.9073486328125e-06,ok,
1,512,3,8,4,2,0.07108800113201141,0.14281600713729858,0.4977593377447513,44.25118092937145,7.342146171275702,1.9073486328125e-06,ok,
1,512,6,4,2,1,0.07108800113201141,0.2383520007133484,0.2982479732465291,44.25118092937145,2.1996375043250826,1.9073486328125e-06,ok,
1,512,6,8,2,1,0.07108800113201141,0.2226240038871765,0.31931867135063324,44.25118092937145,2.3550380500105623,1.9073486328125e-06,ok,
1,1024,1,4,12,6,0.10867200046777725,0.1294879987835884,0.8392438024268128,57.893992683658226,48.58717455750342,6.103515625e-05,ok,
1,1024,1,8,12,6,0.10867200046777725,0.1202079989016056,0.9040330216022399,57.893992683658226,52.33808113842552,6.103515625e-05,ok,
1,1024,2,4,6,3,0.10867200046777725,0.1894880011677742,0.5735033342378137,57.893992683658226,16.601198918208794,6.103515625e-05,ok,
1,1024,2,8,6,3,0.10867200046777725,0.17654399573802948,0.615551947906706,57.893992683658226,17.818379984261206,6.103515625e-05,ok,
1,1024,3,4,4,2,0.10867200046777725,0.2640320062637329,0.41158646637418783,57.893992683658226,7.942794624319992,6.103515625e-05,ok,
1,1024,3,8,4,2,0.10867200046777725,0.24430400133132935,0.4448228431608633,57.893992683658226,8.584190142493023,6.103515625e-05,ok,
1,1024,6,4,2,1,0.10867200046777725,0.4355199933052063,0.2495224149023658,57.893992683658226,2.407641477127716,6.103515625e-05,ok,
1,1024,6,8,2,1,0.10867200046777725,0.40411199629306793,0.2689155517891796,57.893992683658226,2.59476583130078,6.103515625e-05,ok,
1,2048,1,4,12,6,0.18360000103712082,0.2178720012307167,0.8426966292134831,68.5343786978299,57.753689913901596,1.52587890625e-05,ok,
1,2048,1,8,12,6,0.18360000103712082,0.1993280053138733,0.921094859440417,68.5343786978299,63.12666391351394,5.960464477539063e-08,ok,
1,2048,2,4,6,3,0.18360000103712082,0.3380479961633682,0.5431181463013097,68.5343786978299,18.611132358138672,1.52587890625e-05,ok,
1,2048,2,8,6,3,0.18360000103712082,0.3099680095911026,0.5923191921621802,68.5343786978299,20.297113912817768,5.960464477539063e-08,ok,
1,2048,3,4,4,2,0.18360000103712082,0.48657599091529846,0.3773305803513871,68.5343786978299,8.620038962691298,1.52587890625e-05,ok,
1,2048,3,8,4,2,0.18360000103712082,0.44649599492549896,0.41120189906239984,68.5343786978299,9.393822223869778,5.960464477539063e-08,ok,
1,2048,6,4,2,1,0.18360000103712082,0.8304480016231537,0.22108548720481608,68.5343786978299,2.5253260841148486,1.52587890625e-05,ok,
1,2048,6,8,2,1,0.18360000103712082,0.7666079998016357,0.23949658897980244,68.5343786978299,2.7356249876633822,5.960464477539063e-08,ok,
1,4096,1,4,12,6,0.332720011472702,0.39473599195480347,0.8428925110806664,75.63664081583121,63.75355810696239,3.814697265625e-06,ok,
1,4096,1,8,12,6,0.332720011472702,0.35763199627399445,0.9303418456378649,75.63664081583121,70.36793201444866,1.1920928955078125e-07,ok,
1,4096,2,4,6,3,0.332720011472702,0.6338240206241608,0.5249406785578348,75.63664081583121,19.852374776848826,3.814697265625e-06,ok,
1,4096,2,8,6,3,0.332720011472702,0.5782879889011383,0.575353487982581,75.63664081583121,21.758902556337066,1.1920928955078125e-07,ok,
1,4096,3,4,4,2,0.332720011472702,0.9331520199775696,0.3565549924873974,75.63664081583121,8.989540632620223,3.814697265625e-06,ok,
1,4096,3,8,4,2,0.332720011472702,0.8521760106086731,0.39043578712695076,75.63664081583121,9.843750464189169,1.1920928955078125e-07,ok,
1,4096,6,4,2,1,0.332720011472702,1.6200799942016602,0.20537258201046987,75.63664081583121,2.588948703157625,3.814697265625e-06,ok,
1,4096,6,8,2,1,0.332720011472702,1.4915040135383606,0.22307684622542565,75.63664081583121,2.812130548713488,1.1920928955078125e-07,ok,
1,8192,1,4,12,6,0.6314080059528351,0.7481440007686615,0.8439658746232156,79.71335099567882,67.27534799221544,4.76837158203125e-07,ok,
1,8192,1,8,12,6,0.6314080059528351,0.673471987247467,0.9375416021881612,79.71335099567882,74.73458280827596,4.76837158203125e-07,ok,
1,8192,2,4,6,3,0.6314080059528351,1.2278560400009155,0.5142361851739267,79.71335099567882,20.495744761724048,4.76837158203125e-07,ok,
1,8192,2,8,6,3,0.6314080059528351,1.1152640581130981,0.5661511292860156,79.71335099567882,22.564901842688045,4.76837158203125e-07,ok,
1,8192,3,4,4,2,0.6314080059528351,1.8232319951057434,0.3463124866433768,79.71335099567882,9.201909600663276,4.76837158203125e-07,ok,
1,8192,3,8,4,2,0.6314080059528351,1.6619519591331482,0.37991952925171735,79.71335099567882,10.09488626178507,4.76837158203125e-07,ok,
1,8192,6,4,2,1,0.6314080059528351,3.199488043785095,0.19734657461193683,79.71335099567882,2.6218594616393727,4.76837158203125e-07,ok,
1,8192,6,8,2,1,0.6314080059528351,2.9419360160827637,0.21462329653027779,79.71335099567882,2.851390361361281,4.76837158203125e-07,ok,
1,12288,1,4,12,6,0.9296800196170807,1.1010560393333435,0.8443530450820416,81.2080182502966,68.56823749471594,1.52587890625e-05,ok,
1,12288,1,8,12,6,0.9296800196170807,0.9889280200004578,0.9400886624859213,81.2080182502966,76.34273726005362,1.52587890625e-05,ok,
1,12288,2,4,6,3,0.9296800196170807,1.820032000541687,0.5108042162667386,81.2080182502966,20.74069905845888,1.52587890625e-05,ok,
1,12288,2,8,6,3,0.9296800196170807,1.6516640186309814,0.5628747790895552,81.2080182502966,22.854972666468136,1.52587890625e-05,ok,
1,12288,3,4,4,2,0.9296800196170807,2.7129600048065186,0.3426810634767847,81.2080182502966,9.276150018951261,1.52587890625e-05,ok,
1,12288,3,8,4,2,0.9296800196170807,2.4706079959869385,0.37629604580215875,81.2080182502966,10.186085385005386,1.52587890625e-05,ok,
1,12288,6,4,2,1,0.9296800196170807,4.778240203857422,0.19456535878346173,81.2080182502966,2.633377867827145,1.52587890625e-05,ok,
1,12288,6,8,2,1,0.9296800196170807,4.391999959945679,0.21167578053178743,81.2080182502966,2.8649617747618623,1.52587890625e-05,ok,
1,16384,1,4,12,6,1.2291200160980225,1.4560959935188293,0.8441201827138523,81.8986711481331,69.1323212535838,7.62939453125e-06,ok,
1,16384,1,8,12,6,1.2291200160980225,1.3066080212593079,0.9406952935383004,81.8986711481331,77.0416944960898,7.62939453125e-06,ok,
1,16384,2,4,6,3,1.2291200160980225,2.413424015045166,0.5092847375495351,81.8986711481331,20.85487162066632,7.62939453125e-06,ok,
1,16384,2,8,6,3,1.2291200160980225,2.189455986022949,0.5613814682480396,81.8986711481331,22.988198128351158,7.62939453125e-06,ok,
1,16384,3,4,4,2,1.2291200160980225,3.605215907096863,0.34092826831217,81.8986711481331,9.30719071053363,7.62939453125e-06,ok,
1,16384,3,8,4,2,1.2291200160980225,3.28275203704834,0.3744175625287787,81.8986711481331,10.221433608543334,7.62939453125e-06,ok,
1,16384,6,4,2,1,1.2291200160980225,6.357039928436279,0.1933478521347536,81.8986711481331,2.639155359863675,7.62939453125e-06,ok,
1,16384,6,8,2,1,1.2291200160980225,5.840847969055176,0.2104352009519684,81.8986711481331,2.8723938867927608,7.62939453125e-06,ok,
2,256,1,4,24,6,0.05257599987089634,0.06359999999403954,0.8266666647142085,59.832014754346694,49.4611320801071,3.0517578125e-05,ok,
2,256,1,8,24,6,0.05257599987089634,0.061264000833034515,0.8581875025463,59.832014754346694,51.347087314346176,6.103515625e-05,ok,
2,256,2,4,12,3,0.05257599987089634,0.07804799824953079,0.6736367498216063,59.832014754346694,20.15252197719825,3.0517578125e-05,ok,
2,256,2,8,12,3,0.05257599987089634,0.0745600014925003,0.7051501987454326,59.832014754346694,21.095278547683616,6.103515625e-05,ok,
2,256,3,4,8,2,0.05257599987089634,0.09694400057196617,0.5423337139039013,59.832014754346694,10.816306257359285,3.0517578125e-05,ok,
2,256,3,8,8,2,0.05257599987089634,0.09222400188446045,0.5700902020795444,59.832014754346694,11.36988179404393,6.103515625e-05,ok,
2,256,6,4,4,1,0.05257599987089634,0.13972800225019455,0.37627389660058735,59.832014754346694,3.752204222180311,3.0517578125e-05,ok,
2,256,6,8,4,1,0.05257599987089634,0.1318719983100891,0.39868964256738587,59.832014754346694,3.97573409608284,6.103515625e-05,ok,
2,512,1,4,24,6,0.07087999954819679,0.08555199950933456,0.8285019631886347,88.76207731522278,73.53955531236345,3.0517578125e-05,ok,
2,512,1,8,24,6,0.07087999954819679,0.08103999868035316,0.8746298211056178,88.76207731522278,77.63395980317631,2.384185791015625e-07,ok,
2,512,2,4,12,3,0.07087999954819679,0.11579200252890587,0.6121320816651615,88.76207731522278,27.167057579945666,3.0517578125e-05,ok,
2,512,2,8,12,3,0.07087999954819679,0.10843199864029884,0.6536815740464843,88.76207731522278,29.011067207525283,2.384185791015625e-07,ok,
2,512,3,4,8,2,0.07087999954819679,0.15227200090885162,0.4654828144710911,88.76207731522278,13.772407188996832,3.0517578125e-05,ok,
2,512,3,8,8,2,0.07087999954819679,0.1424800008535385,0.49747332343896794,88.76207731522278,14.7189218657835,2.384185791015625e-07,ok,
2,512,6,4,4,1,0.07087999954819679,0.23867200314998627,0.29697659806229715,88.76207731522278,4.393376626336243,3.0517578125e-05,ok,
2,512,6,8,4,1,0.07087999954819679,0.22255999594926834,0.31847592037319056,88.76207731522278,4.711430711200313,2.384185791015625e-07,ok,
2,1024,1,4,24,6,0.10857599973678589,0.13012799620628357,0.8343784804360418,115.89036279199803,96.6964248035689,3.0517578125e-05,ok,
2,1024,1,8,24,6,0.10857599973678589,0.12105599790811539,0.896907229819359,115.89036279199803,103.94290425453147,3.0517578125e-05,ok,
2,1024,2,4,12,3,0.10857599973678589,0.1892160028219223,0.573820385789306,115.89036279199803,33.25012634328348,3.0517578125e-05,ok,
2,1024,2,8,12,3,0.10857599973678589,0.1756799966096878,0.6180327973139231,115.89036279199803,35.81202254903197,3.0517578125e-05,ok,
2,1024,3,4,8,2,0.10857599973678589,0.2634720057249069,0.41209691116160135,115.89036279199803,15.919353513326588,3.0517578125e-05,ok,
2,1024,3,8,8,2,0.10857599973678589,0.24348799884319305,0.44591930712243905,115.89036279199803,17.225916759458617,3.0517578125e-05,ok,
2,1024,6,4,4,1,0.10857599973678589,0.43568000197410583,0.24921042793981393,115.89036279199803,4.81351448424902,3.0517578125e-05,ok,
2,1024,6,8,4,1,0.10857599973678589,0.4044159948825836,0.268476027433854,115.89036279199803,5.185630703377294,3.0517578125e-05,ok,
2,2048,1,4,24,6,0.18244799971580505,0.2178879976272583,0.8373476359534013,137.9342280496372,115.49889977442105,1.52587890625e-05,ok,
2,2048,1,8,24,6,0.18244799971580505,0.19912000000476837,0.9162715935688828,137.9342280496372,126.38521494273478,7.62939453125e-06,ok,
2,2048,2,4,12,3,0.18244799971580505,0.3378079980611801,0.5400937833412756,137.9342280496372,37.248709539793424,1.52587890625e-05,ok,
2,2048,2,8,12,3,0.18244799971580505,0.3094879984855652,0.589515589000504,137.9342280496372,40.657188846005866,7.62939453125e-06,ok,
2,2048,3,4,8,2,0.18244799971580505,0.48523199558258057,0.3760015855853731,137.9342280496372,17.287829484386013,1.52587890625e-05,ok,
2,2048,3,8,8,2,0.18244799971580505,0.4463199973106384,0.408782937836463,137.9342280496372,18.795052990111785,7.62939453125e-06,ok,
2,2048,6,4,4,1,0.18244799971580505,0.8307200074195862,0.21962634592434088,137.9342280496372,5.0489984140727575,1.52587890625e-05,ok,
2,2048,6,8,4,1,0.18244799971580505,0.7667360007762909,0.2379541322320635,137.9342280496372,5.470336590108496,7.62939453125e-06,ok,
2,4096,1,4,24,6,0.3319680094718933,0.39577600359916687,0.838777506602202,151.61595865839422,127.17205576459044,7.62939453125e-06,ok,
2,4096,1,8,24,6,0.3319680094718933,0.3574400097131729,0.9287376915031992,151.61595865839422,140.81145543944152,1.52587890625e-05,ok,
2,4096,2,4,12,3,0.3319680094718933,0.6349439918994904,0.5228303814306235,151.61595865839422,39.63471474816895,7.62939453125e-06,ok,
2,4096,2,8,12,3,0.3319680094718933,0.5787520110607147,0.5735928396403754,151.61595865839422,43.48291413083305,1.52587890625e-05,ok,
2,4096,3,4,8,2,0.3319680094718933,0.9303039908409119,0.35683820852130693,151.61595865839422,18.03412235696731,1.52587890625e-05,ok,
2,4096,3,8,8,2,0.3319680094718933,0.8524159789085388,0.38944367267370555,151.61595865839422,19.68195859195659,1.52587890625e-05,ok,
2,4096,6,4,4,1,0.3319680094718933,1.6207199692726135,0.20482749380874357,151.61595865839422,5.17585280556816,1.52587890625e-05,ok,
2,4096,6,8,4,1,0.3319680094718933,1.4921759963035583,0.22247242302131226,151.61595865839422,5.621728281905345,1.52587890625e-05,ok,
2,8192,1,4,24,6,0.6279360055923462,0.7482880055904388,0.8391635318233805,160.30820832616857,134.5248022792659,3.814697265625e-06,ok,
2,8192,1,8,24,6,0.6279360055923462,0.673471987247467,0.9323862276124802,160.30820832616857,149.46916561655192,1.52587890625e-05,ok,
2,8192,2,4,12,3,0.6279360055923462,1.2274720072746277,0.5115684935142112,160.30820832616857,41.004314315690195,3.814697265625e-06,ok,
2,8192,2,8,12,3,0.6279360055923462,1.1151039600372314,0.5631188015612288,160.30820832616857,45.13628307652993,1.52587890625e-05,ok,
2,8192,3,4,8,2,0.6279360055923462,1.8191840052604675,0.34517454186963314,160.30820832616857,18.44477078897565,3.814697265625e-06,ok,
2,8192,3,8,8,2,0.6279360055923462,1.661679983139038,0.3778922608227656,160.30820832616857,20.193077090940918,1.52587890625e-05,ok,
2,8192,6,4,4,1,0.6279360055923462,3.200447916984558,0.1962025384821708,160.30820832616857,5.242146235520492,3.814697265625e-06,ok,
2,8192,6,8,4,1,0.6279360055923462,2.9417279958724976,0.21345821451656832,160.30820832616857,5.703183986942336,1.52587890625e-05,ok,
2,12288,1,4,24,6,0.9409439861774445,1.1101279854774475,0.847599554724098,160.47176688318316,136.01579815597532,3.814697265625e-06,ok,
2,12288,1,8,24,6,0.9409439861774445,0.9978559911251068,0.9429657130349113,160.47176688318316,151.31937408097286,3.814697265625e-06,ok,
2,12288,2,4,12,3,0.9409439861774445,1.8311360478401184,0.5138580430915097,160.47176688318316,41.229854051014726,3.814697265625e-06,ok,
2,12288,2,8,12,3,0.9409439861774445,1.6592640280723572,0.5670851475461576,160.47176688318316,45.50057779997127,3.814697265625e-06,ok,
2,12288,3,4,8,2,0.9409439861774445,2.707103967666626,0.34758324667836316,160.47176688318316,18.592432577823413,3.814697265625e-06,ok,
2,12288,3,8,8,2,0.9409439861774445,2.4734079837799072,0.38042409192011933,160.47176688318316,20.34910873178401,3.814697265625e-06,ok,
2,12288,6,4,4,1,0.9409439861774445,4.778000116348267,0.1969326000972536,160.47176688318316,5.267020382417603,3.814697265625e-06,ok,
2,12288,6,8,4,1,0.9409439861774445,4.3941919803619385,0.21413356320857455,160.47176688318316,5.727065206178623,3.814697265625e-06,ok,
2,16384,1,4,24,6,1.7178879976272583,1.6932960152626038,1.0145231442955003,117.19424798244803,118.89627695649978,1.9073486328125e-06,ok,
2,16384,1,8,24,6,1.7178879976272583,1.5410879850387573,1.1147241522255165,117.19424798244803,130.63925872794132,1.9073486328125e-06,ok,
2,16384,2,4,12,3,1.7178879976272583,2.6689759492874146,0.6436506099224739,117.19424798244803,37.71607459665417,1.9073486328125e-06,ok,
2,16384,2,8,12,3,1.7178879976272583,2.4240479469299316,0.7086856511245876,117.19424798244803,41.526940969748786,1.9073486328125e-06,ok,
2,16384,3,4,8,2,1.7178879976272583,3.779647946357727,0.4545100554359059,117.19424798244803,17.755321382423915,1.9073486328125e-06,ok,
2,16384,3,8,8,2,1.7178879976272583,3.461199998855591,0.4963272848131457,117.19424798244803,19.388900965615633,1.9073486328125e-06,ok,
2,16384,6,4,4,1,1.7178879976272583,6.53875207901001,0.26272413709365666,117.19424798244803,5.131626278921445,1.9073486328125e-06,ok,
2,16384,6,8,4,1,1.7178879976272583,6.008048057556152,0.28593113456652847,117.19424798244803,5.5849140483820765,1.9073486328125e-06,ok,
4,256,1,4,48,6,0.05257599987089634,0.06347199901938438,0.828333764229477,119.66402950869339,99.1217560058032,3.0517578125e-05,ok,
4,256,1,8,48,6,0.05257599987089634,0.060975998640060425,0.8622408987715143,119.66402950869339,103.17922035419681,3.0517578125e-05,ok,
4,256,2,4,24,3,0.05257599987089634,0.07857600226998329,0.6691101398903928,119.66402950869339,40.034207762204964,3.0517578125e-05,ok,
4,256,2,8,24,3,0.05257599987089634,0.07529599964618683,0.6982575451278827,119.66402950869339,41.77815574242538,3.0517578125e-05,ok,
4,256,3,4,16,2,0.05257599987089634,0.09624000266194344,0.5463008979288679,119.66402950869339,21.790855590128587,3.0517578125e-05,ok,
4,256,3,8,16,2,0.05257599987089634,0.09206400066614151,0.5710809816049226,119.66402950869339,22.779283811541678,3.0517578125e-05,ok,
4,256,6,4,8,1,0.05257599987089634,0.1393600031733513,0.3772674990936713,119.66402950869339,7.524224857369342,3.0517578125e-05,ok,
4,256,6,8,8,1,0.05257599987089634,0.13278400152921677,0.39595131390379074,119.66402950869339,7.896854951831523,3.0517578125e-05,ok,
4,512,1,4,48,6,0.07127999886870384,0.08603199943900108,0.8285289117247961,176.5279489296491,146.2585094156926,6.103515625e-05,ok,
4,512,1,8,48,6,0.07127999886870384,0.08100799843668938,0.8799130980184838,176.5279489296491,155.32925442953626,6.103515625e-05,ok,
4,512,2,4,24,3,0.07127999886870384,0.11523199826478958,0.6185781722270475,176.5279489296491,54.59816799794597,6.103515625e-05,ok,
4,512,2,8,24,3,0.07127999886870384,0.10833599790930748,0.6579530372570644,176.5279489296491,58.0735500795113,6.103515625e-05,ok,
4,512,3,4,16,2,0.07127999886870384,0.15243200212717056,0.46761833390626567,176.5279489296491,27.51590178879096,6.103515625e-05,ok,
4,512,3,8,16,2,0.07127999886870384,0.142815999686718,0.4991037350511432,176.5279489296491,29.36858621723511,6.103515625e-05,ok,
4,512,6,4,8,1,0.07127999886870384,0.23712000250816345,0.3006072794986996,176.5279489296491,8.844264413871201,6.103515625e-05,ok,
4,512,6,8,8,1,0.07127999886870384,0.2226400002837181,0.3201580972775296,176.5279489296491,9.419475374270231,6.103515625e-05,ok,
4,1024,1,4,48,6,0.10851199924945831,0.12964800000190735,0.8369739544602455,231.91743009126822,194.1088485717463,6.103515625e-05,ok,
4,1024,1,8,48,6,0.10851199924945831,0.12070400267839432,0.8989925507158153,231.91743009126822,208.49204203320602,6.103515625e-05,ok,
4,1024,2,4,24,3,0.10851199924945831,0.18956800550222397,0.5724172650441547,231.91743009126822,66.37677052445636,6.103515625e-05,ok,
4,1024,2,8,24,3,0.10851199924945831,0.1759520024061203,0.6167136364779662,231.91743009126822,71.51332083710527,6.103515625e-05,ok,
4,1024,3,4,16,2,0.10851199924945831,0.2634879946708679,0.41182900718116,231.91743009126822,31.83677499416436,6.103515625e-05,ok,
4,1024,3,8,16,2,0.10851199924945831,0.24407999962568283,0.4445755466071393,231.91743009126822,34.36827275018287,6.103515625e-05,ok,
4,1024,6,4,8,1,0.10851199924945831,0.4337279945611954,0.25018444880238916,231.91743009126822,9.67035573584176,6.103515625e-05,ok,
4,1024,6,8,8,1,0.10851199924945831,0.40436799824237823,0.2683496214366999,231.91743009126822,10.372492428260689,6.103515625e-05,ok,
4,2048,1,4,48,6,0.1833600029349327,0.21932800114154816,0.8360081794416997,274.4963306848372,229.48117767925748,3.0517578125e-05,ok,
4,2048,1,8,48,6,0.1833600029349327,0.20020800083875656,0.9158475294032186,274.4963306848372,251.396786287957,3.0517578125e-05,ok,
4,2048,2,4,24,3,0.1833600029349327,0.33795200288295746,0.542562261418038,274.4963306848372,74.46567496365941,3.0517578125e-05,ok,
4,2048,2,8,24,3,0.1833600029349327,0.30985599756240845,0.5917587665799561,274.4963306848372,81.21780503839149,3.0517578125e-05,ok,
4,2048,3,4,16,2,0.1833600029349327,0.4862399995326996,0.3770977359146731,274.4963306848372,34.503981606045826,3.0517578125e-05,ok,
4,2048,3,8,16,2,0.1833600029349327,0.4464319944381714,0.410723257336627,274.4963306848372,37.58067568860941,3.0517578125e-05,ok,
4,2048,6,4,8,1,0.1833600029349327,0.824752002954483,0.2223213793699051,274.4963306848372,10.171067144971767,3.0517578125e-05,ok,
4,2048,6,8,8,1,0.1833600029349327,0.7666879892349243,0.2391585697304416,274.4963306848372,10.941358307139998,3.0517578125e-05,ok,
4,4096,1,4,48,6,0.3330719918012619,0.39657600224018097,0.8398692556276799,302.22684127719754,253.8310322141848,3.0517578125e-05,ok,
4,4096,1,8,48,6,0.3330719918012619,0.35899199545383453,0.9277978228461479,302.22684127719754,280.4054053426521,3.814697265625e-06,ok,
4,4096,2,4,24,3,0.3330719918012619,0.6340800225734711,0.5252838442212059,302.22684127719754,79.37743850645926,3.0517578125e-05,ok,
4,4096,2,8,24,3,0.3330719918012619,0.5789279937744141,0.5753254210938143,302.22684127719754,86.93939236182851,3.814697265625e-06,ok,
4,4096,3,4,16,2,0.3330719918012619,0.9312799870967865,0.35764968260468616,302.22684127719754,36.030444619135515,3.0517578125e-05,ok,
4,4096,3,8,16,2,0.3330719918012619,0.8524639904499054,0.39071678749207495,302.22684127719754,39.36170017256795,3.814697265625e-06,ok,
4,4096,6,4,8,1,0.3330719918012619,1.6087200045585632,0.20704161747069072,302.22684127719754,10.42892234351478,3.0517578125e-05,ok,
4,4096,6,8,8,1,0.3330719918012619,1.4918559789657593,0.2232601514471703,302.22684127719754,11.245868392491166,3.814697265625e-06,ok,
4,8192,1,4,48,6,0.8755680024623871,0.8692959845066071,1.0072150545585918,229.9382702814664,231.59728744665543,1.52587890625e-05,ok,
4,8192,1,8,48,6,0.8755680024623871,0.7915360033512115,1.1061632051547878,229.9382702814664,254.34925404229477,1.52587890625e-05,ok,
4,8192,2,4,24,3,0.8755680024623871,1.3610079884529114,0.6433231912603724,229.9382702814664,73.96231091518152,1.52587890625e-05,ok,
4,8192,2,8,24,3,0.8755680024623871,1.239087998867035,0.7066229382117866,229.9382702814664,81.23982807681286,1.52587890625e-05,ok,
4,8192,3,4,16,2,0.8755680024623871,1.9343839883804321,0.452634020815825,229.9382702814664,34.69262793897868,1.52587890625e-05,ok,
4,8192,3,8,16,2,0.8755680024623871,1.777504026889801,0.4925828516936852,229.9382702814664,37.75454962958602,1.52587890625e-05,ok,
4,8192,6,4,8,1,0.8755680024623871,3.254464030265808,0.2690360054128099,229.9382702814664,10.310278954676125,1.52587890625e-05,ok,
4,8192,6,8,8,1,0.8755680024623871,3.023856043815613,0.2895534674188931,229.9382702814664,11.096570575383538,1.52587890625e-05,ok,
4,12288,1,4,48,6,1.2988960146903992,1.2815680503845215,1.0135209084688703,232.4973551266006,235.6409305845218,1.52587890625e-05,ok,
4,12288,1,8,48,6,1.2988960146903992,1.1667519807815552,1.1132580326286026,232.4973551266006,258.82954815959295,1.52587890625e-05,ok,
4,12288,2,4,24,3,1.2988960146903992,2.0286879539489746,0.6402640742071803,232.4973551266006,74.42985191787551,1.52587890625e-05,ok,
4,12288,2,8,24,3,1.2988960146903992,1.8438079953193665,0.7044638150977413,232.4973551266006,81.89298689630974,1.52587890625e-05,ok,
4,12288,3,4,16,2,1.2988960146903992,2.896623969078064,0.4484172017342697,232.4973551266006,34.75193779882967,1.52587890625e-05,ok,
4,12288,3,8,16,2,1.2988960146903992,2.6628479957580566,0.48778451370846304,232.4973551266006,37.80286976964424,1.52587890625e-05,ok,
4,12288,6,4,8,1,1.2988960146903992,4.940111875534058,0.2629284614227446,232.4973551266006,10.188361978049095,1.52587890625e-05,ok,
4,12288,6,8,8,1,1.2988960146903992,4.593775987625122,0.28275127437415576,232.4973551266006,10.95648724177783,1.52587890625e-05,ok,
4,16384,1,4,48,6,1.717631995677948,1.6944800019264221,1.0136631850037798,234.42343005555918,237.62640074962894,7.62939453125e-06,ok,
4,16384,1,8,48,6,1.717631995677948,1.540399968624115,1.115055849561031,234.42343005555918,261.3952169576125,7.62939453125e-06,ok,
4,16384,2,4,24,3,1.717631995677948,2.696911931037903,0.6368884263183632,234.42343005555918,74.65078473011899,7.62939453125e-06,ok,
4,16384,2,8,24,3,1.717631995677948,2.450048089027405,0.7010605234119287,234.42343005555918,82.17250628738498,7.62939453125e-06,ok,
4,16384,3,4,16,2,1.717631995677948,3.847663998603821,0.44640904099246065,234.42343005555918,34.88291286575511,7.62939453125e-06,ok,
4,16384,3,8,16,2,1.717631995677948,3.536303997039795,0.48571389708457213,234.42343005555918,37.954239260072754,7.62939453125e-06,ok,
4,16384,6,4,8,1,1.717631995677948,6.573408126831055,0.26130006878273565,234.42343005555918,10.209143066300406,7.62939453125e-06,ok,
4,16384,6,8,8,1,1.717631995677948,6.113968133926392,0.2809357127896714,234.42343005555918,10.976318902876368,7.62939453125e-06,ok,
8,256,1,4,96,6,0.052400000393390656,0.06280000135302544,0.8343948927457506,240.13190659416702,200.3648364474726,0.0001220703125,ok,
8,256,1,8,96,6,0.052400000393390656,0.060736000537872314,0.8627502622718186,240.13190659416702,207.17386539394943,1.52587890625e-05,ok,
8,256,2,4,48,3,0.052400000393390656,0.07790399715304375,0.6726227447668692,240.13190659416702,80.75909105973504,0.0001220703125,ok,
8,256,2,8,48,3,0.052400000393390656,0.07478400319814682,0.7006846137208278,240.13190659416702,84.12836610698992,1.52587890625e-05,ok,
8,256,3,4,32,2,0.052400000393390656,0.09705600142478943,0.5398944900279704,240.13190659416702,43.215297750034004,0.0001220703125,ok,
8,256,3,8,32,2,0.052400000393390656,0.09190399944782257,0.5701601748370064,240.13190659416702,45.637883282557986,1.52587890625e-05,ok,
8,256,6,4,16,1,0.052400000393390656,0.1393600031733513,0.37600458668338127,240.13190659416702,15.048449714738684,0.0001220703125,ok,
8,256,6,8,16,1,0.052400000393390656,0.13209599256515503,0.39668122685512114,240.13190659416702,15.875969885805588,1.52587890625e-05,ok,
8,512,1,4,96,6,0.07156800106167793,0.0859839990735054,0.8323409219487032,351.63513898218105,292.68031576998897,3.0517578125e-05,ok,
8,512,1,8,96,6,0.07156800106167793,0.08132800087332726,0.8799921342361403,351.63513898218105,309.4361564253513,3.0517578125e-05,ok,
8,512,2,4,48,3,0.07156800106167793,0.11580800265073776,0.6179883896065278,351.63513898218105,108.65321663433281,3.0517578125e-05,ok,
8,512,2,8,48,3,0.07156800106167793,0.11184000223875046,0.6399141597735141,351.63513898218105,112.5081522543126,3.0517578125e-05,ok,
8,512,3,4,32,2,0.07156800106167793,0.1539039984345436,0.465017165178566,351.63513898218105,54.505458502221636,3.0517578125e-05,ok,
8,512,3,8,32,2,0.07156800106167793,0.14300799369812012,0.5004475568879946,351.63513898218105,58.65831540653431,3.0517578125e-05,ok,
8,512,6,4,16,1,0.07156800106167793,0.23718400299549103,0.3017404216043966,351.63513898218105,17.68375584790065,3.0517578125e-05,ok,
8,512,6,8,16,1,0.07156800106167793,0.22251199930906296,0.3216365916620612,351.63513898218105,18.84978793514065,3.0517578125e-05,ok,
8,1024,1,4,96,6,0.10838399827480316,0.13025599718093872,0.8320845152660945,464.3826468957731,386.40560964025525,6.103515625e-05,ok,
8,1024,1,8,96,6,0.10838399827480316,0.12083200365304947,0.8969808908077959,464.3826468957731,416.54236028825267,6.103515625e-05,ok,
8,1024,2,4,48,3,0.10838399827480316,0.1897919997572899,0.5710672652872986,464.3826468957731,132.59686410482317,6.103515625e-05,ok,
8,1024,2,8,48,3,0.10838399827480316,0.17628800123929977,0.6148121115042808,464.3826468957731,142.75403784196854,6.103515625e-05,ok,
8,1024,3,4,32,2,0.10838399827480316,0.26526400446891785,0.4085891656947484,464.3826468957731,63.247239419420964,6.103515625e-05,ok,
8,1024,3,8,32,2,0.10838399827480316,0.24447999894618988,0.4433246021841587,464.3826468957731,68.62408406543175,6.103515625e-05,ok,
8,1024,6,4,16,1,0.10838399827480316,0.43380799889564514,0.24984324528528465,464.3826468957731,19.337144592435063,6.103515625e-05,ok,
8,1024,6,8,16,1,0.10838399827480316,0.40404801070690155,0.268245345609251,464.3826468957731,20.76141393524924,6.103515625e-05,ok,
8,2048,1,4,96,6,0.18376000225543976,0.21900800615549088,0.8390560942551761,547.7976423839541,459.63295026087434,3.0517578125e-05,ok,
8,2048,1,8,96,6,0.18376000225543976,0.20051199942827225,0.9164538919336592,547.7976423839541,502.03128135485764,3.0517578125e-05,ok,
8,2048,2,4,48,3,0.18376000225543976,0.33876799046993256,0.5424361433928021,547.7976423839541,148.57262024721075,3.0517578125e-05,ok,
8,2048,2,8,48,3,0.18376000225543976,0.31091201305389404,0.591035387955841,547.7976423839541,161.8838960438477,3.0517578125e-05,ok,
8,2048,3,4,32,2,0.18376000225543976,0.4887840002775192,0.37595339076382506,547.7976423839541,68.6487937022256,3.0517578125e-05,ok,
8,2048,3,8,32,2,0.18376000225543976,0.44734400510787964,0.41078007116944587,547.7976423839541,75.00811817497845,3.0517578125e-05,ok,
8,2048,6,4,16,1,0.18376000225543976,0.8254560232162476,0.22261634428379418,547.7976423839541,20.324784759132847,3.0517578125e-05,ok,
8,2048,6,8,16,1,0.18376000225543976,0.767087996006012,0.23955530944587947,547.7976423839541,21.871305622501893,3.0517578125e-05,ok,
8,4096,1,4,96,6,0.4562879949808121,0.45633599162101746,0.9998948217079374,441.2270193706635,441.18061186635424,3.0517578125e-05,ok,
8,4096,1,8,96,6,0.4562879949808121,0.4174879938364029,1.0929368070872318,441.2270193706635,482.2332497515892,1.52587890625e-05,ok,
8,4096,2,4,48,3,0.4562879949808121,0.7033600211143494,0.6487260880393864,441.2270193706635,143.11773910680458,3.0517578125e-05,ok,
8,4096,2,8,48,3,0.4562879949808121,0.6429120004177094,0.7097207622261757,441.2270193706635,156.57398825126546,1.52587890625e-05,ok,
8,4096,3,4,32,2,0.4562879949808121,0.9939999878406525,0.4590422540869883,441.2270193706635,67.51394851199754,3.0517578125e-05,ok,
8,4096,3,8,32,2,0.4562879949808121,0.9101759791374207,0.5013184323027718,441.2270193706635,73.73174588017527,1.52587890625e-05,ok,
8,4096,6,4,16,1,0.4562879949808121,1.633616030216217,0.2793116537430281,441.2270193706635,20.539974742754517,3.0517578125e-05,ok,
8,4096,6,8,16,1,0.4562879949808121,1.5187680125236511,0.30043297674055175,441.2270193706635,22.09319114131492,1.52587890625e-05,ok,
8,8192,1,4,96,6,0.8773600161075592,0.8698720037937164,1.008608177158462,458.9372396822755,462.88785274607613,1.52587890625e-05,ok,
8,8192,1,8,96,6,0.8773600161075592,0.79203200340271,1.107733036466033,458.9372396822755,508.37994206058653,7.62939453125e-06,ok,
8,8192,2,4,48,3,0.8773600161075592,1.3693919777870178,0.6406931180693797,458.9372396822755,147.01896554509568,1.52587890625e-05,ok,
8,8192,2,8,48,3,0.8773600161075592,1.2458400130271912,0.7042316886064008,458.9372396822755,161.5990736329047,7.62939453125e-06,ok,
8,8192,3,4,32,2,0.8773600161075592,1.9589920043945312,0.44786298981282785,458.9372396822755,68.51366810018344,1.52587890625e-05,ok,
8,8192,3,8,32,2,0.8773600161075592,1.7935519814491272,0.48917456822114685,458.9372396822755,74.8334753540607,7.62939453125e-06,ok,
8,8192,6,4,16,1,0.8773600161075592,3.321536064147949,0.2641428541383676,458.9372396822755,20.204165393343388,1.52587890625e-05,ok,
8,8192,6,8,16,1,0.8773600161075592,3.0793919563293457,0.28491339477075783,458.9372396822755,21.792894490766347,7.62939453125e-06,ok,
8,12288,1,4,96,6,1.2987679839134216,1.2815040349960327,1.0134716305574818,465.0405487977154,471.30540326536686,1.52587890625e-05,ok,
8,12288,1,8,96,6,1.2987679839134216,1.16457599401474,1.1152281951442864,465.0405487977154,518.6263319045845,1.52587890625e-05,ok,
8,12288,2,4,48,3,1.2987679839134216,2.0137919187545776,0.6449365358048711,465.0405487977154,149.96082027519734,1.52587890625e-05,ok,
8,12288,2,8,48,3,1.2987679839134216,1.8296480178833008,0.709845812538278,465.0405487977154,165.05354311228052,1.52587890625e-05,ok,
8,12288,3,4,32,2,1.2987679839134216,2.9143519401550293,0.44564555365414565,465.0405487977154,69.0810842801952,1.52587890625e-05,ok,
8,12288,3,8,32,2,1.2987679839134216,2.6696799993515015,0.4864882623493859,465.0405487977154,75.41225616886845,1.52587890625e-05,ok,
8,12288,6,4,16,1,1.2987679839134216,4.957488059997559,0.26198106141561966,465.0405487977154,20.305302762554625,1.52587890625e-05,ok,
8,12288,6,8,16,1,1.2987679839134216,4.597840070724487,0.2824735014562551,465.0405487977154,21.89360535633819,1.52587890625e-05,ok,
8,16384,1,4,96,6,1.723792016506195,1.6955040097236633,1.0166841285070993,467.1714222416494,474.96577028517345,1.52587890625e-05,ok,
8,16384,1,8,96,6,1.723792016506195,1.5398240089416504,1.1194733985807828,467.1714222416494,522.9859797766773,1.52587890625e-05,ok,
8,16384,2,4,48,3,1.723792016506195,2.671712040901184,0.6452012754805528,467.1714222416494,150.70979874918808,1.52587890625e-05,ok,
8,16384,2,8,48,3,1.723792016506195,2.4268639087677,0.7102961193161808,467.1714222416494,165.91502413683222,1.52587890625e-05,ok,
8,16384,3,4,32,2,1.723792016506195,3.8745439052581787,0.44490191843401783,467.1714222416494,69.28182066428613,1.52587890625e-05,ok,
8,16384,3,8,32,2,1.723792016506195,3.544032096862793,0.48639289075065384,467.1714222416494,75.74295284673673,1.52587890625e-05,ok,
8,16384,6,4,16,1,1.723792016506195,6.598832130432129,0.2612268326324754,467.1714222416494,20.339618488099145,1.52587890625e-05,ok,
8,16384,6,8,16,1,1.723792016506195,6.1155359745025635,0.2818709633453522,467.1714222416494,21.94700980577867,1.52587890625e-05,ok,
12,256,1,4,144,6,0.06108799949288368,0.06996800005435944,0.8730848308572959,308.97014400019316,269.75714591436304,0.0001220703125,ok,
12,256,1,8,144,6,0.06108799949288368,0.06985600292682648,0.874484610247065,308.97014400019316,270.18963595398844,0.0001220703125,ok,
12,256,2,4,72,3,0.06108799949288368,0.07870400324463844,0.7761739806678154,308.97014400019316,119.90729328806904,0.0001220703125,ok,
12,256,2,8,72,3,0.06108799949288368,0.0753600001335144,0.8106157030872454,308.97014400019316,125.22802525584201,0.0001220703125,ok,
12,256,3,4,48,2,0.06108799949288368,0.09734400361776352,0.6275476374770375,308.97014400019316,64.6311613060871,0.0001220703125,ok,
12,256,3,8,48,2,0.06108799949288368,0.09224000200629234,0.6622723131414984,308.97014400019316,68.2074573195566,0.0001220703125,ok,
12,256,6,4,24,1,0.06108799949288368,0.1390879973769188,0.43920396184395016,308.97014400019316,22.61681855606344,0.0001220703125,ok,
12,256,6,8,24,1,0.06108799949288368,0.13174400478601456,0.46368713014384205,308.97014400019316,23.8775798952632,0.0001220703125,ok,
12,512,1,4,144,6,0.08841600269079208,0.09876799955964088,0.8951887563279262,426.94461241382567,382.1960166076411,0.0001220703125,ok,
12,512,1,8,144,6,0.08841600269079208,0.09787200018763542,0.9033840375315232,426.94461241382567,385.6949477647332,0.0001220703125,ok,
12,512,2,4,72,3,0.08841600269079208,0.11560000106692314,0.7648443068751037,426.94461241382567,163.2730780778562,0.0001220703125,ok,
12,512,2,8,72,3,0.08841600269079208,0.10886400192975998,0.8121693224895303,426.94461241382567,173.37565830234598,0.0001220703125,ok,
12,512,3,4,48,2,0.08841600269079208,0.1531039997935295,0.5774898292012403,426.94461241382567,82.18539043374999,0.0001220703125,ok,
12,512,3,8,48,2,0.08841600269079208,0.14299199730157852,0.6183283285729448,426.94461241382567,87.9973161956882,0.0001220703125,ok,
12,512,6,4,24,1,0.08841600269079208,0.23785599321126938,0.37172072688645214,426.94461241382567,26.45069361112031,0.0001220703125,ok,
12,512,6,8,24,1,0.08841600269079208,0.22308799624443054,0.3963279252099133,426.94461241382567,28.20167873625369,0.0001220703125,ok,
12,1024,1,4,144,6,0.14243199676275253,0.15468799322843552,0.9207695684073945,530.0597738986651,488.06290924279494,6.103515625e-05,ok,
12,1024,1,8,144,6,0.14243199676275253,0.15359999984502792,0.9272916465264117,530.0597738986651,491.52000049591066,6.103515625e-05,ok,
12,1024,2,4,72,3,0.14243199676275253,0.1897919997572899,0.7504636493893191,530.0597738986651,198.89529615723475,6.103515625e-05,ok,
12,1024,2,8,72,3,0.14243199676275253,0.17643199861049652,0.8072911823506305,530.0597738986651,213.9562907935806,6.103515625e-05,ok,
12,1024,3,4,48,2,0.14243199676275253,0.265407994389534,0.5366530013173151,530.0597738986651,94.819389513432,6.103515625e-05,ok,
12,1024,3,8,48,2,0.14243199676275253,0.24483200162649155,0.5817540019953868,530.0597738986651,102.78813158743944,6.103515625e-05,ok,
12,1024,6,4,24,1,0.14243199676275253,0.43355199694633484,0.3285234476278581,530.0597738986651,29.022844061672064,6.103515625e-05,ok,
12,1024,6,8,24,1,0.14243199676275253,0.40400001406669617,0.3525544351571198,530.0597738986651,31.14582069772575,6.103515625e-05,ok,
12,2048,1,4,144,6,0.2526400089263916,0.26953600347042084,0.9373145170719895,597.6683766029845,560.2032457848264,6.103515625e-05,ok,
12,2048,1,8,144,6,0.2526400089263916,0.26607999205589294,0.9494889374219534,597.6683766029845,567.4795118314717,3.0517578125e-05,ok,
12,2048,2,4,72,3,0.2526400089263916,0.3524959981441498,0.7167173819178422,597.6683766029845,214.17965706698902,6.103515625e-05,ok,
12,2048,2,8,72,3,0.2526400089263916,0.3185119926929474,0.79318837193657,597.6683766029845,237.03180329784703,3.0517578125e-05,ok,
12,2048,3,4,48,2,0.2526400089263916,0.4890560060739517,0.5165870693512945,597.6683766029845,102.91591837109385,6.103515625e-05,ok,
12,2048,3,8,48,2,0.2526400089263916,0.4472479969263077,0.564876781254805,597.6683766029845,112.53632961109285,3.0517578125e-05,ok,
12,2048,6,4,24,1,0.2526400089263916,0.8256800174713135,0.305978107233495,597.6683766029845,30.478906437716148,6.103515625e-05,ok,
12,2048,6,8,24,1,0.2526400089263916,0.766431987285614,0.32963134774833486,597.6683766029845,32.83503874770019,3.0517578125e-05,ok,
12,4096,1,4,144,6,0.4718399941921234,0.5061279833316803,0.9322543106313745,640.0260506044259,596.6670445923503,3.0517578125e-05,ok,
12,4096,1,8,144,6,0.4718399941921234,0.48920001089572906,0.9645134580601924,640.0260506044259,617.3137393170825,3.0517578125e-05,ok,
12,4096,2,4,72,3,0.4718399941921234,0.7006080150604248,0.6734721613931708,640.0260506044259,215.51986382424877,3.0517578125e-05,ok,
12,4096,2,8,72,3,0.4718399941921234,0.6402720212936401,0.7369367682798202,640.0260506044259,235.82936467366116,3.0517578125e-05,ok,
12,4096,3,4,48,2,0.4718399941921234,1.0061759948730469,0.46894379968949396,640.0260506044259,100.0454160235666,3.0517578125e-05,ok,
12,4096,3,8,48,2,0.4718399941921234,0.9196640253067017,0.5130569221023602,640.0260506044259,109.45659852947871,3.0517578125e-05,ok,
12,4096,6,4,24,1,0.4718399941921234,1.6874719858169556,0.27961352731061284,640.0260506044259,29.82665693003072,3.0517578125e-05,ok,
12,4096,6,8,24,1,0.4718399941921234,1.5627999901771545,0.30191962961212776,640.0260506044259,32.20607135676687,3.0517578125e-05,ok,
12,8192,1,4,144,6,0.9081279933452606,0.9734080135822296,0.9329366315809003,665.0822135491348,620.4795600328989,3.0517578125e-05,ok,
12,8192,1,8,144,6,0.9081279933452606,0.9492640197277069,0.9566653475455164,665.0822135491348,636.2611069713245,3.0517578125e-05,ok,
12,8192,2,4,72,3,0.9081279933452606,1.3561279773712158,0.6696477091384988,665.0822135491348,222.68539034597003,3.0517578125e-05,ok,
12,8192,2,8,72,3,0.9081279933452606,1.235264003276825,0.7351691548820657,665.0822135491348,244.47396443100553,3.0517578125e-05,ok,
12,8192,3,4,48,2,0.9081279933452606,1.9679200053215027,0.4614659086190336,665.0822135491348,102.30425599393656,3.0517578125e-05,ok,
12,8192,3,8,48,2,0.9081279933452606,1.7946880459785461,0.5060088272054588,665.0822135491348,112.17915695773607,3.0517578125e-05,ok,
12,8192,6,4,24,1,0.9081279933452606,3.3241759538650513,0.27318890634816473,665.0822135491348,30.28218042518412,3.0517578125e-05,ok,
12,8192,6,8,24,1,0.9081279933452606,3.080623984336853,0.2947870294987487,665.0822135491348,32.67626835076698,3.0517578125e-05,ok,
12,12288,1,4,144,6,1.3438559770584106,1.4161760210990906,0.9489328706578773,674.156814023399,639.7295608047926,3.0517578125e-05,ok,
12,12288,1,8,144,6,1.3438559770584106,1.4453279972076416,0.9297930847909445,674.156814023399,626.8263437436511,3.0517578125e-05,ok,
12,12288,2,4,72,3,1.3438559770584106,2.013599991798401,0.667389741027053,674.156814023399,224.96267076134964,3.0517578125e-05,ok,
12,12288,2,8,72,3,1.3438559770584106,1.8317440152168274,0.7336483514588339,674.156814023399,247.29701761650315,3.0517578125e-05,ok,
12,12288,3,4,48,2,1.3438559770584106,2.927616000175476,0.4590274055674864,674.156814023399,103.15215109560108,3.0517578125e-05,ok,
12,12288,3,8,48,2,1.3438559770584106,2.66975998878479,0.5033620934854527,674.156814023399,113.1149950814337,3.0517578125e-05,ok,
12,12288,6,4,24,1,1.3438559770584106,4.96395206451416,0.27072299643367703,674.156814023399,30.418292126432615,3.0517578125e-05,ok,
12,12288,6,8,24,1,1.3438559770584106,4.600703954696655,0.29209790290603843,674.156814023399,32.819965267675165,3.0517578125e-05,ok,
12,16384,1,4,144,6,1.7804319858551025,1.8921440243721008,0.9409600764645443,678.4643061890644,638.4078254301259,1.52587890625e-05,ok,
12,16384,1,8,144,6,1.7804319858551025,1.9427039623260498,0.9164710735048613,678.4643061890644,621.7929110278226,1.52587890625e-05,ok,
12,16384,2,4,72,3,1.7804319858551025,2.670912027359009,0.6666007594475469,678.4643061890644,226.13241088184162,1.52587890625e-05,ok,
12,16384,2,8,72,3,1.7804319858551025,2.4273120164871216,0.7334994321956997,678.4643061890644,248.82659167736398,1.52587890625e-05,ok,
12,16384,3,4,48,2,1.7804319858551025,3.8923840522766113,0.45741426384011313,678.4643061890644,103.44641705242131,1.52587890625e-05,ok,
12,16384,3,8,48,2,1.7804319858551025,3.549839973449707,0.5015527458058602,678.4643061890644,113.42854523346436,1.52587890625e-05,ok,
12,16384,6,4,24,1,1.7804319858551025,6.602479934692383,0.26966109756728174,678.4643061890644,30.492571577861224,1.52587890625e-05,ok,
12,16384,6,8,24,1,1.7804319858551025,6.119647979736328,0.29093699372097126,678.4643061890644,32.89839426493848,1.52587890625e-05,ok,
16,256,1,4,192,6,0.06180800125002861,0.07097599655389786,0.8708296360882056,407.1612653869527,354.56809656613325,0.0001220703125,ok,
16,256,1,8,192,6,0.06180800125002861,0.07043199986219406,0.8775556759847938,407.1612653869527,357.30667948147124,0.0001220703125,ok,
16,256,2,4,96,3,0.06180800125002861,0.07887999713420868,0.7835700240311458,407.1612653869527,159.5196812519031,0.0001220703125,ok,
16,256,2,8,96,3,0.06180800125002861,0.07539200037717819,0.8198217442276332,407.1612653869527,166.89982938573092,0.0001220703125,ok,
16,256,3,4,64,2,0.06180800125002861,0.09734400361776352,0.6349441049571724,407.1612653869527,86.17488174144947,0.0001220703125,ok,
16,256,3,8,64,2,0.06180800125002861,0.09255999699234962,0.6677614872344608,407.1612653869527,90.62887070635216,0.0001220703125,ok,
16,256,6,4,32,1,0.06180800125002861,0.1462239995598793,0.4226939588307321,407.1612653869527,28.684101191490228,0.0001220703125,ok,
16,256,6,8,32,1,0.06180800125002861,0.1329440027475357,0.4649175590673593,407.1612653869527,31.549403608413222,0.0001220703125,ok,
16,512,1,4,192,6,0.08875199779868126,0.0995359979569912,0.8916572860105384,567.1043948122581,505.66276556294684,6.103515625e-05,ok,
16,512,1,8,192,6,0.08875199779868126,0.09843199700117111,0.901658002505276,567.1043948122581,511.334215838384,1.52587890625e-05,ok,
16,512,2,4,96,3,0.08875199779868126,0.11553600057959557,0.7681761299806967,567.1043948122581,217.81802965096279,6.103515625e-05,ok,
16,512,2,8,96,3,0.08875199779868126,0.10891200229525566,0.8148963927600787,567.1043948122581,231.06566282544833,1.52587890625e-05,ok,
16,512,3,4,64,2,0.08875199779868126,0.1534240022301674,0.5784753135662248,567.1043948122581,109.35196420460171,6.103515625e-05,ok,
16,512,3,8,64,2,0.08875199779868126,0.1430400013923645,0.6204697772284757,567.1043948122581,117.29037917148378,1.52587890625e-05,ok,
16,512,6,4,32,1,0.08875199779868126,0.2513439953327179,0.3531096801465074,567.1043948122581,33.37500857697252,6.103515625e-05,ok,
16,512,6,8,32,1,0.08875199779868126,0.22329600155353546,0.39746344395424776,567.1043948122581,37.567210973944924,1.52587890625e-05,ok,
16,1024,1,4,192,6,0.14372800290584564,0.15671999752521515,0.9171005945346624,700.3735804075926,642.3130269881734,6.103515625e-05,ok,
16,1024,1,8,192,6,0.14372800290584564,0.15463999658823013,0.9294361489709512,700.3735804075926,650.9525234150298,6.103515625e-05,ok,
16,1024,2,4,96,3,0.14372800290584564,0.19039999693632126,0.7548739769881145,700.3735804075926,264.3468950098422,6.103515625e-05,ok,
16,1024,2,8,96,3,0.14372800290584564,0.17635200172662735,0.815006359432461,700.3735804075926,285.40446100533507,6.103515625e-05,ok,
16,1024,3,4,64,2,0.14372800290584564,0.26548799872398376,0.5413728816242024,700.3735804075926,126.3877544795728,6.103515625e-05,ok,
16,1024,3,8,64,2,0.14372800290584564,0.24510399997234344,0.5863959907715228,700.3735804075926,136.8987531977697,6.103515625e-05,ok,
16,1024,6,4,32,1,0.14372800290584564,0.46140800416469574,0.311498720456837,700.3735804075926,36.36091235645647,6.103515625e-05,ok,
16,1024,6,8,32,1,0.14372800290584564,0.40436799824237823,0.35543861910579544,700.3735804075926,41.489969713042754,6.103515625e-05,ok,
16,2048,1,4,192,6,0.27054400742053986,0.28041599690914154,0.9647951985713556,744.154690098359,717.956872001252,3.0517578125e-05,ok,
16,2048,1,8,192,6,0.27054400742053986,0.27878400683403015,0.9704430698623402,744.154690098359,722.15976191151,3.0517578125e-05,ok,
16,2048,2,4,96,3,0.27054400742053986,0.37049600481987,0.730221119528872,744.154690098359,271.6987354531423,3.0517578125e-05,ok,
16,2048,2,8,96,3,0.27054400742053986,0.34067198634147644,0.7941480904430955,744.154690098359,295.4845130679427,3.0517578125e-05,ok,
16,2048,3,4,64,2,0.27054400742053986,0.5085760056972504,0.5319637662607144,744.154690098359,131.9544438750993,3.0517578125e-05,ok,
16,2048,3,8,64,2,0.27054400742053986,0.4659679979085922,0.5806064121030299,744.154690098359,144.02032822255012,3.0517578125e-05,ok,
16,2048,6,4,32,1,0.27054400742053986,0.8919679820537567,0.30331134397628506,744.154690098359,37.618426529998196,3.0517578125e-05,ok,
16,2048,6,8,32,1,0.27054400742053986,0.7779040038585663,0.3477858528540605,744.154690098359,43.13441225853448,3.0517578125e-05,ok,
16,4096,1,4,192,6,0.5054560005664825,0.5194880068302155,0.9729887772590696,796.6137182044179,775.0962076235176,3.0517578125e-05,ok,
16,4096,1,8,192,6,0.5054560005664825,0.5140480101108551,0.983285589331394,796.6137182044179,783.298789374104,3.0517578125e-05,ok,
16,4096,2,4,96,3,0.5054560005664825,0.69896000623703,0.7231543951816225,796.6137182044179,288.03735579074964,3.0517578125e-05,ok,
16,4096,2,8,96,3,0.5054560005664825,0.6391839981079102,0.7907832518691261,796.6137182044179,314.97439328262254,3.0517578125e-05,ok,
16,4096,3,4,64,2,0.5054560005664825,1.0027999877929688,0.5040446816108614,796.6137182044179,133.84296931973006,3.0517578125e-05,ok,
16,4096,3,8,64,2,0.5054560005664825,0.918720006942749,0.5501741518055137,796.6137182044179,146.09209224325068,3.0517578125e-05,ok,
16,4096,6,4,32,1,0.5054560005664825,1.7851999998092651,0.28313690377575995,796.6137182044179,37.59179027961576,3.0517578125e-05,ok,
16,4096,6,8,32,1,0.5054560005664825,1.5621280074119568,0.3235688741051975,796.6137182044179,42.95990064935977,3.0517578125e-05,ok,
16,8192,1,4,192,6,0.9809440076351166,0.9959039986133575,0.9849784808585261,820.9503924097074,808.6184703759244,3.0517578125e-05,ok,
16,8192,1,8,192,6,0.9809440076351166,0.9886080026626587,0.9922476906853875,820.9503924097074,814.5861310357949,3.0517578125e-05,ok,
16,8192,2,4,96,3,0.9809440076351166,1.3578879833221436,0.7224042186714004,820.9503924097074,296.52901339835705,3.0517578125e-05,ok,
16,8192,2,8,96,3,0.9809440076351166,1.2347999811172485,0.794415308257097,820.9503924097074,326.08777952497127,3.0517578125e-05,ok,
16,8192,3,4,64,2,0.9809440076351166,1.962719976902008,0.49978805900954654,820.9503924097074,136.76706772185773,3.0517578125e-05,ok,
16,8192,3,8,64,2,0.9809440076351166,1.7938399910926819,0.5468403048800323,820.9503924097074,149.64292095890218,3.0517578125e-05,ok,
16,8192,6,4,32,1,0.9809440076351166,3.529055953025818,0.2779621577816168,820.9503924097074,38.03219041764456,3.0517578125e-05,ok,
16,8192,6,8,32,1,0.9809440076351166,3.0831520557403564,0.3181627081313584,820.9503924097074,43.53263334842898,3.0517578125e-05,ok,
16,12288,1,4,192,6,1.449392020702362,1.4718719720840454,0.9847269655187104,833.4250049304355,820.696076092564,3.0517578125e-05,ok,
16,12288,1,8,192,6,1.449392020702362,1.46971195936203,0.9861742033667003,833.4250049304355,821.9022403031605,3.0517578125e-05,ok,
16,12288,2,4,96,3,1.449392020702362,2.0152159929275513,0.719224155519328,833.4250049304355,299.7096976798921,3.0517578125e-05,ok,
16,12288,2,8,96,3,1.449392020702362,1.8328320384025574,0.7907936954035404,833.4250049304355,329.53361974532646,3.0517578125e-05,ok,
16,12288,3,4,64,2,1.449392020702362,2.9217439889907837,0.49607084883676095,833.4250049304355,137.81261654587428,3.0517578125e-05,ok,
16,12288,3,8,64,2,1.449392020702362,2.669327974319458,0.5429801188337986,833.4250049304355,150.844402738729,3.0517578125e-05,ok,
16,12288,6,4,32,1,1.449392020702362,5.272831916809082,0.2748792382480265,833.4250049304355,38.18187174868931,3.0517578125e-05,ok,
16,12288,6,8,32,1,1.449392020702362,4.602223873138428,0.3149329673338919,833.4250049304355,43.745501642167596,3.0517578125e-05,ok,
16,16384,1,4,192,6,1.9236159920692444,1.938048005104065,0.9925533253062813,837.2839187448503,831.0489377756754,1.52587890625e-05,ok,
16,16384,1,8,192,6,1.9236159920692444,1.950111985206604,0.9864130914848193,837.2839187448503,825.907818739632,7.62939453125e-06,ok,
16,16384,2,4,96,3,1.9236159920692444,2.6730719804763794,0.7196274571425603,837.2839187448503,301.26624867635735,1.52587890625e-05,ok,
16,16384,2,8,96,3,1.9236159920692444,2.427248001098633,0.7925090436570832,837.2839187448503,331.7775388569682,7.62939453125e-06,ok,
16,16384,3,4,64,2,1.9236159920692444,3.8889280557632446,0.49463913049728914,837.2839187448503,138.05112984910522,1.52587890625e-05,ok,
16,16384,3,8,64,2,1.9236159920692444,3.545616030693054,0.5425336458931903,837.2839187448503,151.41823236146044,7.62939453125e-06,ok,
16,16384,6,4,32,1,1.9236159920692444,7.021552085876465,0.2739588012084267,837.2839187448503,38.23021644173883,1.52587890625e-05,ok,
16,16384,6,8,32,1,1.9236159920692444,6.123631954193115,0.3141299161116405,837.2839187448503,43.83598785949091,7.62939453125e-06,ok,
24,256,1,4,288,6,0.07103999704122543,0.07702399790287018,0.9223099160706931,531.3729951043483,490.09058251692426,0.0001220703125,ok,
24,256,1,8,288,6,0.07103999704122543,0.08204799890518188,0.8658346088772042,531.3729951043483,460.0811293840819,6.103515625e-05,ok,
24,256,2,4,144,3,0.07103999704122543,0.08767999708652496,0.8102189712794045,531.3729951043483,215.26424072955055,0.0001220703125,ok,
24,256,2,8,144,3,0.07103999704122543,0.09003200009465218,0.7890527475402065,531.3729951043483,209.6406608778774,6.103515625e-05,ok,
24,256,3,4,96,2,0.07103999704122543,0.09748799726366997,0.7287050614968301,531.3729951043483,129.07139702508965,0.0001220703125,ok,
24,256,3,8,96,2,0.07103999704122543,0.09358400106430054,0.7591040801131663,531.3729951043483,134.4558028818881,6.103515625e-05,ok,
24,256,6,4,48,1,0.07103999704122543,0.14665599912405014,0.48439884809032385,531.3729951043483,42.89941112247527,0.0001220703125,ok,
24,256,6,8,48,1,0.07103999704122543,0.13222400099039078,0.5372700607236063,531.3729951043483,47.58180022443296,6.103515625e-05,ok,
24,512,1,4,288,6,0.10755199939012527,0.11231999844312668,0.9575498653927094,701.9625151378792,672.164111881004,6.103515625e-05,ok,
24,512,1,8,288,6,0.10755199939012527,0.121824000030756,0.8828473811644045,701.9625151378792,619.7257681650555,6.103515625e-05,ok,
24,512,2,4,144,3,0.10755199939012527,0.13257600367069244,0.8112478609422813,701.9625151378792,284.7327944336342,6.103515625e-05,ok,
24,512,2,8,144,3,0.10755199939012527,0.13703999668359756,0.7848219643382279,701.9625151378792,275.45780001115673,6.103515625e-05,ok,
24,512,3,4,96,2,0.10755199939012527,0.1533600017428398,0.7013041090757991,701.9625151378792,164.09639876112584,6.103515625e-05,ok,
24,512,3,8,96,2,0.10755199939012527,0.1432959958910942,0.7505583022142881,701.9625151378792,175.62126452665274,6.103515625e-05,ok,
24,512,6,4,48,1,0.10755199939012527,0.2513280063867569,0.42793479698644704,701.9625151378792,50.06569773460403,6.103515625e-05,ok,
24,512,6,8,48,1,0.10755199939012527,0.2229440063238144,0.4824170928098945,701.9625151378792,56.43978596905621,6.103515625e-05,ok,
24,1024,1,4,288,6,0.17899199575185776,0.18140799552202225,0.9866819554275313,843.5848953230793,832.3499940865053,0.0001220703125,ok,
24,1024,1,8,288,6,0.17899199575185776,0.2027519941329956,0.8828125045934078,843.5848953230793,744.7272942773354,0.0001220703125,ok,
24,1024,2,4,144,3,0.17899199575185776,0.22433599829673767,0.7978746037677747,843.5848953230793,336.5374820501909,0.0001220703125,ok,
24,1024,2,8,144,3,0.17899199575185776,0.23284800350666046,0.7687074531722915,843.5848953230793,324.2349982092092,0.0001220703125,ok,
24,1024,3,4,96,2,0.17899199575185776,0.2656159996986389,0.6738750525380153,843.5848953230793,189.49027188537207,0.0001220703125,ok,
24,1024,3,8,96,2,0.17899199575185776,0.2452479973435402,0.7298408047798576,843.5848953230793,205.22755963424274,0.0001220703125,ok,
24,1024,6,4,48,1,0.17899199575185776,0.46326400339603424,0.3863714738026849,843.5848953230793,54.32285654727697,0.0001220703125,ok,
24,1024,6,8,48,1,0.17899199575185776,0.4060639888048172,0.44079751144318746,843.5848953230793,61.97502042491253,0.0001220703125,ok,
24,2048,1,4,288,6,0.3216799944639206,0.31881600618362427,1.0089832010462072,938.7897699490634,947.2231071926383,3.0517578125e-05,ok,
24,2048,1,8,288,6,0.3216799944639206,0.3637920022010803,0.8842415240511995,938.7897699490634,830.1168969434347,3.0517578125e-05,ok,
24,2048,2,4,144,3,0.3216799944639206,0.41225600242614746,0.7802918394658114,938.7897699490634,366.2649982326203,3.0517578125e-05,ok,
24,2048,2,8,144,3,0.3216799944639206,0.4235680103302002,0.7594529960209909,938.7897699490634,356.48335171083653,3.0517578125e-05,ok,
24,2048,3,4,96,2,0.3216799944639206,0.5204159915447235,0.6181208873099666,938.7897699490634,193.42852186614485,3.0517578125e-05,ok,
24,2048,3,8,96,2,0.3216799944639206,0.48052799701690674,0.6694302859789514,938.7897699490634,209.48476805703848,3.0517578125e-05,ok,
24,2048,6,4,48,1,0.3216799944639206,0.9179039895534515,0.3504505897402339,938.7897699490634,54.8332380867913,3.0517578125e-05,ok,
24,2048,6,8,48,1,0.3216799944639206,0.8036960065364838,0.4002508309705256,938.7897699490634,62.625230921456854,3.0517578125e-05,ok,
24,4096,1,4,288,6,0.6239999830722809,0.6013280153274536,1.0377031622790454,967.9163339497048,1004.4098405611492,1.52587890625e-05,ok,
24,4096,1,8,288,6,0.6239999830722809,0.7093759775161743,0.879646341080183,967.9163339497048,851.4240616306024,1.52587890625e-05,ok,
24,4096,2,4,144,3,0.6239999830722809,0.7862080037593842,0.7936830712591596,967.9163339497048,384.10940432555407,1.52587890625e-05,ok,
24,4096,2,8,144,3,0.6239999830722809,0.8124320209026337,0.7680642404751603,967.9163339497048,371.7109619392908,1.52587890625e-05,ok,
24,4096,3,4,96,2,0.6239999830722809,0.9982080161571503,0.6251201883496427,967.9163339497048,201.68801366177834,1.52587890625e-05,ok,
24,4096,3,8,96,2,0.6239999830722809,0.9193120002746582,0.67876845171808,967.9163339497048,218.99702379589374,1.52587890625e-05,ok,
24,4096,6,4,48,1,0.6239999830722809,1.790015995502472,0.3486002273946826,967.9163339497048,56.23597568564911,1.52587890625e-05,ok,
24,4096,6,8,48,1,0.6239999830722809,1.5635039806365967,0.3991035461375755,967.9163339497048,64.3831402073015,1.52587890625e-05,ok,
24,8192,1,4,288,6,1.2364000082015991,1.2005760073661804,1.0298390111210112,976.9973665375762,1006.1500018228896,3.0517578125e-05,ok,
24,8192,1,8,288,6,1.2364000082015991,1.3767679929733276,0.8980452875952006,976.9973665375762,877.3878810119913,3.0517578125e-05,ok,
24,8192,2,4,144,3,1.2364000082015991,1.534015953540802,0.8059890155299569,976.9973665375762,393.7245728154908,3.0517578125e-05,ok,
24,8192,2,8,144,3,1.2364000082015991,1.6219679713249207,0.7622838613709699,976.9973665375762,372.3746625567662,3.0517578125e-05,ok,
24,8192,3,4,96,2,1.2364000082015991,1.9525279998779297,0.6332303599635436,976.9973665375762,206.2214646986745,3.0517578125e-05,ok,
24,8192,3,8,96,2,1.2364000082015991,1.795583963394165,0.6885782193467862,976.9973665375762,224.24636898564788,3.0517578125e-05,ok,
24,8192,6,4,48,1,1.2364000082015991,3.5354400873184204,0.3497160120564765,976.9973665375762,56.94527046920013,3.0517578125e-05,ok,
24,8192,6,8,48,1,1.2364000082015991,3.0830719470977783,0.4010285940182074,976.9973665375762,65.30064671034256,3.0517578125e-05,ok,
24,12288,1,4,288,6,1.8618080019950867,1.7968000173568726,1.0361798664349091,973.214921226223,1008.4257070886484,3.0517578125e-05,ok,
24,12288,1,8,288,6,1.8618080019950867,2.0477120876312256,0.9092137577547872,973.214921226223,884.8603956311234,3.0517578125e-05,ok,
24,12288,2,4,144,3,1.8618080019950867,2.3131680488586426,0.8048736463024099,973.214921226223,391.6575211416313,3.0517578125e-05,ok,
24,12288,2,8,144,3,1.8618080019950867,2.422271966934204,0.7686205460865405,973.214921226223,374.0164921062345,3.0517578125e-05,ok,
24,12288,3,4,96,2,1.8618080019950867,2.909551978111267,0.6398950821300252,973.214921226223,207.58514731607335,3.0517578125e-05,ok,
24,12288,3,8,96,2,1.8618080019950867,2.672111988067627,0.6967552296868657,973.214921226223,226.03086199122063,3.0517578125e-05,ok,
24,12288,6,4,48,1,1.8618080019950867,5.2886879444122314,0.3520358965331244,973.214921226223,57.10109788554791,3.0517578125e-05,ok,
24,12288,6,8,48,1,1.8618080019950867,4.606271982192993,0.4041897676021947,973.214921226223,65.56058547290256,3.0517578125e-05,ok,
24,16384,1,4,288,6,2.4849759340286255,2.38699209690094,1.041049083176647,972.2102620460106,1012.118601957927,7.62939453125e-06,ok,
24,16384,1,8,288,6,2.4849759340286255,2.7112799882888794,0.9165323923616324,972.2102620460106,891.0621973515597,7.62939453125e-06,ok,
24,16384,2,4,144,3,2.4849759340286255,3.102512001991272,0.8009561066753985,972.2102620460106,389.3488731791208,7.62939453125e-06,ok,
24,16384,2,8,144,3,2.4849759340286255,3.2171839475631714,0.7724071655619348,972.2102620460106,375.47108641859245,7.62939453125e-06,ok,
24,16384,3,4,96,2,2.4849759340286255,3.86081600189209,0.6436400835499025,972.2102620460106,208.58449809712232,1.52587890625e-05,ok,
24,16384,3,8,96,2,2.4849759340286255,3.5470080375671387,0.7005836772033504,972.2102620460106,227.0382134663423,7.62939453125e-06,ok,
24,16384,6,4,48,1,2.4849759340286255,7.037103891372681,0.353124804235894,972.2102620460106,57.21859307685411,1.52587890625e-05,ok,
24,16384,6,8,48,1,2.4849759340286255,6.124768018722534,0.405725723232686,972.2102620460106,65.74178528380948,7.62939453125e-06,ok,
32,256,1,4,384,6,0.07171200215816498,0.07679999992251396,0.9337500290431975,701.8580779405745,655.3600006612141,0.0001220703125,ok,
32,256,1,8,384,6,0.07171200215816498,0.08230400085449219,0.8713063935366504,701.8580779405745,611.5334306649671,0.0001220703125,ok,
32,256,2,4,192,3,0.07171200215816498,0.08820800110697746,0.8129874983925056,701.8580779405745,285.30092150574,0.0001220703125,ok,
32,256,2,8,192,3,0.07171200215816498,0.08951999992132187,0.8010724108712227,701.8580779405745,281.1195712926493,0.0001220703125,ok,
32,256,3,4,128,2,0.07171200215816498,0.09803200140595436,0.7315162511188849,701.8580779405745,171.14019666419836,0.0001220703125,ok,
32,256,3,8,128,2,0.07171200215816498,0.09339200332760811,0.7678601979080345,701.8580779405745,179.64296087693404,0.0001220703125,ok,
32,256,6,4,64,1,0.07171200215816498,0.14721599966287613,0.48712098088784567,701.8580779405745,56.981632561745116,0.0001220703125,ok,
32,256,6,8,64,1,0.07171200215816498,0.13262400031089783,0.5407166273831083,701.8580779405745,63.25105546760302,0.0001220703125,ok,
32,512,1,4,384,6,0.10931199789047241,0.11214399710297585,0.9747467605430279,920.8805798322508,897.6253620384715,0.0001220703125,ok,
32,512,1,8,384,6,0.10931199789047241,0.12195199728012085,0.8963526660361728,920.8805798322508,825.4337628335745,0.0001220703125,ok,
32,512,2,4,192,3,0.10931199789047241,0.13411199301481247,0.8150799599137943,920.8805798322508,375.29565304753123,0.0001220703125,ok,
32,512,2,8,192,3,0.10931199789047241,0.13764800131320953,0.7941415556172131,920.8805798322508,365.6547681028324,0.0001220703125,ok,
32,512,3,4,128,2,0.10931199789047241,0.1536480039358139,0.7114443083565033,920.8805798322508,218.38508239923044,0.0001220703125,ok,
32,512,3,8,128,2,0.10931199789047241,0.14353600144386292,0.7615650205584448,920.8805798322508,233.77014590394015,0.0001220703125,ok,
32,512,6,4,64,1,0.10931199789047241,0.2527199983596802,0.432541938113246,920.8805798322508,66.38657846191525,0.0001220703125,ok,
32,512,6,8,64,1,0.10931199789047241,0.22387200593948364,0.48827899420359544,920.8805798322508,74.94110721701918,0.0001220703125,ok,
32,1024,1,4,384,6,0.1823519989848137,0.18692799657583237,0.9755199987436751,1104.0547573968001,1077.0274955486748,6.103515625e-05,ok,
32,1024,1,8,384,6,0.1823519989848137,0.20422400534152985,0.8929018833014319,1104.0547573968001,985.8125721475083,6.103515625e-05,ok,
32,1024,2,4,192,3,0.1823519989848137,0.23676800727844238,0.7701716168534766,1104.0547573968001,425.15581879953317,6.103515625e-05,ok,
32,1024,2,8,192,3,0.1823519989848137,0.23259200155735016,0.7839994400660901,1104.0547573968001,432.7891558006971,6.103515625e-05,ok,
32,1024,3,4,128,2,0.1823519989848137,0.27929599583148956,0.6528987228833525,1104.0547573968001,240.27864703255344,6.103515625e-05,ok,
32,1024,3,8,128,2,0.1823519989848137,0.2606240063905716,0.6996746059975023,1104.0547573968001,257.493025793758,6.103515625e-05,ok,
32,1024,6,4,64,1,0.1823519989848137,0.4692160040140152,0.3886312432330568,1104.0547573968001,71.51169549408154,6.103515625e-05,ok,
32,1024,6,8,64,1,0.1823519989848137,0.4116159975528717,0.44301484895856297,1104.0547573968001,81.51877526502105,6.103515625e-05,ok,
32,2048,1,4,384,6,0.32843200862407684,0.3312160074710846,0.9915946126267741,1225.9864246693344,1215.6815338556726,6.103515625e-05,ok,
32,2048,1,8,384,6,0.32843200862407684,0.3677760064601898,0.8930218471433323,1225.9864246693344,1094.832661530859,6.103515625e-05,ok,
32,2048,2,4,192,3,0.32843200862407684,0.43905599415302277,0.7480412817450557,1225.9864246693344,458.5442282558436,6.103515625e-05,ok,
32,2048,2,8,192,3,0.32843200862407684,0.4262720048427582,0.7704752010285727,1225.9864246693344,472.2960685027033,6.103515625e-05,ok,
32,2048,3,4,128,2,0.32843200862407684,0.5198400020599365,0.6317944123626894,1225.9864246693344,258.1904575795322,6.103515625e-05,ok,
32,2048,3,8,128,2,0.32843200862407684,0.48161599040031433,0.6819375086593107,1225.9864246693344,278.68204269638056,6.103515625e-05,ok,
32,2048,6,4,64,1,0.32843200862407684,0.9212320148944855,0.3565138893503329,1225.9864246693344,72.84686475826223,6.103515625e-05,ok,
32,2048,6,8,64,1,0.32843200862407684,0.8044800162315369,0.408253781321463,1225.9864246693344,83.41893228667278,6.103515625e-05,ok,
32,4096,1,4,384,6,0.6207999885082245,0.6177759766578674,1.004894997482286,1297.207446693326,1303.5572738788926,6.103515625e-05,ok,
32,4096,1,8,384,6,0.6207999885082245,0.710096001625061,0.8742479708201683,1297.207446693326,1134.0809780044517,6.103515625e-05,ok,
32,4096,2,4,192,3,0.6207999885082245,0.8284319937229156,0.749367471575298,1297.207446693326,486.0425322186129,6.103515625e-05,ok,
32,4096,2,8,192,3,0.6207999885082245,0.8298720121383667,0.7480671470153363,1297.207446693326,485.1991368674626,6.103515625e-05,ok,
32,4096,3,4,128,2,0.6207999885082245,0.9975039958953857,0.6223533851119846,1297.207446693326,269.1071485473552,6.103515625e-05,ok,
32,4096,3,8,128,2,0.6207999885082245,0.9197439849376678,0.6749704251126979,1297.207446693326,291.8588872513172,6.103515625e-05,ok,
32,4096,6,4,64,1,0.6207999885082245,1.7977920174598694,0.34531246244232594,1297.207446693326,74.65698295269911,6.103515625e-05,ok,
32,4096,6,8,64,1,0.6207999885082245,1.5659199953079224,0.3964442566468094,1297.207446693326,85.71174032017352,6.103515625e-05,ok,
32,8192,1,4,384,6,1.1996960043907166,1.1929759979248047,1.0056329770905712,1342.5173794906264,1350.0797491329913,3.0517578125e-05,ok,
32,8192,1,8,384,6,1.1996960043907166,1.388480007648468,0.8640354904515505,1342.5173794906264,1159.9826624279135,3.0517578125e-05,ok,
32,8192,2,4,192,3,1.1996960043907166,1.6094240546226501,0.7454194566962654,1342.5173794906264,500.36928781259843,3.0517578125e-05,ok,
32,8192,2,8,192,3,1.1996960043907166,1.6342559456825256,0.7340930945119978,1342.5173794906264,492.76636877320607,3.0517578125e-05,ok,
32,8192,3,4,128,2,1.1996960043907166,1.9656320214271545,0.6103360096462372,1342.5173794906264,273.12890009301077,3.0517578125e-05,ok,
32,8192,3,8,128,2,1.1996960043907166,1.8076319694519043,0.6636837722860582,1342.5173794906264,297.0023329266442,3.0517578125e-05,ok,
32,8192,6,4,64,1,1.1996960043907166,3.577023983001709,0.33538942151122375,1342.5173794906264,75.04435454602087,3.0517578125e-05,ok,
32,8192,6,8,64,1,1.1996960043907166,3.1075199842453003,0.38606220087819565,1342.5173794906264,86.38253570722986,3.0517578125e-05,ok,
32,12288,1,4,384,6,1.8120319843292236,1.8023359775543213,1.005379688856935,1333.265154750744,1340.4377064470964,6.103515625e-05,ok,
32,12288,1,8,384,6,1.8120319843292236,2.0690239667892456,0.8757907174662517,1333.265154750744,1167.6612464519071,3.0517578125e-05,ok,
32,12288,2,4,192,3,1.8120319843292236,2.3952319622039795,0.7565162844027337,1333.265154750744,504.31840049783426,6.103515625e-05,ok,
32,12288,2,8,192,3,1.8120319843292236,2.4269120693206787,0.7466409711483419,1333.265154750744,497.7351949706699,3.0517578125e-05,ok,
32,12288,3,4,128,2,1.8120319843292236,2.925968050956726,0.6192931545293975,1333.265154750744,275.2273278365712,6.103515625e-05,ok,
32,12288,3,8,128,2,1.8120319843292236,2.689792037010193,0.6736699192341155,1333.265154750744,299.3935430395314,3.0517578125e-05,ok,
32,12288,6,4,64,1,1.8120319843292236,5.339951992034912,0.3393348829787339,1333.265154750744,75.40389587782786,6.103515625e-05,ok,
32,12288,6,8,64,1,1.8120319843292236,4.6367199420928955,0.3908003948824477,1333.265154750744,86.8400914932664,3.0517578125e-05,ok,
32,16384,1,4,384,6,2.398176074028015,2.3629599809646606,1.0149033810758732,1343.1980691015642,1363.216261785762,3.0517578125e-05,ok,
32,16384,1,8,384,6,2.398176074028015,2.7432799339294434,0.8742002755048387,1343.1980691015642,1174.2241220661551,3.0517578125e-05,ok,
32,16384,2,4,192,3,2.398176074028015,3.191200017929077,0.7514966346685805,1343.1980691015642,504.7044143115805,3.0517578125e-05,ok,
32,16384,2,8,192,3,2.398176074028015,3.2437599897384644,0.7393198268720781,1343.1980691015642,496.526481951539,3.0517578125e-05,ok,
32,16384,3,4,128,2,2.398176074028015,3.8863039016723633,0.6170840301490643,1343.1980691015642,276.2886925898782,1.52587890625e-05,ok,
32,16384,3,8,128,2,2.398176074028015,3.5717920064926147,0.6714209757087584,1343.1980691015642,300.61711937543083,3.0517578125e-05,ok,
32,16384,6,4,64,1,2.398176074028015,7.098399877548218,0.3378474184883965,1343.1980691015642,75.6326666940937,3.0517578125e-05,ok,
32,16384,6,8,64,1,2.398176074028015,6.168431997299194,0.3887821208174201,1343.1980691015642,87.03523233052827,3.0517578125e-05,ok,
48,256,1,4,576,6,0.09167999774217606,0.09747199714183807,0.9405778113765978,823.4890255158512,774.5555053123466,0.0001220703125,ok,
48,256,1,8,576,6,0.09167999774217606,0.10897600278258324,0.8412861125498038,823.4890255158512,692.7898810036567,0.0001220703125,ok,
48,256,2,4,288,3,0.09167999774217606,0.10175999999046326,0.9009433741231144,823.4890255158512,370.9584906008032,0.0001220703125,ok,
48,256,2,8,288,3,0.09167999774217606,0.12072000280022621,0.7594433036411781,823.4890255158512,312.6966130250062,0.0001220703125,ok,
48,256,3,4,192,2,0.09167999774217606,0.11224000155925751,0.8168210661844412,823.4890255158512,224.21439460434803,0.0001220703125,ok,
48,256,3,8,192,2,0.09167999774217606,0.11935999989509583,0.7680964965042945,823.4890255158512,210.83967846948693,0.0001220703125,ok,
48,256,6,4,96,1,0.09167999774217606,0.14747200161218643,0.6216773132521178,823.4890255158512,85.32407414588319,0.0001220703125,ok,
48,256,6,8,96,1,0.09167999774217606,0.13335999846458435,0.6874624984831789,823.4890255158512,94.35297049243421,0.0001220703125,ok,
48,512,1,4,576,6,0.1488960012793541,0.1525920033454895,0.9757785337035838,1014.0967030854505,989.5337939703594,6.103515625e-05,ok,
48,512,1,8,576,6,0.1488960012793541,0.1746560037136078,0.8525100661498378,1014.0967030854505,864.5276474297099,0.0001220703125,ok,
48,512,2,4,288,3,0.1488960012793541,0.1605599969625473,0.9273542856013258,1014.0967030854505,470.21346181023387,6.103515625e-05,ok,
48,512,2,8,288,3,0.1488960012793541,0.2004000023007393,0.742994009829933,1014.0967030854505,376.73388789038694,0.0001220703125,ok,
48,512,3,4,192,2,0.1488960012793541,0.18267200142145157,0.8151002897035589,1014.0967030854505,275.5301721574582,0.0001220703125,ok,
48,512,3,8,192,2,0.1488960012793541,0.19750399887561798,0.7538885396093893,1014.0967030854505,254.8386275039289,0.0001220703125,ok,
48,512,6,4,96,1,0.1488960012793541,0.253711998462677,0.5868701605819319,1014.0967030854505,99.19051583089431,0.0001220703125,ok,
48,512,6,8,96,1,0.1488960012793541,0.2250239998102188,0.6616894260386905,1014.0967030854505,111.83617756872336,0.0001220703125,ok,
48,1024,1,4,576,6,0.2635200023651123,0.264847993850708,0.9949858352095192,1145.984689168251,1140.2385330893933,0.0001220703125,ok,
48,1024,1,8,576,6,0.2635200023651123,0.31913599371910095,0.825729493229958,1145.984689168251,946.2733566361909,0.0001220703125,ok,
48,1024,2,4,288,3,0.2635200023651123,0.27900800108909607,0.9444890516991377,1145.984689168251,541.1849961671262,0.0001220703125,ok,
48,1024,2,8,288,3,0.2635200023651123,0.37649600207805634,0.6999277572952249,1145.984689168251,401.05324669209966,0.0001220703125,ok,
48,1024,3,4,192,2,0.2635200023651123,0.32943999767303467,0.7999028782978951,1145.984689168251,305.55881711700084,0.0001220703125,ok,
48,1024,3,8,192,2,0.2635200023651123,0.35340800881385803,0.7456537367377822,1145.984689168251,284.8359219075307,0.0001220703125,ok,
48,1024,6,4,96,1,0.2635200023651123,0.4780319929122925,0.551260179804455,1145.984689168251,105.28928763400708,0.0001220703125,ok,
48,1024,6,8,96,1,0.2635200023651123,0.42577598989009857,0.6189170094657808,1145.984689168251,118.21156945226437,0.0001220703125,ok,
48,2048,1,4,576,6,0.4946880042552948,0.49848000705242157,0.9923928688343001,1220.9307094665323,1211.642929415389,3.0517578125e-05,ok,
48,2048,1,8,576,6,0.4946880042552948,0.6043359935283661,0.8185645229685882,1220.9307094665323,999.4105637721718,3.0517578125e-05,ok,
48,2048,2,4,288,3,0.4946880042552948,0.5166079998016357,0.9575693842240971,1220.9307094665323,584.5629338220787,3.0517578125e-05,ok,
48,2048,2,8,288,3,0.4946880042552948,0.7202400267124176,0.6868377011943232,1220.9307094665323,419.2906209037736,3.0517578125e-05,ok,
48,2048,3,4,192,2,0.4946880042552948,0.6128159761428833,0.8072374473147776,1220.9307094665323,328.526996419328,3.0517578125e-05,ok,
48,2048,3,8,192,2,0.4946880042552948,0.6721919775009155,0.7359326216514106,1220.9307094665323,299.50757929080726,3.0517578125e-05,ok,
48,2048,6,4,96,1,0.4946880042552948,0.9140480160713196,0.5412057086251542,1220.9307094665323,110.12911163317446,3.0517578125e-05,ok,
48,2048,6,8,96,1,0.4946880042552948,0.8090719878673553,0.6114264387761713,1220.9307094665323,124.41821928026435,3.0517578125e-05,ok,
48,4096,1,4,576,6,0.9717920124530792,0.9563200175762177,1.016178679304523,1243.02272144712,1263.1331874256484,6.103515625e-05,ok,
48,4096,1,8,576,6,0.9717920124530792,1.1675999760627747,0.8322987601712935,1243.02272144712,1034.566269925185,6.103515625e-05,ok,
48,4096,2,4,288,3,0.9717920124530792,1.0088799595832825,0.963238493561194,1243.02272144712,598.6636668345296,6.103515625e-05,ok,
48,4096,2,8,288,3,0.9717920124530792,1.40420800447464,0.6920570238571303,1243.02272144712,430.12130259574224,6.103515625e-05,ok,
48,4096,3,4,192,2,0.9717920124530792,1.1899999976158142,0.816631944874018,1243.02272144712,338.36402084598546,6.103515625e-05,ok,
48,4096,3,8,192,2,0.9717920124530792,1.3087199926376343,0.742551514395757,1243.02272144712,307.6694680796314,6.103515625e-05,ok,
48,4096,6,4,96,1,0.9717920124530792,1.7863360047340393,0.5440141215749417,1243.02272144712,112.70365231762473,6.103515625e-05,ok,
48,4096,6,8,96,1,0.9717920124530792,1.5749599933624268,0.6170264746715076,1243.02272144712,127.82965462518331,6.103515625e-05,ok,
48,8192,1,4,576,6,1.9142879843711853,1.8717120289802551,1.0227470651102917,1262.0457965177027,1290.7536344232608,3.0517578125e-05,ok,
48,8192,1,8,576,6,1.9142879843711853,2.291872024536133,0.8352508184913295,1262.0457965177027,1054.1247845149528,3.0517578125e-05,ok,
48,8192,2,4,288,3,1.9142879843711853,1.9943680167198181,0.9598469130685608,1262.0457965177027,605.6853809693349,3.0517578125e-05,ok,
48,8192,2,8,288,3,1.9142879843711853,2.767359972000122,0.6917379754494407,1262.0457965177027,436.5025021038162,3.0517578125e-05,ok,
48,8192,3,4,192,2,1.9142879843711853,2.3447680473327637,0.8164082526409122,1262.0457965177027,343.4482011626086,3.0517578125e-05,ok,
48,8192,3,8,192,2,1.9142879843711853,2.583296060562134,0.7410253952675598,1262.0457965177027,311.7359950700976,3.0517578125e-05,ok,
48,8192,6,4,96,1,1.9142879843711853,3.5308159589767456,0.5421658921372835,1262.0457965177027,114.03969753118812,3.0517578125e-05,ok,
48,8192,6,8,96,1,1.9142879843711853,3.107680082321167,0.6159861805792373,1262.0457965177027,129.5671283188368,3.0517578125e-05,ok,
48,12288,1,4,576,6,2.8572800159454346,2.774847984313965,1.0297068639786586,1268.296644282835,1305.9737601791344,1.52587890625e-05,ok,
48,12288,1,8,576,6,2.8572800159454346,3.4160319566726685,0.8364324608744359,1268.296644282835,1060.8444832962807,1.52587890625e-05,ok,
48,12288,2,4,288,3,2.8572800159454346,2.9717440605163574,0.9614825361000187,1268.296644282835,609.7225370361017,1.52587890625e-05,ok,
48,12288,2,8,288,3,2.8572800159454346,4.129135847091675,0.6919801434864241,1268.296644282835,438.8180469470932,1.52587890625e-05,ok,
48,12288,3,4,192,2,2.8572800159454346,3.4932159185409546,0.8179511609287703,1268.296644282835,345.80157086440283,1.52587890625e-05,ok,
48,12288,3,8,192,2,2.8572800159454346,3.8584320545196533,0.7405287887857196,1268.296644282835,313.07005927058685,1.52587890625e-05,ok,
48,12288,6,4,96,1,2.8572800159454346,5.274208068847656,0.5417457898223784,1268.296644282835,114.51572788101275,1.52587890625e-05,ok,
48,12288,6,8,96,1,2.8572800159454346,4.639295816421509,0.6158865761117556,1268.296644282835,130.18781295689737,1.52587890625e-05,ok,
48,16384,1,4,576,6,3.8075839281082153,3.686511993408203,1.0328418664896517,1269.0037302475644,1310.6801813312252,1.52587890625e-05,ok,
48,16384,1,8,576,6,3.8075839281082153,4.537568092346191,0.8391243614681425,1269.0037302475644,1064.8519448446787,1.52587890625e-05,ok,
48,16384,2,4,288,3,3.8075839281082153,3.9428480863571167,0.9656937941086452,1269.0037302475644,612.7345135003973,1.52587890625e-05,ok,
48,16384,2,8,288,3,3.8075839281082153,5.486384153366089,0.6940060742505844,1269.0037302475644,440.3481485192299,1.52587890625e-05,ok,
48,16384,3,4,192,2,3.8075839281082153,4.654127836227417,0.818109012492145,1269.0037302475644,346.0611295338944,1.52587890625e-05,ok,
48,16384,3,8,192,2,3.8075839281082153,5.129215955734253,0.7423325437977499,1269.0037302475644,314.0075890545028,1.52587890625e-05,ok,
48,16384,6,4,96,1,3.8075839281082153,7.016047954559326,0.5426963944329778,1269.0037302475644,114.7806248212254,1.52587890625e-05,ok,
48,16384,6,8,96,1,3.8075839281082153,6.1702561378479,0.6170868506985915,1269.0037302475644,130.5142525705391,1.52587890625e-05,ok,
64,256,1,4,768,6,0.1034879982471466,0.10811199992895126,0.9572295241523286,972.7050257518678,931.1019689410391,0.000244140625,ok,
64,256,1,8,768,6,0.1034879982471466,0.12067200243473053,0.8575974224271412,972.7050257518678,834.1893228667279,0.0001220703125,ok,
64,256,2,4,384,3,0.1034879982471466,0.10195200145244598,1.0150658817170652,972.7050257518678,493.67984230772026,0.000244140625,ok,
64,256,2,8,384,3,0.1034879982471466,0.12124799937009811,0.8535233470637253,972.7050257518678,415.1132246427207,0.0001220703125,ok,
64,256,3,4,256,2,0.1034879982471466,0.11262400075793266,0.9188805010539234,972.7050257518678,297.9332271468486,0.000244140625,ok,
64,256,3,8,256,2,0.1034879982471466,0.11987200006842613,0.8633208604851249,972.7050257518678,279.9188466101027,0.0001220703125,ok,
64,256,6,4,128,1,0.1034879982471466,0.1478399932384491,0.7000000201584982,972.7050257518678,113.48225627243,0.000244140625,ok,
64,256,6,8,128,1,0.1034879982471466,0.1334879994392395,0.7752606877163654,972.7050257518678,125.68332786825964,0.0001220703125,ok,
64,512,1,4,768,6,0.17281600087881088,0.1749280020594597,0.9879264545653993,1164.9765703187547,1150.911172766766,0.0001220703125,ok,
64,512,1,8,768,6,0.17281600087881088,0.20027200132608414,0.8629064459061893,1164.9765703187547,1005.2657918577383,0.0001220703125,ok,
64,512,2,4,384,3,0.17281600087881088,0.16121600568294525,1.071953123678543,1164.9765703187547,624.4001367827523,0.0001220703125,ok,
64,512,2,8,384,3,0.17281600087881088,0.20897600054740906,0.8269657780133716,1164.9765703187547,481.6978779204991,0.0001220703125,ok,
64,512,3,4,256,2,0.17281600087881088,0.18292799592018127,0.9447214463237074,1164.9765703187547,366.85945014825535,0.0001220703125,ok,
64,512,3,8,256,2,0.17281600087881088,0.1968960016965866,0.87770193091639,1164.9765703187547,340.8340617470416,0.0001220703125,ok,
64,512,6,4,128,1,0.17281600087881088,0.25593599677085876,0.6752313197800551,1164.9765703187547,131.10477784819582,0.0001220703125,ok,
64,512,6,8,128,1,0.17281600087881088,0.22935999929904938,0.7534705328172154,1164.9765703187547,146.29591952627405,0.0001220703125,ok,
64,1024,1,4,768,6,0.31060799956321716,0.31113600730895996,0.9983029680482514,1296.3387439029857,1294.1388156342925,6.103515625e-05,ok,
64,1024,1,8,768,6,0.31060799956321716,0.36051200330257416,0.8615746402832721,1296.3387439029857,1116.8925869634836,6.103515625e-05,ok,
64,1024,2,4,384,3,0.31060799956321716,0.2781759947538376,1.116588078845837,1296.3387439029857,723.73819379403,6.103515625e-05,ok,
64,1024,2,8,384,3,0.31060799956321716,0.4339679926633835,0.7157394204510996,1296.3387439029857,463.9203706347147,6.103515625e-05,ok,
64,1024,3,4,256,2,0.31060799956321716,0.33614400029182434,0.9240325553737743,1296.3387439029857,399.2864007195681,6.103515625e-05,ok,
64,1024,3,8,256,2,0.31060799956321716,0.35075199604034424,0.8855487725506497,1296.3387439029857,382.65706115771326,6.103515625e-05,ok,
64,1024,6,4,128,1,0.31060799956321716,0.4784639924764633,0.6491773768712525,1296.3387439029857,140.2589642172524,6.103515625e-05,ok,
64,1024,6,8,128,1,0.31060799956321716,0.42632000148296356,0.7285794672611192,1296.3387439029857,157.41429857046427,6.103515625e-05,ok,
64,2048,1,4,768,6,0.5873599946498871,0.5819679796695709,1.009265140297543,1371.0609768035467,1383.7640491101174,6.103515625e-05,ok,
64,2048,1,8,768,6,0.5873599946498871,0.6799359917640686,0.8638460116311882,1371.0609768035467,1184.3855565149045,6.103515625e-05,ok,
64,2048,2,4,384,3,0.5873599946498871,0.5137760043144226,1.143221928851376,1371.0609768035467,783.713487237101,6.103515625e-05,ok,
64,2048,2,8,384,3,0.5873599946498871,0.8231840133666992,0.7135221106246619,1371.0609768035467,489.1411609819885,6.103515625e-05,ok,
64,2048,3,4,256,2,0.5873599946498871,0.6307680010795593,0.9311822946703393,1371.0609768035467,425.5692355042944,6.103515625e-05,ok,
64,2048,3,8,256,2,0.5873599946498871,0.6650719940662384,0.883152500616931,1371.0609768035467,403.61864338744795,6.103515625e-05,ok,
64,2048,6,4,128,1,0.5873599946498871,0.9148479998111725,0.6420301457412817,1371.0609768035467,146.71041312622748,6.103515625e-05,ok,
64,2048,6,8,128,1,0.5873599946498871,0.8098720014095306,0.7252504020729503,1371.0609768035467,165.727087448884,6.103515625e-05,ok,
64,4096,1,4,768,6,1.157584011554718,1.1214399933815002,1.0322300064083072,1391.357102312455,1436.2005506362293,3.0517578125e-05,ok,
64,4096,1,8,768,6,1.157584011554718,1.3211359977722168,0.8762035199303551,1391.357102312455,1219.1119905262722,3.0517578125e-05,ok,
64,4096,2,4,384,3,1.157584011554718,0.9990719854831696,1.1586592641719295,1391.357102312455,806.0543981828688,3.0517578125e-05,ok,
64,4096,2,8,384,3,1.157584011554718,1.6000319719314575,0.7234755504025059,1391.357102312455,503.3064227009695,3.0517578125e-05,ok,
64,4096,3,4,256,2,1.157584011554718,1.2189279794692993,0.9496738372177744,1391.357102312455,440.4451460977576,3.0517578125e-05,ok,
64,4096,3,8,256,2,1.157584011554718,1.2982239723205566,0.8916674135092062,1391.357102312455,413.5425962288703,3.0517578125e-05,ok,
64,4096,6,4,128,1,1.157584011554718,1.7861599922180176,0.6480852872072527,1391.357102312455,150.28634454333636,3.0517578125e-05,ok,
64,4096,6,8,128,1,1.157584011554718,1.575215995311737,0.7348731951681526,1391.357102312455,170.41183989937602,3.0517578125e-05,ok,
64,8192,1,4,768,6,2.2895359992980957,2.1995999813079834,1.0408874426051924,1406.933751200039,1464.4596742015385,3.0517578125e-05,ok,
64,8192,1,8,768,6,2.2895359992980957,2.6023359298706055,0.8798003259371425,1406.933751200039,1237.8207728777613,3.0517578125e-05,ok,
64,8192,2,4,384,3,2.2895359992980957,1.9819679856300354,1.1551831391314271,1406.933751200039,812.6330736306078,3.0517578125e-05,ok,
64,8192,2,8,384,3,2.2895359992980957,3.153599977493286,0.7260071079522228,1406.933751200039,510.7219518945563,3.0517578125e-05,ok,
64,8192,3,4,256,2,2.2895359992980957,2.3954720497131348,0.9557765449913201,1406.933751200039,448.238093251217,3.0517578125e-05,ok,
64,8192,3,8,256,2,2.2895359992980957,2.5679519176483154,0.8915805563037223,1406.933751200039,418.13159219247126,3.0517578125e-05,ok,
64,8192,6,4,128,1,2.2895359992980957,3.5291519165039062,0.6487496297881632,1406.933751200039,152.12462503791616,3.0517578125e-05,ok,
64,8192,6,8,128,1,2.2895359992980957,3.107200026512146,0.7368486031676937,1406.933751200039,172.78286155353874,3.0517578125e-05,ok,
64,12288,1,4,768,6,3.417359948158264,3.2768959999084473,1.0428649393370255,1413.909649934315,1474.5168013067841,3.0517578125e-05,ok,
64,12288,1,8,768,6,3.417359948158264,3.8891680240631104,0.8786866309232028,1413.909649934315,1242.3835067305881,3.0517578125e-05,ok,
64,12288,2,4,384,3,3.417359948158264,2.9750399589538574,1.1486769910008012,1413.909649934315,812.0627411167726,3.0517578125e-05,ok,
64,12288,2,8,384,3,3.417359948158264,4.682608127593994,0.7297984061532314,1413.909649934315,515.9345044833682,3.0517578125e-05,ok,
64,12288,3,4,256,2,3.417359948158264,3.544287919998169,0.9641880189462795,1413.909649934315,454.4249147797316,3.0517578125e-05,ok,
64,12288,3,8,256,2,3.417359948158264,3.8097599744796753,0.8970013783151775,1413.909649934315,422.7596349347368,3.0517578125e-05,ok,
64,12288,6,4,128,1,3.417359948158264,5.251039981842041,0.650796786917526,1413.909649934315,153.36130952815603,3.0517578125e-05,ok,
64,12288,6,8,128,1,3.417359948158264,4.607839822769165,0.7416403520087076,1413.909649934315,174.7687417476323,3.0517578125e-05,ok,
64,16384,1,4,768,6,4.502607822418213,4.327375888824463,1.040493809203469,1430.8265783050047,1488.76619677014,3.0517578125e-05,ok,
64,16384,1,8,768,6,4.502607822418213,5.150576114654541,0.8741949875485359,1430.8265783050047,1250.8214228054578,1.52587890625e-05,ok,
64,16384,2,4,384,3,4.502607822418213,3.9375200271606445,1.1435136307522618,1430.8265783050047,818.0848477671957,3.0517578125e-05,ok,
64,16384,2,8,384,3,4.502607822418213,6.244271993637085,0.7210781059835913,1430.8265783050047,515.8688595375778,1.52587890625e-05,ok,
64,16384,3,4,256,2,4.502607822418213,4.713152170181274,0.9553283365016064,1430.8265783050047,455.6363916248019,3.0517578125e-05,ok,
64,16384,3,8,256,2,4.502607822418213,5.074991941452026,0.8872147728238469,1430.8265783050047,423.1501592070656,1.52587890625e-05,ok,
64,16384,6,4,128,1,4.502607822418213,6.970671892166138,0.6459359860960299,1430.8265783050047,154.0370627983086,3.0517578125e-05,ok,
64,16384,6,8,128,1,4.502607822418213,6.132783889770508,0.7341866113900686,1430.8265783050047,175.08228616876633,1.52587890625e-05,ok,
96,256,1,4,1152,6,0.1372479945421219,0.13743999600410461,0.9986030160974613,1100.1613867200012,1098.6244789725588,0.0001220703125,ok,
96,256,1,8,1152,6,0.1372479945421219,0.15673599392175674,0.8756635352734399,1100.1613867200012,963.3712092665664,0.0001220703125,ok,
96,256,2,4,576,3,0.1372479945421219,0.1449439972639084,0.9469036119669453,1100.1613867200012,520.8733954158663,0.0001220703125,ok,
96,256,2,8,576,3,0.1372479945421219,0.1661120057106018,0.8262376578682312,1100.1613867200012,454.4973837202997,0.0001220703125,ok,
96,256,3,4,384,2,0.1372479945421219,0.13382399827241898,1.0255858165493819,1100.1613867200012,376.10330471177764,0.0001220703125,ok,
96,256,3,8,384,2,0.1372479945421219,0.16564799845218658,0.8285520852927045,1100.1613867200012,303.8470037084569,0.0001220703125,ok,
96,256,6,4,192,1,0.1372479945421219,0.1817919984459877,0.7549726925021933,1100.1613867200012,138.43196738649107,0.0001220703125,ok,
96,256,6,8,192,1,0.1372479945421219,0.22470400482416153,0.6107946079978551,1100.1613867200012,111.99544048933666,0.0001220703125,ok,
96,512,1,4,1152,6,0.23975999653339386,0.2367520034313202,1.012705248777108,1259.5507689621554,1275.5536748292175,6.103515625e-05,ok,
96,512,1,8,1152,6,0.23975999653339386,0.2787200063467026,0.8602181080433603,1259.5507689621554,1083.488379461185,6.103515625e-05,ok,
96,512,2,4,576,3,0.23975999653339386,0.2571040093898773,0.9325408697528996,1259.5507689621554,587.291284792951,6.103515625e-05,ok,
96,512,2,8,576,3,0.23975999653339386,0.30614399909973145,0.7831608564546388,1259.5507689621554,493.21542948425036,6.103515625e-05,ok,
96,512,3,4,384,2,0.23975999653339386,0.22526399791240692,1.0643511557786685,1259.5507689621554,446.8681055689269,6.103515625e-05,ok,
96,512,3,8,384,2,0.23975999653339386,0.3011680096387863,0.7961004783375109,1259.5507689621554,334.24298988705056,6.103515625e-05,ok,
96,512,6,4,192,1,0.23975999653339386,0.31750398874282837,0.7551401085785869,1259.5507689621554,158.52288407238746,6.103515625e-05,ok,
96,512,6,8,192,1,0.23975999653339386,0.42444799840450287,0.5648748431719552,1259.5507689621554,118.58142384743553,6.103515625e-05,ok,
96,1024,1,4,1152,6,0.45083199441432953,0.43355199694633484,1.0398568051576373,1339.7003395569184,1393.0965149602594,6.103515625e-05,ok,
96,1024,1,8,1152,6,0.45083199441432953,0.5160479843616486,0.8736241746433886,1339.7003395569184,1170.3946034148803,6.103515625e-05,ok,
96,1024,2,4,576,3,0.45083199441432953,0.4742560088634491,0.950608924270132,1339.7003395569184,636.7655493152664,6.103515625e-05,ok,
96,1024,2,8,576,3,0.45083199441432953,0.5725279748439789,0.7874409884288832,1339.7003395569184,527.4674797896051,6.103515625e-05,ok,
96,1024,3,4,384,2,0.45083199441432953,0.40776000916957855,1.1056307246325332,1339.7003395569184,493.7379524049221,6.103515625e-05,ok,
96,1024,3,8,384,2,0.45083199441432953,0.5601439774036407,0.8048502038779561,1339.7003395569184,359.4193638092509,6.103515625e-05,ok,
96,1024,6,4,192,1,0.45083199441432953,0.5843200087547302,0.771549814587245,1339.7003395569184,172.27425809793493,6.103515625e-05,ok,
96,1024,6,8,192,1,0.45083199441432953,0.8036800026893616,0.5609595770775762,1339.7003395569184,125.25295598142235,6.103515625e-05,ok,
96,2048,1,4,1152,6,0.8731519877910614,0.8242720067501068,1.059300789837175,1383.4470617835384,1465.4865652452215,6.103515625e-05,ok,
96,2048,1,8,1152,6,0.8731519877910614,0.9908320009708405,0.8812311137867233,1383.4470617835384,1219.1365951204773,6.103515625e-05,ok,
96,2048,2,4,576,3,0.8731519877910614,0.9049120247364044,0.9649026247003464,1383.4470617835384,667.4458505244593,6.103515625e-05,ok,
96,2048,2,8,576,3,0.8731519877910614,1.102944016456604,0.7916557638131183,1383.4470617835384,547.6069201956307,6.103515625e-05,ok,
96,2048,3,4,384,2,0.8731519877910614,0.7790719866752625,1.1207590604268691,1383.4470617835384,516.8369430382771,6.103515625e-05,ok,
96,2048,3,8,384,2,0.8731519877910614,1.0750879645347595,0.8121679495955615,1383.4470617835384,374.5304545142469,6.103515625e-05,ok,
96,2048,6,4,192,1,0.8731519877910614,1.120415985584259,0.7793105409289053,1383.4470617835384,179.68914634417234,6.103515625e-05,ok,
96,2048,6,8,192,1,0.8731519877910614,1.5659520030021667,0.5575854088229377,1383.4470617835384,128.5649825882444,6.103515625e-05,ok,
96,4096,1,4,1152,6,1.7150400280952454,1.607520043849945,1.0668856258786015,1408.6663077381136,1502.8858353852759,3.0517578125e-05,ok,
96,4096,1,8,1152,6,1.7150400280952454,1.9331679940223694,0.8871655403971064,1408.6663077381136,1249.7202061436801,3.0517578125e-05,ok,
96,4096,2,4,576,3,1.7150400280952454,1.7671520113945007,0.9705107523499732,1408.6663077381136,683.5628990664878,3.0517578125e-05,ok,
96,4096,2,8,576,3,1.7150400280952454,2.168000102043152,0.791070086426181,1408.6663077381136,557.1768889040194,3.0517578125e-05,ok,
96,4096,3,4,384,2,1.7150400280952454,1.5223039984703064,1.1266081083795423,1408.6663077381136,529.0049614329434,3.0517578125e-05,ok,
96,4096,3,8,384,2,1.7150400280952454,2.1073919534683228,0.8138210954410503,1408.6663077381136,382.1341192247772,3.0517578125e-05,ok,
96,4096,6,4,192,1,1.7150400280952454,2.2003039121627808,0.7794559736111422,1408.6663077381136,182.9988947318707,3.0517578125e-05,ok,
96,4096,6,8,192,1,1.7150400280952454,3.0872960090637207,0.5555152544687034,1408.6663077381136,130.4226037341045,3.0517578125e-05,ok,
96,8192,1,4,1152,6,3.3870879411697388,3.174944043159485,1.0668181533678758,1426.546429240722,1521.8656273361244,3.0517578125e-05,ok,
96,8192,1,8,1152,6,3.3870879411697388,3.825168013572693,0.8854742926719736,1426.546429240722,1263.1701903956582,3.0517578125e-05,ok,
96,8192,2,4,576,3,3.3870879411697388,3.4881759881973267,0.9710197973469138,1426.546429240722,692.6024123136448,3.0517578125e-05,ok,
96,8192,2,8,576,3,3.3870879411697388,4.2980639934539795,0.7880496768611003,1426.546429240722,562.0947262952537,3.0517578125e-05,ok,
96,8192,3,4,384,2,3.3870879411697388,3.006335973739624,1.1266498391250968,1426.546429240722,535.7394350028469,3.0517578125e-05,ok,
96,8192,3,8,384,2,3.3870879411697388,4.185103893280029,0.8093199183438062,1426.546429240722,384.8441465422498,3.0517578125e-05,ok,
96,8192,6,4,192,1,3.3870879411697388,4.35369610786438,0.7779798721025589,1426.546429240722,184.97073476150982,3.0517578125e-05,ok,
96,8192,6,8,192,1,3.3870879411697388,6.1236958503723145,0.5531117194469753,1426.546429240722,131.5065913913798,3.0517578125e-05,ok,
96,12288,1,4,1152,6,5.05998420715332,4.739247798919678,1.067676648667064,1432.367575723619,1529.3054129079603,3.0517578125e-05,ok,
96,12288,1,8,1152,6,5.05998420715332,5.713904142379761,0.8855563693523756,1432.367575723619,1268.442229935872,3.0517578125e-05,ok,
96,12288,2,4,576,3,5.05998420715332,5.212335824966431,0.9707709512722942,1432.367575723619,695.2504170284038,3.0517578125e-05,ok,
96,12288,2,8,576,3,5.05998420715332,6.425663948059082,0.7874648048909755,1432.367575723619,563.9695267746796,3.0517578125e-05,ok,
96,12288,3,4,384,2,5.05998420715332,4.490031957626343,1.1269372367292199,1432.367575723619,538.0627859221689,3.0517578125e-05,ok,
96,12288,3,8,384,2,5.05998420715332,6.234960079193115,0.8115503776903329,1432.367575723619,387.47948235662983,3.0517578125e-05,ok,
96,12288,6,4,192,1,5.05998420715332,6.500848054885864,0.77835755649609,1432.367575723619,185.81568770741072,3.0517578125e-05,ok,
96,12288,6,8,192,1,5.05998420715332,9.164463996887207,0.5521309493792533,1432.367575723619,131.80907824072355,3.0517578125e-05,ok,
96,16384,1,4,1152,6,6.736112117767334,6.312943935394287,1.0670318296350618,1434.6074185004804,1530.7717785706009,3.0517578125e-05,ok,
96,16384,1,8,1152,6,6.736112117767334,7.615776062011719,0.8844945102007082,1434.6074185004804,1268.902385956885,3.0517578125e-05,ok,
96,16384,2,4,576,3,6.736112117767334,6.937903881072998,0.9709145922508146,1434.6074185004804,696.4406383866939,3.0517578125e-05,ok,
96,16384,2,8,576,3,6.736112117767334,8.552047729492188,0.7876607253415455,1434.6074185004804,564.9919599182253,3.0517578125e-05,ok,
96,16384,3,4,384,2,6.736112117767334,5.993935823440552,1.123821194652159,1434.6074185004804,537.4140743053534,3.0517578125e-05,ok,
96,16384,3,8,384,2,6.736112117767334,8.316224098205566,0.809996464527792,1434.6074185004804,387.3423123235773,3.0517578125e-05,ok,
96,16384,6,4,192,1,6.736112117767334,8.652544021606445,0.77851231972313,1434.6074185004804,186.14325821147003,3.0517578125e-05,ok,
96,16384,6,8,192,1,6.736112117767334,12.205487728118896,0.5518920888551415,1434.6074185004804,131.95808081388543,3.0517578125e-05,ok,
128,256,1,4,1536,6,0.17070399969816208,0.16993600130081177,1.004519338995101,1179.390010521046,1184.7200737860264,0.000244140625,ok,
128,256,1,8,1536,6,0.17070399969816208,0.19552000612020493,0.8730768942039309,1179.390010521046,1029.6981674408562,0.0001220703125,ok,
128,256,2,4,768,3,0.17070399969816208,0.1597599983215332,1.0685027634677546,1179.390010521046,630.090742724001,0.000244140625,ok,
128,256,2,8,768,3,0.17070399969816208,0.1887039989233017,0.9046125184000172,1179.390010521046,533.445483796633,0.0001220703125,ok,
128,256,3,4,512,2,0.17070399969816208,0.18518400192260742,0.9218074883677216,1179.390010521046,362.3901811347954,0.000244140625,ok,
128,256,3,8,512,2,0.17070399969816208,0.19872000068426132,0.8590177088887353,1179.390010521046,337.7056349080168,0.0001220703125,ok,
128,256,6,4,256,1,0.17070399969816208,0.17446400225162506,0.9784482615041696,1179.390010521046,192.32868423828364,0.000244140625,ok,
128,256,6,8,256,1,0.17070399969816208,0.22999999672174454,0.7421913136141514,1179.390010521046,145.8888368620038,0.0001220703125,ok,
128,512,1,4,1536,6,0.3070079982280731,0.3006879985332489,1.0210184634094246,1311.5397198898809,1339.1062695023932,0.0001220703125,ok,
128,512,1,8,1536,6,0.3070079982280731,0.35390399396419525,0.8674894984630588,1311.5397198898809,1137.746933821653,0.0001220703125,ok,
128,512,2,4,768,3,0.3070079982280731,0.2800000011920929,1.0964571318606942,1311.5397198898809,719.0235397959183,0.0001220703125,ok,
128,512,2,8,768,3,0.3070079982280731,0.34147199988365173,0.8990722470149196,1311.5397198898809,589.5844815053567,0.0001220703125,ok,
128,512,3,4,512,2,0.3070079982280731,0.3319839984178543,0.9247674577425116,1311.5397198898809,404.28975083029695,0.0001220703125,ok,
128,512,3,8,512,2,0.3070079982280731,0.3583039939403534,0.8568366622203506,1311.5397198898809,374.5917719866196,0.0001220703125,ok,
128,512,6,4,256,1,0.3070079982280731,0.3099680095911026,0.9904505907982756,1311.5397198898809,216.50254840338954,0.0001220703125,ok,
128,512,6,8,256,1,0.3070079982280731,0.4252000004053116,0.7220319800927215,1311.5397198898809,157.82893682039062,0.0001220703125,ok,
128,1024,1,4,1536,6,0.5797120034694672,0.5600480139255524,1.0351112566333085,1389.1490312092783,1437.923799345979,6.103515625e-05,ok,
128,1024,1,8,1536,6,0.5797120034694672,0.6630719900131226,0.8742821476413056,1389.1490312092783,1214.508198399487,6.103515625e-05,ok,
128,1024,2,4,768,3,0.5797120034694672,0.514384001493454,1.1270023985706028,1389.1490312092783,782.7871450724427,6.103515625e-05,ok,
128,1024,2,8,768,3,0.5797120034694672,0.6363039910793304,0.9110613976915827,1389.1490312092783,632.8000289877166,6.103515625e-05,ok,
128,1024,3,4,512,2,0.5797120034694672,0.621040016412735,0.9334535426847571,1389.1490312092783,432.23536149979964,6.103515625e-05,ok,
128,1024,3,8,512,2,0.5797120034694672,0.6715680062770844,0.8632215919325406,1389.1490312092783,399.71447938400655,6.103515625e-05,ok,
128,1024,6,4,256,1,0.5797120034694672,0.5742239952087402,1.00955726041844,1389.1490312092783,233.73758171009476,6.103515625e-05,ok,
128,1024,6,8,256,1,0.5797120034694672,0.8064640164375305,0.7188318283936382,1389.1490312092783,166.42742300256944,6.103515625e-05,ok,
128,2048,1,4,1536,6,1.1354719996452332,1.072767972946167,1.058450688574213,1418.4521824432657,1501.3616892166697,6.103515625e-05,ok,
128,2048,1,8,1536,6,1.1354719996452332,1.2820320129394531,0.8856814714336297,1418.4521824432657,1256.2968161045949,6.103515625e-05,ok,
128,2048,2,4,768,3,1.1354719996452332,0.9866079986095428,1.1508846484576336,1418.4521824432657,816.2374206725905,6.103515625e-05,ok,
128,2048,2,8,768,3,1.1354719996452332,1.228384017944336,0.924362400567057,1418.4521824432657,655.5819322264191,6.103515625e-05,ok,
128,2048,3,4,512,2,1.1354719996452332,1.1972960233688354,0.9483636272760283,1418.4521824432657,448.4028189531647,6.103515625e-05,ok,
128,2048,3,8,512,2,1.1354719996452332,1.2992479801177979,0.8739455569846521,1418.4521824432657,413.2166608804918,6.103515625e-05,ok,
128,2048,6,4,256,1,1.1354719996452332,1.0990560054779053,1.0331338839748143,1418.4521824432657,244.2418354133605,6.103515625e-05,ok,
128,2048,6,8,256,1,1.1354719996452332,1.567632019519806,0.7243230461655464,1418.4521824432657,171.23626760457896,6.103515625e-05,ok,
128,4096,1,4,1536,6,2.236543893814087,2.0929759740829468,1.0685951112238856,1440.269283741482,1539.0647154520752,3.0517578125e-05,ok,
128,4096,1,8,1536,6,2.236543893814087,2.518239974975586,0.8881377136568448,1440.269283741482,1279.1574687123411,3.0517578125e-05,ok,
128,4096,2,4,768,3,2.236543893814087,1.9286240339279175,1.15965779460865,1440.269283741482,835.1097506131134,3.0517578125e-05,ok,
128,4096,2,8,768,3,2.236543893814087,2.4162559509277344,0.9256237498164687,1440.269283741482,666.573727581135,3.0517578125e-05,ok,
128,4096,3,4,512,2,2.236543893814087,2.358847975730896,0.948150926564518,1440.269283741482,455.19755196063363,3.0517578125e-05,ok,
128,4096,3,8,512,2,2.236543893814087,2.554640054702759,0.8754829823077821,1440.269283741482,420.3104159520953,3.0517578125e-05,ok,
128,4096,6,4,256,1,2.236543893814087,2.147215962409973,1.0416017452216846,1440.269283741482,250.03116658905216,3.0517578125e-05,ok,
128,4096,6,8,256,1,2.236543893814087,3.0926719903945923,0.723175267458198,1440.269283741482,173.59452074692894,3.0517578125e-05,ok,
128,8192,1,4,1536,6,4.444399833679199,4.140079975128174,1.0735057922502098,1449.5660123060434,1556.1175104595766,3.0517578125e-05,ok,
128,8192,1,8,1536,6,4.444399833679199,4.99403190612793,0.8899422184759564,1449.5660123060434,1290.0299928189859,3.0517578125e-05,ok,
128,8192,2,4,768,3,4.444399833679199,3.8136481046676636,1.1653932695676708,1449.5660123060434,844.6572372677552,3.0517578125e-05,ok,
128,8192,2,8,768,3,4.444399833679199,4.79801607131958,0.9262994887086472,1449.5660123060434,671.3661280242603,3.0517578125e-05,ok,
128,8192,3,4,512,2,4.444399833679199,4.663663864135742,0.9529845981948408,1449.5660123060434,460.4713612647909,3.0517578125e-05,ok,
128,8192,3,8,512,2,4.444399833679199,5.073776006698608,0.8759550732652602,1449.5660123060434,423.2515675041239,3.0517578125e-05,ok,
128,8192,6,4,256,1,4.444399833679199,4.243728160858154,1.0472866463672041,1449.5660123060434,253.01852128597957,3.0517578125e-05,ok,
128,8192,6,8,256,1,4.444399833679199,6.14139199256897,0.7236795565332557,1449.5660123060434,174.83688149188623,3.0517578125e-05,ok,
128,12288,1,4,1536,6,6.639679908752441,6.185904026031494,1.073356437605784,1455.4431160546337,1562.2092381862633,3.0517578125e-05,ok,
128,12288,1,8,1536,6,6.639679908752441,7.467327833175659,0.8891641102529122,1455.4431160546337,1294.1277833104443,3.0517578125e-05,ok,
128,12288,2,4,768,3,6.639679908752441,5.70032000541687,1.1647907314752366,1455.4431160546337,847.6433258849373,3.0517578125e-05,ok,
128,12288,2,8,768,3,6.639679908752441,7.164640188217163,0.9267290100167122,1455.4431160546337,674.4006790384748,3.0517578125e-05,ok,
128,12288,3,4,512,2,6.639679908752441,6.9757280349731445,0.9518260854586202,1455.4431160546337,461.7762412539928,3.0517578125e-05,ok,
128,12288,3,8,512,2,6.639679908752441,7.5764641761779785,0.8763560091300917,1455.4431160546337,425.1621069005012,3.0517578125e-05,ok,
128,12288,6,4,256,1,6.639679908752441,6.348080158233643,1.0459351084501642,1455.4431160546337,253.71650890560807,3.0517578125e-05,ok,
128,12288,6,8,256,1,6.639679908752441,9.1768159866333,0.7235276285831184,1455.4431160546337,175.50888438277224,3.0517578125e-05,ok,
128,16384,1,4,1536,6,8.847087860107422,8.234831809997559,1.0743495513006773,1456.4003536236555,1564.6830664297224,3.0517578125e-05,ok,
128,16384,1,8,1536,6,8.847087860107422,9.935743808746338,0.8904303523123671,1456.4003536236555,1296.8230799849678,3.0517578125e-05,ok,
128,16384,2,4,768,3,8.847087860107422,7.594111919403076,1.1649930833259083,1456.4003536236555,848.3481692624829,3.0517578125e-05,ok,
128,16384,2,8,768,3,8.847087860107422,9.541311740875244,0.9272402055795171,1456.4003536236555,675.2164816500399,3.0517578125e-05,ok,
128,16384,3,4,512,2,8.847087860107422,9.28439998626709,0.9528981811634017,1456.4003536236555,462.6004160045722,3.0517578125e-05,ok,
128,16384,3,8,512,2,8.847087860107422,10.09280014038086,0.8765741654499433,1456.4003536236555,425.547641512886,3.0517578125e-05,ok,
128,16384,6,4,256,1,8.847087860107422,8.440336227416992,1.0481914015900418,1456.4003536236555,254.4310546568353,3.0517578125e-05,ok,
128,16384,6,8,256,1,8.847087860107422,12.220176219940186,0.7239738364550954,1456.4003536236555,175.7326252379126,3.0517578125e-05,ok,
192,256,1,4,2304,6,0.23756800591945648,0.23230399936437607,1.0226599910870395,1271.172382119437,1299.9771369683542,0.0001220703125,ok,
192,256,1,8,2304,6,0.23756800591945648,0.2725280076265335,0.87171960044934,1271.172382119437,1108.1058810433913,0.0001220703125,ok,
192,256,2,4,1152,3,0.23756800591945648,0.2186560034751892,1.0864920338051143,1271.172382119437,690.5593333829196,0.0001220703125,ok,
192,256,2,8,1152,3,0.23756800591945648,0.2741599977016449,0.8665305219982905,1271.172382119437,550.7548339138831,0.0001220703125,ok,
192,256,3,4,768,2,0.23756800591945648,0.22899200022220612,1.0374511148377608,1271.172382119437,439.5930683269273,0.0001220703125,ok,
192,256,3,8,768,2,0.23756800591945648,0.2787040024995804,0.8524025625351906,1271.172382119437,361.1835319808568,0.0001220703125,ok,
192,256,6,4,384,1,0.23756800591945648,0.2767360061407089,0.858464387169998,1271.172382119437,181.8760366672648,0.0001220703125,ok,
192,256,6,8,384,1,0.23756800591945648,0.3309919983148575,0.7177454655368102,1271.172382119437,152.06303553030855,0.0001220703125,ok,
192,512,1,4,2304,6,0.4418880045413971,0.422992005944252,1.0446722357198293,1366.816410024133,1427.8751548784617,0.0001220703125,ok,
192,512,1,8,2304,6,0.4418880045413971,0.5029280185699463,0.8786307149835999,1366.816410024133,1200.9268795908208,0.0001220703125,ok,
192,512,2,4,1152,3,0.4418880045413971,0.39481601119041443,1.1192251378282643,1366.816410024133,764.8876424475966,0.0001220703125,ok,
192,512,2,8,1152,3,0.4418880045413971,0.5018240213394165,0.8805636752141828,1366.816410024133,601.7844406769527,0.0001220703125,ok,
192,512,3,4,768,2,0.4418880045413971,0.41312000155448914,1.0696359480990019,1366.816410024133,487.33198887114577,0.0001220703125,ok,
192,512,3,8,768,2,0.4418880045413971,0.5141440033912659,0.859463499771908,1366.816410024133,391.5762717683387,0.0001220703125,ok,
192,512,6,4,384,1,0.4418880045413971,0.5094079971313477,0.86745399960311,1366.816410024133,197.60839359976634,0.0001220703125,ok,
192,512,6,8,384,1,0.4418880045413971,0.6159999966621399,0.7173506606100865,1366.816410024133,163.41444244391974,0.0001220703125,ok,
192,1024,1,4,2304,6,0.8542720079421997,0.8001919984817505,1.0675837918437803,1414.022162460614,1509.5871419508442,0.0001220703125,ok,
192,1024,1,8,2304,6,0.8542720079421997,0.9609600007534027,0.888977696545581,1414.022162460614,1257.0341648486378,0.0001220703125,ok,
192,1024,2,4,1152,3,0.8542720079421997,0.7446879744529724,1.1471542944811546,1414.022162460614,811.0507980791111,0.0001220703125,ok,
192,1024,2,8,1152,3,0.8542720079421997,0.9580160081386566,0.8917095337498351,1414.022162460614,630.4485215998437,0.0001220703125,ok,
192,1024,3,4,768,2,0.8542720079421997,0.7805439829826355,1.0944572331181552,1414.022162460614,515.862261164798,0.0001220703125,ok,
192,1024,3,8,768,2,0.8542720079421997,0.9818399846553802,0.870072538593999,1414.022162460614,410.1006175067608,0.0001220703125,ok,
192,1024,6,4,384,1,0.8542720079421997,0.9676160216331482,0.8828626116590693,1414.022162460614,208.06454988229706,0.0001220703125,ok,
192,1024,6,8,384,1,0.8542720079421997,1.1878079771995544,0.7192004299855616,1414.022162460614,169.49422454179785,0.0001220703125,ok,
192,2048,1,4,2304,6,1.6738879680633545,1.5550559759140015,1.0764165367613268,1443.297968618029,1553.5898008944769,6.103515625e-05,ok,
192,2048,1,8,2304,6,1.6738879680633545,1.8775520324707031,0.891526806775446,1443.297968618029,1286.7388291875193,6.103515625e-05,ok,
192,2048,2,4,1152,3,1.6738879680633545,1.4449599981307983,1.1584320467201152,1443.297968618029,835.9813099065841,6.103515625e-05,ok,
192,2048,2,8,1152,3,1.6738879680633545,1.872111976146698,0.8941174402979137,1443.297968618029,645.2389426439653,6.103515625e-05,ok,
192,2048,3,4,768,2,1.6738879680633545,1.5158400535583496,1.1042642422160545,1443.297968618029,531.260779202653,6.103515625e-05,ok,
192,2048,3,8,768,2,1.6738879680633545,1.923039972782135,0.8704384681311004,1443.297968618029,418.76735762020206,6.103515625e-05,ok,
192,2048,6,4,384,1,1.6738879680633545,1.889248013496399,0.8860075310946173,1443.297968618029,213.12881163485605,6.103515625e-05,ok,
192,2048,6,8,384,1,1.6738879680633545,2.331663966178894,0.7178941701477268,1443.297968618029,172.68919957615665,6.103515625e-05,ok,
192,4096,1,4,2304,6,3.3102400302886963,3.062191963195801,1.0810034348186404,1459.6640013378728,1577.901799127361,6.103515625e-05,ok,
192,4096,1,8,2304,6,3.3102400302886963,3.707087993621826,0.8929488687573857,1459.6640013378728,1303.4053187605327,6.103515625e-05,ok,
192,4096,2,4,1152,3,3.3102400302886963,2.843935966491699,1.1639643329846956,1459.6640013378728,849.4984178495046,6.103515625e-05,ok,
192,4096,2,8,1152,3,3.3102400302886963,3.7040960788726807,0.8936701316063453,1459.6640013378728,652.2290600883308,6.103515625e-05,ok,
192,4096,3,4,768,2,3.3102400302886963,2.985167980194092,1.1088957312457401,1459.6640013378728,539.5383933788811,6.103515625e-05,ok,
192,4096,3,8,768,2,3.3102400302886963,3.8002240657806396,0.8710644354094708,1459.6640013378728,423.8204664043011,6.103515625e-05,ok,
192,4096,6,4,384,1,3.3102400302886963,3.7280319929122925,0.8879323022393855,1459.6640013378728,216.01380286731515,6.103515625e-05,ok,
192,4096,6,8,384,1,3.3102400302886963,4.616559982299805,0.7170360707930525,1459.6640013378728,174.43862336622888,6.103515625e-05,ok,
192,8192,1,4,2304,6,6.577264070510864,6.077359914779663,1.0822567961649718,1469.2547406340354,1590.1109283487876,3.0517578125e-05,ok,
192,8192,1,8,2304,6,6.577264070510864,7.367743968963623,0.8927107264065325,1469.2547406340354,1311.6194667876512,3.0517578125e-05,ok,
192,8192,2,4,1152,3,6.577264070510864,5.646399974822998,1.1648597513173953,1469.2547406340354,855.7378558984333,3.0517578125e-05,ok,
192,8192,2,8,1152,3,6.577264070510864,7.356127977371216,0.8941203974079464,1469.2547406340354,656.8453162946064,3.0517578125e-05,ok,
192,8192,3,4,768,2,6.577264070510864,5.925375938415527,1.1100163329501174,1469.2547406340354,543.6322531227225,3.0517578125e-05,ok,
192,8192,3,8,768,2,6.577264070510864,7.540063858032227,0.8723088019346523,1469.2547406340354,427.21461417976127,3.0517578125e-05,ok,
192,8192,6,4,384,1,6.577264070510864,7.41705584526062,0.8867755896315154,1469.2547406340354,217.149873157441,3.0517578125e-05,ok,
192,8192,6,8,384,1,6.577264070510864,9.178847789764404,0.7165675062010898,1469.2547406340354,175.47003424504328,3.0517578125e-05,ok,
192,12288,1,4,2304,6,9.848688125610352,9.087807655334473,1.0837254153183191,1471.821875068429,1595.0507728331206,3.0517578125e-05,ok,
192,12288,1,8,2304,6,9.848688125610352,11.026368141174316,0.8931942049743189,1471.821875068429,1314.6227695655566,3.0517578125e-05,ok,
192,12288,2,4,1152,3,9.848688125610352,8.44539213180542,1.1661611411174275,1471.821875068429,858.1907386756955,3.0517578125e-05,ok,
192,12288,2,8,1152,3,9.848688125610352,11.011343955993652,0.8944129040896549,1471.821875068429,658.2082387913175,3.0517578125e-05,ok,
192,12288,3,4,768,2,9.848688125610352,8.866431713104248,1.1107837340081654,1471.821875068429,544.9585993944697,3.0517578125e-05,ok,
192,12288,3,8,768,2,9.848688125610352,11.289152145385742,0.8724028163298201,1471.821875068429,428.0071829818447,3.0517578125e-05,ok,
192,12288,6,4,384,1,9.848688125610352,11.107888221740723,0.886639109883567,1471.821875068429,217.4958062029724,3.0517578125e-05,ok,
192,12288,6,8,384,1,9.848688125610352,13.740863800048828,0.7167444688284702,1471.821875068429,175.82003134267404,3.0517578125e-05,ok,
192,16384,1,4,2304,6,13.121119976043701,12.102863788604736,1.0841334914797345,1472.9956640353512,1596.923932185155,3.0517578125e-05,ok,
192,16384,1,8,2304,6,13.121119976043701,14.68068790435791,0.8937673807607301,1472.9956640353512,1316.5154765167879,3.0517578125e-05,ok,
192,16384,2,4,1152,3,13.121119976043701,11.240335941314697,1.1673245394575833,1472.9956640353512,859.7319925715416,3.0517578125e-05,ok,
192,16384,2,8,1152,3,13.121119976043701,14.645919799804688,0.8958891046377763,1472.9956640353512,659.8203832939787,3.0517578125e-05,ok,
192,16384,3,4,768,2,13.121119976043701,11.80187177658081,1.1117829632822107,1472.9956640353512,545.88382808769,3.0517578125e-05,ok,
192,16384,3,8,768,2,13.121119976043701,15.035216331481934,0.8726924632650382,1472.9956640353512,428.4907381419104,3.0517578125e-05,ok,
192,16384,6,4,384,1,13.121119976043701,14.787199974060059,0.8873295822779822,1472.9956640353512,217.83877121096114,3.0517578125e-05,ok,
192,16384,6,8,384,1,13.121119976043701,18.302111625671387,0.7169183668205483,1472.9956640353512,176.00294096566216,3.0517578125e-05,ok,
256,256,1,4,3072,6,0.30484800040721893,0.2937120050191879,1.03791467559286,1320.8326230191174,1370.9115634333536,0.000244140625,ok,
256,256,1,8,3072,6,0.30484800040721893,0.349727988243103,0.8716717296166554,1320.8326230191174,1151.3324570411778,0.000244140625,ok,
256,256,2,4,1536,3,0.30484800040721893,0.26580800116062164,1.1468729273616045,1320.8326230191174,757.4135884583211,0.000244140625,ok,
256,256,2,8,1536,3,0.30484800040721893,0.3412960022687912,0.8932070647787217,1320.8326230191174,589.8885151354428,0.000244140625,ok,
256,256,3,4,1024,2,0.30484800040721893,0.2940160036087036,1.0368415210926112,1320.8326230191174,456.4980353199618,0.000244140625,ok,
256,256,3,8,1024,2,0.30484800040721893,0.35788799822330475,0.8517972156669209,1320.8326230191174,375.0271835499067,0.000244140625,ok,
256,256,6,4,512,1,0.30484800040721893,0.3056799918413162,0.9972782273740403,1320.8326230191174,219.53960282371827,0.000244140625,ok,
256,256,6,8,512,1,0.30484800040721893,0.4265120029449463,0.7147465916605596,1320.8326230191174,157.3434359094985,0.000244140625,ok,
256,512,1,4,3072,6,0.5749920010566711,0.5449600219726562,1.0551085912234526,1400.5522972842698,1477.734761322376,0.0001220703125,ok,
256,512,1,8,3072,6,0.5749920010566711,0.6541920006275177,0.8789346254694709,1400.5522972842698,1230.9939088639564,0.0001220703125,ok,
256,512,2,4,1536,3,0.5749920010566711,0.48923200368881226,1.1752951497882966,1400.5522972842698,823.0311610115293,0.0001220703125,ok,
256,512,2,8,1536,3,0.5749920010566711,0.6359040141105652,0.9042119381191652,1400.5522972842698,633.1980535823293,0.0001220703125,ok,
256,512,3,4,1024,2,0.5749920010566711,0.5440000295639038,1.0569705327362058,1400.5522972842698,493.4475025951572,0.0001220703125,ok,
256,512,3,8,1024,2,0.5749920010566711,0.6689759790897369,0.8595106835361294,1400.5522972842698,401.26322078896624,0.0001220703125,ok,
256,512,6,4,512,1,0.5749920010566711,0.5628480017185211,1.0215759837488474,1400.5522972842698,238.4617651483143,0.0001220703125,ok,
256,512,6,8,512,1,0.5749920010566711,0.8075360059738159,0.7120326484554487,1400.5522972842698,166.20649358928026,0.0001220703125,ok,
256,1024,1,4,3072,6,1.1167359948158264,1.0416640043258667,1.072069295068465,1442.250221607323,1546.1921783909002,0.0001220703125,ok,
256,1024,1,8,3072,6,1.1167359948158264,1.2614240050315857,0.8852978779231838,1442.250221607323,1276.8210606232046,0.0001220703125,ok,
256,1024,2,4,1536,3,1.1167359948158264,0.9291360080242157,1.201907993201703,1442.250221607323,866.7260347733844,0.0001220703125,ok,
256,1024,2,8,1536,3,1.1167359948158264,1.2288479804992676,0.9087665948412177,1442.250221607323,655.3344113995391,0.0001220703125,ok,
256,1024,3,4,1024,2,1.1167359948158264,1.0410400032997131,1.0727118951012304,1442.250221607323,515.706322810187,0.0001220703125,ok,
256,1024,3,8,1024,2,1.1167359948158264,1.2920640110969543,0.8643039239733367,1442.250221607323,415.5141752955412,0.0001220703125,ok,
256,1024,6,4,512,1,1.1167359948158264,1.0784479975700378,1.0355028683182306,1442.250221607323,248.90904021783115,0.0001220703125,ok,
256,1024,6,8,512,1,1.1167359948158264,1.5716960430145264,0.7105292399120108,1442.250221607323,170.79349228693005,0.0001220703125,ok,
256,2048,1,4,3072,6,2.201311945915222,2.039407968521118,1.079387734035142,1463.3207610476745,1579.490480433829,6.103515625e-05,ok,
256,2048,1,8,3072,6,2.201311945915222,2.473520040512085,0.8899511262740736,1463.3207610476745,1302.2839593946123,6.103515625e-05,ok,
256,2048,2,4,1536,3,2.201311945915222,1.8135839700698853,1.2137910249782347,1463.3207610476745,888.0828032119937,6.103515625e-05,ok,
256,2048,2,8,1536,3,2.201311945915222,2.4104959964752197,0.9132194988641841,1463.3207610476745,668.1665260407567,6.103515625e-05,ok,
256,2048,3,4,1024,2,2.201311945915222,2.0358400344848633,1.0812794269822035,1463.3207610476745,527.419544665597,6.103515625e-05,ok,
256,2048,3,8,1024,2,2.201311945915222,2.5406559705734253,0.8664344844053745,1463.3207610476745,422.623856372674,6.103515625e-05,ok,
256,2048,6,4,512,1,2.201311945915222,2.1043680906295776,1.0460679173559608,1463.3207610476745,255.12215015548009,6.103515625e-05,ok,
256,2048,6,8,512,1,2.201311945915222,3.0926400423049927,0.7117905465243055,1463.3207610476745,173.59631404108114,6.103515625e-05,ok,
256,4096,1,4,3072,6,4.362352132797241,4.0252320766448975,1.0837517066676412,1476.8296432477475,1600.51664632711,6.103515625e-05,ok,
256,4096,1,8,3072,6,4.362352132797241,4.895535945892334,0.8910877544383128,1476.8296432477475,1315.9848104895696,6.103515625e-05,ok,
256,4096,2,4,1536,3,4.362352132797241,3.569375991821289,1.2221610003521464,1476.8296432477475,902.4617970706852,6.103515625e-05,ok,
256,4096,2,8,1536,3,4.362352132797241,4.773087978363037,0.9139475644639886,1476.8296432477475,674.87242778725,6.103515625e-05,ok,
256,4096,3,4,1024,2,4.362352132797241,4.027472019195557,1.0831489609376785,1476.8296432477475,533.2088311885867,6.103515625e-05,ok,
256,4096,3,8,1024,2,4.362352132797241,5.028303861618042,0.8675593704859145,1476.8296432477475,427.07913187031784,6.103515625e-05,ok,
256,4096,6,4,512,1,4.362352132797241,4.156080007553101,1.049631413463954,1476.8296432477475,258.35446431459997,6.103515625e-05,ok,
256,4096,6,8,512,1,4.362352132797241,6.133296012878418,0.7112573930293551,1476.8296432477475,175.06766700081087,6.103515625e-05,ok,
256,8192,1,4,3072,6,8.693504333496094,8.007503986358643,1.0856696853733825,1482.1298056244636,1609.1033997548243,3.0517578125e-05,ok,
256,8192,1,8,3072,6,8.693504333496094,9.746623992919922,0.8919503142638078,1482.1298056244636,1321.9861459064969,3.0517578125e-05,ok,
256,8192,2,4,1536,3,8.693504333496094,7.094111919403076,1.2254535073965391,1482.1298056244636,908.1405843597249,3.0517578125e-05,ok,
256,8192,2,8,1536,3,8.693504333496094,9.497632026672363,0.9153338757578706,1482.1298056244636,678.32180967925,3.0517578125e-05,ok,
256,8192,3,4,1024,2,8.693504333496094,7.999376058578491,1.0867728020078795,1482.1298056244636,536.9127872659641,3.0517578125e-05,ok,
256,8192,3,8,1024,2,8.693504333496094,10.012703895568848,0.8682474208933144,1482.1298056244636,428.95179372085005,3.0517578125e-05,ok,
256,8192,6,4,512,1,8.693504333496094,8.245791912078857,1.0542958670544917,1482.1298056244636,260.43388808469155,3.0517578125e-05,ok,
256,8192,6,8,512,1,8.693504333496094,12.225615978240967,0.7110892693643174,1482.1298056244636,175.65443343076294,3.0517578125e-05,ok,
256,12288,1,4,3072,6,13.0065598487854,11.979088306427002,1.085772098516641,1485.9696227673037,1613.4243556440367,3.0517578125e-05,ok,
256,12288,1,8,3072,6,13.0065598487854,14.589295864105225,0.8915138859296212,1485.9696227673037,1324.7625527666523,3.0517578125e-05,ok,
256,12288,2,4,1536,3,13.0065598487854,10.610623836517334,1.225805386109557,1485.9696227673037,910.7547835916738,3.0517578125e-05,ok,
256,12288,2,8,1536,3,13.0065598487854,14.216079711914062,0.9149188884953282,1485.9696227673037,679.7708378000418,3.0517578125e-05,ok,
256,12288,3,4,1024,2,13.0065598487854,11.966224193572998,1.0869393417993256,1485.9696227673037,538.3862812348284,3.0517578125e-05,ok,
256,12288,3,8,1024,2,13.0065598487854,14.991312026977539,0.8676065060469366,1485.9696227673037,429.74563750034156,3.0517578125e-05,ok,
256,12288,6,4,512,1,13.0065598487854,12.356272220611572,1.0526281403131503,1485.9696227673037,260.6955734292301,3.0517578125e-05,ok,
256,12288,6,8,512,1,13.0065598487854,18.299440383911133,0.7107627105482837,1485.9696227673037,176.02863281174987,3.0517578125e-05,ok,
256,16384,1,4,3072,6,17.32910442352295,15.953279972076416,1.086240851652744,1487.082260351518,1615.3295009619208,3.0517578125e-05,ok,
256,16384,1,8,3072,6,17.32910442352295,19.439167976379395,0.8914529904047133,1487.082260351518,1325.663927968161,3.0517578125e-05,ok,
256,16384,2,4,1536,3,17.32910442352295,14.130448341369629,1.2263662132211781,1487.082260351518,911.8537201878407,3.0517578125e-05,ok,
256,16384,2,8,1536,3,17.32910442352295,18.930912017822266,0.9153866653232916,1487.082260351518,680.6276356822996,3.0517578125e-05,ok,
256,16384,3,4,1024,2,17.32910442352295,15.943408012390137,1.0869134384603307,1487.082260351518,538.7765642906764,3.0517578125e-05,ok,
256,16384,3,8,1024,2,17.32910442352295,19.961536407470703,0.8681247810683274,1487.082260351518,430.32432056608496,3.0517578125e-05,ok,
256,16384,6,4,512,1,17.32910442352295,16.45579242706299,1.05307018791898,1487.082260351518,261.00033255989246,3.0517578125e-05,ok,
256,16384,6,8,512,1,17.32910442352295,24.38360023498535,0.7106868656195946,1487.082260351518,176.14163842128704,3.0517578125e-05,ok,
