batch_size,context_length,heads_per_program,split_k,num_stages,pipelined,num_warps,median_ms,measurement_order,is_auto_k,num_kv_blocks,launched_programs,active_programs,launched_programs_per_sm,min_pages_per_split,max_pages_per_split,max_abs_error,speedup_vs_production,speedup_vs_ungrouped_k1_stage1,grouping_speedup_at_fixed_k_stages,splitk_speedup_at_fixed_heads_stages,pipeline_speedup_at_fixed_heads_k
1,512,6,2,3,True,4,0.09159599989652634,0,False,32,4,4,0.030303030303030304,16,16,0.0,0.4277370101873244,0.4099414851721684,0.2153041568002491,2.096598148970453,1.0938250860778926
1,512,2,2,3,True,4,0.03582800179719925,1,False,32,12,12,0.09090909090909091,16,16,0.0,1.0935301210105821,1.0480350103238822,0.5504353727463233,1.7278105155328212,0.9800156090362719
1,512,6,32,1,False,4,0.016352999955415726,2,False,32,64,64,0.48484848484848486,1,1,5.960464477539063e-08,2.3958294653993133,2.2961536314917224,0.7819971638314474,11.697976069115947,1.0
1,512,6,32,3,True,4,0.016165999695658684,3,False,32,64,64,0.48484848484848486,1,1,5.960464477539063e-08,2.423543231377149,2.322714396901506,0.7911047919387537,11.879253213627521,1.0115675036049432
1,512,6,1,1,False,4,0.1912970021367073,4,False,32,2,2,0.015151515151515152,32,32,0.0,0.20480717786084285,0.19628640184637083,0.19628640184637083,1.0,1.0
1,512,3,4,1,False,4,0.030772000551223755,5,False,32,16,16,0.12121212121212122,8,8,0.0,1.273202861011276,1.2202326647858623,0.38535032521836987,3.5152735446768495,1.0
1,512,3,32,1,False,4,0.013801000081002712,6,False,32,128,128,0.9696969696969697,1,1,5.960464477539063e-08,2.838852178168533,2.720744874503592,0.9265994862846033,7.837982669342833,1.0
1,512,2,4,2,True,4,0.020471999421715736,7,False,32,24,24,0.18181818181818182,8,8,5.960464477539063e-08,1.913784693609331,1.8341637990464952,0.6179171692451365,3.432542118555111,0.944949244464995
1,512,6,1,2,True,4,0.18540899455547333,8,False,32,2,2,0.015151515151515152,32,32,0.0,0.21131121084385426,0.20251984173387738,0.21176966654924737,1.0,1.031756860530692
1,512,1,16,2,True,4,0.007808999856933951,9,True,32,192,192,1.4545454545454546,2,2,5.960464477539063e-08,5.017159669438322,4.808426292910019,1.0,5.0280447780236015,1.034319368692325
1,512,3,8,1,False,4,0.017626000568270683,10,False,32,32,32,0.24242424242424243,4,4,5.960464477539063e-08,2.2227957493310444,2.1303187917175803,0.4667536450556791,6.137070008338893,1.0
1,512,2,16,1,False,4,0.009074999950826168,11,True,32,96,96,0.7272727272727273,2,2,5.960464477539063e-08,4.317245107785579,4.1376309021349815,0.8900275312295808,7.163635994186084,1.0
1,512,1,1,1,False,4,0.03754900023341179,12,False,32,12,12,0.09090909090909091,32,32,0.0,1.0434099149728215,1.0,1.0,1.0,1.0
1,512,3,2,1,False,4,0.057656001299619675,13,False,32,8,8,0.06060606060606061,16,16,0.0,0.6795302875282315,0.6512591818201495,0.3633099684271704,1.876162012907611,1.0
1,512,1,8,2,True,4,0.00861200038343668,14,False,32,96,96,0.7272727272727273,4,4,5.960464477539063e-08,4.549349442228426,4.3600787925682365,1.0,4.559219601030165,0.955294896272493
1,512,6,16,3,True,4,0.016875000670552254,15,True,32,32,32,0.24242424242424243,2,2,5.960464477539063e-08,2.321718375349639,2.2251258513391785,0.4676740292749305,11.380147923269398,1.0260739956314213
1,512,1,4,1,False,4,0.011858000420033932,16,False,32,48,48,0.36363636363636365,8,8,5.960464477539063e-08,3.3040139781633218,3.16655413251405,1.0,3.16655413251405,1.0
1,512,1,8,1,False,4,0.008227000012993813,17,False,32,96,96,0.7272727272727273,4,4,5.960464477539063e-08,4.762246150356012,4.564118168725719,1.0,4.564118168725719,1.0
1,512,1,16,3,True,4,0.007891999557614326,18,True,32,192,192,1.4545454545454546,2,2,5.960464477539063e-08,4.964394492782014,4.757856353043497,1.0,4.270400768470976,1.023441492004338
1,512,3,32,3,True,4,0.01358299981802702,19,False,32,128,128,0.9696969696969697,1,1,5.960464477539063e-08,2.8844143168478333,2.7644114508179327,0.9415445775639911,6.958919438162148,1.01604949318238
1,512,6,16,1,False,4,0.017314999364316463,20,True,32,32,32,0.24242424242424243,2,2,5.960464477539063e-08,2.262720218263508,2.168582247296784,0.4664741610552888,11.048051351993744,1.0
1,512,2,32,3,True,4,0.013255000114440918,21,False,32,192,192,1.4545454545454546,1,1,5.960464477539063e-08,2.9557901774873865,2.8328177977534152,0.9648434338210826,4.67023747425601,0.9944926550934878
1,512,3,2,3,True,4,0.05009300075471401,22,False,32,8,8,0.06060606060606061,16,16,0.0,0.7821252181058789,0.7495857638330488,0.3936877253683282,1.8869502732540142,1.1509791873307558
1,512,3,8,2,True,4,0.016270000487565994,23,False,32,32,32,0.24242424242424243,4,4,5.960464477539063e-08,2.4080515037968424,2.307867185505484,0.5293177704584717,6.138967290944706,1.0833435795985982
1,512,1,8,3,True,4,0.008307999931275845,24,False,32,96,96,0.7272727272727273,4,4,5.960464477539063e-08,4.715816016484006,4.519619709198223,1.0,4.056572129801796,0.9902503708531455
1,512,2,2,2,True,4,0.037132998928427696,25,False,32,12,12,0.09090909090909091,16,16,0.0,1.0550992451855163,1.0112030085635129,0.5799154448465553,1.892413817734451,0.9455740719868003
1,512,1,1,2,True,4,0.039264000952243805,26,False,32,12,12,0.09090909090909091,32,32,0.0,0.9978351209931831,0.9563212948950887,1.0,1.0,0.9563212948950887
1,512,1,32,2,True,4,0.012575999833643436,28,False,32,384,384,2.909090909090909,1,1,5.960464477539063e-08,3.115378471622321,2.985766597496315,1.0,3.1221375215992264,1.0168574868345897
1,512,2,8,2,True,4,0.012540999799966812,29,False,32,48,48,0.36363636363636365,4,4,5.960464477539063e-08,3.1240730217508124,2.994099420487285,0.6867076406029023,5.6033012827463,0.9466549545232974
1,512,2,4,1,False,4,0.019345000386238098,30,False,32,24,24,0.18181818181818182,8,8,5.960464477539063e-08,2.0252777647257285,1.9410183243068784,0.6129749383964672,3.3605580251744502,1.0
1,512,1,1,3,True,4,0.033702000975608826,31,False,32,12,12,0.09090909090909091,32,32,0.0,1.1625125513827412,1.1141475030099,1.0,1.0,1.1141475030099
1,512,3,16,2,True,4,0.0110789998434484,32,True,32,64,64,0.48484848484848486,2,2,0.0,3.536329966104952,3.389204870836468,0.7048470048992578,9.015344546275717,1.072569733713949
1,512,2,8,1,False,4,0.011871999595314264,33,False,32,48,48,0.36363636363636365,4,4,5.960464477539063e-08,3.3001179646537495,3.1628202083355803,0.6929750921016634,5.475909578082697,1.0
1,512,3,2,2,True,4,0.05198799818754196,34,False,32,8,8,0.06060606060606061,16,16,0.0,0.7536162288750566,0.7222628595537992,0.41421097835665593,1.9212319054199867,1.1090252233146372
1,512,6,2,2,True,4,0.09418899938464165,35,False,32,4,4,0.030303030303030304,16,16,0.0,0.4159615177655994,0.398655899082993,0.22862542051356713,1.9684782274659764,1.063712356281231
1,512,2,1,2,True,4,0.07027100026607513,36,False,32,6,6,0.045454545454545456,32,32,0.0,0.5575415035008854,0.5343456061709057,0.558751132096797,1.0,0.9251326443172929
1,512,2,4,3,True,4,0.019891999661922455,37,False,32,24,24,0.18181818181818182,8,8,5.960464477539063e-08,1.969585753404955,1.8876433174935456,0.5936054581908633,3.112004791264258,0.9725015440890324
1,512,2,2,1,False,4,0.03511200100183487,38,False,32,12,12,0.09090909090909091,16,16,0.0,1.1158292897864537,1.069406446857004,0.5965766522593537,1.851503601050194,1.0
1,512,3,4,2,True,4,0.028030999936163425,39,False,32,16,16,0.12121212121212122,8,8,0.0,1.3977025161458096,1.3395526495281738,0.45128607471239757,3.5632336000958467,1.0977846177911086
1,512,2,32,2,True,4,0.013232999946922064,40,False,32,192,192,1.4545454545454546,1,1,5.960464477539063e-08,2.9607042468077323,2.8375274226571365,0.9503513854822131,5.3102849352326835,0.9961460220621331
1,512,2,8,3,True,4,0.012240999843925238,41,False,32,48,48,0.36363636363636365,4,4,5.960464477539063e-08,3.2006371734660024,3.0674782053890794,0.6787027234052946,5.05710309982974,0.9698553832762203
1,512,2,1,3,True,4,0.061903998255729675,42,False,32,6,6,0.045454545454545456,32,32,0.0,0.6328993319463391,0.6065682555477966,0.544423654775634,1.0,1.0501744334253582
1,512,1,2,1,False,4,0.02094700001180172,43,False,32,24,24,0.18181818181818182,16,16,0.0,1.8703871255447018,1.7925717387815134,1.0,1.7925717387815134,1.0
1,512,6,32,2,True,4,0.015999999828636646,44,False,32,64,64,0.48484848484848486,1,1,5.960464477539063e-08,2.4486874725296217,2.346812539723091,0.7859999980209396,11.588062283827659,1.0220625081599866
1,512,2,1,1,False,4,0.06500999629497528,45,False,32,6,6,0.045454545454545456,32,32,0.0,0.6026611501881727,0.5775880998829407,0.5775880998829407,1.0,1.0
1,512,1,4,3,True,4,0.011807999573647976,46,False,32,48,48,0.36363636363636365,8,8,5.960464477539063e-08,3.3180047895915235,3.1799628717137023,1.0,2.854166852344905,1.0042344891760957
1,512,6,16,2,True,4,0.01705300062894821,47,True,32,32,32,0.24242424242424243,2,2,5.960464477539063e-08,2.297484178494112,2.201899891428534,0.4579252664588444,10.872514379711772,1.015363790869948
1,512,6,4,3,True,4,0.047825999557971954,48,False,32,8,8,0.06060606060606061,8,8,5.960464477539063e-08,0.8191987517870504,0.785116894167513,0.24689498772179327,4.015389236211885,1.0721573844420795
1,512,2,32,1,False,4,0.013182000257074833,49,False,32,192,192,1.4545454545454546,1,1,5.960464477539063e-08,2.9721588815651194,2.848505500010068,0.9701107067121707,4.931724702408813,1.0
1,512,1,32,1,False,4,0.012787999585270882,50,False,32,384,384,2.909090909090909,1,1,5.960464477539063e-08,3.0637316555737706,2.9362684900819387,1.0,2.9362684900819387,1.0
1,512,6,8,3,True,4,0.026283999904990196,51,False,32,16,16,0.12121212121212122,4,4,5.960464477539063e-08,1.490602620700065,1.4285877480269986,0.3160858302125665,7.306346238408517,1.0605311486725182
1,512,3,1,3,True,4,0.09452300146222115,52,False,32,4,4,0.030303030303030304,32,32,0.0,0.41449169551093523,0.3972472271568665,0.3565481465278989,1.0,1.1443986942980473
1,512,1,2,3,True,4,0.019720999523997307,53,False,32,24,24,0.18181818181818182,16,16,0.0,1.9866639666607195,1.904011010583954,1.0,1.7089397996586773,1.0621672591347393
1,512,3,8,3,True,4,0.01527100009843707,54,False,32,32,32,0.24242424242424243,4,4,5.960464477539063e-08,2.565581748956211,2.4588435591232027,0.5440377105443236,6.189706034504919,1.1542138991980386
1,512,6,8,1,False,4,0.02787500061094761,55,False,32,16,16,0.12121212121212122,4,4,5.960464477539063e-08,1.4055246020504666,1.3470493062039546,0.29513900745037996,6.862672571981126,1.0
1,512,1,32,3,True,4,0.012788999825716019,56,False,32,384,384,2.909090909090909,1,1,5.960464477539063e-08,3.0634920380621034,2.936038841591706,1.0,2.63523351590334,0.999921789001582
1,512,1,4,2,True,4,0.012649999931454659,57,False,32,48,48,0.36363636363636365,8,8,5.960464477539063e-08,3.097154099063568,2.9683004297924866,1.0,3.1038736098814135,0.937391342631442
1,512,2,16,2,True,4,0.009441999718546867,58,True,32,96,96,0.7272727272727273,2,2,5.960464477539063e-08,4.14943871094378,3.9768059047549533,0.8270493634515553,7.442385337932409,0.9611311397309403
1,512,1,16,1,False,4,0.008076999802142382,59,True,32,192,192,1.4545454545454546,2,2,5.960464477539063e-08,4.85068714876861,4.64887967725988,1.0,4.64887967725988,1.0
1,512,6,2,1,False,4,0.10019000247120857,60,False,32,4,4,0.030303030303030304,16,16,0.0,0.391046992459327,0.3747779150340093,0.2090727567136374,1.9093422239577247,1.0
1,512,6,1,3,True,4,0.19204000383615494,61,False,32,2,2,0.015151515151515152,32,32,0.0,0.20401478003658793,0.19552697085680085,0.17549469018112895,1.0,0.996131005599846
1,512,3,1,1,False,4,0.10817199945449829,62,False,32,4,4,0.030303030303030304,32,32,0.0,0.362191688592564,0.3471231041560481,0.3471231041560481,1.0,1.0
1,512,3,4,3,True,4,0.025654999539256096,63,False,32,16,16,0.12121212121212122,8,8,0.0,1.5271486978944886,1.4636133661182118,0.4602611493163319,3.684389131154979,1.199454340435199
1,512,6,4,1,False,4,0.05127699859440327,64,False,32,8,8,0.06060606060606061,8,8,5.960464477539063e-08,0.7640657646669461,0.7322776539715441,0.23125379302774163,3.73065911384265,1.0
1,512,3,1,2,True,4,0.09988100081682205,65,False,32,4,4,0.030303030303030304,32,32,0.0,0.3922567737653274,0.3759373647274042,0.39310780459891953,1.0,1.0830087661304237
1,512,3,16,3,True,4,0.010970999952405691,66,True,32,64,64,0.48484848484848486,2,2,0.0,3.5711420390871105,3.4225686260419814,0.7193509791132384,8.615714326158063,1.0831282438661083
1,512,6,4,2,True,4,0.04878100007772446,67,False,32,8,8,0.06060606060606061,8,8,5.960464477539063e-08,0.8031610479168815,0.7697464212210423,0.2593222752977384,3.800844473464151,1.0511674322523492
1,512,6,8,2,True,4,0.026631000451743603,68,False,32,16,16,0.12121212121212122,4,4,5.960464477539063e-08,1.4711801463055247,1.4099733241885533,0.32338253303858994,6.962149052246143,1.0467124831250025
1,512,2,16,3,True,4,0.00930000003427267,69,True,32,96,96,0.7272727272727273,2,2,5.960464477539063e-08,4.212795591018806,4.037526891939243,0.8486020998419856,6.656343873935375,0.9758064427293199
1,512,1,2,2,True,4,0.02153399959206581,70,False,32,24,24,0.18181818181818182,16,16,0.0,1.819401870672187,1.743707669022465,1.0,1.823349201079701,0.972740800994518
1,512,3,32,2,True,4,0.013472999911755323,71,False,32,128,128,0.9696969696969697,1,1,5.960464477539063e-08,2.907964031579529,2.7869814057261233,0.9334223941225409,7.413419540638081,1.0243449989902549
1,512,3,16,1,False,4,0.011882999911904335,72,True,32,64,64,0.48484848484848486,2,2,0.0,3.2970629833641003,3.1598923261621312,0.6797104992023841,9.103088467259187,1.0
1,2048,1,32,3,True,4,0.017389999702572823,0,False,128,384,384,2.909090909090909,4,4,1.9073486328125e-06,8.744163488619817,8.328752268726467,1.0,7.438758336515397,1.0794134863437261
1,2048,2,2,2,True,4,0.13876600563526154,1,False,128,12,12,0.09090909090909091,64,64,1.52587890625e-05,1.0958087304611934,1.0437498637573506,0.5526137165716914,1.9827262038722657,0.9445108789554262
1,2048,6,8,3,True,4,0.0926860012114048,2,False,128,16,16,0.12121212121212122,16,16,1.52587890625e-05,1.6406037425167932,1.5626631593006313,0.22182422181421385,8.226592630311105,1.0764300653583738
1,2048,3,16,3,True,4,0.02737399935722351,3,False,128,64,64,0.48484848484848486,8,8,1.52587890625e-05,5.554942793779987,5.291042700259875,0.563965810723567,13.605428956831595,1.1749470479108217
1,2048,3,64,2,True,4,0.027409999631345272,4,True,128,256,256,1.9393939393939394,2,2,1.52587890625e-05,5.547646935845057,5.284093448521051,0.9518788915039086,14.375191713654965,1.0287851391223
1,2048,2,4,2,True,4,0.07134899869561195,5,False,128,24,24,0.18181818181818182,32,32,1.9073486328125e-06,2.1312282337004778,2.029979426815188,0.5641144249807115,3.856185799516212,0.9427882928276948
1,2048,3,32,1,False,4,0.024058999493718147,6,False,128,128,128,0.9696969696969697,4,4,1.9073486328125e-06,6.3203376560214055,6.020075752267803,0.7802070161467701,17.764745566878904,1.0
1,2048,2,1,3,True,4,0.24198399484157562,7,False,128,6,6,0.045454545454545456,128,128,1.52587890625e-05,0.6283928016226836,0.5985395834579028,0.5345808318612332,1.0,1.0521852859035359
1,2048,1,2,3,True,4,0.06894300132989883,8,False,128,24,24,0.18181818181818182,64,64,1.52587890625e-05,2.205604594130162,2.100822370394017,1.0,1.8763326626949979,1.0806753386035557
1,2048,1,16,2,True,4,0.015930000692605972,9,False,128,192,192,1.4545454545454546,8,8,1.52587890625e-05,9.545574002198693,9.092089967276845,1.0,9.586691102823854,1.090269883589945
1,2048,6,4,2,True,4,0.18499299883842468,10,False,128,8,8,0.06060606060606061,32,32,1.9073486328125e-06,0.8219824610722637,0.7829323292524086,0.21757039252755006,3.9781666367289668,1.0553318372538296
1,2048,1,4,3,True,4,0.036365000531077385,11,False,128,48,48,0.36363636363636365,32,32,1.9073486328125e-06,4.181520644730804,3.982868069867862,1.0,3.5572666951830048,1.0283513897821943
1,2048,2,64,1,False,4,0.02679000049829483,12,True,128,384,384,2.909090909090909,2,2,1.52587890625e-05,5.676035746099569,5.406382858603335,1.0404255174176438,9.503993805922809,1.0
1,2048,6,1,2,True,4,0.7359329760074615,13,False,128,2,2,0.015151515151515152,128,128,1.52587890625e-05,0.2066234364049003,0.19680732376162402,0.20751345691327622,1.0,1.032496196516917
1,2048,6,16,3,True,4,0.05177199840545654,14,False,128,32,32,0.24242424242424243,8,8,1.52587890625e-05,2.9371282768625013,2.7975933697141344,0.2981920771019699,14.727845128311401,1.036834589679826
1,2048,3,16,1,False,4,0.032162999734282494,16,False,128,64,64,0.48484848484848486,8,8,1.52587890625e-05,4.7278239505833515,4.503218004307429,0.5399993826509513,13.288623826464919,1.0
1,2048,3,4,1,False,4,0.11274199932813644,17,False,128,16,16,0.12121212121212122,32,32,1.9073486328125e-06,1.348752030055561,1.284676521075405,0.3316953669299612,3.79097414580714,1.0
1,2048,3,8,1,False,4,0.05860000103712082,18,False,128,32,32,0.24242424242424243,16,16,1.52587890625e-05,2.594897572954342,2.471621107723315,0.3555801923394047,7.2935494374621035,1.0
1,2048,6,16,2,True,4,0.05279200151562691,19,False,128,32,32,0.24242424242424243,8,8,1.52587890625e-05,2.8803795291098275,2.743540599291029,0.30175026964815016,13.940236302456135,1.0168017347805363
1,2048,2,32,2,True,4,0.021282999776303768,20,False,128,192,192,1.4545454545454546,4,4,1.9073486328125e-06,7.144716537358122,6.805290654431887,0.8186346083638221,12.927453764579347,0.9986843859653192
1,2048,2,8,2,True,4,0.0379440002143383,21,False,128,48,48,0.36363636363636365,16,16,1.52587890625e-05,4.007511058596448,3.817125201818465,0.5895530073835246,7.251080382287984,0.9432848510850949
1,2048,2,64,2,True,4,0.026464000344276428,22,True,128,384,384,2.909090909090909,2,2,1.52587890625e-05,5.7459567143345405,5.472982073448354,0.9859053705329316,10.396576178976098,1.0123186271832447
1,2048,1,8,1,False,4,0.020836999639868736,23,False,128,96,96,0.7272727272727273,16,16,1.52587890625e-05,7.297643763231579,6.950952727322136,1.0,6.950952727322136,1.0
1,2048,6,44,3,True,4,0.03138499893248081,24,False,128,88,88,0.6666666666666666,2,3,1.9073486328125e-06,4.845021686745272,4.614847997527314,0.6684722089595342,24.294726794132096,1.0208698757894283
1,2048,6,64,3,True,4,0.030302999541163445,25,True,128,128,128,0.9696969696969697,2,2,1.52587890625e-05,5.018018109388406,4.7796258347035945,0.867966897863819,25.162194701649458,1.007358994354777
1,2048,6,4,3,True,4,0.18016699701547623,26,False,128,8,8,0.06060606060606061,32,32,1.9073486328125e-06,0.8440003051906604,0.8039041659972529,0.20184052092489313,4.232129008806488,1.083600240761521
1,2048,2,16,3,True,4,0.02157100010663271,27,False,128,96,96,0.7272727272727273,8,8,1.52587890625e-05,7.0493254700597126,6.714431355059013,0.715683077461765,11.218023904564802,0.9789995848747619
1,2048,1,1,3,True,4,0.12936000525951385,28,False,128,12,12,0.09090909090909091,128,128,1.52587890625e-05,1.1754869687991398,1.1196428075694118,1.0,1.0,1.1196428075694118
1,2048,3,32,3,True,4,0.02271999977529049,29,False,128,128,128,0.9696969696969697,4,4,1.9073486328125e-06,6.69282579094579,6.374867997731049,0.765404924056628,16.392385880395388,1.058934847344669
1,2048,6,8,2,True,4,0.09483299776911736,30,False,128,16,16,0.12121212121212122,16,16,1.52587890625e-05,1.6034608632383216,1.5272848363243723,0.23588835072984587,7.760304886693356,1.0520599442052982
1,2048,1,1,1,False,4,0.14483699947595596,31,False,128,12,12,0.09090909090909091,128,128,1.52587890625e-05,1.0498767650291596,1.0,1.0,1.0,1.0
1,2048,2,64,3,True,4,0.02645999938249588,32,True,128,384,384,2.909090909090909,2,2,1.52587890625e-05,5.7468255485652,5.473809631748146,0.9940287649859872,9.145275906606999,1.012471697789126
1,2048,1,8,3,True,4,0.020560000091791153,33,False,128,96,96,0.7272727272727273,16,16,1.52587890625e-05,7.395963024682041,7.044601110375677,1.0,6.291829021497063,1.0134727406051023
1,2048,1,44,3,True,4,0.02097999956458807,34,True,128,528,528,4.0,2,3,1.9073486328125e-06,7.247902937186375,6.90357495147068,1.0,6.1658726379508275,1.0759771462846333
1,2048,6,2,3,True,4,0.35635700821876526,35,False,128,4,4,0.030303030303030304,64,64,1.52587890625e-05,0.4267097235618206,0.40643791516804256,0.19346610208259232,2.1396800312978863,1.0989737531462846
1,2048,1,4,1,False,4,0.03739599883556366,36,False,128,48,48,0.36363636363636365,32,32,1.9073486328125e-06,4.066237169783428,3.87306139656352,1.0,3.87306139656352,1.0
1,2048,1,44,2,True,4,0.02072099968791008,37,True,128,528,528,4.0,2,3,1.9073486328125e-06,7.33849730981216,6.989865433976281,1.0,7.370107533802412,1.0894262053258654
1,2048,6,64,2,True,4,0.029928999952971935,38,True,128,128,128,0.9696969696969697,2,2,1.52587890625e-05,5.080724404600334,4.839353125849223,0.8717631763909525,24.58929390102738,1.0199471813854728
1,2048,1,64,1,False,4,0.027873000130057335,39,False,128,768,768,5.818181818181818,2,2,1.52587890625e-05,5.455494555907856,5.196318975357391,1.0,5.196318975357391,1.0
1,2048,2,4,1,False,4,0.06726700067520142,40,False,128,24,24,0.18181818181818182,32,32,1.9073486328125e-06,2.260558653426113,2.1531657130856945,0.5559337930961151,3.785095161680488,1.0
1,2048,2,2,1,False,4,0.1310660019516945,41,False,128,12,12,0.09090909090909091,64,64,1.52587890625e-05,1.160186457220158,1.105069181322376,0.5684540628163304,1.9426242885649512,1.0
1,2048,3,1,2,True,4,0.39402399957180023,42,False,128,4,4,0.030303030303030304,128,128,1.52587890625e-05,0.3859181182658843,0.36758420713803075,0.387580441987659,1.0,1.0847105888576434
1,2048,3,2,1,False,4,0.22133800387382507,43,False,128,8,8,0.06060606060606061,64,64,1.52587890625e-05,0.6870080953338222,0.6543702253613938,0.3366118786767671,1.930992405819355,1.0
1,2048,6,16,1,False,4,0.05367899872362614,44,False,128,32,32,0.24242424242424243,8,8,1.52587890625e-05,2.832783846234803,2.6982060567424067,0.3235529800050266,14.15540559039232,1.0
1,2048,6,8,1,False,4,0.09976999834179878,45,False,128,16,16,0.12121212121212122,16,16,1.52587890625e-05,1.5241154955761944,1.4517089494154707,0.2088503556799103,7.615996905361682,1.0
1,2048,3,2,3,True,4,0.19010299444198608,46,False,128,8,8,0.06060606060606061,64,64,1.52587890625e-05,0.7998874552854629,0.7618869965783522,0.36266131173929633,1.9591222358820581,1.1643057202940115
1,2048,6,64,1,False,4,0.030525999143719673,47,True,128,128,128,0.9696969696969697,2,2,1.52587890625e-05,4.98136030701001,4.744709543954577,0.9130905101198576,24.89183056848144,1.0
1,2048,6,32,2,True,4,0.033303000032901764,48,False,128,64,64,0.48484848484848486,4,4,1.9073486328125e-06,4.565985055884388,4.349067631530612,0.5231660862225223,22.0980985280724,1.0424886455997546
1,2048,3,1,3,True,4,0.3724350035190582,49,False,128,4,4,0.030303030303030304,128,128,1.52587890625e-05,0.4082886920658774,0.3888920163449255,0.34733578755277833,1.0,1.1475881712544247
1,2048,1,32,2,True,4,0.017423000186681747,50,False,128,384,384,2.909090909090909,4,4,1.9073486328125e-06,8.727601379616763,8.312976980088095,1.0,8.765195102535818,1.0773689953133998
1,2048,3,44,2,True,4,0.026202999986708164,51,False,128,176,176,1.3333333333333333,2,3,1.52587890625e-05,5.803190495114368,5.527496834310061,0.7907873029203181,15.037362125393061,1.0495744894031003
1,2048,2,44,3,True,4,0.02202400006353855,52,False,128,264,264,2.0,2,3,1.9073486328125e-06,6.904331639468557,6.576325783604511,0.9525971442091095,10.987286330523945,1.0084907491471826
1,2048,2,1,1,False,4,0.254611998796463,53,False,128,6,6,0.045454545454545456,128,128,1.52587890625e-05,0.5972263726184578,0.568853785998274,0.568853785998274,1.0,1.0
1,2048,2,44,1,False,4,0.022211000323295593,54,False,128,264,264,2.0,2,3,1.9073486328125e-06,6.846202253523017,6.520957965321642,1.0163432412759006,11.463328760092717,1.0
1,2048,2,8,1,False,4,0.03579200059175491,55,False,128,48,48,0.36363636363636365,16,16,1.52587890625e-05,4.248463286552798,4.0466304504174815,0.5821691801343111,7.113656531820569,1.0
1,2048,3,44,1,False,4,0.027502000331878662,56,False,128,176,176,1.3333333333333333,2,3,1.52587890625e-05,5.529088743777186,5.266416905248511,0.8208130240763577,15.540760651658948,1.0
1,2048,2,44,2,True,4,0.022362999618053436,57,False,128,264,264,2.0,2,3,1.9073486328125e-06,6.799669233262847,6.476635601202195,0.9265751483169643,12.303134654512345,0.993203090043648
1,2048,3,4,3,True,4,0.09152200073003769,58,False,128,16,16,0.12121212121212122,32,32,1.9073486328125e-06,1.6614693653264951,1.5825375136103226,0.39733616224521984,4.069349452025521,1.2318568041436435
1,2048,1,2,2,True,4,0.07668399810791016,59,False,128,24,24,0.18181818181818182,64,64,1.52587890625e-05,1.9829560823415289,1.8887512786193088,1.0,1.9914975702346753,0.9715847262122399
1,2048,3,2,2,True,4,0.198403000831604,60,False,128,8,8,0.06060606060606061,64,64,1.52587890625e-05,0.7664249019872922,0.7300141573911345,0.3865062412689829,1.985978024123894,1.1155980652817208
1,2048,1,1,2,True,4,0.1527159959077835,61,False,128,12,12,0.09090909090909091,128,128,1.52587890625e-05,0.995711022689252,0.948407523488337,1.0,1.0,0.948407523488337
1,2048,3,8,2,True,4,0.052977001294493675,62,False,128,32,32,0.24242424242424243,16,16,1.52587890625e-05,2.870321021400501,2.733959943689943,0.42225869513020814,7.437642560805991,1.106140393099441
1,2048,1,44,1,False,4,0.02257400006055832,63,True,128,528,528,4.0,2,3,1.9073486328125e-06,6.736112344219859,6.416098125605026,1.0,6.416098125605026,1.0
1,2048,1,32,1,False,4,0.01877100020647049,64,False,128,384,384,2.909090909090909,4,4,1.9073486328125e-06,8.100846987041761,7.71599796935859,1.0,7.71599796935859,1.0
1,2048,6,4,1,False,4,0.19522900134325027,65,False,128,8,8,0.06060606060606061,32,32,1.9073486328125e-06,0.7788853060770113,0.7418826018645895,0.19154940392188083,3.892085670628003,1.0
1,2048,1,4,2,True,4,0.04024899937212467,66,False,128,48,48,0.36363636363636365,32,32,1.9073486328125e-06,3.7780069775265,3.5985242300524374,1.0,3.7942805607622216,0.9291162368986265
1,2048,3,8,3,True,4,0.04811300151050091,67,False,128,32,32,0.24242424242424243,16,16,1.52587890625e-05,3.160497073398313,3.0103505274836064,0.42732732206083274,7.740839104327598,1.2179660216029355
1,2048,2,4,3,True,4,0.06876599788665771,68,False,128,24,24,0.18181818181818182,32,32,1.9073486328125e-06,2.2112818128078136,2.1062298799863397,0.5288224071293973,3.5189483506139365,0.9782014766378146
1,2048,1,2,1,False,4,0.07450500130653381,69,False,128,24,24,0.18181818181818182,64,64,1.52587890625e-05,2.0409502422626162,1.943990295095187,1.0,1.943990295095187,1.0
1,2048,3,64,3,True,4,0.027711999602615833,70,True,128,256,256,1.9393939393939394,2,2,1.52587890625e-05,5.487189760640483,5.226508427861131,0.9491195469427485,13.439485019475201,1.0175736391614965
1,2048,1,64,3,True,4,0.026302000507712364,71,False,128,768,768,5.818181818181818,2,2,1.52587890625e-05,5.781347332183302,5.506691380128532,1.0,4.91825727178366,1.0597292826408515
1,2048,1,64,2,True,4,0.02609100006520748,72,False,128,768,768,5.818181818181818,2,2,1.52587890625e-05,5.828101647553214,5.551224526234127,1.0,5.853205914917431,1.068299415905723
1,2048,6,44,1,False,4,0.03203999996185303,73,False,128,88,88,0.6666666666666666,2,3,1.9073486328125e-06,4.745973802977256,4.520505607003732,0.7045568067239397,23.715605478269605,1.0
1,2048,2,2,3,True,4,0.1332470029592514,74,False,128,12,12,0.09090909090909091,64,64,1.52587890625e-05,1.1411964028402868,1.0869812923315725,0.5174075198598085,1.816055817147177,0.9836318944582649
1,2048,6,1,1,False,4,0.7598479986190796,75,False,128,2,2,0.015151515151515152,128,128,1.52587890625e-05,0.2001202881927661,0.19061312228126878,0.19061312228126878,1.0,1.0
1,2048,2,32,1,False,4,0.021254999563097954,76,False,128,192,192,1.4545454545454546,4,4,1.9073486328125e-06,7.154128609362511,6.81425558471504,0.883133408248096,11.9789227960517,1.0
1,2048,3,1,1,False,4,0.42740200459957123,77,False,128,4,4,0.030303030303030304,128,128,1.52587890625e-05,0.3557798017555187,0.33887767936805147,0.33887767936805147,1.0,1.0
1,2048,6,2,1,False,4,0.3916269987821579,78,False,128,4,4,0.030303030303030304,64,64,1.52587890625e-05,0.38828017715635205,0.36983405109033707,0.19024480318829382,1.9402339496050531,1.0
1,2048,1,8,2,True,4,0.022369999438524246,79,False,128,96,96,0.7272727272727273,16,16,1.52587890625e-05,6.797541541484198,6.474608990223152,1.0,6.8268216245363575,0.9314707269945
1,2048,3,4,2,True,4,0.10128199681639671,80,False,128,16,16,0.12121212121212122,32,32,1.9073486328125e-06,1.5013625841323197,1.4300369663773065,0.3973953973783492,3.8903656321674243,1.1131494527355572
1,2048,2,8,3,True,4,0.0366669986397028,81,False,128,48,48,0.36363636363636365,16,16,1.52587890625e-05,4.147080647656175,3.9500642225766294,0.5607221985583765,6.59950374502583,0.9761366329285419
1,2048,6,1,3,True,4,0.7624899744987488,82,False,128,2,2,0.015151515151515152,128,128,1.52587890625e-05,0.19942688501092715,0.18995266078241876,0.1696546965677201,1.0,0.9965350680428212
1,2048,6,32,1,False,4,0.034717999398708344,83,False,128,64,64,0.48484848484848486,4,4,1.9073486328125e-06,4.379889483839442,4.171812949606322,0.5406705608494494,21.88628411138659,1.0
1,2048,6,2,2,True,4,0.36718399822711945,84,False,128,4,4,0.030303030303030304,64,64,1.52587890625e-05,0.4141275251659805,0.3944534625018379,0.208843518448965,2.0042621126214075,1.0665688065739711
1,2048,2,1,2,True,4,0.27513499557971954,85,False,128,6,6,0.045454545454545456,128,128,1.52587890625e-05,0.5526777869385485,0.5264215814159848,0.5550584199076722,1.0,0.9254075377070307
1,2048,3,44,3,True,4,0.02672899980098009,86,False,128,176,176,1.3333333333333333,2,3,1.52587890625e-05,5.688989546880501,5.418721259844714,0.7849152501328831,13.93374261259869,1.0289199198119725
1,2048,2,32,3,True,4,0.021012000739574432,87,False,128,192,192,1.4545454545454546,4,4,1.9073486328125e-06,7.236864416245329,6.893060840378089,0.8276222677748217,11.516466130034823,1.0115647637050504
1,2048,6,44,2,True,4,0.03104100003838539,88,False,128,88,88,0.6666666666666666,2,3,1.9073486328125e-06,4.898714612232456,4.66599011941787,0.6675364731254286,23.708417096659407,1.032183239013958
1,2048,1,16,3,True,4,0.015437999740242958,89,False,128,192,192,1.4545454545454546,8,8,1.52587890625e-05,9.84978643767963,9.3818501044797,1.0,8.37932422827454,1.1250162127831416
1,2048,6,32,3,True,4,0.03378699906170368,90,False,128,64,64,0.48484848484848486,4,4,1.9073486328125e-06,4.500577283843544,4.286767203309375,0.5146950065264525,22.567555440666617,1.0275549875058279
1,2048,2,16,1,False,4,0.021118000149726868,91,False,128,96,96,0.7272727272727273,8,8,1.52587890625e-05,7.200539794877947,6.858461902124252,0.8224263603360135,12.056634008488539,1.0
1,2048,3,64,1,False,4,0.028199000284075737,92,True,128,256,256,1.9393939393939394,2,2,1.52587890625e-05,5.392425225521812,5.136245895842872,0.9884393010130045,15.15663677059252,1.0
1,2048,2,16,2,True,4,0.02256700024008751,93,False,128,96,96,0.7272727272727273,8,8,1.52587890625e-05,6.738201748065258,6.418088267605492,0.7058980158252615,12.191917075933555,0.9357911962181544
1,2048,1,16,1,False,4,0.017368000000715256,94,False,128,192,192,1.4545454545454546,8,8,1.52587890625e-05,8.75523954744844,8.339302134384571,1.0,8.339302134384571,1.0
1,2048,3,16,2,True,4,0.02859400026500225,95,False,128,64,64,0.48484848484848486,8,8,1.52587890625e-05,5.317933799296437,5.06529335292865,0.5571099022511924,13.779953693784762,1.1248163753306155
1,2048,3,32,2,True,4,0.022388000041246414,96,False,128,128,128,0.9696969696969697,4,4,1.9073486328125e-06,6.79207612051983,6.469403216415771,0.7782294155164631,17.599785547877087,1.0746381744413604
1,8192,2,132,3,True,4,0.0638980008661747,0,False,512,792,792,6.0,3,4,7.62939453125e-06,9.444802558975551,8.999467774035594,0.96028042927181,15.06709096271684,1.0527559586250135
1,8192,1,2,1,False,4,0.2894099950790405,1,False,512,24,24,0.18181818181818182,256,256,4.76837158203125e-07,2.085290806661485,1.986966619668359,1.0,1.986966619668359,1.0
1,8192,3,44,2,True,4,0.05720800161361694,2,False,512,176,176,1.3333333333333333,11,12,3.814697265625e-06,10.549293544115333,10.051880565664817,0.6659732756923121,27.467031885066646,1.1454166844656806
1,8192,1,8,2,True,4,0.07766599953174591,3,False,512,96,96,0.7272727272727273,64,64,1.52587890625e-05,7.7705045416635246,7.404115096534452,1.0,7.815234502483367,0.9283212815159868
1,8192,1,1,3,True,4,0.5124939978122711,4,False,512,12,12,0.09090909090909091,512,512,3.814697265625e-06,1.1775825759335723,1.1220580183869397,1.0,1.0,1.1220580183869397
1,8192,1,2,3,True,4,0.26597200334072113,5,False,512,24,24,0.18181818181818182,256,256,4.76837158203125e-07,2.26905085690976,2.1620621433744565,1.0,1.9268719691363347,1.088122025791919
1,8192,3,16,3,True,4,0.09279200062155724,6,False,512,64,64,0.48484848484848486,32,32,3.814697265625e-06,6.503836516636802,6.1971721244131,0.48659368027902583,15.991895510409371,1.2254073211396372
1,8192,2,1,1,False,4,1.0137010216712952,7,False,512,6,6,0.045454545454545456,512,512,3.814697265625e-06,0.5953471380538494,0.5672757423804826,0.5672757423804826,1.0,1.0
1,8192,2,2,2,True,4,0.5454699993133545,8,False,512,12,12,0.09090909090909091,256,256,4.76837158203125e-07,1.1063926574403145,1.0542247975953147,0.5451390694913647,2.0085815740163215,0.9444845897947739
1,8192,6,8,2,True,4,0.3673969954252243,9,False,512,16,16,0.12121212121212122,64,64,1.52587890625e-05,1.6426481697156365,1.5651951615850277,0.21139530398678272,7.996521681995507,1.0553815067127765
1,8192,6,16,1,False,4,0.20010599493980408,10,False,512,32,32,0.24242424242424243,32,32,3.814697265625e-06,3.0159216483035154,2.8737170007996196,0.2739598150583749,15.16459310176585,1.0
1,8192,1,256,2,True,4,0.08974199742078781,11,False,512,3072,3072,23.272727272727273,2,2,7.62939453125e-06,6.724878200164434,6.407791403662626,1.0,6.763589140592913,1.081812345355533
1,8192,6,4,2,True,4,0.7295079827308655,12,False,512,8,8,0.06060606060606061,128,128,7.62939453125e-06,0.8272753916072186,0.7882682756503678,0.20667902976302285,4.027232202202889,1.0569439141545633
1,8192,1,32,1,False,4,0.043108001351356506,13,False,512,384,384,2.909090909090909,16,16,1.52587890625e-05,13.999814029310778,13.339704500179575,1.0,13.339704500179575,1.0
1,8192,6,132,1,False,4,0.06537999957799911,14,False,512,264,264,2.0,3,4,7.62939453125e-06,9.230712847807247,8.795472672562479,1.0693025365363917,46.41367406045819,1.0
1,8192,2,8,3,True,4,0.1345210000872612,15,False,512,48,48,0.36363636363636365,64,64,1.52587890625e-05,4.486318133992368,4.2747823703913514,0.5183056834402994,7.156927102548238,0.9814898868203632
1,8192,2,88,2,True,4,0.04861299879848957,16,True,512,528,528,4.0,5,6,3.814697265625e-06,12.41445738815479,11.829099496703023,1.0472096051539328,22.537613742798786,1.0639335634962463
1,8192,3,1,3,True,4,1.4839199781417847,17,False,512,4,4,0.030303030303030304,512,512,3.814697265625e-06,0.40669578615013807,0.3875195482848963,0.34536498285711714,1.0,1.1490815047497904
1,8192,3,256,1,False,4,0.097291000187397,18,False,512,1024,1024,7.757575757575758,2,2,7.62939453125e-06,6.2030814867955915,5.910598087313413,0.9978723676360031,17.52623570656149,1.0
1,8192,6,8,1,False,4,0.3877439945936203,19,False,512,16,16,0.12121212121212122,64,64,1.52587890625e-05,1.5564496433446464,1.4830610083932403,0.1859448533589659,7.826107000487567,1.0
1,8192,6,256,3,True,4,0.09495500102639198,20,True,512,512,512,3.878787878787879,2,2,7.62939453125e-06,6.355684224852251,6.056005406820096,0.95419935016626,32.05925877336163,1.0172186835027057
1,8192,3,4,2,True,4,0.3941519856452942,21,False,512,16,16,0.12121212121212122,128,128,7.62939453125e-06,1.5311454060195322,1.4589498989304488,0.3825275720185768,3.9866195316246302,1.1187410334514734
1,8192,1,132,3,True,4,0.06135999970138073,22,False,512,1584,1584,12.0,3,4,7.62939453125e-06,9.835462924239367,9.37170799248713,1.0,8.35224902715798,1.1393578834376938
1,8192,3,8,2,True,4,0.19952699542045593,23,False,512,32,32,0.24242424242424243,64,64,1.52587890625e-05,3.0246734323970896,2.882056126834667,0.3892505842033214,7.875295275664057,1.1170368176919694
1,8192,2,32,1,False,4,0.051266999915242195,24,False,512,192,192,1.4545454545454546,16,16,1.52587890625e-05,11.771783078627953,11.216728120840752,0.8408528180432899,19.772973322940857,1.0
1,8192,6,2,3,True,4,1.4154469966888428,25,False,512,4,4,0.030303030303030304,256,256,7.62939453125e-06,0.42636990541224545,0.4062660071098729,0.18790672060692476,2.150689469016636,1.10072930519142
1,8192,1,16,1,False,4,0.05482100136578083,26,False,512,192,192,1.4545454545454546,32,32,3.814697265625e-06,11.008627844419035,10.489556653362802,1.0,10.489556653362802,1.0
1,8192,3,32,3,True,4,0.0588150005787611,27,False,512,128,128,0.9696969696969697,16,16,1.52587890625e-05,10.261055787733891,9.77723359622129,0.6113236156135108,25.23029777334812,1.104021106114464
1,8192,2,2,3,True,4,0.5231129825115204,28,False,512,12,12,0.09090909090909091,256,256,4.76837158203125e-07,1.153678119775928,1.0992806885800688,0.508440838275054,1.8404379619181235,0.9848503588524175
1,8192,3,2,3,True,4,0.7508080005645752,29,False,512,8,8,0.06060606060606061,256,256,7.62939453125e-06,0.8038060351520759,0.7659055300263534,0.3542476946712364,1.9764306946994983,1.1672331482126577
1,8192,6,2,2,True,4,1.459240972995758,30,False,512,4,4,0.030303030303030304,256,256,7.62939453125e-06,0.4135739149753323,0.3940733643463212,0.20377512238480833,2.0133056117430925,1.0676947934116987
1,8192,2,8,2,True,4,0.13976900279521942,31,False,512,48,48,0.36363636363636365,64,64,1.52587890625e-05,4.317867266882373,4.11427418182958,0.5556739905022944,7.838798073166002,0.944637212186821
1,8192,6,16,2,True,4,0.1957940012216568,32,False,512,32,32,0.24242424242424243,32,32,3.814697265625e-06,3.0823416362539464,2.937005199507775,0.2439502704552292,15.005046229643366,1.0220231145553111
1,8192,1,16,2,True,4,0.04776399955153465,33,False,512,192,192,1.4545454545454546,32,32,3.814697265625e-06,12.635122849021933,12.039360292682218,1.0,12.707855391286124,1.1477472967194062
1,8192,6,44,2,True,4,0.08278699964284897,34,False,512,88,88,0.6666666666666666,11,12,3.814697265625e-06,7.289840249046865,6.946114753539199,0.4602051094349872,35.48743223564307,1.0496334287691391
1,8192,1,8,1,False,4,0.0720990002155304,35,False,512,96,96,0.7272727272727273,64,64,1.52587890625e-05,8.3704905794834,7.975811008493986,1.0,7.975811008493986,1.0
1,8192,3,132,1,False,4,0.07630399987101555,36,True,512,528,528,4.0,3,4,7.62939453125e-06,7.909205324942772,7.536275956601227,0.9162167056206801,22.34673155134487,1.0
1,8192,6,1,2,True,4,2.93789803981781,37,False,512,2,2,0.015151515151515152,512,512,3.814697265625e-06,0.20542033587104824,0.19573449855193017,0.20660281295806937,1.0,1.0328901647908542
1,8192,6,256,1,False,4,0.09659000113606453,39,True,512,512,512,3.878787878787879,2,2,7.62939453125e-06,6.248100165607452,5.953494076580228,1.0051143965710514,31.416564393776795,1.0
1,8192,3,88,2,True,4,0.05464500002563,40,False,512,352,352,2.6666666666666665,5,6,3.814697265625e-06,11.044084578849098,10.523341556422809,0.9316131256883087,28.755311623481784,1.0863757077122713
1,8192,1,88,3,True,4,0.05059400014579296,41,False,512,1056,1056,8.0,5,6,3.814697265625e-06,11.928370960097961,11.365932679040293,1.0,10.129540979868272,1.1306874524228248
1,8192,3,8,1,False,4,0.22287900000810623,42,False,512,32,32,0.24242424242424243,64,64,1.52587890625e-05,2.707765209249499,2.5800905406050942,0.32348942795376917,7.650541331168127,1.0
1,8192,6,4,3,True,4,0.7093499898910522,43,False,512,8,8,0.06060606060606061,128,128,7.62939453125e-06,0.8507845361172979,0.8106689332705258,0.18975682170064528,4.291516167072154,1.0869796766938484
1,8192,3,256,3,True,4,0.09525799751281738,44,False,512,1024,1024,7.757575757575758,2,2,7.62939453125e-06,6.335468074615622,6.036742474489476,0.9511642343964699,15.577904395293599,1.0213420681482002
1,8192,2,8,1,False,4,0.13203100115060806,45,False,512,48,48,0.36363636363636365,64,64,1.52587890625e-05,4.570926500859071,4.355401342177805,0.546076297136359,7.677750019595504,1.0
1,8192,2,4,1,False,4,0.259086012840271,46,False,512,24,24,0.18181818181818182,128,128,7.62939453125e-06,2.329357712051923,2.219525451476071,0.5400445897180003,3.9126041987309117,1.0
1,8192,2,44,3,True,4,0.04404599964618683,47,False,512,264,264,2.0,11,12,3.814697265625e-06,13.701675678656454,13.055623762423131,0.8638469225884569,21.85798935476679,1.021749974711397
1,8192,6,44,1,False,4,0.08689600229263306,48,False,512,88,88,0.6666666666666666,11,12,3.814697265625e-06,6.945129651211045,6.617657710925437,0.5308644854524365,34.92135323172869,1.0
1,8192,1,32,3,True,4,0.035954998806118965,49,False,512,384,384,2.909090909090909,16,16,1.52587890625e-05,16.78498184212322,15.99354801042501,1.0,14.253762058950558,1.1989432007440428
1,8192,6,44,3,True,4,0.08391699939966202,50,False,512,88,88,0.6666666666666666,11,12,3.814697265625e-06,7.191677567259387,6.852580570495871,0.4534123183489804,36.27616539566333,1.0354993971934492
1,8192,3,16,2,True,4,0.0988910011947155,51,False,512,64,64,0.48484848484848486,32,32,3.814697265625e-06,6.102719102883535,5.814967920975674,0.48299642004319243,15.889555019351235,1.1498315876179672
1,8192,1,256,3,True,4,0.09060600027441978,52,False,512,3072,3072,23.272727272727273,2,2,7.62939453125e-06,6.660750946586616,6.346687833904829,1.0,5.656292036510526,1.0714963734480372
1,8192,2,32,3,True,4,0.050039999186992645,53,False,512,192,192,1.4545454545454546,16,16,1.52587890625e-05,12.060431892475792,11.491766765853887,0.7185251676715669,19.239748341895893,1.0245203986447804
1,8192,6,132,2,True,4,0.06464700028300285,54,False,512,264,264,2.0,3,4,7.62939453125e-06,9.335375182952511,8.895200041812778,0.9468034114293752,45.445233761144046,1.0113384888979757
1,8192,6,16,3,True,4,0.1913979947566986,55,False,512,32,32,0.24242424242424243,32,32,3.814697265625e-06,3.1531364937309365,3.004461986926391,0.2359063434300528,15.905009629801139,1.0454968203516182
1,8192,1,32,2,True,4,0.036802999675273895,56,False,512,384,384,2.909090909090909,16,16,1.52587890625e-05,16.398228606885354,15.625030695712114,1.0,16.492623008068442,1.1713176026876588
1,8192,2,2,1,False,4,0.5151880085468292,57,False,512,12,12,0.09090909090909091,256,256,4.76837158203125e-07,1.1714247848985249,1.1161905752473804,0.5617560779323417,1.9676331841080739,1.0
1,8192,6,88,1,False,4,0.07270700111985207,58,False,512,176,176,1.3333333333333333,5,6,3.814697265625e-06,8.300493663594205,7.909114538674396,0.7868018244684146,41.73636573847896,1.0
1,8192,3,1,2,True,4,1.5713340044021606,59,False,512,4,4,0.030303030303030304,512,512,3.814697265625e-06,0.38407111435476227,0.36596165933494446,0.3862819728395633,1.0,1.0851575773415454
1,8192,3,88,3,True,4,0.05600399896502495,60,False,512,352,352,2.6666666666666665,5,6,3.814697265625e-06,10.776087658868128,10.267981041488856,0.9033997764586313,26.496678908027754,1.060013600329771
1,8192,6,2,1,False,4,1.558023989200592,61,False,512,4,4,0.030303030303030304,256,256,7.62939453125e-06,0.38735218859108916,0.36908802663268975,0.18575451795677048,1.9476760380583953,1.0
1,8192,2,32,2,True,4,0.05130100063979626,62,False,512,192,192,1.4545454545454546,16,16,1.52587890625e-05,11.763981103052917,11.209294018611201,0.7173934078534195,21.356717727442962,0.999337230772694
1,8192,2,256,1,False,4,0.09300500154495239,63,False,512,1536,1536,11.636363636363637,2,2,7.62939453125e-06,6.488941369487267,6.1829793029195095,1.0438578473626363,10.89942481406594,1.0
1,8192,3,16,1,False,4,0.11370799690485,64,False,512,64,64,0.48484848484848486,32,32,3.814697265625e-06,5.307489521596941,5.057234453805685,0.48212089613762726,14.995823054013435,1.0
1,8192,1,44,1,False,4,0.04613000154495239,65,True,512,528,528,4.0,11,12,3.814697265625e-06,13.082678991592296,12.465813578177956,1.0,12.465813578177956,1.0
1,8192,3,32,2,True,4,0.05777700059115887,66,False,512,128,128,0.9696969696969697,16,16,1.52587890625e-05,10.4454020790172,9.952887718931406,0.63698356264111,27.19653128969469,1.1238555364714247
1,8192,2,44,1,False,4,0.04500399902462959,67,False,512,264,264,2.0,11,12,3.814697265625e-06,13.41000833645885,12.777708916617117,1.0250200547668344,22.524687664234488,1.0
1,8192,3,132,3,True,4,0.07291599735617638,68,True,512,528,528,4.0,3,4,7.62939453125e-06,8.276702287240246,7.886444956810674,0.841516291708286,20.35108936236869,1.0464644609918676
1,8192,2,4,3,True,4,0.2643960118293762,69,False,512,24,24,0.18181818181818182,128,128,7.62939453125e-06,2.2825760415922254,2.1749495979218314,0.50909996192369,3.641344605484116,0.9799164936249797
1,8192,3,2,2,True,4,0.7845250070095062,70,False,512,8,8,0.06060606060606061,256,256,7.62939453125e-06,0.7692603762813593,0.7329887441223013,0.3790280809462257,2.0029113034801203,1.1170682621613626
1,8192,2,88,1,False,4,0.05172100104391575,71,True,512,528,528,4.0,5,6,3.814697265625e-06,11.668451691061431,11.118268943251321,1.1060497665958489,19.599408387524683,1.0
1,8192,6,88,2,True,4,0.06795600056648254,72,False,512,176,176,1.3333333333333333,5,6,3.814697265625e-06,8.880805183698977,8.462063612143538,0.7491317742766613,43.232356456051484,1.0699128923680776
1,8192,1,1,1,False,4,0.5750479996204376,73,False,512,12,12,0.09090909090909091,512,512,3.814697265625e-06,1.0494845691013857,1.0,1.0,1.0,1.0
1,8192,1,88,1,False,4,0.05720600113272667,74,False,512,1056,1056,8.0,5,6,3.814697265625e-06,10.54966245051891,10.052232077649307,1.0,10.052232077649307,1.0
1,8192,2,132,2,True,4,0.0641149990260601,75,False,512,792,792,6.0,3,4,7.62939453125e-06,9.412836485406002,8.96900894261426,0.9546596168822269,17.088372556227828,1.0491928905551353
1,8192,6,256,2,True,4,0.09555400162935257,76,True,512,512,512,3.878787878787879,2,2,7.62939453125e-06,6.315842265143636,6.018042047584877,0.9391757110172202,30.74594459386134,1.0108420316161173
1,8192,2,1,2,True,4,1.0956209897994995,77,False,512,6,6,0.045454545454545456,512,512,3.814697265625e-06,0.5508328224021256,0.5248603348916056,0.5540036243020825,1.0,0.9252296470304061
1,8192,3,4,1,False,4,0.4409539997577667,78,False,512,16,16,0.12121212121212122,128,128,7.62939453125e-06,1.3686325612780408,1.3040997472215559,0.3173074733030183,3.8669453102775817,1.0
1,8192,2,16,1,False,4,0.06958000361919403,79,False,512,96,96,0.7272727272727273,32,32,3.814697265625e-06,8.673526454485392,8.264558345924078,0.7878844282016989,14.568855546763153,1.0
1,8192,3,44,3,True,4,0.0593430008739233,80,False,512,176,176,1.3333333333333333,11,12,3.814697265625e-06,10.16975874503614,9.690241328411268,0.641170832050227,25.005812922983708,1.1042077173075775
1,8192,1,44,2,True,4,0.03809900023043156,81,True,512,528,528,4.0,11,12,3.814697265625e-06,15.840415718106437,15.093519413696276,1.0,15.931599137489552,1.2107929674255882
1,8192,6,4,1,False,4,0.7710490226745605,82,False,512,8,8,0.06060606060606061,128,128,7.62939453125e-06,0.7827050996068663,0.7457995311708607,0.18146446644943404,3.9355811384861044,1.0
1,8192,6,132,3,True,4,0.06460100039839745,83,False,512,264,264,2.0,3,4,7.62939453125e-06,9.342022544115894,8.901533971209258,0.9498304874997398,47.122907245341,1.0120586240893723
1,8192,1,44,3,True,4,0.03804900124669075,84,True,512,528,528,4.0,11,12,3.814697265625e-06,15.861231105159629,15.11335332804436,1.0,13.46931538332677,1.2123840319978036
1,8192,3,8,3,True,4,0.17932099848985672,85,False,512,32,32,0.24242424242424243,64,64,1.52587890625e-05,3.3654954365447947,3.2068079280350714,0.3888167000767864,8.275215901308528,1.2429051917236194
1,8192,2,256,3,True,4,0.09090700000524521,86,False,512,1536,1536,11.636363636363637,2,2,7.62939453125e-06,6.638696712678313,6.325673485950016,0.996688926806428,10.59057048776072,1.0230785477420454
1,8192,2,16,3,True,4,0.0702740028500557,87,False,512,96,96,0.7272727272727273,32,32,3.814697265625e-06,8.587870017621894,8.182940722010997,0.6425135790149658,13.7000448578496,0.990124381667251
1,8192,6,32,2,True,4,0.10238900035619736,88,False,512,64,64,0.48484848484848486,16,16,1.52587890625e-05,5.894226918856134,5.616306415922844,0.3594429044842833,28.69349275407772,1.0548007959879553
1,8192,1,132,1,False,4,0.06991099938750267,89,False,512,1584,1584,12.0,3,4,7.62939453125e-06,8.632461377775005,8.225429541252325,1.0,8.225429541252325,1.0
1,8192,2,44,2,True,4,0.04533500038087368,90,False,512,264,264,2.0,11,12,3.814697265625e-06,13.312098754252581,12.684415899178944,0.8403882190437808,24.16722136527718,0.9926987679836056
1,8192,3,256,2,True,4,0.094030000269413,91,False,512,1024,1024,7.757575757575758,2,2,7.62939453125e-06,6.418206959110076,6.115580112440933,0.9543975025381338,16.710985854514558,1.0346804201705908
1,8192,6,32,3,True,4,0.10388199985027313,92,False,512,64,64,0.48484848484848486,16,16,1.52587890625e-05,5.809514670146024,5.535588460457673,0.3461138489626837,29.304277489050627,1.0396411238885488
1,8192,3,32,1,False,4,0.06493300199508667,93,False,512,128,128,0.9696969696969697,16,16,1.52587890625e-05,9.29425690406143,8.856020543512683,0.663884311934606,26.260067285052713,1.0
1,8192,1,2,2,True,4,0.2973570078611374,94,False,512,24,24,0.18181818181818182,256,256,4.76837158203125e-07,2.029560380753155,1.9338639561808444,1.0,2.041243297329014,0.9732745064955455
1,8192,2,256,2,True,4,0.09060100093483925,95,False,512,1536,1536,11.636363636363637,2,2,7.62939453125e-06,6.661118485085085,6.347038042482724,0.9905188297569777,12.092813307741228,1.0265339299269123
1,8192,3,2,1,False,4,0.87636798620224,96,False,512,8,8,0.06060606060606061,256,256,7.62939453125e-06,0.6886422274615105,0.6561718463866084,0.33023798180169167,1.945695219653928,1.0
1,8192,6,88,3,True,4,0.06827200204133987,97,False,512,176,176,1.3333333333333333,5,6,3.814697265625e-06,8.839699789803099,8.422896391294284,0.7410651311376136,44.589097414876036,1.0649607298146424
1,8192,1,88,2,True,4,0.05090799927711487,98,False,512,1056,1056,8.0,5,6,3.814697265625e-06,11.854797097979205,11.295827920680908,1.0,11.923037790314773,1.1237134034934073
1,8192,2,132,1,False,4,0.06726900115609169,99,False,512,792,792,6.0,3,4,7.62939453125e-06,8.971502352084757,8.548484290499427,1.0392751220622476,15.069363365736512,1.0
1,8192,2,16,2,True,4,0.07487500086426735,100,False,512,96,96,0.7272727272727273,32,32,3.814697265625e-06,8.060153524248966,7.680106751021998,0.637916514193045,14.632667474497,0.9292821745047851
1,8192,2,4,2,True,4,0.27487100660800934,101,False,512,24,24,0.18181818181818182,128,128,7.62939453125e-06,2.195589886113087,2.0920649533637703,0.5485263940194774,3.9859460017984114,0.9425730855992056
1,8192,3,88,1,False,4,0.05936500057578087,102,False,512,352,352,2.6666666666666665,5,6,3.814697265625e-06,10.165989998161985,9.686650282877954,0.9636317792956444,28.723068893678843,1.0
1,8192,1,4,3,True,4,0.13460399955511093,103,False,512,48,48,0.36363636363636365,128,128,7.62939453125e-06,4.4835517821829365,4.272146455685335,1.0,3.807420281018029,1.039478767112786
1,8192,1,256,1,False,4,0.09708400070667267,104,False,512,3072,3072,23.272727272727273,2,2,7.62939453125e-06,6.216307503825287,5.923200480353856,1.0,5.923200480353856,1.0
1,8192,1,4,2,True,4,0.1507740020751953,105,False,512,48,48,0.36363636363636365,128,128,7.62939453125e-06,4.0027059956482685,3.81397317644752,1.0,4.025747084087085,0.9279981799263748
1,8192,2,1,3,True,4,0.9627569913864136,106,False,512,6,6,0.045454545454545456,512,512,3.814697265625e-06,0.6268497736123378,0.597292987498686,0.5323191650618466,1.0,1.0529147341859548
1,8192,6,32,1,False,4,0.107999999076128,107,False,512,64,64,0.48484848484848486,16,16,1.52587890625e-05,5.5880000671931995,5.324518560551955,0.3991481640751696,28.097463115227818,1.0
1,8192,1,8,3,True,4,0.06972299888730049,108,False,512,96,96,0.7272727272727273,64,64,1.52587890625e-05,8.655737873090716,8.2476085193917,1.0,7.350429642888151,1.034077727093616
1,8192,3,44,1,False,4,0.06552699953317642,109,False,512,176,176,1.3333333333333333,11,12,3.814697265625e-06,9.210005133665762,8.775741354207588,0.7039846456207216,26.022021663728406,1.0
1,8192,2,88,3,True,4,0.04829699918627739,110,True,512,528,528,4.0,5,6,3.814697265625e-06,12.495683215568022,11.90649542019219,1.0475599105165154,19.934095442930985,1.0708947122042154
1,8192,3,4,3,True,4,0.3538440018892288,111,False,512,16,16,0.12121212121212122,128,128,7.62939453125e-06,1.7055651611220366,1.6251455346145924,0.38040492091554184,4.1937123993028065,1.246181925943195
1,8192,1,1,2,True,4,0.6069779992103577,112,False,512,12,12,0.09090909090909091,512,512,3.814697265625e-06,0.9942765683095461,0.9473951286019278,1.0,1.0,0.9473951286019278
1,8192,3,132,2,True,4,0.0715159997344017,113,True,512,528,528,4.0,3,4,7.62939453125e-06,8.43872705877818,8.040830048605464,0.8558644308118326,21.971782681327657,1.0669500552938596
1,8192,1,4,1,False,4,0.1399179995059967,114,False,512,48,48,0.36363636363636365,128,128,7.62939453125e-06,4.313269230728269,4.1098929490897405,1.0,4.1098929490897405,1.0
1,8192,6,8,3,True,4,0.3579709976911545,115,False,512,16,16,0.12121212121212122,64,64,1.52587890625e-05,1.6859019473274537,1.6064094670500932,0.19477275906987077,8.504004428750799,1.083171533712217
1,8192,6,1,3,True,4,3.0441869497299194,116,False,512,2,2,0.015151515151515152,512,512,3.814697265625e-06,0.19824800909412338,0.18890035635671323,0.16835168347914364,1.0,0.9968264238027065
1,8192,1,132,2,True,4,0.06120800040662289,117,False,512,1584,1584,12.0,3,4,7.62939453125e-06,9.859887565106078,9.394980979614157,1.0,9.91664480424165,1.1421872781836229
1,8192,3,1,1,False,4,1.705145001411438,118,False,512,4,4,0.030303030303030304,512,512,3.814697265625e-06,0.353931191537797,0.33724287327144625,0.33724287327144625,1.0,1.0
1,8192,1,16,3,True,4,0.045152001082897186,119,False,512,192,192,1.4545454545454546,32,32,3.814697265625e-06,13.366052170894058,12.735825341709075,1.0,11.350416050694045,1.2141433391873766
1,8192,6,1,1,False,4,3.034525990486145,120,False,512,2,2,0.015151515151515152,512,512,3.814697265625e-06,0.19887916728555838,0.18950175461450317,0.18950175461450317,1.0,1.0
1,16384,3,1,1,False,4,3.4083389043807983,0,False,1024,4,4,0.030303030303030304,1024,1024,2.384185791015625e-07,0.35273106053995107,0.3371451738381634,0.3371451738381634,1.0,1.0
1,16384,3,264,2,True,4,0.12537899613380432,1,False,1024,1056,1056,8.0,3,4,7.62939453125e-06,9.588743198572102,9.165051945307617,0.9072173338331327,25.04499216904313,1.0589492541159171
1,16384,1,2,3,True,4,0.5284959971904755,2,False,1024,24,24,0.18181818181818182,512,512,9.5367431640625e-07,2.274808140105021,2.1742927449319738,1.0,1.9351120990281436,1.0909240498555746
1,16384,1,2,1,False,4,0.5765489935874939,3,False,1024,24,24,0.18181818181818182,512,512,9.5367431640625e-07,2.0852122019000117,1.9930743530861055,1.0,1.9930743530861055,1.0
1,16384,3,2,2,True,4,1.5650750398635864,4,False,1024,8,8,0.06060606060606061,512,512,9.5367431640625e-07,0.7681593315337782,0.7342171992705199,0.37784769911585986,2.006367679729474,1.1180256293015638
1,16384,3,1,2,True,4,3.140115976333618,5,False,1024,4,4,0.030303030303030304,1024,1024,2.384185791015625e-07,0.38286069861200717,0.3659434941503429,0.38583034289779183,1.0,1.0854181597331816
1,16384,2,2,3,True,4,1.0427449941635132,6,False,1024,12,12,0.09090909090909091,512,512,9.5367431640625e-07,1.1529443949872296,1.1020000276660624,0.5068314881860769,1.8444979804346064,0.9853425315750369
1,16384,3,32,1,False,4,0.11949600279331207,7,False,1024,128,128,0.9696969696969697,32,32,7.62939453125e-06,10.06081348596457,9.61626318500716,0.6320379010931334,28.522618537090977,1.0
1,16384,1,44,2,True,4,0.06198599934577942,8,True,1024,528,528,4.0,23,24,7.62939453125e-06,19.39513775869571,18.538138039958557,1.0,19.54557539887639,1.2587519622290442
1,16384,6,4,1,False,4,1.5389549732208252,9,False,1024,8,8,0.06060606060606061,256,256,7.62939453125e-06,0.7811969923367641,0.7466787738512699,0.17983502121274794,3.942433009623004,1.0
1,16384,1,264,1,False,4,0.13035200536251068,10,False,1024,3168,3168,24.0,3,4,7.62939453125e-06,9.222926744229246,8.815399573034286,1.0,8.815399573034286,1.0
1,16384,6,264,3,True,4,0.12522900104522705,11,True,1024,528,528,4.0,3,4,7.62939453125e-06,9.600228272903207,9.176029536495582,0.9142690317059449,48.601713284283534,1.0425700287578166
1,16384,3,4,2,True,4,0.7844679951667786,12,False,1024,16,16,0.12121212121212122,256,256,7.62939453125e-06,1.5325379796612602,1.4648207696128366,0.3796725926510135,4.00286053182581,1.1202419857354833
1,16384,3,8,2,True,4,0.3949130028486252,13,False,1024,32,32,0.24242424242424243,128,128,7.62939453125e-06,3.0442831402101027,2.9097674782243246,0.3831856667699161,7.951411965883691,1.1192870181954582
1,16384,1,264,2,True,4,0.11374599859118462,14,False,1024,3168,3168,24.0,3,4,7.62939453125e-06,10.569400342096845,10.102377460739053,1.0,10.651381489401512,1.1459920083080006
1,16384,6,4,2,True,4,1.4548500180244446,15,False,1024,8,8,0.06060606060606061,256,256,7.62939453125e-06,0.8263580310871701,0.7898443125960302,0.20472281945678142,4.037447211163499,1.057810052001503
1,16384,2,8,3,True,4,0.2650279998779297,16,False,1024,48,48,0.36363636363636365,128,128,7.62939453125e-06,4.536226349576469,4.335787210959259,0.5098744341530468,7.257123914185576,0.9815830423134774
1,16384,1,1,3,True,4,1.022698998451233,17,False,1024,12,12,0.09090909090909091,1024,1024,2.384185791015625e-07,1.1755433399685116,1.1236004084848377,1.0,1.0,1.1236004084848377
1,16384,2,264,2,True,4,0.11538200080394745,18,False,1024,1584,1584,12.0,3,4,7.62939453125e-06,10.419536739223224,9.95913577863287,0.9858209928640199,18.971407908016822,1.0525818610114352
1,16384,1,88,1,False,4,0.08778199926018715,19,False,1024,1056,1056,8.0,11,12,7.62939453125e-06,13.695598261078509,13.09044020529625,1.0,13.09044020529625,1.0
1,16384,2,8,2,True,4,0.27583299577236176,20,False,1024,48,48,0.36363636363636365,128,128,7.62939453125e-06,4.3585322091559435,4.165944720279832,0.5486109516699919,7.935812741929202,0.9431322372800066
1,16384,3,264,3,True,4,0.12737900018692017,21,False,1024,1056,1056,8.0,3,4,7.62939453125e-06,9.438188356460847,9.021149567280359,0.8988373072414737,23.286499942678393,1.0423224726435556
1,16384,6,32,3,True,4,0.19737400114536285,22,False,1024,64,64,0.48484848484848486,32,32,7.62939453125e-06,6.0911112377784375,5.821967461512531,0.30860193936904823,30.836604458329198,1.0425638582632877
1,16384,2,16,1,False,4,0.13448700308799744,23,False,1024,96,96,0.7272727272727273,64,64,7.62939453125e-06,8.939354501305779,8.544357343326016,0.7782908433764308,15.062533530852816,1.0
1,16384,2,1,1,False,4,2.0257149934768677,24,False,1024,6,6,0.045454545454545456,1024,1024,2.384185791015625e-07,0.5934827951084831,0.567258975777513,0.567258975777513,1.0,1.0
1,16384,6,132,1,False,4,0.09911900013685226,25,False,1024,264,264,2.0,7,8,7.62939453125e-06,12.1291275614354,11.593186077646928,1.001341824615382,61.21154247290963,1.0
1,16384,3,44,1,False,4,0.11662399768829346,26,False,1024,176,176,1.3333333333333333,23,24,7.62939453125e-06,10.308573023153121,9.85307514057362,0.6690303870029326,29.22502205326925,1.0
1,16384,3,4,3,True,4,0.7038840055465698,27,False,1024,16,16,0.12121212121212122,256,256,7.62939453125e-06,1.7079902184853284,1.6325204200719878,0.3770834367130615,4.214062341490298,1.2484926177135922
1,16384,6,132,3,True,4,0.0931369997560978,28,False,1024,264,264,2.0,7,8,7.62939453125e-06,12.908156796655915,12.337792879586571,0.8872628605751395,65.34829358489065,1.0642279695117924
1,16384,6,264,2,True,4,0.12637999653816223,29,True,1024,528,528,4.0,3,4,7.62939453125e-06,9.51279497826845,9.092459597194647,0.9000316640840974,46.47792616579364,1.033074907401272
1,16384,2,32,3,True,4,0.08843899890780449,30,False,1024,192,192,1.4545454545454546,32,32,7.62939453125e-06,13.593855779339005,12.99319334917793,0.6887233040480809,21.747657250710535,1.0310383294335426
1,16384,1,264,3,True,4,0.1144929975271225,31,False,1024,3168,3168,24.0,3,4,7.62939453125e-06,10.500441270541597,10.036465436627472,1.0,8.932415261544389,1.138515089812644
1,16384,1,4,1,False,4,0.27675800025463104,32,False,1024,48,48,0.36363636363636365,256,256,7.62939453125e-06,4.343964746513943,4.152020940170135,1.0,4.152020940170135,1.0
1,16384,6,2,1,False,4,3.113433003425598,33,False,1024,4,4,0.030303030303030304,512,512,9.5367431640625e-07,0.38614191957849964,0.3690797300447836,0.18518111452956842,1.94872569285214,1.0
1,16384,2,88,3,True,4,0.07133600115776062,34,True,1024,528,528,4.0,11,12,7.62939453125e-06,16.853019189610464,16.108346329584368,1.0384378137221193,26.961716449305847,1.0931647378740068
1,16384,3,16,3,True,4,0.18038400262594223,35,False,1024,64,64,0.48484848484848486,64,64,7.62939453125e-06,6.664820488072004,6.3703266126082685,0.4701026581973093,16.443869951716866,1.2333743247983715
1,16384,6,2,2,True,4,2.91520094871521,36,False,1024,4,4,0.030303030303030304,512,512,9.5367431640625e-07,0.4123993568785234,0.3941769478784213,0.2028539415153331,2.014914323667019,1.0679994477902983
1,16384,2,44,1,False,4,0.07447999715805054,37,False,1024,264,264,2.0,23,24,7.62939453125e-06,16.14160905337609,15.428370787640839,1.0475966874925475,27.198107824550423,1.0
1,16384,2,132,2,True,4,0.08980999886989594,38,False,1024,792,792,6.0,7,8,7.62939453125e-06,13.386337952897994,12.794844971343347,0.9250306576338296,24.373221579324003,1.0679211975615919
1,16384,6,16,3,True,4,0.37776699662208557,39,False,1024,32,32,0.24242424242424243,64,64,7.62939453125e-06,3.1824564008287632,3.041835371252384,0.22447434500361596,16.111370389949887,1.0465366289366387
1,16384,6,44,3,True,4,0.15424199402332306,40,False,1024,88,88,0.6666666666666666,23,24,7.62939453125e-06,7.794420734991434,7.450013984149365,0.3981211486227666,39.459707728863044,1.039924335849514
1,16384,6,16,1,False,4,0.395346999168396,41,False,1024,32,32,0.24242424242424243,64,64,7.62939453125e-06,3.0409412464257297,2.906573250420409,0.2647547680308623,15.346586415254322,1.0
1,16384,2,88,1,False,4,0.07798200100660324,42,True,1024,528,528,4.0,11,12,7.62939453125e-06,15.416724127404908,14.73551585730068,1.1256700023990673,25.976699332264342,1.0
1,16384,6,8,2,True,4,0.7307040095329285,43,False,1024,16,16,0.12121212121212122,128,128,7.62939453125e-06,1.6452995751183663,1.5725998453893202,0.20709480218862944,8.038658706264098,1.056741156973073
1,16384,3,16,2,True,4,0.1927879974246025,44,False,1024,64,64,0.48484848484848486,64,64,7.62939453125e-06,6.236005417775,5.96045930123966,0.4676380231590674,16.287922579628884,1.1540189244935193
1,16384,2,4,3,True,4,0.5249449908733368,45,False,1024,24,24,0.18181818181818182,256,256,7.62939453125e-06,2.2901961487844686,2.1890008141712234,0.5056205973454078,3.6638906347941047,0.9811332666183383
1,16384,6,132,2,True,4,0.09462499991059303,46,False,1024,264,264,2.0,7,8,7.62939453125e-06,12.705173025709326,12.143778214029886,0.8779603951937555,62.075351688073226,1.047492736914192
1,16384,6,8,3,True,4,0.7115970253944397,47,False,1024,16,16,0.12121212121212122,128,128,7.62939453125e-06,1.689477265247725,1.6148254860676072,0.18989821015281752,8.553076792730682,1.0851155540042872
1,16384,2,16,3,True,4,0.13555800169706345,48,False,1024,96,96,0.7272727272727273,64,64,7.62939453125e-06,8.868727639615667,8.47685122258432,0.6255550986966403,14.188325379279771,0.9920993331588097
1,16384,6,32,1,False,4,0.20577500015497208,49,False,1024,64,64,0.48484848484848486,32,32,7.62939453125e-06,5.8424346763037285,5.5842790015863555,0.3670319656791372,29.484761910727507,1.0
1,16384,6,88,2,True,4,0.1097090020775795,50,False,1024,176,176,1.3333333333333333,11,12,7.62939453125e-06,10.958325877138801,10.474117808530085,0.6806734011581612,53.54054851196542,1.074342102180301
1,16384,1,44,3,True,4,0.061406999826431274,51,True,1024,528,528,4.0,23,24,7.62939453125e-06,19.578012275798272,18.712932005550172,1.0,16.654436812446825,1.2706205893101452
1,16384,3,132,3,True,4,0.10340800136327744,52,True,1024,528,528,4.0,7,8,7.62939453125e-06,11.626053889179532,11.11234137849717,0.7991354608883071,28.684541248705706,1.0738724105381676
1,16384,1,4,3,True,4,0.2654229998588562,53,False,1024,48,48,0.36363636363636365,256,256,7.62939453125e-06,4.529475580718782,4.3293347337190005,1.0,3.853091099848441,1.0427054189041736
1,16384,1,4,2,True,4,0.29784099757671356,54,False,1024,48,48,0.36363636363636365,256,256,7.62939453125e-06,4.036472501110804,3.85811564481102,1.0,4.067781244842159,0.9292139178500695
1,16384,6,16,2,True,4,0.3865719884634018,55,False,1024,32,32,0.24242424242424243,64,64,7.62939453125e-06,3.109969248420164,2.972551159188891,0.23321658240887208,15.194789905192684,1.0226995513562023
1,16384,1,32,3,True,4,0.060909999534487724,56,False,1024,384,384,2.909090909090909,32,32,7.62939453125e-06,19.73776072254119,18.865621756674077,1.0,16.790330097969754,1.2399606529588092
1,16384,2,4,1,False,4,0.5150409936904907,57,False,1024,24,24,0.18181818181818182,256,256,7.62939453125e-06,2.3342355485285537,2.2310942750071345,0.5373514024030217,3.9331140982812776,1.0
1,16384,6,4,3,True,4,1.4149230122566223,58,False,1024,8,8,0.06060606060606061,256,256,7.62939453125e-06,0.8496766156233581,0.8121325347477126,0.18758829813329578,4.301537222135092,1.0876598655119671
1,16384,1,16,1,False,4,0.10467000305652618,59,False,1024,192,192,1.4545454545454546,64,64,7.62939453125e-06,11.485879061000515,10.978360359808864,1.0,10.978360359808864,1.0
1,16384,1,8,2,True,4,0.15132500231266022,60,False,1024,96,96,0.7272727272727273,128,128,7.62939453125e-06,7.944668614230927,7.593622962863836,1.0,8.006291130823085,0.9282140693940641
1,16384,2,2,1,False,4,1.0274609923362732,61,False,1024,12,12,0.09090909090909091,512,512,9.5367431640625e-07,1.1700950258833207,1.1183928353367152,0.561139544846874,1.9715736252631189,1.0
1,16384,3,2,1,False,4,1.7497940063476562,62,False,1024,8,8,0.06060606060606061,512,512,9.5367431640625e-07,0.6870677302931341,0.6567087372846623,0.3294953528792364,1.9478515139590755,1.0
1,16384,2,32,2,True,4,0.09102100133895874,63,False,1024,192,192,1.4545454545454546,32,32,7.62939453125e-06,13.208237425830621,12.624614050746557,0.686764568172308,24.04894442265266,1.0017907554226075
1,16384,2,132,1,False,4,0.09591000154614449,64,False,1024,792,792,6.0,7,8,7.62939453125e-06,12.534949192377972,11.981075945077313,1.0348451553651112,21.120998444591308,1.0
1,16384,2,264,1,False,4,0.12144900113344193,65,False,1024,1584,1584,12.0,3,4,7.62939453125e-06,9.89902745351416,9.46162588158516,1.073306524927995,16.679552524694017,1.0
1,16384,3,1,3,True,4,2.9662110805511475,66,False,1024,4,4,0.030303030303030304,1024,1024,2.384185791015625e-07,0.405307297347979,0.3873982603434028,0.3447829472274801,1.0,1.1490547408202318
1,16384,3,8,3,True,4,0.3543899953365326,67,False,1024,32,32,0.24242424242424243,128,128,7.62939453125e-06,3.3923841311608305,3.2424871681990823,0.3813059150954622,8.369906373159324,1.2472727876680159
1,16384,2,32,1,False,4,0.09118399769067764,68,False,1024,192,192,1.4545454545454546,32,32,7.62939453125e-06,13.184626983564746,12.602046866983551,0.8282813290409804,22.2156852603532,1.0
1,16384,6,44,2,True,4,0.15113599598407745,69,False,1024,88,88,0.6666666666666666,23,24,7.62939453125e-06,7.954603988241633,7.60311932928209,0.410133925688423,38.864865445772345,1.061295835915274
1,16384,2,1,3,True,4,1.9233410358428955,70,False,1024,6,6,0.045454545454545456,1024,1024,2.384185791015625e-07,0.6250721915757095,0.5974525531366566,0.5317304520584097,1.0,1.0532271478256623
1,16384,1,132,2,True,4,0.08307700231671333,71,False,1024,1584,1584,12.0,7,8,7.62939453125e-06,14.471237080011388,13.831806400959463,1.0,14.583482673927628,1.1946988659113011
1,16384,3,16,1,False,4,0.22248099744319916,72,False,1024,64,64,0.48484848484848486,64,64,7.62939453125e-06,5.403728903762895,5.164958021685486,0.47046716015937096,15.319685472243396,1.0
1,16384,1,2,2,True,4,0.5913600027561188,73,False,1024,24,24,0.18181818181818182,512,512,9.5367431640625e-07,2.032986659257747,1.943156464862807,1.0,2.0487554421012937,0.974954327144893
1,16384,3,132,1,False,4,0.11104699969291687,74,True,1024,528,528,4.0,7,8,7.62939453125e-06,10.826289766912973,10.34791588781786,0.8937837197362725,30.692759946743514,1.0
1,16384,3,88,3,True,4,0.0860069990158081,75,False,1024,352,352,2.6666666666666665,11,12,7.62939453125e-06,13.978246075076337,13.360598853189074,0.8613020094832975,34.48801974832254,1.0838071430353482
1,16384,1,44,1,False,4,0.07802499830722809,76,True,1024,528,528,4.0,23,24,7.62939453125e-06,15.408228420434863,14.727395544337854,1.0,14.727395544337854,1.0
1,16384,3,88,1,False,4,0.09321499988436699,77,False,1024,352,352,2.6666666666666665,11,12,7.62939453125e-06,12.897355553432108,12.32746890352735,0.9417153823856733,36.564275155380955,1.0
1,16384,2,16,2,True,4,0.14495399594306946,78,False,1024,96,96,0.7272727272727273,64,64,7.62939453125e-06,8.293852050094483,7.927377268496617,0.6219559344872754,15.1010600863637,0.9277909326543649
1,16384,3,2,3,True,4,1.497560977935791,79,False,1024,8,8,0.06060606060606061,512,512,9.5367431640625e-07,0.8027900126503966,0.7673176781093373,0.3529044926898029,1.9806946924055908,1.168429220664883
1,16384,1,32,2,True,4,0.06250999867916107,80,False,1024,384,384,2.909090909090909,32,32,7.62939453125e-06,19.232555140376284,18.38273934886382,1.0,19.381731714730122,1.2082227546052122
1,16384,2,1,2,True,4,2.188959002494812,81,False,1024,6,6,0.045454545454545456,1024,1024,2.384185791015625e-07,0.5492231672916694,0.5249550179364599,0.5534831956682595,1.0,0.9254239075140781
1,16384,1,16,2,True,4,0.09015499800443649,82,False,1024,192,192,1.4545454545454546,64,64,7.62939453125e-06,13.335112007463556,12.745882511808082,1.0,13.438545290944539,1.1610005587419059
1,16384,2,132,3,True,4,0.08959100022912025,83,False,1024,792,792,6.0,7,8,7.62939453125e-06,13.419059875961151,12.826121033118454,0.9223806031593053,21.4680161056818,1.0705316527426192
1,16384,6,1,3,True,4,6.086344003677368,84,False,1024,2,2,0.015151515151515152,1024,1024,2.384185791015625e-07,0.1975285977419989,0.188800536368393,0.1680317441526996,1.0,0.9968590147194194
1,16384,1,1,2,True,4,1.2115520238876343,85,False,1024,12,12,0.09090909090909091,1024,1024,2.384185791015625e-07,0.992303238092989,0.9484570119651863,1.0,1.0,0.9484570119651863
1,16384,6,264,1,False,4,0.130560003221035,86,True,1024,528,528,4.0,3,4,7.62939453125e-06,9.208233507672883,8.801355576496363,0.9984068791866358,46.47079302286471,1.0
1,16384,3,44,2,True,4,0.09822800010442734,87,False,1024,176,176,1.3333333333333333,23,24,7.62939453125e-06,12.239147647755349,11.698344781479951,0.6310420580677747,31.967626063803845,1.1872785515770363
1,16384,2,44,2,True,4,0.0748479999601841,88,False,1024,264,264,2.0,23,24,7.62939453125e-06,16.062246112940183,15.352514603304215,0.8281583927259686,29.245390707290024,0.9950833315208246
1,16384,2,264,3,True,4,0.11556100100278854,89,False,1024,1584,1584,12.0,3,4,7.62939453125e-06,10.403397218693213,9.943709404084437,0.9907580977457934,16.64351311560969,1.0509514462453584
1,16384,6,8,1,False,4,0.7721650004386902,90,False,1024,16,16,0.12121212121212122,128,128,7.62939453125e-06,1.5569560854723958,1.4881599292431003,0.18190671180110443,7.857422808988097,1.0
1,16384,1,88,2,True,4,0.07467599958181381,91,False,1024,1056,1056,8.0,11,12,7.62939453125e-06,16.099242101268075,15.387875875138421,1.0,16.22411525352637,1.1755048442842015
1,16384,3,264,1,False,4,0.13276999443769455,92,False,1024,1056,1056,8.0,3,4,7.62939453125e-06,9.054960057153481,8.654854715355766,0.9817881360511876,25.67100284078299,1.0
1,16384,2,2,2,True,4,1.087768018245697,93,False,1024,12,12,0.09090909090909091,512,512,9.5367431640625e-07,1.105223702348513,1.0563879367128886,0.5436453295527455,2.012339916028296,0.9445589271812898
1,16384,2,4,2,True,4,0.5460800230503082,94,False,1024,24,24,0.18181818181818182,256,256,7.62939453125e-06,2.201558280243219,2.1042795266491137,0.545416395042297,4.0084949276621895,0.9431602914414652
1,16384,1,132,1,False,4,0.09925200045108795,95,False,1024,1584,1584,12.0,7,8,7.62939453125e-06,12.112874208659195,11.577650900680094,1.0,11.577650900680094,1.0
1,16384,3,88,2,True,4,0.084562998265028,96,False,1024,352,352,2.6666666666666665,11,12,7.62939453125e-06,14.21693909969851,13.588744911993798,0.8830812662031277,37.133451281992315,1.1023142721621912
1,16384,3,32,2,True,4,0.10487499833106995,97,False,1024,128,128,0.9696969696969697,32,32,7.62939453125e-06,11.463428038650523,10.956901365464997,0.5960429051148033,29.941511573815557,1.1394136323710486
1,16384,1,16,3,True,4,0.08479899913072586,98,False,1024,192,192,1.4545454545454546,64,64,7.62939453125e-06,14.17737247781032,13.55092659343046,1.0,12.060272042534883,1.2343306422186333
1,16384,1,88,3,True,4,0.07407800108194351,99,False,1024,1056,1056,8.0,11,12,7.62939453125e-06,16.22920406683134,15.512095300003088,1.0,13.805704575099766,1.1849941680133156
1,16384,1,8,3,True,4,0.13513100147247314,100,False,1024,96,96,0.7272727272727273,128,128,7.62939453125e-06,8.8967519171884,8.503637210525062,1.0,7.568204093118941,1.0394505677241894
1,16384,3,32,3,True,4,0.10691600292921066,101,False,1024,128,128,0.9696969696969697,32,32,7.62939453125e-06,11.244593545250764,10.747736362513146,0.5696995572759709,27.743377972286176,1.1176624594957094
1,16384,3,4,1,False,4,0.8787939846515656,102,False,1024,16,16,0.12121212121212122,256,256,7.62939453125e-06,1.3680419044953829,1.3075931702837613,0.3149293293858438,3.8784276678136074,1.0
1,16384,6,88,1,False,4,0.11786499992012978,103,False,1024,176,176,1.3333333333333333,11,12,7.62939453125e-06,10.200033913685088,9.749331974678835,0.744767312770304,51.47606915420755,1.0
1,16384,6,44,1,False,4,0.16040000319480896,104,False,1024,88,88,0.6666666666666666,23,24,7.62939453125e-06,7.495180626409874,7.1639961940725705,0.4864401293836958,37.825603278701315,1.0
1,16384,6,2,3,True,4,2.8276649713516235,105,False,1024,4,4,0.030303030303030304,512,512,9.5367431640625e-07,0.4251659968921812,0.4063794770805424,0.18690191466984662,2.152427556072209,1.1010614888854309
1,16384,6,1,1,False,4,6.067226886749268,106,False,1024,2,2,0.015151515151515152,1024,1024,2.384185791015625e-07,0.1981509870757363,0.18939542460930012,0.18939542460930012,1.0,1.0
1,16384,6,88,3,True,4,0.10896500200033188,107,False,1024,176,176,1.3333333333333333,11,12,7.62939453125e-06,11.0331480232355,10.54563383950876,0.6798329713398976,55.85595275498486,1.0816775823100595
1,16384,1,132,3,True,4,0.0826370008289814,108,False,1024,1584,1584,12.0,7,8,7.62939453125e-06,14.548289317878828,13.905453984165408,1.0,12.375800043466302,1.201060051253452
1,16384,2,8,1,False,4,0.26014699041843414,110,False,1024,48,48,0.36363636363636365,128,128,7.62939453125e-06,4.621337323518864,4.417137444367734,0.5399331968890896,7.786809258175929,1.0
1,16384,2,88,2,True,4,0.0715399980545044,111,True,1024,528,528,4.0,11,12,7.62939453125e-06,16.804962665862384,16.062413246661922,1.0438356389794725,30.59769446494957,1.0900475695734693
1,16384,3,132,2,True,4,0.10037999972701073,112,True,1024,528,528,4.0,7,8,7.62939453125e-06,11.976758315315207,11.447549467442697,0.8276250502355658,31.28228715753484,1.1062661884331109
1,16384,2,44,3,True,4,0.07318200170993805,113,False,1024,264,264,2.0,23,24,7.62939453125e-06,16.42790533643674,15.702016692183376,0.8390997566563181,26.28161284062974,1.0177365392826665
1,16384,1,1,1,False,4,1.1491050124168396,114,False,1024,12,12,0.09090909090909091,1024,1024,2.384185791015625e-07,1.0462290072978153,1.0,1.0,1.0,1.0
1,16384,1,32,1,False,4,0.07552600279450417,115,False,1024,384,384,2.909090909090909,32,32,7.62939453125e-06,15.91805407328265,15.21469387892003,1.0,15.21469387892003,1.0
1,16384,6,1,2,True,4,5.87388014793396,116,False,1024,2,2,0.015151515151515152,1024,1024,2.384185791015625e-07,0.20467339580373928,0.1956296321131132,0.2062609371275268,1.0,1.0329163574921278
1,16384,6,32,2,True,4,0.19458799809217453,117,False,1024,64,64,0.48484848484848486,32,32,7.62939453125e-06,6.178320390820456,5.905323163212354,0.3212428273687808,30.186240700988954,1.0574907094603974
1,16384,1,8,1,False,4,0.1404619961977005,118,False,1024,96,96,0.7272727272727273,128,128,7.62939453125e-06,8.559090921146225,8.180896210527097,1.0,8.180896210527097,1.0
1,16384,3,44,3,True,4,0.10257099941372871,119,False,1024,176,176,1.3333333333333333,23,24,7.62939453125e-06,11.720925049901588,11.203020531971502,0.598677990634965,28.91861342392392,1.1370075202044274
1,16384,3,8,1,False,4,0.4420209974050522,120,False,1024,32,32,0.24242424242424243,128,128,7.62939453125e-06,2.719841372875181,2.599661597894276,0.31777222580443654,7.710807686489877,1.0
4,512,2,8,2,True,4,0.01504599954932928,0,False,32,192,192,1.4545454545454546,4,4,3.0517578125e-05,2.6181709173193384,2.4982720765578623,0.735610846052052,4.675727718806186,0.9849129576090994
4,512,3,32,3,True,4,0.020015999674797058,1,False,32,512,512,3.878787878787879,1,1,1.52587890625e-05,1.9680754937089195,1.8779476992758612,0.9154676322593469,4.729466421391088,1.016686661688694
4,512,1,1,3,True,4,0.033876001834869385,2,False,32,48,48,0.36363636363636365,32,32,3.0517578125e-05,1.1628585520238588,1.1096055762784929,1.0,1.0,1.1096055762784929
4,512,6,4,2,True,4,0.05107800103724003,3,False,32,32,32,0.24242424242424243,8,8,3.0517578125e-05,0.7712321868926132,0.7359136962033044,0.285661140736845,3.604722041296838,1.0537217292514525
4,512,6,16,3,True,4,0.01703299954533577,4,True,32,128,128,0.9696969696969697,2,2,3.0517578125e-05,2.3127458165664647,2.206833883717487,0.6863735195781693,11.266659099294637,1.0209593240630839
4,512,3,11,1,False,4,0.018184000626206398,5,False,32,176,176,1.3333333333333333,2,3,3.0517578125e-05,2.166354877115514,2.067146900766108,0.6878574214022468,5.945721268438358,1.0
4,512,1,16,2,True,4,0.011433000210672617,6,False,32,768,768,5.818181818181818,2,2,3.0517578125e-05,3.4455521487072778,3.287763478120335,1.0,3.4739787882795423,1.1524534215514295
4,512,2,32,1,False,4,0.018365999683737755,7,False,32,768,768,5.818181818181818,1,1,1.52587890625e-05,2.144887243841917,2.0466623753279736,1.0238484200730393,3.5421975947475963,1.0
4,512,6,16,1,False,4,0.017389999702572823,8,True,32,128,128,0.9696969696969697,2,2,3.0517578125e-05,2.265267344209653,2.161529682627326,0.7576768508764554,10.801667704742355,1.0
4,512,6,2,2,True,4,0.09392400085926056,9,False,32,16,16,0.12121212121212122,16,16,3.0517578125e-05,0.41941354799272046,0.4002065520432458,0.23239001739293777,1.9603295694379288,1.0600485504589543
4,512,2,2,2,True,4,0.037275999784469604,10,False,32,48,48,0.36363636363636365,16,16,3.0517578125e-05,1.056792538626052,1.0083968439567468,0.5855510333593172,1.8873000739541483,0.9449243968739381
4,512,6,2,1,False,4,0.09956400096416473,11,False,32,16,16,0.12121212121212122,16,16,3.0517578125e-05,0.39565503656519585,0.3775360589568978,0.2118034649345137,1.8866356951682577,1.0
4,512,3,16,2,True,4,0.013650999870151281,12,True,32,256,256,1.9393939393939394,2,2,3.0517578125e-05,2.885722571002943,2.7535712325499393,0.8375210841274381,7.319683554992906,1.0561131237310593
4,512,6,32,2,True,4,0.018650000914931297,13,False,32,256,256,1.9393939393939394,1,1,1.52587890625e-05,2.1122250139149075,2.0154959085228548,0.9426272863219032,9.872492607596216,0.9967291852910365
4,512,1,2,2,True,4,0.021827000193297863,14,False,32,96,96,0.7272727272727273,16,16,3.0517578125e-05,1.804782979483809,1.7221331472537162,1.0,1.8196728760953558,0.9661428597700098
4,512,3,1,3,True,4,0.09466499835252762,16,False,32,16,16,0.12121212121212122,32,32,3.0517578125e-05,0.4161305564635018,0.3970739047394477,0.35785139623324014,1.0,1.1421011054783905
4,512,3,4,3,True,4,0.025919999927282333,17,False,32,64,64,0.48484848484848486,8,8,3.0517578125e-05,1.5197916108244405,1.45019292605888,0.5451388913840732,3.6521990207603015,1.1932099110543821
4,512,2,4,3,True,4,0.020148999989032745,18,False,32,96,96,0.7272727272727273,8,8,3.0517578125e-05,1.955084543326999,1.865551667996005,0.7012754991674534,3.080003978770523,0.9698248065248878
4,512,2,11,1,False,4,0.012718000449240208,19,False,32,264,264,2.0,2,3,3.0517578125e-05,3.097420746231157,2.9555747138094453,0.9834879178877857,5.1152695083257,1.0
4,512,3,16,1,False,4,0.014417000114917755,20,True,32,256,256,1.9393939393939394,2,2,3.0517578125e-05,2.732399121041314,2.6072692126219046,0.9139210727864406,7.499271582626923,1.0
4,512,2,11,2,True,4,0.012853999622166157,21,False,32,264,264,2.0,2,3,3.0517578125e-05,3.0646491053354556,2.92430384649856,0.82954724201643,5.4730822481608845,0.9894196999437106
4,512,2,32,3,True,4,0.018300999887287617,22,False,32,768,768,5.818181818181818,1,1,1.52587890625e-05,2.1525052557055786,2.0539315212007563,1.0012567587806325,3.391016912555471,1.0035517073848674
4,512,2,16,3,True,4,0.012256999965757132,23,True,32,384,384,2.909090909090909,2,2,3.0517578125e-05,3.2139184590117957,3.066737427021735,0.9538222957956336,5.0631476142485745,1.0130537506553052
4,512,6,32,3,True,4,0.018704000860452652,24,False,32,256,256,1.9393939393939394,1,1,1.52587890625e-05,2.106126851466604,2.0096770107335122,0.97968343598263,10.260104281833016,0.9938515484631286
4,512,1,32,2,True,4,0.0175799997523427,25,False,32,1536,1536,11.636363636363637,1,1,1.52587890625e-05,2.2407849258817145,2.138168433875116,1.0,2.259271944129545,1.0696245747529678
4,512,2,11,3,True,4,0.012761999852955341,26,False,32,264,264,2.0,2,3,3.0517578125e-05,3.0867418034745877,2.9453848120274744,0.871258445082435,4.862795866597417,0.9965523112190803
4,512,1,16,3,True,4,0.01169099984690547,27,False,32,768,768,5.818181818181818,2,2,3.0517578125e-05,3.369514922411094,3.2152083679943835,1.0,2.8976137437753997,1.1270208180590706
4,512,3,8,2,True,4,0.016605999320745468,28,False,32,128,128,0.9696969696969697,4,4,3.0517578125e-05,2.3722148653132296,2.263579554109249,0.6665061369931482,6.017162672885804,1.0814766516534875
4,512,1,11,3,True,4,0.011119000148028135,29,True,32,528,528,4.0,2,3,3.0517578125e-05,3.5428543859710104,3.3806097704439395,1.0,3.0466769838902303,1.1249212712473402
4,512,1,32,1,False,4,0.01880399975925684,30,False,32,1536,1536,11.636363636363637,1,1,1.52587890625e-05,2.094926555328283,1.9989896308888857,1.0,1.9989896308888857,1.0
4,512,3,16,3,True,4,0.013373000081628561,31,True,32,256,256,1.9393939393939394,2,2,3.0517578125e-05,2.9457113737829665,2.8108128548978475,0.8742241662711291,7.0788153574137525,1.0780677504611258
4,512,2,16,2,True,4,0.012153999879956245,32,True,32,384,384,2.909090909090909,2,2,3.0517578125e-05,3.241155079079663,3.0927267491569896,0.9406779927262741,5.788299970774524,1.02163895916847
4,512,2,1,2,True,4,0.0703509971499443,33,False,32,24,24,0.18181818181818182,32,32,3.0517578125e-05,0.5599493971363699,0.534306577885105,0.5645691152553003,1.0,0.9247345814617567
4,512,2,1,3,True,4,0.06205900013446808,34,False,32,24,24,0.18181818181818182,32,32,3.0517578125e-05,0.634766888875069,0.6056978110595482,0.5458676704662919,1.0,1.048292749865597
4,512,2,4,2,True,4,0.020755000412464142,35,False,32,96,96,0.7272727272727273,8,8,3.0517578125e-05,1.8980003690289906,1.8110816569976045,0.7030113106667686,3.3895926645077754,0.9415080524064244
4,512,3,2,1,False,4,0.05783499963581562,36,False,32,32,32,0.24242424242424243,16,16,3.0517578125e-05,0.6811273223845375,0.6499351737648096,0.3646235068685664,1.8694043390566206,1.0
4,512,1,2,3,True,4,0.020034000277519226,37,False,32,96,96,0.7272727272727273,16,16,3.0517578125e-05,1.9663071726248254,1.8762603582556254,1.0,1.6909254949388564,1.0526105667781613
4,512,1,4,3,True,4,0.01413000002503395,38,False,32,192,192,1.4545454545454546,8,8,3.0517578125e-05,2.7878979739746423,2.66022650186805,1.0,2.397452354908116,1.1186836490338896
4,512,2,32,2,True,4,0.018279999494552612,39,False,32,768,768,5.818181818181818,1,1,1.52587890625e-05,2.1549780925208886,2.0562911147340532,0.9617067964132872,3.8485229264316283,1.004704605665376
4,512,1,1,2,True,4,0.03971800021827221,40,False,32,48,48,0.36363636363636365,32,32,3.0517578125e-05,0.9918172673741792,0.9463971078961513,1.0,1.0,0.9463971078961513
4,512,1,11,1,False,4,0.012507999781519175,41,True,32,528,528,4.0,2,3,3.0517578125e-05,3.1494242988601386,3.0051967696329864,1.0,3.0051967696329864,1.0
4,512,3,32,1,False,4,0.020349999889731407,42,False,32,512,512,3.878787878787879,1,1,1.52587890625e-05,1.935773889705595,1.847125343571078,0.9240294772063032,5.312874685718674,1.0
4,512,6,11,2,True,4,0.022455000318586826,43,False,32,88,88,0.6666666666666666,2,3,3.0517578125e-05,1.7543085229638926,1.6739701627560313,0.4748608231647191,8.19959891124639,1.047160963437533
4,512,2,8,1,False,4,0.014818999916315079,44,False,32,192,192,1.4545454545454546,4,4,3.0517578125e-05,2.6582764467583138,2.5365409778164354,0.8033605605406812,4.390039832124375,1.0
4,512,6,1,2,True,4,0.1841219961643219,45,False,32,8,8,0.06060606060606061,32,32,3.0517578125e-05,0.21395052879449036,0.20415268854919846,0.21571567246547446,1.0,1.0201985753245855
4,512,3,11,2,True,4,0.017063000239431858,46,False,32,176,176,1.3333333333333333,2,3,3.0517578125e-05,2.3086794754311892,2.20295376021416,0.6249194037286853,5.8560040940422375,1.065697730237614
4,512,3,1,1,False,4,0.1081169992685318,47,False,32,16,16,0.12121212121212122,32,32,3.0517578125e-05,0.364355269833311,0.3476696614991243,0.3476696614991243,1.0,1.0
4,512,6,11,1,False,4,0.02351399976760149,48,False,32,88,88,0.6666666666666666,2,3,3.0517578125e-05,1.6752997716845694,1.598579608297144,0.5319384156307251,7.988474952337743,1.0
4,512,2,8,3,True,4,0.014737999998033047,49,False,32,192,192,1.4545454545454546,4,4,3.0517578125e-05,2.6728863107145635,2.5504817847067582,0.7492196903254491,4.210815588461837,1.0054959911991344
4,512,6,8,1,False,4,0.029319999739527702,50,False,32,64,64,0.48484848484848486,4,4,3.0517578125e-05,1.3435538469308441,1.2820259506113154,0.406036841240946,6.406582532111094,1.0
4,512,3,1,2,True,4,0.09992099925875664,51,False,32,16,16,0.12121212121212122,32,32,3.0517578125e-05,0.39424143807890877,0.37618719605325995,0.39749402540919343,1.0,1.0820248002979904
4,512,3,8,1,False,4,0.017959000542759895,52,False,32,128,128,0.9696969696969697,4,4,3.0517578125e-05,2.1934961440788494,2.0930452364814585,0.6628988094898547,6.020212484047102,1.0
4,512,1,2,1,False,4,0.021088000386953354,53,False,32,96,96,0.7272727272727273,16,16,3.0517578125e-05,1.8680291027699956,1.7824829214839615,1.0,1.7824829214839615,1.0
4,512,6,8,3,True,4,0.027588000521063805,54,False,32,64,64,0.48484848484848486,4,4,3.0517578125e-05,1.4279033528354734,1.3625126804420575,0.40024646897161237,6.956103947048162,1.0627808897256434
4,512,2,1,1,False,4,0.06505599990487099,55,False,32,24,24,0.18181818181818182,32,32,3.0517578125e-05,0.605524448162456,0.5777945246088992,0.5777945246088992,1.0,1.0
4,512,6,32,1,False,4,0.018589000217616558,56,False,32,256,256,1.9393939393939394,1,1,1.52587890625e-05,2.119156381779024,2.0221098551803185,1.0115659550875968,10.10495432641641,1.0
4,512,6,4,1,False,4,0.053821999579668045,57,False,32,32,32,0.24242424242424243,8,8,3.0517578125e-05,0.731912577564937,0.6983947239335057,0.29369031459814493,3.4900412403800654,1.0
4,512,6,1,1,False,4,0.18784099817276,58,False,32,8,8,0.06060606060606061,32,32,3.0517578125e-05,0.2097145927952507,0.20011073675950333,0.20011073675950333,1.0,1.0
4,512,6,8,2,True,4,0.027986999601125717,59,False,32,64,64,0.48484848484848486,4,4,3.0517578125e-05,1.4075463252041243,1.3430879005865133,0.3954693470512544,6.578840132506237,1.0476292620645327
4,512,6,2,3,True,4,0.0909620001912117,60,False,32,16,16,0.12121212121212122,16,16,3.0517578125e-05,0.4330709346677246,0.41323850024158976,0.22024581952250002,2.1097271268478504,1.0945669703268477
4,512,1,16,1,False,4,0.013176000211387873,61,False,32,768,768,5.818181818181818,2,2,3.0517578125e-05,2.989753932153618,2.8528384892938727,1.0,2.8528384892938727,1.0
4,512,1,11,2,True,4,0.01066299993544817,62,True,32,528,528,4.0,2,3,3.0517578125e-05,3.6943635637748966,3.5251806026023056,1.0,3.7248429577715125,1.173028215065206
4,512,3,2,2,True,4,0.05235600098967552,63,False,32,32,32,0.24242424242424243,16,16,3.0517578125e-05,0.7524065569832578,0.7179501838844411,0.4168958625698341,1.9084918131631332,1.1046489140226838
4,512,6,11,3,True,4,0.0218339990824461,64,False,32,88,88,0.6666666666666666,2,3,3.0517578125e-05,1.8042044562383728,1.7215811174148115,0.5092516540850957,8.78927394798806,1.07694425005752
4,512,3,8,3,True,4,0.015399000141769648,65,False,32,128,128,0.9696969696969697,4,4,3.0517578125e-05,2.558153002103081,2.4410026749744422,0.7170595293775903,6.147476945321253,1.166244585844653
4,512,2,2,3,True,4,0.03599799983203411,66,False,32,48,48,0.36363636363636365,16,16,3.0517578125e-05,1.0943107568715116,1.0441969196450076,0.5565309286904117,1.7239568982730715,0.9784710755753863
4,512,3,32,2,True,4,0.019593000411987305,67,False,32,512,512,3.878787878787879,1,1,1.52587890625e-05,2.010564875911121,1.918491285030239,0.8972591937264994,5.099831427432799,1.03863622017182
4,512,3,11,3,True,4,0.016414999961853027,68,False,32,176,176,1.3333333333333333,2,3,3.0517578125e-05,2.399817150996013,2.2899177962439814,0.6773682713291309,5.76698133247155,1.1077673267416612
4,512,2,16,1,False,4,0.012416999787092209,69,True,32,384,384,2.909090909090909,2,2,3.0517578125e-05,3.172505365024153,3.0272208409849743,1.0611259110340538,5.2392688266370415,1.0
4,512,6,1,3,True,4,0.19190499931573868,70,False,32,8,8,0.06060606060606061,32,32,3.0517578125e-05,0.20527343520238903,0.19587296147583344,0.1765248532120503,1.0,0.9788228490270219
4,512,3,4,2,True,4,0.028238000348210335,71,False,32,64,64,0.48484848484848486,8,8,3.0517578125e-05,1.395034986765642,1.331149517475441,0.5167150599521997,3.538529571025004,1.0952617191862277
4,512,1,8,3,True,4,0.01104199979454279,72,False,32,384,384,2.909090909090909,4,4,3.0517578125e-05,3.567560149885415,3.404184136696767,1.0,3.067922701068305,1.0781561583896166
4,512,1,1,1,False,4,0.037589000537991524,73,False,32,48,48,0.36363636363636365,32,32,3.0517578125e-05,1.0479927073942537,1.0,1.0,1.0,1.0
4,512,3,4,1,False,4,0.030928000807762146,74,False,32,64,64,0.48484848484848486,8,8,3.0517578125e-05,1.273700123293037,1.2153711703395207,0.511090260476415,3.4957642409721217,1.0
4,512,1,4,1,False,4,0.01580699998885393,75,False,32,192,192,1.4545454545454546,8,8,3.0517578125e-05,2.4921236458424225,2.3779971256087076,1.0,2.3779971256087076,1.0
4,512,2,4,1,False,4,0.01954100001603365,76,False,32,96,96,0.7272727272727273,8,8,3.0517578125e-05,2.0159151737235206,1.923596566560015,0.8089145886026344,3.3292052531340093,1.0
4,512,2,2,1,False,4,0.03522300161421299,77,False,32,48,48,0.36363636363636365,16,16,3.0517578125e-05,1.118388457449298,1.0671719846506158,0.5986996968039214,1.8469749005893907,1.0
4,512,1,8,1,False,4,0.01190500007942319,78,False,32,384,384,2.909090909090909,4,4,3.0517578125e-05,3.3089456681433664,3.1574128758689395,1.0,3.1574128758689395,1.0
4,512,1,4,2,True,4,0.01459100004285574,79,False,32,192,192,1.4545454545454546,8,8,3.0517578125e-05,2.6998148397197745,2.576177124774693,1.0,2.7220889659115257,1.083339040670731
4,512,1,8,2,True,4,0.011068000458180904,80,False,32,384,384,2.909090909090909,4,4,3.0517578125e-05,3.559179328813317,3.396187114376892,1.0,3.588543420136442,1.0756233815136516
4,512,3,2,3,True,4,0.05032099969685078,81,False,32,32,32,0.24242424242424243,16,16,3.0517578125e-05,0.7828341781635771,0.7469843755974496,0.3981240515532327,1.8812225298149632,1.1493213565754157
4,512,6,4,3,True,4,0.05026300065219402,82,False,32,32,32,0.24242424242424243,8,8,3.0517578125e-05,0.783737499371404,0.7478463293128269,0.28112129880206754,3.8180171662187035,1.070807530017981
4,512,6,16,2,True,4,0.01720700040459633,83,True,32,128,128,0.9696969696969697,2,2,3.0517578125e-05,2.289358837437532,2.184517908650177,0.6644388877691104,10.700412148252132,1.0106351655531787
4,512,1,32,3,True,4,0.01832399982959032,84,False,32,1536,1536,11.636363636363637,1,1,1.52587890625e-05,2.149803471316367,2.051353464721786,1.0,1.8487231035750762,1.0261951503018132
4,2048,1,11,1,False,4,0.03614399954676628,0,True,128,528,528,4.0,11,12,1.52587890625e-05,4.2164399462356,4.024540906716128,1.0,4.024540906716128,1.0
4,2048,6,64,3,True,4,0.04948800057172775,1,True,128,512,512,3.878787878787879,2,2,1.52587890625e-05,3.0795142609332165,2.939359097716152,0.865785631406136,15.384093173206876,1.0181457723059357
4,2048,3,33,1,False,4,0.05132099986076355,2,True,128,528,528,4.0,3,4,4.76837158203125e-07,2.96952522201775,2.834375891018073,0.8412150989490995,8.327935880960275,1.0
4,2048,2,4,3,True,4,0.06907299906015396,3,False,128,96,96,0.7272727272727273,32,32,9.5367431640625e-07,2.2063469891177925,2.105931502722359,0.6342565022019085,3.507303829941275,0.9794855277650167
4,2048,6,16,3,True,4,0.05216900072991848,4,False,128,128,128,0.9696969696969697,8,8,3.0517578125e-05,2.921255944592154,2.7883034498084283,0.5427552730523355,14.593494241774115,1.0297686530418306
4,2048,2,33,2,True,4,0.03781899996101856,5,False,128,792,792,6.0,3,4,4.76837158203125e-07,4.029694165969223,3.8462943192105605,0.9081413880599712,7.282767894930245,1.0713662154221344
4,2048,6,22,1,False,4,0.05669399909675121,6,False,128,176,176,1.3333333333333333,5,6,4.76837158203125e-07,2.688097610571272,2.5657566413695747,0.6997036766560463,13.16021091054582,1.0
4,2048,1,33,3,True,4,0.034794000908732414,7,False,128,1584,1584,12.0,3,4,4.76837158203125e-07,4.3800367743123925,4.180692099475762,1.0,3.725556155666252,1.240788608624881
4,2048,3,8,3,True,4,0.04863500036299229,8,False,128,128,128,0.9696969696969697,16,16,9.5367431640625e-07,3.133525287719981,2.9909119692117225,0.6103217694098557,7.660635286269619,1.2117610558147445
4,2048,2,11,2,True,4,0.03577500022947788,9,False,128,264,264,2.0,11,12,1.52587890625e-05,4.259930189466025,4.066051817616244,0.786107603773024,7.698867839769512,1.0124108657267412
4,2048,1,33,1,False,4,0.04317199997603893,10,False,128,1584,1584,12.0,3,4,4.76837158203125e-07,3.5300427033792823,3.3693830443116863,1.0,3.3693830443116863,1.0
4,2048,1,11,2,True,4,0.02812299970537424,11,True,128,528,528,4.0,11,12,1.52587890625e-05,5.419016644820562,5.172385813469694,1.0,5.455712403823963,1.2852113901583282
4,2048,1,4,1,False,4,0.05316200107336044,12,False,128,192,192,1.4545454545454546,32,32,9.5367431640625e-07,2.8666905012737405,2.7362213944422384,1.0,2.7362213944422384,1.0
4,2048,3,64,1,False,4,0.04990899935364723,13,False,128,1024,1024,7.757575757575758,2,2,1.52587890625e-05,3.0535375479246074,2.9145646394864055,0.9924663058240271,8.563545687597058,1.0
4,2048,3,4,3,True,4,0.0915209986269474,14,False,128,64,64,0.48484848484848486,32,32,9.5367431640625e-07,1.6651807322044943,1.589394859000807,0.4786879452557631,4.070923673452724,1.2363064003183721
4,2048,3,2,2,True,4,0.1989390030503273,15,False,128,32,32,0.24242424242424243,64,64,1.9073486328125e-06,0.7660589485670294,0.7311939965411965,0.3871739413682734,1.9804110243828157,1.1152413299491584
4,2048,6,4,3,True,4,0.18967200070619583,16,False,128,32,32,0.24242424242424243,32,32,9.5367431640625e-07,0.8034870879111706,0.7669187026376867,0.23097768050831696,4.013918812036369,1.0807868220350552
4,2048,2,33,1,False,4,0.04051799885928631,17,False,128,792,792,6.0,3,4,4.76837158203125e-07,3.7612667899756977,3.590083636989675,1.065501781713594,6.2869838943572445,1.0
4,2048,1,8,3,True,4,0.029682999476790428,18,False,128,384,384,2.909090909090909,16,16,9.5367431640625e-07,5.1342184479998325,4.900549380867987,1.0,4.367045330683055,1.2121079906242112
4,2048,2,2,1,False,4,0.13145199418067932,19,False,128,48,48,0.36363636363636365,64,64,1.9073486328125e-06,1.1593510197816856,1.1065865193977416,0.5702766416137491,1.937863383873708,1.0
4,2048,6,64,2,True,4,0.04971500113606453,20,True,128,512,512,3.878787878787879,2,2,1.52587890625e-05,3.065453083036393,2.9259378735640325,0.8469274392295877,14.690274433583916,1.013496880430061
4,2048,2,8,1,False,4,0.0454539991915226,21,False,128,192,192,1.4545454545454546,16,16,9.5367431640625e-07,3.3528183705809096,3.200224563197944,0.791547531382502,5.60425948851224,1.0
4,2048,1,16,2,True,4,0.028790000826120377,22,False,128,768,768,5.818181818181818,8,8,3.0517578125e-05,5.293469924719118,5.052552988338768,1.0,5.329315523539137,1.2887807690660391
4,2048,6,64,1,False,4,0.05038599856197834,23,True,128,512,512,3.878787878787879,2,2,1.52587890625e-05,3.0246300134003543,2.886972747585032,0.9830707265820867,14.807784042580366,1.0
4,2048,2,2,2,True,4,0.13896599411964417,24,False,128,48,48,0.36363636363636365,64,64,1.9073486328125e-06,1.0966640038173463,1.046752521217905,0.5542650803948166,1.981974082791381,0.9459292182482025
4,2048,6,4,2,True,4,0.19314900040626526,25,False,128,32,32,0.24242424242424243,32,32,9.5367431640625e-07,0.7890229987478794,0.7531129045572408,0.2352484394781365,3.7811586320331494,1.0613308815530924
4,2048,6,8,2,True,4,0.09920100122690201,26,False,128,64,64,0.48484848484848486,16,16,9.5367431640625e-07,1.5362647717347653,1.4663461347085924,0.30026914950753436,7.362093135373205,1.0570558501751433
4,2048,6,1,2,True,4,0.7303270101547241,27,False,128,8,8,0.06060606060606061,128,128,3.0517578125e-05,0.2086722815761944,0.1991751676793015,0.21008534011749425,1.0,1.021603987120062
4,2048,2,2,3,True,4,0.13350699841976166,28,False,128,48,48,0.36363636363636365,64,64,1.9073486328125e-06,1.1415057286101695,1.089553404915429,0.5192386787526049,1.8145864787365995,0.9846075167339081
4,2048,6,8,1,False,4,0.10486099869012833,29,False,128,64,64,0.48484848484848486,16,16,9.5367431640625e-07,1.4533430485061145,1.3871983532995291,0.343111369345551,7.115180999566228,1.0
4,2048,3,22,2,True,4,0.038346000015735626,30,False,128,352,352,2.6666666666666665,5,6,4.76837158203125e-07,3.974312925550735,3.793433595384083,0.8563344701754304,10.274370068818682,1.1195952640063669
4,2048,6,11,3,True,4,0.0746150016784668,31,False,128,88,88,0.6666666666666666,11,12,1.52587890625e-05,2.0424713539836015,1.9495141920002046,0.3832607305732718,10.203417471353983,1.0755746378108244
4,2048,3,32,1,False,4,0.0455819983035326,32,False,128,512,512,3.878787878787879,4,4,1.52587890625e-05,3.343403299058433,3.1912379913588986,0.9197709970423326,9.376464659165388,1.0
4,2048,3,16,3,True,4,0.035238999873399734,33,False,128,256,256,1.9393939393939394,8,8,3.0517578125e-05,4.324725561259349,4.12789821592222,0.8035131626254823,10.572802896421411,1.1186186075074342
4,2048,1,2,3,True,4,0.06932199746370316,34,False,128,96,96,0.7272727272727273,64,64,1.9073486328125e-06,2.1984219884244185,2.09836718545876,1.0,1.869925983215611,1.081388369024405
4,2048,3,22,1,False,4,0.04293200001120567,35,False,128,352,352,2.6666666666666665,5,6,4.76837158203125e-07,3.5497764713018065,3.3882186870009043,0.923996077563994,9.95523143752108,1.0
4,2048,2,11,3,True,4,0.03481199964880943,36,False,128,264,264,2.0,11,12,1.52587890625e-05,4.377772177500261,4.178530569221838,0.8214696180485886,6.959094467229013,1.0404170779927822
4,2048,6,33,3,True,4,0.04038799926638603,37,False,128,264,264,2.0,3,4,4.76837158203125e-07,3.7733734345326893,3.6016392827201886,0.8614935510729949,18.85035222293891,1.0392195928062455
4,2048,3,22,3,True,4,0.039657000452280045,38,False,128,352,352,2.6666666666666665,5,6,4.76837158203125e-07,3.8429281531035397,3.6680284199337834,0.8216960558817022,9.394936472232699,1.0825831384515956
4,2048,2,22,2,True,4,0.032010000199079514,39,True,128,528,528,4.0,5,6,4.76837158203125e-07,4.760981023364355,4.544298775495574,1.0258357201686703,8.604404780428412,1.1056545158117683
4,2048,6,2,2,True,4,0.36568500101566315,40,False,128,16,16,0.12121212121212122,64,64,1.9073486328125e-06,0.4167493965637907,0.3977822560517312,0.21062936048495753,1.997147840699768,1.0624799898780415
4,2048,1,32,1,False,4,0.04192500002682209,41,False,128,1536,1536,11.636363636363637,4,4,1.52587890625e-05,3.635038840982885,3.469600587125299,1.0,3.469600587125299,1.0
4,2048,6,11,2,True,4,0.07602199912071228,42,False,128,88,88,0.6666666666666666,11,12,1.52587890625e-05,2.0046697701769003,1.9134330376831479,0.36993238839613857,9.606785122751997,1.0556681530847258
4,2048,2,11,1,False,4,0.036218998953700066,43,False,128,264,264,2.0,11,12,1.52587890625e-05,4.207708879544778,4.016207209211945,0.9979292799607836,7.033214987127491,1.0
4,2048,6,16,2,True,4,0.05303500033915043,44,False,128,128,128,0.9696969696969697,8,8,3.0517578125e-05,2.873555247122453,2.7427737112864565,0.5428490740456846,13.770660987732603,1.0129537337351322
4,2048,3,8,1,False,4,0.05893399938941002,45,False,128,128,128,0.9696969696969697,16,16,9.5367431640625e-07,2.585926716066239,2.4682357589060664,0.6104965083699564,7.252146479371807,1.0
4,2048,2,1,1,False,4,0.2547360062599182,46,False,128,24,24,0.18181818181818182,128,128,3.0517578125e-05,0.5982625139777353,0.5710343301836486,0.5710343301836486,1.0,1.0
4,2048,3,64,2,True,4,0.046598998829722404,47,False,128,1024,1024,7.757575757575758,2,2,1.52587890625e-05,3.270435145239678,3.121590771506209,0.9035601549578184,8.454709429707759,1.0710315802281485
4,2048,3,32,3,True,4,0.04273500107228756,48,False,128,512,512,3.878787878787879,4,4,1.52587890625e-05,3.5661401586937886,3.4038376286041268,0.801661400105016,8.718263497835238,1.0666198001593414
4,2048,1,64,3,True,4,0.04284599982202053,49,False,128,3072,3072,23.272727272727273,2,2,1.52587890625e-05,3.5569015576427727,3.3950194956946707,1.0,3.0254167204464193,1.1560705881913096
4,2048,3,11,2,True,4,0.04860500060021877,50,False,128,176,176,1.3333333333333333,11,12,1.52587890625e-05,3.1354593482922586,2.992758006624433,0.5786030111734565,8.105770804554243,1.1486678226397014
4,2048,2,64,2,True,4,0.043171001598238945,51,False,128,1536,1536,11.636363636363637,2,2,1.52587890625e-05,3.530124339573431,3.369460965071144,0.9753074296330605,6.37990754297694,1.0528363259583589
4,2048,1,22,3,True,4,0.032586000859737396,52,False,128,1056,1056,8.0,5,6,4.76837158203125e-07,4.676824387309457,4.463972284737194,1.0,3.9779967116477226,1.2173632408309913
4,2048,2,16,1,False,4,0.0327019989490509,53,False,128,384,384,2.909090909090909,8,8,3.0517578125e-05,4.660235104989807,4.448138015505374,1.1346095223079986,7.789615755807224,1.0
4,2048,1,16,3,True,4,0.028315000236034393,54,False,128,768,768,5.818181818181818,8,8,3.0517578125e-05,5.3822709601026215,5.137312502055718,1.0,4.578032957273953,1.3104008157089762
4,2048,1,11,3,True,4,0.028597000055015087,55,True,128,528,528,4.0,11,12,1.52587890625e-05,5.329195482481401,5.08665260091784,1.0,4.53288820563024,1.2639087833420368
4,2048,6,2,1,False,4,0.38853299617767334,56,False,128,16,16,0.12121212121212122,64,64,1.9073486328125e-06,0.3922421132953553,0.3743903507278206,0.19294114660086015,1.9203130565887685,1.0
4,2048,2,8,2,True,4,0.044759999960660934,57,False,128,192,192,1.4545454545454546,16,16,9.5367431640625e-07,3.404803477203945,3.2498437184123303,0.665482580314504,6.153418207697585,1.0155048979327885
4,2048,6,32,3,True,4,0.0403439998626709,58,False,128,256,256,1.9393939393939394,4,4,1.52587890625e-05,3.777488697810478,3.605567251721183,0.8491721423189433,18.870910528026474,1.0437735462281712
4,2048,1,1,3,True,4,0.12962700426578522,59,False,128,48,48,0.36363636363636365,128,128,3.0517578125e-05,1.1756732662989744,1.122165906187533,1.0,1.0,1.122165906187533
4,2048,3,1,2,True,4,0.3939809948205948,60,False,128,16,16,0.12121212121212122,128,128,3.0517578125e-05,0.3868181600361306,0.3692132529756388,0.3894375625789133,1.0,1.084818815643207
4,2048,2,22,3,True,4,0.031897999346256256,61,True,128,528,528,4.0,5,6,4.76837158203125e-07,4.777697869117088,4.560254802480662,1.0215687982814474,7.594833504115711,1.1095367106589926
4,2048,1,32,3,True,4,0.0342590007930994,62,False,128,1536,1536,11.636363636363637,4,4,1.52587890625e-05,4.448436906437845,4.245979197898553,1.0,3.783735697624177,1.223765990141394
4,2048,2,32,1,False,4,0.037748999893665314,63,False,128,768,768,5.818181818181818,4,4,1.52587890625e-05,4.03716665169932,3.8534267164174687,1.1106254508707543,6.748152453773104,1.0
4,2048,3,8,2,True,4,0.05329099856317043,64,False,128,128,128,0.9696969696969697,16,16,9.5367431640625e-07,2.8597513203858447,2.7295980302538374,0.5589499366086869,7.393012055376951,1.105890318785272
4,2048,2,1,3,True,4,0.24225999414920807,65,False,128,24,24,0.18181818181818182,128,128,3.0517578125e-05,0.6290721009918135,0.6004417081703525,0.5350739180896201,1.0,1.0514984413936135
4,2048,3,1,3,True,4,0.3725749999284744,66,False,128,16,16,0.12121212121212122,128,128,3.0517578125e-05,0.409042484157455,0.3904261014190849,0.3479219064367457,1.0,1.1471462021586536
4,2048,6,22,2,True,4,0.052180999889969826,67,False,128,176,176,1.3333333333333333,5,6,4.76837158203125e-07,2.920584193998949,2.787662271995881,0.629290386846993,13.996033262963724,1.0864874037733583
4,2048,6,33,1,False,4,0.041972000151872635,68,False,128,264,264,2.0,3,4,4.76837158203125e-07,3.630968334943821,3.465715338367073,1.028590484604598,17.77625518859748,1.0
4,2048,2,1,2,True,4,0.2754269987344742,69,False,128,24,24,0.18181818181818182,128,128,3.0517578125e-05,0.5533190435431034,0.5281363315022138,0.5570659340962549,1.0,0.9248766730581007
4,2048,6,1,3,True,4,0.7613280117511749,70,False,128,8,8,0.06060606060606061,128,128,3.0517578125e-05,0.2001752216566483,0.19106482680665088,0.17026433057102758,1.0,0.9800046418354956
4,2048,6,16,1,False,4,0.05372200161218643,71,False,128,128,128,0.9696969696969697,8,8,3.0517578125e-05,2.836807991739761,2.707698900691982,0.690666734161345,13.888257382172668,1.0
4,2048,1,32,2,True,4,0.034146999940276146,72,False,128,1536,1536,11.636363636363637,4,4,1.52587890625e-05,4.463027609226462,4.259905847152257,1.0,4.493249731856447,1.2277798957492558
4,2048,1,1,2,True,4,0.1534309983253479,74,False,128,48,48,0.36363636363636365,128,128,3.0517578125e-05,0.9932738831728594,0.9480679021578039,1.0,1.0,0.9480679021578039
4,2048,1,64,2,True,4,0.04210499860346317,75,False,128,3072,3072,23.272727272727273,2,2,1.52587890625e-05,3.619499075180395,3.4547680687092015,1.0,3.6440091061475077,1.176416146747334
4,2048,3,11,3,True,4,0.04839499853551388,76,False,128,176,176,1.3333333333333333,11,12,1.52587890625e-05,3.149065153785908,3.0057445833280574,0.5909081706868872,7.698626122595424,1.1536522760277388
4,2048,3,16,2,True,4,0.03498700074851513,77,False,128,256,256,1.9393939393939394,8,8,3.0517578125e-05,4.355875046310584,4.157630022472379,0.8228770746329904,11.260782187433303,1.1266756259468749
4,2048,2,22,1,False,4,0.035392001271247864,78,True,128,528,528,4.0,5,6,4.76837158203125e-07,4.30602955559663,4.110053104752313,1.1208464677740086,7.197558688687757,1.0
4,2048,3,1,1,False,4,0.4273979961872101,79,False,128,16,16,0.12121212121212122,128,128,3.0517578125e-05,0.3565739775694983,0.34034554678766904,0.34034554678766904,1.0,1.0
4,2048,2,32,2,True,4,0.0362359993159771,80,False,128,768,768,5.818181818181818,4,4,1.52587890625e-05,4.205734804683898,4.014322978644965,0.9423501651635181,7.600921843848074,1.041754073469725
4,2048,3,33,3,True,4,0.04792200028896332,81,True,128,528,528,4.0,3,4,4.76837158203125e-07,3.180146959366491,3.035411790642449,0.7260548536982846,7.7746128642772945,1.0709277482430766
4,2048,3,4,2,True,4,0.10155100002884865,82,False,128,64,64,0.48484848484848486,32,32,9.5367431640625e-07,1.5007139610876625,1.4324133161363937,0.4474402115137006,3.8796367806193195,1.114198740867947
4,2048,2,4,1,False,4,0.0676560029387474,83,False,128,96,96,0.7272727272727273,32,32,9.5367431640625e-07,2.252557007301802,2.150038405904433,0.7857691670241123,3.765164881090364,1.0
4,2048,1,33,2,True,4,0.0343449991196394,84,False,128,1584,1584,12.0,3,4,4.76837158203125e-07,4.437298221346028,4.235347457764541,1.0,4.467346113210756,1.2570097854901974
4,2048,2,32,3,True,4,0.03592799976468086,85,False,128,768,768,5.818181818181818,4,4,1.52587890625e-05,4.241789259181724,4.048736519178226,0.9535460091707589,6.742930186371314,1.0506847066608642
4,2048,1,4,3,True,4,0.04380999878048897,86,False,128,192,192,1.4545454545454546,32,32,9.5367431640625e-07,3.478635191690043,3.320315196472292,1.0,2.958845192287824,1.2134673032001189
4,2048,3,16,1,False,4,0.03941900096833706,87,False,128,256,256,1.9393939393939394,8,8,3.0517578125e-05,3.866130540145344,3.6901748175995603,0.9412719372543905,10.842436025471917,1.0
4,2048,6,32,2,True,4,0.040609000250697136,88,False,128,256,256,1.9393939393939394,4,4,1.52587890625e-05,3.7528381039887964,3.5820385582083603,0.840872706283626,17.984363211260945,1.036962238561043
4,2048,3,33,2,True,4,0.046459000557661057,89,True,128,528,528,4.0,3,4,4.76837158203125e-07,3.2802901843865926,3.1309972871188543,0.7392539380396966,8.480186618126197,1.1046513968174623
4,2048,1,8,2,True,4,0.02978700026869774,90,False,128,384,384,2.909090909090909,16,16,9.5367431640625e-07,5.1162924138372645,4.883439198177763,1.0,5.1509382261155015,1.2078759367159642
4,2048,3,11,1,False,4,0.055831000208854675,91,False,128,176,176,1.3333333333333333,11,12,1.52587890625e-05,2.7296484557970833,2.605416420342403,0.6473822681226822,7.6552093745120775,1.0
4,2048,1,2,1,False,4,0.0749640017747879,92,False,128,96,96,0.7272727272727273,64,64,1.9073486328125e-06,2.032962487295629,1.940438093810683,1.0,1.940438093810683,1.0
4,2048,6,2,3,True,4,0.3527259975671768,93,False,128,16,16,0.12121212121212122,64,64,1.9073486328125e-06,0.43206059251893486,0.41239660731439737,0.19653214660056564,2.1584119599978724,1.1015150537739342
4,2048,3,4,1,False,4,0.11314799636602402,94,False,128,64,64,0.48484848484848486,32,32,9.5367431640625e-07,1.3468997101169087,1.2855994748482316,0.4698448296104683,3.7773359662915675,1.0
4,2048,2,16,3,True,4,0.030193000100553036,95,False,128,384,384,2.909090909090909,8,8,3.0517578125e-05,5.0474945516565395,4.817772471230035,0.937800157047519,8.023713885417125,1.083098693079258
4,2048,3,2,1,False,4,0.2218649983406067,96,False,128,32,32,0.24242424242424243,64,64,1.9073486328125e-06,0.6868997121922952,0.6556374633053907,0.33788115446539846,1.9263876653994316,1.0
4,2048,2,16,2,True,4,0.03043000027537346,97,False,128,384,384,2.909090909090909,8,8,3.0517578125e-05,5.008182784311081,4.780249864999545,0.9461058352148518,9.051166488400368,1.0746631170922512
4,2048,2,64,1,False,4,0.045451998710632324,98,False,128,1536,1536,11.636363636363637,2,2,1.52587890625e-05,3.3529659383286257,3.2003654148274623,1.0897870637381026,5.604506149040467,1.0
4,2048,3,32,2,True,4,0.04157299920916557,99,False,128,512,512,3.878787878787879,4,4,1.52587890625e-05,3.6658169101282323,3.498977881687688,0.8213744639512989,9.476848009891334,1.096432760941702
4,2048,1,22,1,False,4,0.03966899961233139,100,False,128,1056,1056,8.0,5,6,4.76837158203125e-07,3.8417657363442177,3.666918907203092,1.0,3.666918907203092,1.0
4,2048,1,22,2,True,4,0.032837001606822014,101,False,128,1056,1056,8.0,5,6,4.76837158203125e-07,4.641075495578905,4.4298504001677665,1.0,4.6725032986407635,1.2080579124523356
4,2048,2,8,3,True,4,0.043852999806404114,102,False,128,192,192,1.4545454545454546,16,16,9.5367431640625e-07,3.4752241392492165,3.317059388193719,0.6768750053093436,5.524365384778749,1.0365083208032824
4,2048,2,33,3,True,4,0.037713998928666115,103,False,128,792,792,6.0,3,4,4.76837158203125e-07,4.04091339648073,3.8570029389730087,0.9225752213267887,6.423609297105541,1.0743490483712375
4,2048,6,4,1,False,4,0.20499499887228012,104,False,128,32,32,0.24242424242424243,32,32,9.5367431640625e-07,0.7434279096762615,0.7095929437718587,0.25933316112985977,3.639625305885597,1.0
4,2048,1,1,1,False,4,0.1454630047082901,105,False,128,48,48,0.36363636363636365,128,128,3.0517578125e-05,1.047682218659831,1.0,1.0,1.0,1.0
4,2048,2,4,2,True,4,0.07160300016403198,106,False,128,96,96,0.7272727272727273,32,32,9.5367431640625e-07,2.1283885194277197,2.031521086756919,0.6345823614687102,3.846584613822204,0.944876650192833
4,2048,6,32,1,False,4,0.04210999980568886,107,False,128,256,256,1.9393939393939394,4,4,1.52587890625e-05,3.619069204676615,3.4543577625150865,0.9956067494723243,17.71800021178687,1.0
4,2048,1,16,1,False,4,0.03710399940609932,108,False,128,768,768,5.818181818181818,8,8,3.0517578125e-05,4.107347077001482,3.9204130831345974,1.0,3.9204130831345974,1.0
4,2048,1,64,1,False,4,0.04953300021588802,109,False,128,3072,3072,23.272727272727273,2,2,1.52587890625e-05,3.076716589778138,2.9366887544524696,1.0,2.9366887544524696,1.0
4,2048,6,33,2,True,4,0.04063300043344498,110,False,128,264,264,2.0,3,4,4.76837158203125e-07,3.750621462358643,3.5799228005953423,0.8452489049115376,17.973740613887642,1.0329535034121067
4,2048,1,2,2,True,4,0.07702399790287018,111,False,128,96,96,0.7272727272727273,64,64,1.9073486328125e-06,1.9785911878774067,1.8885413464479446,1.0,1.9919895422570701,0.9732551388636046
4,2048,6,22,3,True,4,0.05246100015938282,112,False,128,176,176,1.3333333333333333,5,6,4.76837158203125e-07,2.90499615033454,2.7727836729447786,0.621147152374854,14.512266434840528,1.0806884909648697
4,2048,3,2,3,True,4,0.19039800018072128,113,False,128,32,32,0.24242424242424243,64,64,1.9073486328125e-06,0.8004233414271854,0.763994393692266,0.3640899452615277,1.956822023208411,1.1652695833465565
4,2048,1,8,1,False,4,0.035979000851511955,114,False,128,384,384,2.909090909090909,16,16,9.5367431640625e-07,4.235776422326705,4.042997339159775,1.0,4.042997339159775,1.0
4,2048,6,8,3,True,4,0.0974159985780716,115,False,128,64,64,0.48484848484848486,16,16,9.5367431640625e-07,1.5644145287241547,1.4932147371225932,0.30470353853634974,7.815225659684922,1.0764248195442983
4,2048,1,4,2,True,4,0.045438000932335854,116,False,128,192,192,1.4545454545454546,32,32,9.5367431640625e-07,3.3539988639168405,3.2013513298022684,1.0,3.3767110167067025,1.1699898759306513
4,2048,2,64,3,True,4,0.04345500096678734,117,False,128,1536,1536,11.636363636363637,2,2,1.52587890625e-05,3.5070532761507787,3.347439914210737,0.9859854762117652,5.574962346321598,1.0459555332968762
4,2048,6,11,1,False,4,0.08025400340557098,118,False,128,88,88,0.6666666666666666,11,12,1.52587890625e-05,1.898958270474613,1.8125326904027383,0.45037005025293575,9.296794599828623,1.0
4,2048,3,64,3,True,4,0.04789100028574467,119,False,128,1024,1024,7.757575757575758,2,2,1.52587890625e-05,3.1822054790338172,3.037376622755339,0.8946566070112792,7.779645396953128,1.0421373338594317
4,2048,6,1,1,False,4,0.7461049854755402,120,False,128,8,8,0.06060606060606061,128,128,3.0517578125e-05,0.2042594627732895,0.19496318553022035,0.19496318553022035,1.0,1.0
4,8192,2,1,3,True,4,0.9681369960308075,0,False,512,24,24,0.18181818181818182,512,512,1.52587890625e-05,0.8616239407089124,0.7176515325230157,0.5346175023788462,1.0,1.1825051753429177
4,8192,6,2,2,True,4,1.4828220009803772,1,False,512,16,16,0.12121212121212122,256,256,1.52587890625e-05,0.5625557302998176,0.468555901136061,0.24949454580169933,2.021163033046764,1.0580096773707297
4,8192,3,33,2,True,4,0.14529500156641006,2,True,512,528,528,4.0,15,16,1.52587890625e-05,5.741216178623175,4.781891953634565,0.6912144223178461,11.785050995671284,1.1241749403176682
4,8192,1,66,1,False,4,0.1418910026550293,3,False,512,3168,3168,24.0,7,8,1.52587890625e-05,5.878949320657196,4.896610679275592,1.0,4.896610679275592,1.0
4,8192,1,33,1,False,4,0.13262300193309784,4,False,512,1584,1584,12.0,15,16,1.52587890625e-05,6.289783834684673,5.238797107339077,1.0,5.238797107339077,1.0
4,8192,3,33,3,True,4,0.14650499820709229,5,True,512,528,528,4.0,15,16,1.52587890625e-05,5.693799009416805,4.742397920865633,0.6726323523787748,10.170451262965093,1.1148902884766385
4,8192,2,22,1,False,4,0.11476099863648415,6,True,512,528,528,4.0,23,24,1.52587890625e-05,7.268758755824895,6.054190945954837,1.151192460696111,9.975749791736465,1.0
4,8192,3,11,2,True,4,0.19240599870681763,7,False,512,176,176,1.3333333333333333,46,47,1.52587890625e-05,4.33546780907406,3.611036056897737,0.5097294423824758,8.899457472141739,1.118442260729973
4,8192,2,2,1,False,4,0.5863589942455292,8,False,512,48,48,0.36363636363636365,256,256,1.52587890625e-05,1.4226267898209413,1.1849140299923613,0.5986963469220724,1.952433610608173,1.0
4,8192,2,8,1,False,4,0.17966599762439728,9,False,512,192,192,1.4545454545454546,64,64,1.52587890625e-05,4.6428930609899615,3.867092316189,0.7536039311344832,6.37197368107852,1.0
4,8192,1,16,1,False,4,0.13485300540924072,10,False,512,768,768,5.818181818181818,32,32,1.52587890625e-05,6.18577250936813,5.152165476662992,1.0,5.152165476662992,1.0
4,8192,3,16,1,False,4,0.14854100346565247,11,False,512,256,256,1.9393939393939394,32,32,1.52587890625e-05,5.615755880220914,4.677395349994352,0.9078503730481607,12.234601719149417,1.0
4,8192,2,4,1,False,4,0.29672399163246155,12,False,512,96,96,0.7272727272727273,128,128,1.52587890625e-05,2.8112658133131387,2.3415194540599744,0.6844508886490656,3.858221918453498,1.0
4,8192,1,33,2,True,4,0.10043000057339668,13,False,512,1584,1584,12.0,15,16,1.52587890625e-05,8.305984356303187,6.9181021101953695,1.0,7.453729042274719,1.3205516397082337
4,8192,1,22,2,True,4,0.10776400193572044,14,False,512,1056,1056,8.0,23,24,1.52587890625e-05,7.740711171470065,6.447282825559562,1.0,6.946457059344443,1.2259381058535668
4,8192,1,22,3,True,4,0.09785299748182297,15,False,512,1056,1056,8.0,23,24,1.52587890625e-05,8.524726223344432,7.100293468504121,1.0,5.289393233709521,1.3501067909219455
4,8192,3,4,3,True,4,0.35597799718379974,16,False,512,64,64,0.48484848484848486,128,128,1.52587890625e-05,2.343319026078602,1.9517638853813881,0.4616071711498702,4.185713599811866,1.3220424107399809
4,8192,1,1,2,True,4,0.7485780119895935,17,False,512,48,48,0.36363636363636365,512,512,1.52587890625e-05,1.1143394546803083,0.9281397366282734,1.0,1.0,0.9281397366282734
4,8192,6,11,1,False,4,0.3046739995479584,18,False,512,88,88,0.6666666666666666,46,47,1.52587890625e-05,2.7379100773410343,2.2804210399462477,0.4229734231959326,10.023923906916089,1.0
4,8192,6,66,2,True,4,0.14476799964904785,19,True,512,528,528,4.0,7,8,1.52587890625e-05,5.76211604559281,4.799299572958542,0.756085608389973,20.702261689292342,1.0269741815313216
4,8192,1,16,2,True,4,0.0993730016052723,20,False,512,768,768,5.818181818181818,32,32,1.52587890625e-05,8.394332466474431,6.991687758950371,1.0,7.533011984110956,1.3570386647361372
4,8192,6,4,3,True,4,0.7478549778461456,21,False,512,32,32,0.24242424242424243,128,128,1.52587890625e-05,1.1154168099122617,0.9290370719932203,0.2197244133412933,4.068962716719942,1.0998803332242892
4,8192,2,2,3,True,4,0.5274520218372345,22,False,512,48,48,0.36363636363636365,256,256,1.52587890625e-05,1.581508799152102,1.317247768761308,0.5118361296104784,1.835497743773107,1.1116821435305309
4,8192,1,11,3,True,4,0.09641100093722343,23,True,512,528,528,4.0,46,47,1.52587890625e-05,8.652228537792178,7.206490879045396,1.0,5.368505437627035,1.336662863105291
4,8192,3,2,2,True,4,0.8604710102081299,24,False,512,32,32,0.24242424242424243,256,256,1.52587890625e-05,0.9694341863584512,0.8074473057792892,0.42994592176891766,1.9899671023921075,1.0948503592469765
4,8192,2,2,2,True,4,0.5491379797458649,25,False,512,48,48,0.36363636363636365,256,256,1.52587890625e-05,1.5190535793066031,1.2652284571817027,0.6737031771333277,2.0058728928499074,1.0677808053212596
4,8192,1,2,3,True,4,0.26996900141239166,26,False,512,96,96,0.7272727272727273,256,256,1.52587890625e-05,3.0898733162031258,2.573573244553428,1.0,1.9171941225500713,1.3003381351307448
4,8192,3,66,3,True,4,0.1361370012164116,27,False,512,1056,1056,8.0,7,8,1.52587890625e-05,6.127430501720146,5.1035720831639715,0.7936931257494049,10.945018112139783,1.0911948933447293
4,8192,6,32,3,True,4,0.12933199852705002,28,False,512,256,256,1.9393939393939394,16,16,1.52587890625e-05,6.449834713500424,5.372104404219983,0.7720440711767456,23.528547126973663,1.0636424025443918
4,8192,3,16,2,True,4,0.12970799952745438,29,False,512,256,256,1.9393939393939394,32,32,1.52587890625e-05,6.43113776101057,5.35653160502778,0.7661285500300906,13.201259822944454,1.145195392780781
4,8192,2,1,1,False,4,1.1448270082473755,30,False,512,24,24,0.18181818181818182,512,512,1.52587890625e-05,0.7286428496679077,0.6068908174671643,0.6068908174671643,1.0,1.0
4,8192,3,32,1,False,4,0.1537579968571663,31,False,512,512,512,3.878787878787879,16,16,1.52587890625e-05,5.425213847192978,4.518691795517857,0.8825362095132885,11.819482911534493,1.0
4,8192,1,66,3,True,4,0.10805100202560425,32,False,512,3168,3168,24.0,7,8,1.52587890625e-05,7.720150651342264,6.430157850170593,1.0,4.790172909788476,1.3131854401628424
4,8192,2,66,3,True,4,0.11239200085401535,33,False,512,1584,1584,12.0,7,8,1.52587890625e-05,7.421969600395731,6.181801138999081,0.9613762652553043,8.613931495785978,1.1136558245711519
4,8192,6,2,1,False,4,1.5688400268554688,34,False,512,16,16,0.12121212121212122,256,256,1.52587890625e-05,0.5317113277241758,0.44286542094820336,0.22376468080262704,1.9466796713530548,1.0
4,8192,6,32,2,True,4,0.13390199840068817,35,False,512,256,256,1.9393939393939394,16,16,1.52587890625e-05,6.22970548333404,5.188757503190237,0.7628116079537406,22.382227664755806,1.0273408857389559
4,8192,2,16,3,True,4,0.1042110025882721,36,False,512,384,384,2.909090909090909,32,32,1.52587890625e-05,8.004625163831122,6.667098306680421,0.926581637015724,9.290161038521298,1.118787822718354
4,8192,3,22,3,True,4,0.13007999956607819,37,False,512,352,352,2.6666666666666665,23,24,1.52587890625e-05,6.412746128911311,5.341213108943778,0.7522524431752899,11.45465827964673,1.1243081378691913
4,8192,2,66,2,True,4,0.11316700279712677,38,False,512,1584,1584,12.0,7,8,1.52587890625e-05,7.371141702511643,6.139466290710828,0.9672165771348746,9.733411337059447,1.106029171866147
4,8192,2,22,3,True,4,0.10039499774575233,39,True,512,528,528,4.0,23,24,1.52587890625e-05,8.308880246988663,6.920514114191848,0.9746800107474786,9.643279224753694,1.143094787721529
4,8192,3,32,3,True,4,0.13691899925470352,40,False,512,512,512,3.878787878787879,16,16,1.52587890625e-05,6.092434345903949,5.074423583839262,0.7292633105687737,10.8825068263478,1.1229851057495537
4,8192,2,16,1,False,4,0.1165900006890297,41,False,512,384,384,2.909090909090909,32,32,1.52587890625e-05,7.154730326240084,5.959216011558976,1.156642976346851,9.81925552347214,1.0
4,8192,6,8,3,True,4,0.3771740049123764,42,False,512,64,64,0.48484848484848486,64,64,1.52587890625e-05,2.211631774199137,1.842080816399708,0.2792186002855041,8.06787844002219,1.0989384008253251
4,8192,2,11,1,False,4,0.13340900093317032,43,False,512,264,264,2.0,46,47,1.52587890625e-05,6.252726636368566,5.207931953870056,0.9659693397460596,8.581332595548506,1.0
4,8192,2,8,3,True,4,0.16251900047063828,44,False,512,192,192,1.4545454545454546,64,64,1.52587890625e-05,5.13275377802277,4.275100122950006,0.6480103705458015,5.9570695932609885,1.1055076459004982
4,8192,6,32,1,False,4,0.13756299763917923,45,False,512,256,256,1.9393939393939394,16,16,1.52587890625e-05,6.063912738032495,5.050667772711115,0.9864353209618623,22.200948222247124,1.0
4,8192,3,8,2,True,4,0.21880199760198593,46,False,512,128,128,0.9696969696969697,64,64,1.52587890625e-05,3.8124424036729256,3.1754051905759733,0.5221296057524495,7.82583807114538,1.0873072720441956
4,8192,3,22,1,False,4,0.14625000208616257,47,False,512,352,352,2.6666666666666665,23,24,1.52587890625e-05,5.703726507810272,4.750666591337265,0.9033298771130547,12.42625634490161,1.0
4,8192,3,4,2,True,4,0.4346640110015869,48,False,512,64,64,0.48484848484848486,128,128,1.52587890625e-05,1.9191145173118727,1.5984415118536262,0.45618454190716645,3.9393852712366155,1.0827167597400709
4,8192,2,4,2,True,4,0.27744700014591217,49,False,512,96,96,0.7272727272727273,128,128,1.52587890625e-05,3.0065922977269697,2.504208005595099,0.714684255508293,3.9701311869557117,1.0694799059871305
4,8192,6,33,2,True,4,0.13385000079870224,50,False,512,264,264,2.0,15,16,1.52587890625e-05,6.232125578547182,5.190773214403105,0.7503175194181277,22.390922637925218,1.0215614290486252
4,8192,1,32,2,True,4,0.10214199870824814,51,False,512,1536,1536,11.636363636363637,16,16,1.52587890625e-05,8.166768070094484,6.802148065246668,1.0,7.328797374797646,1.328513260409911
4,8192,2,32,1,False,4,0.12122099846601486,52,False,512,768,768,5.818181818181818,16,16,1.52587890625e-05,6.88139863738227,5.731556476896414,1.1194182645403903,9.44413115495279,1.0
4,8192,6,4,2,True,4,0.7834440171718597,53,False,512,32,32,0.24242424242424243,128,128,1.52587890625e-05,1.064747442551681,0.8868342646891727,0.2530965817546008,3.8254488480094295,1.0499167320291423
4,8192,3,8,1,False,4,0.23790500313043594,54,False,512,128,128,0.9696969696969697,64,64,1.52587890625e-05,3.506315557427783,2.9204303808306573,0.5691221299230539,7.6389314745459975,1.0
4,8192,6,1,3,True,4,3.0429940223693848,56,False,512,8,8,0.06060606060606061,512,512,1.52587890625e-05,0.2741280487355799,0.22832282738194576,0.17009004256128654,1.0,1.003626351361198
4,8192,6,22,1,False,4,0.19127599895000458,57,False,512,176,176,1.3333333333333333,23,24,1.52587890625e-05,4.36108041910782,3.6323689470069875,0.6906877869544336,15.966608485379176,1.0
4,8192,3,1,1,False,4,1.8173400163650513,58,False,512,16,16,0.12121212121212122,512,512,1.52587890625e-05,0.45900602317370215,0.382308754904,0.382308754904,1.0,1.0
4,8192,1,1,1,False,4,0.6947849988937378,59,False,512,48,48,0.36363636363636365,512,512,1.52587890625e-05,1.2006160394860987,1.0,1.0,1.0,1.0
4,8192,2,11,2,True,4,0.12469600141048431,60,False,512,264,264,2.0,46,47,1.52587890625e-05,6.689629212088085,5.5718306203467485,0.7865128097333156,8.833490854133986,1.0698739287878514
4,8192,1,32,1,False,4,0.13569699972867966,61,False,512,1536,1536,11.636363636363637,16,16,1.52587890625e-05,6.147298874212696,5.120120564809323,1.0,5.120120564809323,1.0
4,8192,1,4,1,False,4,0.2030929997563362,62,False,512,192,192,1.4545454545454546,128,128,1.52587890625e-05,4.10733021161222,3.4210189407183713,1.0,3.4210189407183713,1.0
4,8192,6,11,3,True,4,0.27868199348449707,63,False,512,88,88,0.6666666666666666,46,47,1.52587890625e-05,2.9932684320078162,2.493110481256796,0.3459534637733483,10.91923444468494,1.0932676192619069
4,8192,6,16,3,True,4,0.19249500334262848,64,False,512,128,128,0.9696969696969697,32,32,1.52587890625e-05,4.333463202581862,3.6093664086286235,0.5016234172136954,15.808171482524433,1.0429777287269566
4,8192,6,1,2,True,4,2.9970250129699707,65,False,512,8,8,0.06060606060606061,512,512,1.52587890625e-05,0.2783326832629645,0.2318248916465414,0.24977369516438336,1.0,1.019020186574306
4,8192,6,16,2,True,4,0.19999799877405167,66,False,512,128,128,0.9696969696969697,32,32,1.52587890625e-05,4.170891802815282,3.4739597553607187,0.49686997977184383,14.985275009455814,1.0038500515417697
4,8192,2,8,2,True,4,0.1672780066728592,67,False,512,192,192,1.4545454545454546,64,64,1.52587890625e-05,4.98672856197716,4.153474881204849,0.6829529058724084,6.584852425703313,1.0740563042203446
4,8192,3,1,3,True,4,1.4900219440460205,68,False,512,16,16,0.12121212121212122,512,512,1.52587890625e-05,0.5598374017237889,0.4662917896411053,0.3473660135320552,1.0,1.219673323354036
4,8192,6,22,3,True,4,0.17535199970006943,69,False,512,176,176,1.3333333333333333,23,24,1.52587890625e-05,4.7571171990793255,3.962230257323166,0.5580375339271607,17.353631709785287,1.090811620495759
4,8192,3,11,3,True,4,0.1744460016489029,70,False,512,176,176,1.3333333333333333,46,47,1.52587890625e-05,4.781823634714411,3.9828083895673934,0.5526695941777108,8.541450821239797,1.2335908999781582
4,8192,2,33,1,False,4,0.12862099707126617,71,False,512,792,792,6.0,15,16,1.52587890625e-05,6.485488626743867,5.401800753486401,1.0311147087408616,8.900778522289412,1.0
4,8192,2,33,3,True,4,0.11332500353455544,72,False,512,792,792,6.0,15,16,1.52587890625e-05,7.360864660478877,6.130906483332971,0.8695698081247913,8.543013155394254,1.1349745692445237
4,8192,6,33,1,False,4,0.13673599809408188,73,False,512,264,264,2.0,15,16,1.52587890625e-05,6.100588179362966,5.081214958592597,0.9699201657331373,22.335222841487447,1.0
4,8192,1,22,1,False,4,0.13211199641227722,74,False,512,1056,1056,8.0,23,24,1.52587890625e-05,6.314112543292346,5.259060628571132,1.0,5.259060628571132,1.0
4,8192,3,16,3,True,4,0.123089998960495,75,False,512,256,256,1.9393939393939394,32,32,1.52587890625e-05,6.776911371441923,5.644528432539226,0.7844666682000816,12.105142226252145,1.2067674443097998
4,8192,1,8,3,True,4,0.1053139977157116,76,False,512,384,384,2.909090909090909,64,64,1.52587890625e-05,7.920789560357794,6.597271150690391,1.0,4.914664660017288,1.285650578629064
4,8192,1,4,2,True,4,0.1982870027422905,77,False,512,192,192,1.4545454545454546,128,128,1.52587890625e-05,4.2068819545893605,3.503936159631882,1.0,3.775224808670414,1.024237579607232
4,8192,3,66,1,False,4,0.14855200052261353,78,False,512,1056,1056,8.0,7,8,1.52587890625e-05,5.6153401551746205,4.677049090213855,0.9551604970370611,12.23369601197935,1.0
4,8192,1,11,1,False,4,0.12886900454759598,79,True,512,528,528,4.0,46,47,1.52587890625e-05,6.473007350328867,5.39140502662243,1.0,5.39140502662243,1.0
4,8192,1,8,1,False,4,0.13539700210094452,80,False,512,384,384,2.909090909090909,64,64,1.52587890625e-05,6.160919375779398,5.1314651588500055,1.0,5.1314651588500055,1.0
4,8192,3,32,2,True,4,0.14105399698019028,81,False,512,512,512,3.878787878787879,16,16,1.52587890625e-05,5.91383464151891,4.925666863529673,0.7241340259403853,12.139386614593839,1.0900647989348375
4,8192,6,4,1,False,4,0.8225509822368622,82,False,512,32,32,0.24242424242424243,128,128,1.52587890625e-05,1.014125606412497,0.8446710464126188,0.24690627589312567,3.7128750118069664,1.0
4,8192,2,32,3,True,4,0.10812700167298317,83,False,512,768,768,5.818181818181818,16,16,1.52587890625e-05,7.714724358944102,6.425638260043773,0.9234511373785488,8.953702415228518,1.121098306532469
4,8192,1,16,3,True,4,0.09656000137329102,84,False,512,768,768,5.818181818181818,32,32,1.52587890625e-05,8.638877400605429,7.195370640144987,1.0,5.3602213692771885,1.3965721156932558
4,8192,1,11,2,True,4,0.0980750024318695,85,True,512,528,528,4.0,46,47,1.52587890625e-05,8.505429446668963,7.084221072300144,1.0,7.632709593962169,1.3139842095555223
4,8192,2,4,3,True,4,0.26714499294757843,86,False,512,96,96,0.7272727272727273,128,128,1.52587890625e-05,3.1225365838312427,2.6007786678976785,0.6151041592003748,3.624013257178224,1.1107226392623701
4,8192,6,1,1,False,4,3.0540289878845215,87,False,512,8,8,0.06060606060606061,512,512,1.52587890625e-05,0.27313755598762984,0.22749784027917974,0.22749784027917974,1.0,1.0
4,8192,2,32,2,True,4,0.11475899815559387,88,False,512,768,768,5.818181818181818,16,16,1.52587890625e-05,7.268885464956385,6.054296482718735,0.8900565563474229,9.598384490191714,1.0563093126837828
4,8192,3,4,1,False,4,0.47061800956726074,89,False,512,64,64,0.48484848484848486,128,128,1.52587890625e-05,1.7724991324347805,1.476324715096648,0.43154532046719335,3.86160320986466,1.0
4,8192,3,66,2,True,4,0.13457299768924713,90,False,512,1056,1056,8.0,7,8,1.52587890625e-05,6.198643323621274,5.162885651831278,0.8133652587780301,12.724016201454516,1.1038767291611233
4,8192,3,2,1,False,4,0.9420869946479797,91,False,512,32,32,0.24242424242424243,256,256,1.52587890625e-05,0.885449027961424,0.7374955846337219,0.37263117932210976,1.9290575357577446,1.0
4,8192,6,16,1,False,4,0.20076800137758255,92,False,512,128,128,0.9696969696969697,32,32,1.52587890625e-05,4.154895241982994,3.4606361279009894,0.6716857491429817,15.21173178459269,1.0
4,8192,1,8,2,True,4,0.11424300074577332,93,False,512,384,384,2.909090909090909,64,64,1.52587890625e-05,7.30171658850632,6.081641714225044,1.0,6.552506561477806,1.1851667167098099
4,8192,1,66,2,True,4,0.10945700109004974,94,False,512,3168,3168,24.0,7,8,1.52587890625e-05,7.620983631553045,6.3475610694115545,1.0,6.839014448913524,1.2963172866237789
4,8192,1,33,3,True,4,0.09854400157928467,95,False,512,1584,1584,12.0,15,16,1.52587890625e-05,8.464949670173604,7.050505233793868,1.0,5.2523032806022405,1.3458252131804749
4,8192,3,11,1,False,4,0.21519500017166138,96,False,512,176,176,1.3333333333333333,46,47,1.52587890625e-05,3.876344771025044,3.2286298396315285,0.5988475775217685,8.445084759940316,1.0
4,8192,3,8,3,True,4,0.18073999881744385,97,False,512,128,128,0.9696969696969697,64,64,1.52587890625e-05,4.615303857054381,3.8441131096581684,0.5826822972488996,8.244007711602427,1.3162830844694844
4,8192,3,33,1,False,4,0.16333699971437454,98,True,512,528,528,4.0,15,16,1.52587890625e-05,5.10704870987502,4.253690223946197,0.8119593366170194,11.126321773652094,1.0
4,8192,6,66,3,True,4,0.13927200436592102,99,True,512,528,528,4.0,7,8,1.52587890625e-05,5.989502466514865,4.988691029880426,0.7758271485898399,21.84928720042164,1.0675009570544165
4,8192,1,1,3,True,4,0.5175829827785492,100,False,512,48,48,0.36363636363636365,512,512,1.52587890625e-05,1.6116642962024454,1.342364455577562,1.0,1.0,1.342364455577562
4,8192,2,1,2,True,4,1.1015009880065918,101,False,512,24,24,0.18181818181818182,512,512,1.52587890625e-05,0.7573030099371649,0.6307620296837899,0.6795981303151711,1.0,1.0393336190457638
4,8192,3,1,2,True,4,1.7123090028762817,102,False,512,16,16,0.12121212121212122,512,512,1.52587890625e-05,0.4871609109482815,0.40575912275568266,0.43717460501121946,1.0,1.0613388198697442
4,8192,6,11,2,True,4,0.2913439869880676,103,False,512,88,88,0.6666666666666666,46,47,1.52587890625e-05,2.8631790972927047,2.384758326665563,0.3366295747023133,10.286895034125822,1.045753518710639
4,8192,1,2,2,True,4,0.36995600163936615,104,False,512,96,96,0.7272727272727273,256,256,1.52587890625e-05,2.2547816766581437,1.8780206181680372,1.0,2.023424430668674,0.9488992914944085
4,8192,1,4,3,True,4,0.16432199627161026,105,False,512,192,192,1.4545454545454546,128,128,1.52587890625e-05,5.076435490032272,4.2281922971853225,1.0,3.1498094869966686,1.2359453047335232
4,8192,3,22,2,True,4,0.12760799378156662,106,False,512,352,352,2.6666666666666665,23,24,1.52587890625e-05,6.536973029244908,5.4446824082434695,0.844492564628716,13.418508920431208,1.1460880917578444
4,8192,6,8,2,True,4,0.3946100026369095,107,False,512,64,64,0.48484848484848486,64,64,1.52587890625e-05,2.113909956899125,1.7606877531004372,0.2895086287280233,7.594903811213342,1.050381376603557
4,8192,2,11,3,True,4,0.12126599997282028,108,False,512,264,264,2.0,46,47,1.52587890625e-05,6.878844967700081,5.7294295107405375,0.7950373638021566,7.983581517060008,1.100135247827682
4,8192,2,66,1,False,4,0.12516600638628006,109,False,512,1584,1584,12.0,7,8,1.52587890625e-05,6.664509300486794,5.550908101593756,1.1336225126264197,9.146469087735186,1.0
4,8192,6,33,3,True,4,0.13253099471330643,110,False,512,264,264,2.0,15,16,1.52587890625e-05,6.294150402105148,5.24243404644106,0.7435543798072061,22.960621618754523,1.031728452577239
4,8192,6,2,3,True,4,1.4028679728507996,111,False,512,16,16,0.12121212121212122,256,256,1.52587890625e-05,0.5946176189132163,0.49526043244244117,0.19244077606517854,2.1691235962751705,1.1183091047886664
4,8192,2,16,2,True,4,0.10850999876856804,112,False,512,384,384,2.909090909090909,32,32,1.52587890625e-05,7.687494453347888,6.402958315164918,0.9157958043775921,10.151147364363093,1.0744632016602895
4,8192,2,33,2,True,4,0.1194400005042553,113,False,512,792,792,6.0,15,16,1.52587890625e-05,6.984008792234005,5.817021064638933,0.8408405906681041,9.222211849935052,1.07686701714878
4,8192,2,22,2,True,4,0.10136899724602699,114,True,512,528,528,4.0,23,24,1.52587890625e-05,8.229044740785842,6.854018662209553,1.063086395874791,10.866251200386255,1.1321114123083824
4,8192,6,66,1,False,4,0.14867299795150757,115,True,512,528,528,4.0,7,8,1.52587890625e-05,5.61077011400707,4.673242676658439,0.9543831402478993,20.54192106141997,1.0
4,8192,1,2,1,False,4,0.3510509878396988,116,False,512,96,96,0.7272727272727273,256,256,1.52587890625e-05,2.37620756688217,1.9791569400482618,1.0,1.9791569400482618,1.0
4,8192,1,32,3,True,4,0.09985000267624855,117,False,512,1536,1536,11.636363636363637,16,16,1.52587890625e-05,8.354231259971494,6.958287233566667,1.0,5.183605096704392,1.3590084736267922
4,8192,6,8,1,False,4,0.4144909977912903,118,False,512,64,64,0.48484848484848486,64,64,1.52587890625e-05,2.0125166001462467,1.676236643488177,0.3266584867281516,7.3681431060230755,1.0
4,8192,6,22,2,True,4,0.17985700070858002,119,False,512,176,176,1.3333333333333333,23,24,1.52587890625e-05,4.637962438936407,3.8629855727411413,0.5991649005107622,16.663377022649296,1.0634893176047489
4,8192,3,2,3,True,4,0.754362016916275,120,False,512,32,32,0.24242424242424243,256,256,1.52587890625e-05,1.1057953541671168,0.9210233062023991,0.35787724641278557,1.9752080707045923,1.2488526377548776
4,16384,6,33,3,True,4,0.258215993642807,0,False,1024,264,264,2.0,31,32,7.62939453125e-06,6.558838340032669,5.410424003533584,0.7103200365731022,23.56191037443225,1.0027729331805684
4,16384,6,11,2,True,4,0.5883439779281616,1,False,1024,88,88,0.6666666666666666,93,94,7.62939453125e-06,2.8785829763704447,2.3745598876035454,0.3208837143875445,10.371434296844402,1.0448547398613321
4,16384,1,11,3,True,4,0.18582699447870255,2,True,1024,528,528,4.0,93,94,7.62939453125e-06,9.113837114274462,7.5180573953771495,1.0,5.558067616185009,1.351972555374771
4,16384,3,32,3,True,4,0.2605929970741272,3,False,1024,512,512,3.878787878787879,32,32,7.62939453125e-06,6.499011785156764,5.36107272945603,0.7195934092325639,11.424458917778376,1.135191644604045
4,16384,2,1,3,True,4,1.9339380264282227,4,False,1024,24,24,0.18181818181818182,1024,1024,7.62939453125e-06,0.8757245247625477,0.7223902684624985,0.5340600299031354,1.0,1.1929069062731
4,16384,1,22,2,True,4,0.20473700016736984,5,False,1024,1056,1056,8.0,46,47,7.62939453125e-06,8.27206102331079,6.823671387972089,1.0,7.327239323659033,1.2443183213858706
4,16384,6,33,2,True,4,0.2659280002117157,6,False,1024,264,264,2.0,31,32,7.62939453125e-06,6.368629695879094,5.253519783509318,0.7132080654367228,22.945951182906587,0.9736921615369072
4,16384,2,8,3,True,4,0.3198769986629486,7,False,1024,192,192,1.4545454545454546,128,128,7.62939453125e-06,5.294525602632035,4.367485051882037,0.6399147288562287,6.04588024306804,1.1100673129984084
4,16384,6,22,1,False,4,0.3714680075645447,8,False,1024,176,176,1.3333333333333333,46,47,7.62939453125e-06,4.559200051217877,3.7609107154633543,0.6858141083107263,16.746704654328273,1.0
4,16384,6,8,1,False,4,0.8432239890098572,9,False,1024,64,64,0.48484848484848486,128,128,7.62939453125e-06,2.0084781519353534,1.6568053427201381,0.31353946868127275,7.377476319809124,1.0
4,16384,1,2,1,False,4,0.7024529874324799,10,False,1024,96,96,0.7272727272727273,512,512,7.62939453125e-06,2.4109755235069934,1.9888277722437677,1.0,1.9888277722437677,1.0
4,16384,3,4,2,True,4,0.8693040013313293,11,False,1024,64,64,0.48484848484848486,256,256,7.62939453125e-06,1.948221745810844,1.6070994818403455,0.4504822276744333,3.985631047644345,1.092605122383001
4,16384,3,33,2,True,4,0.27453699707984924,12,True,1024,528,528,4.0,31,32,7.62939453125e-06,6.168920681468265,5.088778652645432,0.6908431162059038,12.620248106450623,1.061631038784151
4,16384,3,2,1,False,4,1.8834959864616394,13,False,1024,32,32,0.24242424242424243,512,512,7.62939453125e-06,0.8991773655412393,0.7417366536181742,0.3729516773497975,1.9551839205154942,1.0
4,16384,3,11,1,False,4,0.4222880005836487,14,False,1024,176,176,1.3333333333333333,93,94,7.62939453125e-06,4.0105258893772415,3.3083061990168554,0.5949328331275177,8.720543946300943,1.0
4,16384,1,2,3,True,4,0.5357760190963745,15,False,1024,96,96,0.7272727272727273,512,512,7.62939453125e-06,3.1610167285397544,2.607541137166906,1.0,1.9277439889284813,1.311094491719167
4,16384,3,66,1,False,4,0.27540700137615204,16,False,1024,1056,1056,8.0,15,16,7.62939453125e-06,6.14943320486233,5.072703319525311,0.9574193641239912,13.371414120498635,1.0
4,16384,3,32,1,False,4,0.29582299292087555,17,False,1024,512,512,3.878787878787879,32,32,7.62939453125e-06,5.725034901418447,4.722614683555016,0.8837649658012693,12.448596475630461,1.0
4,16384,3,22,1,False,4,0.27892500162124634,18,False,1024,352,352,2.6666666666666665,46,47,7.62939453125e-06,6.071872185247196,5.00872278204157,0.9133566331202446,13.202764347693225,1.0
4,16384,1,1,3,True,4,1.0328390002250671,19,False,1024,48,48,0.36363636363636365,1024,1024,7.62939453125e-06,1.639749233660833,1.352638707288245,1.0,1.0,1.352638707288245
4,16384,2,2,3,True,4,1.050091028213501,20,False,1024,48,48,0.36363636363636365,512,512,7.62939453125e-06,1.6128096646967431,1.330416099714808,0.5102186426712736,1.8416860771759882,1.118006852691206
4,16384,1,32,3,True,4,0.18752100318670273,21,False,1024,1536,1536,11.636363636363637,32,32,7.62939453125e-06,9.031505433169361,7.450141511403694,1.0,5.507857694195114,1.394179813349492
4,16384,3,33,3,True,4,0.2564850002527237,22,True,1024,528,528,4.0,31,32,7.62939453125e-06,6.6031033294162,5.446938451467914,0.7151139203750408,11.60743897850023,1.1363510423899212
4,16384,6,32,1,False,4,0.26664899289608,23,False,1024,256,256,1.9393939393939394,32,32,7.62939453125e-06,6.351409546759897,5.239314782058029,0.9804574710088474,23.32979001214395,1.0
4,16384,1,8,3,True,4,0.204694002866745,24,False,1024,384,384,2.909090909090909,128,128,7.62939453125e-06,8.273798623287464,6.825104744328039,1.0,5.045770690690149,1.291605996222405
4,16384,3,11,2,True,4,0.37935999035835266,25,False,1024,176,176,1.3333333333333333,93,94,7.62939453125e-06,4.464353126733955,3.6826709342269424,0.4976539587023828,9.13307967525712,1.113159034469463
4,16384,2,22,1,False,4,0.21827799826860428,26,True,1024,528,528,4.0,46,47,7.62939453125e-06,7.758899076168003,6.400361104567919,1.1671263361154027,10.569127655236615,1.0
4,16384,2,1,2,True,4,2.1992130279541016,27,False,1024,24,24,0.18181818181818182,1024,1024,7.62939453125e-06,0.7700922728207031,0.6352536076966508,0.6821335539422092,1.0,1.0490152607801593
4,16384,1,22,3,True,4,0.18431200087070465,28,False,1024,1056,1056,8.0,46,47,7.62939453125e-06,9.188750331575736,7.579853745287906,1.0,5.603753392865646,1.3822105949170056
4,16384,6,1,1,False,4,6.22086501121521,29,False,1024,8,8,0.06060606060606061,1024,1024,7.62939453125e-06,0.2722446084364143,0.22457616546616097,0.22457616546616097,1.0,1.0
4,16384,1,4,2,True,4,0.39160600304603577,30,False,1024,192,192,1.4545454545454546,256,256,7.62939453125e-06,4.324747184518981,3.567509178190727,1.0,3.8307814154166206,1.021769288660063
4,16384,2,16,1,False,4,0.22845400124788284,31,False,1024,384,384,2.909090909090909,64,64,7.62939453125e-06,7.41329523607882,6.115270481016648,1.156884954581606,10.098348093834383,1.0
4,16384,3,66,3,True,4,0.25365300476551056,32,False,1024,1056,1056,8.0,15,16,7.62939453125e-06,6.676825928712021,5.507752653641254,0.7639925474515439,11.737034190020012,1.0857628185037742
4,16384,1,16,2,True,4,0.19256800413131714,33,False,1024,768,768,5.818181818181818,64,64,7.62939453125e-06,8.794799358044791,7.25488128935806,1.0,7.790271314290313,1.3724761704307507
4,16384,1,33,1,False,4,0.25476600229740143,34,False,1024,1584,1584,12.0,31,32,7.62939453125e-06,6.64765684526875,5.483690906569476,1.0,5.483690906569476,1.0
4,16384,6,16,2,True,4,0.405020996928215,35,False,1024,128,128,0.9696969696969697,64,64,7.62939453125e-06,4.181504099685587,3.4493471219936027,0.47545190395511133,15.065813765965077,1.0092365853916074
4,16384,3,16,3,True,4,0.24022600054740906,36,False,1024,256,256,1.9393939393939394,64,64,7.62939453125e-06,7.050015215900163,5.815598673406738,0.774807903137304,12.393054800687835,1.2142066263415332
4,16384,3,4,3,True,4,0.7082870006561279,37,False,1024,64,64,0.48484848484848486,256,256,7.62939453125e-06,2.3911168178227133,1.972446210091589,0.4563136135366879,4.203287631392659,1.3409903102595253
4,16384,3,32,2,True,4,0.2749689966440201,38,False,1024,512,512,3.878787878787879,32,32,7.62939453125e-06,6.159228785006029,5.080783750722178,0.7053849981062553,12.600420628632195,1.0758412640384087
4,16384,3,1,3,True,4,2.9771339893341064,39,False,1024,16,16,0.12121212121212122,1024,1024,7.62939453125e-06,0.5688682354175401,0.4692627255294604,0.34692392210942496,1.0,1.2369550985204218
4,16384,1,33,3,True,4,0.1834159940481186,40,False,1024,1584,1584,12.0,31,32,7.62939453125e-06,9.233638363455725,7.616882144611689,1.0,5.631128329812422,1.3890064692535178
4,16384,6,32,2,True,4,0.2692519873380661,41,False,1024,256,256,1.9393939393939394,32,32,7.62939453125e-06,6.290007274812187,5.188663689776994,0.7203623902448338,22.662677335653303,0.9903324968267817
4,16384,6,11,1,False,4,0.6147339940071106,42,False,1024,88,88,0.6666666666666666,93,94,7.62939453125e-06,2.7550078174048154,2.2726220181751633,0.40868570639039514,10.119604693836491,1.0
4,16384,2,2,1,False,4,1.1740089654922485,43,False,1024,48,48,0.36363636363636365,512,512,7.62939453125e-06,1.442575831100207,1.1899892174294835,0.5983369872630823,1.9650684925247512,1.0
4,16384,3,33,1,False,4,0.29145699739456177,44,True,1024,528,528,4.0,31,32,7.62939453125e-06,5.810795329169459,4.7933589606361116,0.8741118057718489,12.635075156901959,1.0
4,16384,3,1,1,False,4,3.682581067085266,45,False,1024,16,16,0.12121212121212122,1024,1024,7.62939453125e-06,0.45989400593278545,0.37936924799515104,0.37936924799515104,1.0,1.0
4,16384,6,1,3,True,4,6.084062099456787,46,False,1024,8,8,0.06060606060606061,1024,1024,7.62939453125e-06,0.27836615265075726,0.2296258629947341,0.16976141652421392,1.0,1.022485456184058
4,16384,6,66,1,False,4,0.2758779972791672,47,True,1024,528,528,4.0,15,16,7.62939453125e-06,6.138934513868772,5.0640428880872435,0.9557847988363745,22.549333664040542,1.0
4,16384,6,11,3,True,4,0.5477589964866638,48,False,1024,88,88,0.6666666666666666,93,94,7.62939453125e-06,3.0918651632868404,2.5504976076378005,0.33924955257805034,11.10718790285522,1.1222709219748568
4,16384,3,16,2,True,4,0.256739005446434,49,False,1024,256,256,1.9393939393939394,64,64,7.62939453125e-06,6.596570537340601,5.441549513179837,0.7500535565153714,13.495125181788893,1.1361109745556202
4,16384,1,66,2,True,4,0.19641999900341034,50,False,1024,3168,3168,24.0,15,16,7.62939453125e-06,8.622324446120528,7.112605728488279,1.0,7.63749621344969,1.3424294749552081
4,16384,2,4,3,True,4,0.5303660035133362,51,False,1024,96,96,0.7272727272727273,256,256,7.62939453125e-06,3.1932607819790033,2.6341394449242617,0.6093923791296197,3.646421553450104,1.1209579273696022
4,16384,1,66,1,False,4,0.26367999613285065,52,False,1024,3168,3168,24.0,15,16,7.62939453125e-06,6.422925454916895,5.298308671839614,1.0,5.298308671839614,1.0
4,16384,2,11,2,True,4,0.24035900086164474,53,False,1024,264,264,2.0,93,94,7.62939453125e-06,7.046114158582901,5.812380668471374,0.7854500988036771,9.149701155647634,1.0911886226966718
4,16384,3,8,3,True,4,0.3580560088157654,54,False,1024,128,128,0.9696969696969697,128,128,7.62939453125e-06,4.729977761623044,3.90178624490048,0.571681518608639,8.314715899282575,1.3374527628008004
4,16384,3,2,2,True,4,1.72638601064682,56,False,1024,32,32,0.24242424242424243,512,512,7.62939453125e-06,0.9810071146716137,0.8092384909779746,0.4267365491676187,2.0069237100974244,1.0910051256473954
4,16384,6,4,1,False,4,1.6781240105628967,57,False,1024,32,32,0.24242424242424243,256,256,7.62939453125e-06,1.0092203844613294,0.8325117817917999,0.23843946254790885,3.7070353394970685,1.0
4,16384,6,1,2,True,4,6.101970911026001,58,False,1024,8,8,0.06060606060606061,1024,1024,7.62939453125e-06,0.2775491695730337,0.2289519288885652,0.24584794331346593,1.0,1.0194845406382342
4,16384,1,66,3,True,4,0.19378900527954102,59,False,1024,3168,3168,24.0,15,16,7.62939453125e-06,8.739386203417773,7.209170654888596,1.0,5.329708972576617,1.3606550885200723
4,16384,1,2,2,True,4,0.7367120087146759,60,False,1024,96,96,0.7272727272727273,512,512,7.62939453125e-06,2.298858901552119,1.8963421168316945,1.0,2.0362868812897825,0.9534974034942543
4,16384,3,1,2,True,4,3.4647250175476074,61,False,1024,16,16,0.12121212121212122,1024,1024,7.62939453125e-06,0.48881136325007174,0.4032233447173191,0.43298010405921783,1.0,1.0628783087934237
4,16384,2,8,1,False,4,0.35508500039577484,62,False,1024,192,192,1.4545454545454546,128,128,7.62939453125e-06,4.769553648355761,3.934432624707236,0.7445653891287262,6.497058522491863,1.0
4,16384,2,66,2,True,4,0.2057880014181137,63,False,1024,1584,1584,12.0,15,16,7.62939453125e-06,8.229813922304812,6.7888215079304794,0.9544774119475035,10.686789379356517,1.1191128744777683
4,16384,6,8,2,True,4,0.8054470121860504,64,False,1024,64,64,0.48484848484848486,128,128,7.62939453125e-06,2.1026795474943922,1.7345126233811288,0.275602239846443,7.575881241976108,1.046901877159215
4,16384,6,16,1,False,4,0.40876200795173645,65,False,1024,128,128,0.9696969696969697,64,64,7.62939453125e-06,4.143234758045424,3.417778518854601,0.6465742699082961,15.218794531290499,1.0
4,16384,3,2,3,True,4,1.504186987876892,66,False,1024,32,32,0.24242424242424243,512,512,7.62939453125e-06,1.1259218253872334,0.9287794811157205,0.3561897712282459,1.9792313145430331,1.2521687806381896
4,16384,2,11,1,False,4,0.2622770071029663,67,False,1024,264,264,2.0,93,94,7.62939453125e-06,6.4572833807318535,5.326650725249632,0.957891808199391,8.796074248036147,1.0
4,16384,2,66,1,False,4,0.23030000180006027,68,False,1024,1584,1584,12.0,15,16,7.62939453125e-06,7.3538729738456805,6.066252710298297,1.1449413550668137,10.01740343030163,1.0
4,16384,6,4,3,True,4,1.4920600056648254,69,False,1024,32,32,0.24242424242424243,256,256,7.62939453125e-06,1.135072954629227,0.9363283010047733,0.21661394277936546,4.077625615831636,1.1247027627519348
4,16384,1,32,1,False,4,0.2614379972219467,70,False,1024,1536,1536,11.636363636363637,32,32,7.62939453125e-06,6.478006170144818,5.343745075109689,1.0,5.343745075109689,1.0
4,16384,2,33,1,False,4,0.2271770015358925,71,False,1024,792,792,6.0,31,32,7.62939453125e-06,7.454966601654426,6.149645433543554,1.1214427542180148,10.15511258812835,1.0
4,16384,6,32,3,True,4,0.25316499173641205,72,False,1024,256,256,1.9393939393939394,32,32,7.62939453125e-06,6.689696499891257,5.518369662879353,0.7407066905283022,24.03200402128006,1.0532617131112152
4,16384,6,2,2,True,4,3.0423099994659424,73,False,1024,16,16,0.12121212121212122,512,512,7.62939453125e-06,0.5566812584553759,0.45920961714833886,0.24215547029855633,2.0057032031900635,1.0559709343919648
4,16384,2,22,3,True,4,0.18912199884653091,74,True,1024,528,528,4.0,46,47,7.62939453125e-06,8.95505001767879,7.387072993211148,0.9745666923723163,10.225875562988199,1.1541650342101817
4,16384,2,33,3,True,4,0.20045600086450577,75,False,1024,792,792,6.0,31,32,7.62939453125e-06,8.448721673634644,6.969399788862553,0.9149937804660434,9.647693349601589,1.1333010763267108
4,16384,1,22,1,False,4,0.25475800037384033,76,False,1024,1056,1056,8.0,46,47,7.62939453125e-06,6.647865647511892,5.4838631487577585,1.0,5.4838631487577585,1.0
4,16384,3,8,2,True,4,0.4389449954032898,77,False,1024,128,128,0.9696969696969697,128,128,7.62939453125e-06,3.858335274008643,3.1827632726914734,0.5057194021135821,7.893301105675712,1.090986349640664
4,16384,1,11,2,True,4,0.188790000975132,78,True,1024,528,528,4.0,93,94,7.62939453125e-06,8.970797978528326,7.4000635779717125,1.0,7.94616765128331,1.3307537225770665
4,16384,2,2,2,True,4,1.0937220454216003,79,False,1024,48,48,0.36363636363636365,512,512,7.62939453125e-06,1.5484710820300223,1.2773428275945469,0.6735824808493216,2.0107604460933803,1.0734070602368628
4,16384,1,11,1,False,4,0.2512329965829849,80,True,1024,528,528,4.0,93,94,7.62939453125e-06,6.741140623041773,5.560806220133012,1.0,5.560806220133012,1.0
4,16384,1,32,2,True,4,0.19395900517702103,81,False,1024,1536,1536,11.636363636363637,32,32,7.62939453125e-06,8.731726364384967,7.202852008991601,1.0,7.73440241800161,1.3479033725881377
4,16384,1,8,2,True,4,0.22198300063610077,82,False,1024,384,384,2.909090909090909,128,128,7.62939453125e-06,7.629399342566809,6.293536018965395,1.0,6.757981441531925,1.1910101257116605
4,16384,2,66,3,True,4,0.20304400473833084,83,False,1024,1584,1584,12.0,15,16,7.62939453125e-06,8.341034059570811,6.8805676478936215,0.9544187504047853,9.524723613093373,1.1342368965626692
4,16384,2,4,1,False,4,0.5945179760456085,84,False,1024,96,96,0.7272727272727273,256,256,7.62939453125e-06,2.8486892362429597,2.349900367006132,0.6730342954956543,3.8804680783166314,1.0
4,16384,6,2,3,True,4,2.80546498298645,85,False,1024,16,16,0.12121212121212122,512,512,7.62939453125e-06,0.6036778107674761,0.4979773472752933,0.19097583550161967,2.1686466009567624,1.145118884865292
4,16384,1,33,2,True,4,0.18966199457645416,86,False,1024,1584,1584,12.0,31,32,7.62939453125e-06,8.929553666754112,7.366040904616522,1.0,7.909634199431631,1.3432633294104863
4,16384,6,4,2,True,4,1.6009730100631714,87,False,1024,32,32,0.24242424242424243,256,256,7.62939453125e-06,1.0578547848519,0.8726305823520367,0.24460499994973914,3.8114139792932726,1.0481900694232698
4,16384,2,8,2,True,4,0.32801198959350586,88,False,1024,192,192,1.4545454545454546,128,128,7.62939453125e-06,5.1632166287972945,4.2591675134578,0.6767527031898949,6.7046726879694605,1.0825366500651994
4,16384,6,16,3,True,4,0.3805740028619766,89,False,1024,128,128,0.9696969696969697,64,64,7.62939453125e-06,4.450112058043792,3.6709233935981476,0.48907440435626015,15.986541523340215,1.0740670799313183
4,16384,1,1,1,False,4,1.3970580101013184,90,False,1024,48,48,0.36363636363636365,1024,1024,7.62939453125e-06,1.2122595818274222,1.0,1.0,1.0,1.0
4,16384,2,32,1,False,4,0.23108600080013275,91,False,1024,768,768,5.818181818181818,32,32,7.62939453125e-06,7.328860048856329,6.045619402577483,1.1313450244355803,9.983330967875187,1.0
4,16384,2,16,3,True,4,0.20175499469041824,92,False,1024,384,384,2.909090909090909,64,64,7.62939453125e-06,8.39432481814294,6.924527505477749,0.9225496699539132,9.585576948891612,1.1323338071428306
4,16384,1,4,1,False,4,0.4001309871673584,93,False,1024,192,192,1.4545454545454546,256,256,7.62939453125e-06,4.232606354992727,3.4915016704691912,1.0,3.4915016704691912,1.0
4,16384,3,4,1,False,4,0.9498060047626495,94,False,1024,64,64,0.48484848484848486,256,256,7.62939453125e-06,1.7830977595654323,1.4708877424400304,0.42127653979967056,3.877192867406139,1.0
4,16384,6,8,3,True,4,0.7506279945373535,95,False,1024,64,64,0.48484848484848486,128,128,7.62939453125e-06,2.2562400702333467,1.861185594286807,0.272697000853142,8.105296023773633,1.1233580350671237
4,16384,2,16,2,True,4,0.21117500215768814,96,False,1024,384,384,2.909090909090909,64,64,7.62939453125e-06,8.019874236106013,6.615641036234536,0.911888254593331,10.414173105166633,1.0818231273287364
4,16384,3,22,2,True,4,0.24156399816274643,97,False,1024,352,352,2.6666666666666665,46,47,7.62939453125e-06,7.01096592205377,5.7833866831434575,0.847547654967337,14.342886538967424,1.1546629619589632
4,16384,2,33,2,True,4,0.22303999960422516,98,False,1024,792,792,6.0,31,32,7.62939453125e-06,7.593243194580745,6.263710601597639,0.8503496902483912,9.860173205956375,1.0185482511612638
4,16384,2,1,1,False,4,2.3070080280303955,99,False,1024,24,24,0.18181818181818182,1024,1024,7.62939453125e-06,0.7341096946940321,0.6055713691183183,0.6055713691183183,1.0,1.0
4,16384,1,8,1,False,4,0.264384001493454,100,False,1024,384,384,2.909090909090909,128,128,7.62939453125e-06,6.405822400550993,5.284200262533317,1.0,5.284200262533317,1.0
4,16384,2,11,3,True,4,0.23540300130844116,101,False,1024,264,264,2.0,93,94,7.62939453125e-06,7.19445780087998,5.934750204271173,0.7893994275596311,8.21543487414693,1.114161695667223
4,16384,3,22,3,True,4,0.2462190017104149,102,False,1024,352,352,2.6666666666666665,46,47,7.62939453125e-06,6.878416967614717,5.67404627748608,0.7485693613829171,12.09140630354597,1.1328329644894666
4,16384,6,66,3,True,4,0.2690829932689667,103,True,1024,528,528,4.0,15,16,7.62939453125e-06,6.293957631953387,5.191922362424682,0.7201830295006262,22.61035536116307,1.025252446940816
4,16384,2,32,3,True,4,0.20430099964141846,104,False,1024,768,768,5.818181818181818,32,32,7.62939453125e-06,8.28971450010824,6.838233843952711,0.917866302738766,9.466121212439484,1.1311055805195587
4,16384,3,11,3,True,4,0.34108099341392517,105,False,1024,176,176,1.3333333333333333,93,94,7.62939453125e-06,4.965380633387504,4.095971446892945,0.5448177942099188,8.728525033117721,1.2380871662091508
4,16384,1,16,3,True,4,0.18612900376319885,106,False,1024,768,768,5.818181818181818,64,64,7.62939453125e-06,9.099049180259623,7.5058587423522365,1.0,5.549049204277096,1.4199560063937715
4,16384,6,2,1,False,4,3.2125909328460693,107,False,1024,16,16,0.12121212121212122,512,512,7.62939453125e-06,0.5271747927190029,0.4348695614550743,0.2186562192685295,1.936401222954358,1.0
4,16384,6,22,3,True,4,0.3391359895467758,108,False,1024,176,176,1.3333333333333333,46,47,7.62939453125e-06,4.993857954673026,4.11946255532584,0.5434752033159935,17.93988926857211,1.09533644029045
4,16384,3,8,1,False,4,0.4788829982280731,109,False,1024,128,128,0.9696969696969697,128,128,7.62939453125e-06,3.5365568737679034,2.9173263934418374,0.5520847523752311,7.689939047139439,1.0
4,16384,2,4,2,True,4,0.551598995923996,110,False,1024,96,96,0.7272727272727273,256,256,7.62939453125e-06,3.070340902773204,2.5327421195919237,0.7099469105995156,3.9869779390554365,1.0778082999402818
4,16384,2,32,2,True,4,0.21935299783945084,111,False,1024,768,768,5.818181818181818,32,32,7.62939453125e-06,7.720874461691445,6.368994378293635,0.8842322971988,10.025908237478262,1.0534891388594996
4,16384,6,66,2,True,4,0.28323499858379364,112,True,1024,528,528,4.0,15,16,7.62939453125e-06,5.979476292062235,4.932504870820213,0.6934877398115773,21.543845010456092,0.9740250980937657
4,16384,6,33,1,False,4,0.2589320093393326,113,False,1024,264,264,2.0,31,32,7.62939453125e-06,6.54070141206297,5.395462745861066,0.9839108071166607,24.0250907065828,1.0
4,16384,3,66,2,True,4,0.2500219941139221,114,False,1024,1056,1056,8.0,15,16,7.62939453125e-06,6.773791902253167,5.5877404508051045,0.7856108807528024,13.857680920538979,1.1015310967028895
4,16384,1,4,3,True,4,0.3232010006904602,115,False,1024,192,192,1.4545454545454546,256,256,7.62939453125e-06,5.240073376926472,4.322567093284853,1.0,3.195655329094261,1.2380252112850865
4,16384,2,22,2,True,4,0.190311998128891,116,True,1024,528,528,4.0,46,47,7.62939453125e-06,8.899055108270508,7.340882465829321,1.0757965981141628,11.555829635421405,1.1469481715008478
4,16384,1,1,2,True,4,1.5001569986343384,117,False,1024,48,48,0.36363636363636365,1024,1024,7.62939453125e-06,1.1289464773725908,0.9312745341808386,1.0,1.0,0.9312745341808386
4,16384,3,16,1,False,4,0.29168400168418884,118,False,1024,256,256,1.9393939393939394,64,64,7.62939453125e-06,5.806273053493556,4.7896285090532205,0.9061004214547212,12.62524185701641,1.0
4,16384,1,16,1,False,4,0.2642949968576431,119,False,1024,768,768,5.818181818181818,64,64,7.62939453125e-06,6.407979641121601,5.285979782862912,1.0,5.285979782862912,1.0
4,16384,6,22,2,True,4,0.3446650058031082,120,False,1024,176,176,1.3333333333333333,46,47,7.62939453125e-06,4.913747930886698,4.053379329433274,0.5940173696784494,17.704062809648235,1.077765370171487
8,512,6,6,1,False,4,0.04128200002014637,0,False,32,96,96,0.7272727272727273,5,6,3.0517578125e-05,0.9567608419488154,0.9130613693343058,0.5431423079031571,4.553849110943616,1.0
8,512,3,4,1,False,4,0.031143000349402428,1,False,32,128,128,0.9696969696969697,8,8,3.0517578125e-05,1.2682464969167342,1.2103201054607746,0.6318594913770051,3.479529833273434,1.0
8,512,6,16,2,True,4,0.020577000454068184,2,True,32,256,256,1.9393939393939394,2,2,3.0517578125e-05,1.9194732091672517,1.831802431622223,0.837780058699074,8.960003504962755,1.0052485730990668
8,512,1,11,1,False,4,0.020099000073969364,3,False,32,1056,1056,8.0,2,3,3.0517578125e-05,1.965122690245653,1.875366900270361,1.0,1.875366900270361,1.0
8,512,3,11,2,True,4,0.020444000139832497,4,False,32,352,352,2.6666666666666665,2,3,3.0517578125e-05,1.93196051782701,1.843719390013784,0.8142731242373555,4.898601093734583,1.0728331238874946
8,512,6,32,2,True,4,0.027168000116944313,5,False,32,512,512,3.878787878787879,1,1,3.0517578125e-05,1.4538059822803266,1.387404273594105,0.8791593195778141,6.786292527843521,1.002907812023399
8,512,2,6,1,False,4,0.023914000019431114,6,False,32,288,288,2.1818181818181817,5,6,3.0517578125e-05,1.6516267067204695,1.5761896561272295,0.9376097995977951,2.7238438129126625,1.0
8,512,6,11,3,True,4,0.02718299999833107,7,False,32,176,176,1.3333333333333333,2,3,3.0517578125e-05,1.4530037559883462,1.386638688502663,0.6419085428417978,7.068719361053031,1.0765184124559521
8,512,6,11,2,True,4,0.027401000261306763,8,False,32,176,176,1.3333333333333333,2,3,3.0517578125e-05,1.4414437692035784,1.375606697120483,0.6075325611115643,6.728586344726324,1.0679537142779454
8,512,1,16,3,True,4,0.0176170002669096,9,False,32,1536,1536,11.636363636363637,2,2,3.0517578125e-05,2.241982204586461,2.1395810237940043,1.0,1.9295566583192845,1.1764204691133642
8,512,3,16,1,False,4,0.02282699942588806,10,True,32,512,512,3.878787878787879,2,2,3.0517578125e-05,1.730275642440012,1.651246349290486,0.9079160748067425,4.747141610320297,1.0
8,512,1,4,2,True,4,0.016963999718427658,11,False,32,384,384,2.909090909090909,8,8,3.0517578125e-05,2.328283527009343,2.221940585527629,1.0,2.3441994589501065,1.1599858929112978
8,512,6,8,1,False,4,0.029400999657809734,12,False,32,128,128,0.9696969696969697,4,4,3.0517578125e-05,1.3433897335567206,1.2820312202289816,0.6872215452061119,6.394068272429706,1.0
8,512,1,6,2,True,4,0.017558999359607697,13,True,32,576,576,4.363636363636363,5,6,3.0517578125e-05,2.2493879228371187,2.146648490344032,1.0,2.2647645316877756,1.276952080616821
8,512,6,1,2,True,4,0.1843699961900711,14,False,32,16,16,0.12121212121212122,32,32,3.0517578125e-05,0.21422683686497407,0.20444215569866986,0.21569127180851705,1.0,1.0196452946493135
8,512,2,32,1,False,4,0.024946000427007675,15,False,32,1536,1536,11.636363636363637,1,1,3.0517578125e-05,1.5832999447015563,1.510983677625754,1.0649803379163492,2.611160101015607,1.0
8,512,2,11,3,True,4,0.016845999285578728,16,True,32,528,528,4.0,2,3,3.0517578125e-05,2.3445923525841685,2.2375045153611843,1.0357948865600848,3.690431149407787,1.0731924706497378
8,512,2,2,2,True,4,0.03748200088739395,17,False,32,96,96,0.7272727272727273,16,16,3.0517578125e-05,1.053759142028354,1.005629330741804,0.6728296074799199,1.8769542070176826,0.9442132274935601
8,512,2,11,1,False,4,0.01807899959385395,18,True,32,528,528,4.0,2,3,3.0517578125e-05,2.1846895283981014,2.0849051559284075,1.1117318726420085,3.602964901723032,1.0
8,512,6,6,3,True,4,0.039111001417040825,19,False,32,96,96,0.7272727272727273,5,6,3.0517578125e-05,1.0098693376692025,0.9637441666433703,0.460330841313507,4.912914305896224,1.0555086426950866
8,512,3,6,1,False,4,0.029823999851942062,20,False,32,192,192,1.4545454545454546,5,6,3.0517578125e-05,1.3243361484939893,1.2638478961365476,0.7518106517272,3.633416019023163,1.0
8,512,1,6,3,True,4,0.018004000186920166,21,True,32,576,576,4.363636363636363,5,6,3.0517578125e-05,2.193790306961931,2.0935902619373166,1.0,1.888080416113515,1.2453899429577862
8,512,1,6,1,False,4,0.022422000765800476,22,True,32,576,576,4.363636363636363,5,6,3.0517578125e-05,1.7615288443326478,1.6810720800949017,1.0,1.6810720800949017,1.0
8,512,6,16,1,False,4,0.020685000345110893,23,True,32,256,256,1.9393939393939394,2,2,3.0517578125e-05,1.9094513143646994,1.8222382808015183,1.0019337380995796,9.088324677458932,1.0
8,512,3,11,1,False,4,0.021933000534772873,24,False,32,352,352,2.6666666666666665,2,3,3.0517578125e-05,1.8008024498967745,1.7185518874854673,0.9163816889578852,4.94063722114038,1.0
8,512,3,1,1,False,4,0.10836299881339073,25,False,32,32,32,0.24242424242424243,32,32,3.0517578125e-05,0.3644878928149919,0.34784012882629683,0.34784012882629683,1.0,1.0
8,512,6,2,3,True,4,0.0960800014436245,26,False,32,32,32,0.24242424242424243,16,16,3.0517578125e-05,0.4110845181427412,0.3923084814832176,0.24676311128269365,1.9998854651605296,1.0794858215445617
8,512,1,2,3,True,4,0.02370900008827448,27,False,32,192,192,1.4545454545454546,16,16,3.0517578125e-05,1.665907501351771,1.5898181841036447,1.0,1.4337593335047312,1.1848243011987307
8,512,6,8,2,True,4,0.028149999678134918,28,False,32,128,128,0.9696969696969697,4,4,3.0517578125e-05,1.4030906411443034,1.339005324981625,0.5728596652029297,6.549555889809749,1.0444404971217998
8,512,2,16,1,False,4,0.01906299963593483,29,False,32,768,768,5.818181818181818,2,2,3.0517578125e-05,2.0719195221591558,1.9772858514984313,1.0871846044260662,3.4169859014282267,1.0
8,512,1,32,3,True,4,0.02500399947166443,30,False,32,3072,3072,23.272727272727273,1,1,3.0517578125e-05,1.579627336873283,1.5074788139381046,1.0,1.3595025149136766,1.0625100194280062
8,512,3,2,3,True,4,0.05046899989247322,31,False,32,64,64,0.48484848484848486,16,16,3.0517578125e-05,0.7825992427184337,0.7468544957807871,0.4697735270916347,1.8794111370745772,1.147972023821958
8,512,1,8,2,True,4,0.01612599939107895,32,False,32,768,768,5.818181818181818,4,4,3.0517578125e-05,2.4492746240866383,2.3374054874456833,1.0,2.466017640033358,1.2529456268379848
8,512,1,11,3,True,4,0.017448999918997288,33,False,32,1056,1056,8.0,2,3,3.0517578125e-05,2.2635681861402612,2.1601810786998805,1.0,1.9481345820638554,1.1518711769885983
8,512,3,32,1,False,4,0.027955999597907066,34,False,32,1024,1024,7.757575757575758,1,1,3.0517578125e-05,1.4128273595898608,1.3482973247029086,0.9503147927647335,3.8761983249385707,1.0
8,512,3,1,2,True,4,0.10014700144529343,35,False,32,32,32,0.24242424242424243,32,32,3.0517578125e-05,0.39439025159611985,0.37637671546106116,0.39708626706403294,1.0,1.08203937461458
8,512,1,4,1,False,4,0.01967800036072731,36,False,32,384,384,2.909090909090909,8,8,3.0517578125e-05,2.0071653812667387,1.9154893168149394,1.0,1.9154893168149394,1.0
8,512,1,1,2,True,4,0.03976699896156788,37,False,32,96,96,0.7272727272727273,32,32,3.0517578125e-05,0.9932105043877574,0.9478462154934403,1.0,1.0,0.9478462154934403
8,512,1,32,2,True,4,0.023885000497102737,38,False,32,3072,3072,23.272727272727273,1,1,3.0517578125e-05,1.6536319980984409,1.5781033570347158,1.0,1.6649360742693573,1.1122880222522338
8,512,3,8,3,True,4,0.02005899976938963,39,False,32,256,256,1.9393939393939394,4,4,3.0517578125e-05,1.969041405388485,1.879106630469872,0.8265616785665386,4.728650559120877,1.1003539898692494
8,512,6,11,1,False,4,0.02926300000399351,40,False,32,176,176,1.3333333333333333,2,3,3.0517578125e-05,1.3497249458775966,1.2880770755599131,0.6868400393406848,6.4242216814428685,1.0
8,512,1,2,2,True,4,0.025218999944627285,41,False,32,192,192,1.4545454545454546,16,16,3.0517578125e-05,1.5661604815150805,1.4946270490509237,1.0,1.5768666104478077,1.1138823713624308
8,512,1,2,1,False,4,0.028090999461710453,42,False,32,192,192,1.4545454545454546,16,16,3.0517578125e-05,1.4060375868947916,1.3418176707678655,1.0,1.3418176707678655,1.0
8,512,2,4,3,True,4,0.024132000282406807,43,False,32,192,192,1.4545454545454546,8,8,3.0517578125e-05,1.636706474158346,1.5619508961606217,0.6957981035321021,2.5762058585638568,1.0288413601693578
8,512,2,1,1,False,4,0.06513800099492073,45,False,32,48,48,0.36363636363636365,32,32,3.0517578125e-05,0.6063588150285133,0.5786637429999253,0.5786637429999253,1.0,1.0
8,512,2,2,3,True,4,0.03618599846959114,46,False,32,96,96,0.7272727272727273,16,16,3.0517578125e-05,1.0914995514023886,1.0416459697506744,0.6551981730778634,1.718040212670785,0.9780302472665916
8,512,1,32,1,False,4,0.026566999964416027,47,False,32,3072,3072,23.272727272727273,1,1,3.0517578125e-05,1.4866940621639153,1.4187902103263401,1.0,1.4187902103263401,1.0
8,512,1,1,1,False,4,0.037692999467253685,48,False,32,96,96,0.7272727272727273,32,32,3.0517578125e-05,1.0478603893256047,1.0,1.0,1.0,1.0
8,512,6,8,3,True,4,0.027885000221431255,49,False,32,128,128,0.9696969696969697,4,4,3.0517578125e-05,1.4164246291183638,1.3517302911220495,0.5945849161948294,6.8907655317868555,1.0543661260297694
8,512,2,8,3,True,4,0.017323000356554985,50,False,32,384,384,2.909090909090909,4,4,3.0517578125e-05,2.280032343338299,2.1758932454787336,0.9571090560809615,3.5888125166998828,1.0384459929152174
8,512,3,4,3,True,4,0.026187999173998833,51,False,32,128,128,0.9696969696969697,8,8,3.0517578125e-05,1.5082099565598532,1.4393233792628868,0.6411715503491393,3.6219643908155117,1.1892088487738783
8,512,3,32,2,True,4,0.026588999666273594,52,False,32,1024,1024,7.757575757575758,1,1,3.0517578125e-05,1.4854639735358535,1.41761630525216,0.8983038398168585,3.7664824815626043,1.05141223621765
8,512,6,4,1,False,4,0.05406400002539158,53,False,32,64,64,0.48484848484848486,8,8,3.0517578125e-05,0.7305600968862123,0.6971922064507042,0.36397603491205577,3.477212174486275,1.0
8,512,1,4,3,True,4,0.01679100003093481,54,False,32,384,384,2.909090909090909,8,8,3.0517578125e-05,2.3522721114787184,2.244833505914489,1.0,2.024477404681151,1.171937366712742
8,512,1,16,1,False,4,0.020724999718368053,55,False,32,1536,1536,11.636363636363637,2,2,3.0517578125e-05,1.905766061921875,1.8187213500344377,1.0,1.8187213500344377,1.0
8,512,2,2,1,False,4,0.03539100103080273,56,False,32,96,96,0.7272727272727273,16,16,3.0517578125e-05,1.1160181951968482,1.0650447393236322,0.7937328316105362,1.8405244016191449,1.0
8,512,1,1,3,True,4,0.03399300016462803,57,False,32,96,96,0.7272727272727273,32,32,3.0517578125e-05,1.1619157151567194,1.1088459178273928,1.0,1.0,1.1088459178273928
8,512,2,11,2,True,4,0.017011999152600765,58,True,32,528,528,4.0,2,3,3.0517578125e-05,2.321714264285513,2.2156713699042974,0.9785445976362734,4.135433973512708,1.0627204616977697
8,512,2,4,1,False,4,0.024827999994158745,59,False,32,192,192,1.4545454545454546,8,8,3.0517578125e-05,1.5908249196833684,1.5181649539278907,0.7925729162782718,2.6235702034092827,1.0
8,512,6,2,1,False,4,0.10371699929237366,60,False,32,32,32,0.24242424242424243,16,16,3.0517578125e-05,0.3808151158062908,0.36342161578545845,0.27084277074506524,1.812547609093247,1.0
8,512,2,4,2,True,4,0.02475500013679266,61,False,32,192,192,1.4545454545454546,8,8,3.0517578125e-05,1.5955160928439251,1.5226418605925047,0.6852756867173085,2.841930877167413,1.0029488934341628
8,512,2,16,2,True,4,0.018411999568343163,62,False,32,768,768,5.818181818181818,2,2,3.0517578125e-05,2.145177168291693,2.047197498964832,0.9362916061490761,3.8209863622848945,1.0353573801245883
8,512,3,8,2,True,4,0.02075899951159954,63,False,32,256,256,1.9393939393939394,4,4,3.0517578125e-05,1.9026447336508896,1.815742586543822,0.7768196816069193,4.824269174886493,1.0632497205224667
8,512,3,8,1,False,4,0.022072000429034233,64,False,32,256,256,1.9393939393939394,4,4,3.0517578125e-05,1.7894617764074798,1.7077291923966746,0.9154131942144245,4.909523228843657,1.0
8,512,2,1,3,True,4,0.06216900050640106,65,False,32,48,48,0.36363636363636365,32,32,3.0517578125e-05,0.63531664937318,0.6062989457804252,0.546783765023342,1.0,1.0477569281206953
8,512,3,2,2,True,4,0.05244800075888634,66,False,32,64,64,0.48484848484848486,16,16,3.0517578125e-05,0.7530697171505479,0.7186737134278146,0.4808381555011779,1.909453172594484,1.1046560232711313
8,512,3,6,3,True,4,0.02675599977374077,67,False,32,192,192,1.4545454545454546,5,6,3.0517578125e-05,1.476192309411287,1.4087681187771146,0.6728958117494788,3.5450740498219293,1.1146658732301356
8,512,2,16,3,True,4,0.01838099956512451,68,False,32,768,768,5.818181818181818,2,2,3.0517578125e-05,2.1487950618064606,2.050650147382143,0.9584353780376287,3.382242640621048,1.0371035355500646
8,512,2,8,2,True,4,0.017613000236451626,69,False,32,384,384,2.909090909090909,4,4,3.0517578125e-05,2.2424913737787726,2.140066936991505,0.9155736770902211,3.9943222794850732,1.0213478716876196
8,512,6,2,2,True,4,0.09800499677658081,70,False,32,32,32,0.24242424242424243,16,16,3.0517578125e-05,0.40301007495206026,0.38460283360022285,0.2573236138369385,1.8812305724612606,1.0582827682634828
8,512,3,6,2,True,4,0.02756199985742569,71,False,32,192,192,1.4545454545454546,5,6,3.0517578125e-05,1.4330237755213204,1.3675712815555554,0.6370727614265259,3.633517232542618,1.0820695162258682
8,512,6,6,2,True,4,0.0394739992916584,72,False,32,96,96,0.7272727272727273,5,6,3.0517578125e-05,1.000582707740807,0.9548816979185315,0.44482443316348347,4.670669288607702,1.0458023195250459
8,512,2,32,3,True,4,0.024821000173687935,73,False,32,1536,1536,11.636363636363637,1,1,3.0517578125e-05,1.5912735514371394,1.5185930946977313,1.007372760835419,2.504693609095766,1.005036068347167
8,512,6,1,3,True,4,0.19214899837970734,74,False,32,16,16,0.12121212121212122,32,32,3.0517578125e-05,0.20555403062032038,0.19616547463218212,0.17690958813875346,1.0,0.9783657509274403
8,512,1,8,3,True,4,0.016580000519752502,75,False,32,768,768,5.818181818181818,4,4,3.0517578125e-05,2.3822074703527116,2.273401585382842,1.0,2.050241200181546,1.2186368987970324
8,512,1,16,2,True,4,0.017239000648260117,76,False,32,1536,1536,11.636363636363637,2,2,3.0517578125e-05,2.2911421550757107,2.1864956232864885,1.0,2.3068041920157043,1.2022158442496358
8,512,6,16,3,True,4,0.020452000200748444,77,True,32,256,256,1.9393939393939394,2,2,3.0517578125e-05,1.9312048068120427,1.8429981956422192,0.861382754448873,9.395120110192236,1.0113925357948081
8,512,3,32,3,True,4,0.027587000280618668,78,False,32,1024,1024,7.757575757575758,1,1,3.0517578125e-05,1.4317251130908566,1.3663319347459106,0.9063689135216004,3.438286131514211,1.0133758405602236
8,512,2,32,2,True,4,0.024553999304771423,79,False,32,1536,1536,11.636363636363637,1,1,3.0517578125e-05,1.6085771041351724,1.5351063180949527,0.9727539779013237,2.8651951309359016,1.0159648584074072
8,512,3,4,2,True,4,0.02855600044131279,80,False,32,128,128,0.9696969696969697,8,8,3.0517578125e-05,1.3831419136506526,1.319967743547242,0.5940607737869814,3.50703879736631,1.0905939160985216
8,512,6,32,3,True,4,0.02717799972742796,81,False,32,512,512,3.878787878787879,1,1,3.0517578125e-05,1.4532710829614879,1.3868938054780395,0.9200088204589414,7.070019880300135,1.0025388118183869
8,512,2,6,2,True,4,0.023160000331699848,82,False,32,288,288,2.1818181818181817,5,6,3.0517578125e-05,1.7053972595391296,1.6275042714771488,0.7581605832524156,3.0376510468672797,1.0325561173114166
8,512,3,1,3,True,4,0.09485200047492981,83,False,32,32,32,0.24242424242424243,32,32,3.0517578125e-05,0.4164066218829581,0.39738750135497947,0.3583793699070445,1.0,1.142442945544749
8,512,3,16,3,True,4,0.021315000019967556,84,True,32,512,512,3.878787878787879,2,2,3.0517578125e-05,1.853014358883701,1.768379049117686,0.8265071663338621,4.450011746942245,1.070935932653253
8,512,6,4,3,True,4,0.05044800043106079,85,False,32,64,64,0.48484848484848486,8,8,3.0517578125e-05,0.7829250071185772,0.7471653810890418,0.33283777131821873,3.808852615323904,1.07167775855204
8,512,3,2,1,False,4,0.05793699994683266,86,False,32,64,64,0.48484848484848486,16,16,3.0517578125e-05,0.6817232706707573,0.6505859727262995,0.4848542293782706,1.8703591644861273,1.0
8,512,1,8,1,False,4,0.020205000415444374,87,False,32,768,768,5.818181818181818,4,4,3.0517578125e-05,1.9548131791383379,1.8655282698456055,1.0,1.8655282698456055,1.0
8,512,3,16,2,True,4,0.02091600000858307,88,True,32,512,512,3.878787878787879,2,2,3.0517578125e-05,1.8883630273665282,1.8021131885535486,0.8242015988327567,4.788057056999293,1.0913654339510803
8,512,2,1,2,True,4,0.07035199925303459,89,False,32,48,48,0.36363636363636365,32,32,3.0517578125e-05,0.561419739537858,0.5357772325941088,0.5652575532151995,1.0,0.9258869923602212
8,512,6,4,2,True,4,0.05129699967801571,90,False,32,64,64,0.48484848484848486,8,8,3.0517578125e-05,0.7699670808141521,0.7347993002290099,0.3307015970701674,3.594167248520118,1.0539407833741536
8,512,6,32,1,False,4,0.02724699955433607,91,False,32,512,512,3.878787878787879,1,1,3.0517578125e-05,1.4495908445934087,1.3833816597708735,0.9750431386559101,6.899548653598481,1.0
8,512,6,1,1,False,4,0.18799199908971786,92,False,32,16,16,0.12121212121212122,32,32,3.0517578125e-05,0.2100993727810543,0.2005032110396622,0.2005032110396622,1.0,1.0
8,512,1,11,2,True,4,0.01664699986577034,93,False,32,1056,1056,8.0,2,3,3.0517578125e-05,2.3726197762408963,2.264251803399017,1.0,2.3888387867015615,1.2073647045133369
8,512,3,11,3,True,4,0.02032600063830614,94,False,32,352,352,2.6666666666666665,2,3,3.0517578125e-05,1.9431762204203946,1.8544228221767298,0.8584571175361034,4.666535348629915,1.0790612932205759
8,512,2,6,3,True,4,0.02271299995481968,95,False,32,288,288,2.1818181818181817,5,6,3.0517578125e-05,1.738960118662133,1.6595341673152808,0.7926738089522927,2.7371549610384625,1.0528772098357964
8,512,2,8,1,False,4,0.01798900030553341,96,False,32,384,384,2.909090909090909,4,4,3.0517578125e-05,2.195619568946085,2.09533597348705,1.1231863957014512,3.6209905991765594,1.0
8,2048,1,11,3,True,4,0.05236800014972687,0,False,128,1056,1056,8.0,11,12,3.0517578125e-05,2.9087037827972515,2.778356894305274,1.0,2.480197800052755,1.2476512061808178
8,2048,6,16,2,True,4,0.0642549991607666,1,False,128,256,256,1.9393939393939394,8,8,3.0517578125e-05,2.370601542642994,2.264368471827981,0.7805307125563533,11.378460974750004,1.0885378981837073
8,2048,1,1,3,True,4,0.12988299876451492,2,False,128,96,96,0.7272727272727273,128,128,3.0517578125e-05,1.1727708905859773,1.1202158530445343,1.0,1.0,1.1202158530445343
8,2048,2,16,3,True,4,0.05386799946427345,3,False,128,768,768,5.818181818181818,8,8,3.0517578125e-05,2.8277085031543048,2.7009912323451024,0.9268211222329944,4.4995916689539985,1.1092856602947108
8,2048,6,32,1,False,4,0.07364800199866295,4,False,128,512,512,3.878787878787879,4,4,3.0517578125e-05,2.0682570606029875,1.975572864279668,0.9783565131247334,10.144307953546166,1.0
8,2048,6,8,3,True,4,0.09784800186753273,5,False,128,128,128,0.9696969696969697,16,16,3.0517578125e-05,1.5567308194934164,1.486969498405783,0.5137458023953744,7.788365686531721,1.067042736405525
8,2048,6,33,2,True,4,0.07115199789404869,6,True,128,528,528,4.0,3,4,3.0517578125e-05,2.1408112862812274,2.0448757387477796,0.7856560874010764,10.275509079479127,1.057089112148718
8,2048,3,1,3,True,4,0.3728660047054291,7,False,128,32,32,0.24242424242424243,128,128,3.0517578125e-05,0.40851940968277733,0.3902125493363723,0.34833692834809343,1.0,1.1475301900912511
8,2048,6,1,1,False,4,0.7471080124378204,8,False,128,16,16,0.12121212121212122,128,128,3.0517578125e-05,0.2038835049245506,0.19474693328775208,0.19474693328775208,1.0,1.0
8,2048,6,11,2,True,4,0.09276200085878372,9,False,128,176,176,1.3333333333333333,11,12,3.0517578125e-05,1.642084029266753,1.568497799853096,0.5737263063033395,7.881707958158454,1.0743300264531672
8,2048,3,4,1,False,4,0.11337999999523163,10,False,128,128,128,0.9696969696969697,32,32,3.0517578125e-05,1.3434732769398814,1.2832686034846743,0.594805089578479,3.773813699737002,1.0
8,2048,6,2,1,False,4,0.40546900033950806,11,False,128,32,32,0.24242424242424243,64,64,3.0517578125e-05,0.37567113640128885,0.35883629607971373,0.2537259242403061,1.8425773901636144,1.0
8,2048,2,1,1,False,4,0.2550870031118393,12,False,128,48,48,0.36363636363636365,128,128,3.0517578125e-05,0.5971413606919584,0.5703818402428844,0.5703818402428844,1.0,1.0
8,2048,2,4,3,True,4,0.08270400017499924,13,False,128,192,192,1.4545454545454546,32,32,3.0517578125e-05,1.8417851592513852,1.7592497817409787,0.6558207480615689,2.9307409689952824,1.0355000741868967
8,2048,1,17,3,True,4,0.053516000509262085,14,False,128,1632,1632,12.363636363636363,7,8,3.0517578125e-05,2.8463076217116567,2.7187568740640833,1.0,2.42699375006613,1.3328910496692374
8,2048,2,33,2,True,4,0.05820699967443943,15,False,128,1584,1584,12.0,3,4,3.0517578125e-05,2.616918944199206,2.4996477239981445,0.960382781948403,4.7330048069346065,1.1017060193803803
8,2048,2,32,3,True,4,0.057777998968958855,16,False,128,1536,1536,11.636363636363637,4,4,3.0517578125e-05,2.6363495249268305,2.518207567817316,0.9751982046547948,4.1950916601124195,1.1045380836276686
8,2048,6,33,1,False,4,0.07521400228142738,17,True,128,528,528,4.0,3,4,3.0517578125e-05,2.025194717907609,1.9344402617024528,0.9523492819873893,9.933097425694418,1.0
8,2048,2,6,2,True,4,0.07228900119662285,18,False,128,288,288,2.1818181818181817,21,22,3.0517578125e-05,2.1071393657622384,2.0127127481154146,0.7600879642396049,3.8110086554804035,1.0747554835417863
8,2048,6,33,3,True,4,0.07009200006723404,19,True,128,528,528,4.0,3,4,3.0517578125e-05,2.1731866687628467,2.075800292721121,0.802530940711802,10.872510693228627,1.0730754181544282
8,2048,1,33,3,True,4,0.05625099875032902,20,False,128,3168,3168,24.0,3,4,3.0517578125e-05,2.707916366234237,2.5865673052804636,1.0,2.3089900917315753,1.2733996312855913
8,2048,3,16,1,False,4,0.07435199990868568,21,False,128,512,512,3.878787878787879,8,8,3.0517578125e-05,2.048673879924021,1.956867258925964,0.8957257414343299,5.754720757796357,1.0
8,2048,6,8,2,True,4,0.09929599985480309,22,False,128,128,128,0.9696969696969697,16,16,3.0517578125e-05,1.5340295717428087,1.4652855550045139,0.5011581504963109,7.363065999158794,1.0514824345111289
8,2048,3,32,3,True,4,0.06641900166869164,23,False,128,1024,1024,7.757575757575758,4,4,3.0517578125e-05,2.2933647948044826,2.190592911690167,0.8483265247516506,5.613845365597981,1.1006639383730579
8,2048,6,8,1,False,4,0.10440799966454506,24,False,128,128,128,0.9696969696969697,16,16,3.0517578125e-05,1.4589207783162186,1.393542589882423,0.6437341832243549,7.155658712342172,1.0
8,2048,1,8,3,True,4,0.050269000232219696,25,False,128,768,768,5.818181818181818,16,16,3.0517578125e-05,3.0301577399465924,2.894368170937237,1.0,2.5837593380515846,1.337026757557554
8,2048,3,2,1,False,4,0.2219260036945343,26,False,128,64,64,0.48484848484848486,64,64,3.0517578125e-05,0.6863684182890959,0.6556103919090065,0.4635689155360949,1.92800748959156,1.0
8,2048,6,1,2,True,4,0.7311230003833771,27,False,128,16,16,0.12121212121212122,128,128,3.0517578125e-05,0.20834114102984636,0.19900481065522407,0.21015342679035662,1.0,1.021863642705894
8,2048,3,11,1,False,4,0.07265400141477585,28,False,128,352,352,2.6666666666666665,11,12,1.52587890625e-05,2.096553488684509,2.0026012528386787,0.89928974701724,5.88921448132612,1.0
8,2048,6,2,3,True,4,0.37348900735378265,29,False,128,32,32,0.24242424242424243,64,64,3.0517578125e-05,0.40783797416760803,0.38956165079084404,0.22521144811512317,2.040424229993246,1.0856249912475544
8,2048,1,4,3,True,4,0.054238999262452126,30,False,128,384,384,2.909090909090909,32,32,3.0517578125e-05,2.8083667140681516,2.682516201173646,1.0,2.394642241388636,1.2433673550510638
8,2048,1,16,1,False,4,0.06659900024533272,31,False,128,1536,1536,11.636363636363637,8,8,3.0517578125e-05,2.2871664675433685,2.184672348248497,1.0,2.184672348248497,1.0
8,2048,3,4,3,True,4,0.09204699844121933,32,False,128,128,128,0.9696969696969697,32,32,3.0517578125e-05,1.654839405005804,1.580681572684706,0.589253318206664,4.050821982463003,1.231762055420367
8,2048,2,11,2,True,4,0.05168299935758114,33,True,128,528,528,4.0,11,12,3.0517578125e-05,2.9472554229903456,2.815180931166894,1.029739000823113,5.330457068683108,1.1151249000841494
8,2048,2,6,1,False,4,0.07769300043582916,34,False,128,288,288,2.1818181818181817,21,22,3.0517578125e-05,1.9605755895455388,1.8727168913645842,0.9661616789310244,3.283268784586707,1.0
8,2048,6,6,1,False,4,0.1411070004105568,35,False,128,96,96,0.7272727272727273,21,22,3.0517578125e-05,1.0794857780963902,1.03111109890823,0.5319651011209057,5.294620467192117,1.0
8,2048,2,6,3,True,4,0.07069999724626541,36,False,128,288,288,2.1818181818181817,21,22,3.0517578125e-05,2.154497964157753,2.0579490795476496,0.7923904066446957,3.4283452765688294,1.0989109400557033
8,2048,1,8,1,False,4,0.06721099838614464,37,False,128,768,768,5.818181818181818,16,16,3.0517578125e-05,2.2663403875940418,2.164779541304464,1.0,2.164779541304464,1.0
8,2048,2,16,2,True,4,0.054276999086141586,38,False,128,768,768,5.818181818181818,8,8,3.0517578125e-05,2.8064005508353507,2.6806381470364427,0.9240194027798874,5.07570451378739,1.1009267343547517
8,2048,6,11,1,False,4,0.09965700283646584,39,False,128,176,176,1.3333333333333333,11,12,3.0517578125e-05,1.5284726190591449,1.4599776244096914,0.6556187391998938,7.496793914862184,1.0
8,2048,3,17,1,False,4,0.08160100132226944,40,True,128,544,544,4.121212121212121,7,8,3.0517578125e-05,1.8666805267678455,1.7830295204633255,0.8741436616835129,5.2435017993022655,1.0
8,2048,1,1,2,True,4,0.1536480039358139,41,False,128,96,96,0.7272727272727273,128,128,3.0517578125e-05,0.9913763682648956,0.9469501101866205,1.0,1.0,0.9469501101866205
8,2048,2,1,3,True,4,0.24238400161266327,42,False,128,48,48,0.36363636363636365,128,128,3.0517578125e-05,0.6284366918591194,0.6002747429241709,0.5358563184878503,1.0,1.0524085806598564
8,2048,1,1,1,False,4,0.14549699425697327,43,False,128,96,96,0.7272727272727273,128,128,3.0517578125e-05,1.0469150989058122,1.0,1.0,1.0,1.0
8,2048,1,11,1,False,4,0.06533699855208397,44,False,128,1056,1056,8.0,11,12,3.0517578125e-05,2.3313437027813873,2.2268698820162216,1.0,2.2268698820162216,1.0
8,2048,2,11,3,True,4,0.050877999514341354,45,True,128,528,528,4.0,11,12,3.0517578125e-05,2.9938873695319166,2.859723173981339,1.0292857551320491,4.764023820243575,1.1327685845514894
8,2048,6,32,2,True,4,0.07043099775910378,46,False,128,512,512,3.878787878787879,4,4,3.0517578125e-05,2.1627267109580113,2.065809073933879,0.7879627118692478,10.38069917572442,1.04567597140342
8,2048,6,6,3,True,4,0.13236799836158752,47,False,128,96,96,0.7272727272727273,21,22,3.0517578125e-05,1.1507539739094588,1.0991855739898815,0.4232291812308948,5.757252732333633,1.0660205046320719
8,2048,6,16,3,True,4,0.06612500175833702,48,False,128,256,256,1.9393939393939394,8,8,3.0517578125e-05,2.3035613774306287,2.200332557853264,0.7550245502962063,11.524778827619485,1.057754251408216
8,2048,3,17,3,True,4,0.07319099828600883,49,True,128,544,544,4.121212121212121,7,8,3.0517578125e-05,2.081171232803851,1.9879083174738774,0.731182819779795,5.094424361427326,1.1149048822014531
8,2048,3,6,3,True,4,0.08231800049543381,50,False,128,192,192,1.4545454545454546,21,22,3.0517578125e-05,1.850421526473872,1.7674991299751506,0.6805558836533532,4.529580437587427,1.1962268300729464
8,2048,2,17,2,True,4,0.05962900072336197,51,False,128,816,816,6.181818181818182,7,8,3.0517578125e-05,2.554512037518669,2.440037439701202,0.9051300474843467,4.620134597500097,1.1112545386141588
8,2048,3,6,2,True,4,0.08253699913620949,52,False,128,192,192,1.4545454545454546,21,22,3.0517578125e-05,1.8455117308258489,1.762809355557765,0.6657135627838725,4.779565601998605,1.1930528347425242
8,2048,3,11,2,True,4,0.06471999734640121,53,False,128,352,352,2.6666666666666665,11,12,1.52587890625e-05,2.35356931981561,2.248099509000732,0.8223115312129493,6.09534947679585,1.1225896846983694
8,2048,1,16,3,True,4,0.04992599971592426,54,False,128,1536,1536,11.636363636363637,8,8,3.0517578125e-05,3.0509754636811617,2.9142529961311108,1.0,2.601510225204119,1.3339542647974354
8,2048,1,6,3,True,4,0.056021999567747116,55,True,128,576,576,4.363636363636363,21,22,3.0517578125e-05,2.7189854219472145,2.597140326650149,1.0,2.318428470362756,1.3399021870237782
8,2048,6,4,3,True,4,0.1901800036430359,56,False,128,64,64,0.48484848484848486,32,32,3.0517578125e-05,0.8009411989440531,0.765048856188205,0.2851982239113722,4.007130116955857,1.080092525412207
8,2048,3,1,1,False,4,0.42787499725818634,57,False,128,32,32,0.24242424242424243,128,128,3.0517578125e-05,0.3559988340265733,0.34004556281464177,0.34004556281464177,1.0,1.0
8,2048,2,2,2,True,4,0.13921600580215454,58,False,128,96,96,0.7272727272727273,64,64,3.0517578125e-05,1.0941486164278402,1.0451168557712027,0.6376924672586771,1.9788960879101682,0.9456312506502453
8,2048,6,32,3,True,4,0.07045900076627731,59,False,128,512,512,3.878787878787879,4,4,3.0517578125e-05,2.1618671635482736,2.064988045169812,0.7996849266991419,10.815878907631687,1.0452603811820156
8,2048,6,4,1,False,4,0.20541200041770935,60,False,128,64,64,0.48484848484848486,32,32,3.0517578125e-05,0.7415486915237949,0.7083178877626539,0.32831091132179796,3.63711959826379,1.0
8,2048,1,8,2,True,4,0.04976299963891506,61,False,128,768,768,5.818181818181818,16,16,3.0517578125e-05,3.060969017911046,2.923798712149849,1.0,3.0875953027489915,1.350621925403088
8,2048,6,17,3,True,4,0.09552400186657906,62,False,128,272,272,2.0606060606060606,7,8,3.0517578125e-05,1.594604467532581,1.5231459257767783,0.5602361653986118,7.977848554808202,1.0799275673543618
8,2048,2,17,3,True,4,0.05915500037372112,63,False,128,816,816,6.181818181818182,7,8,3.0517578125e-05,2.5749809681466114,2.459589102151515,0.9046741639957102,4.097438932995753,1.1201588583929663
8,2048,1,4,2,True,4,0.054930999875068665,64,False,128,384,384,2.909090909090909,32,32,3.0517578125e-05,2.7729879390411725,2.6487228448031486,1.0,2.797109178519606,1.227703868616089
8,2048,1,11,2,True,4,0.0532200001180172,65,False,128,1056,1056,8.0,11,12,3.0517578125e-05,2.862138290027359,2.7338781272891515,1.0,2.887035016818755,1.2276775348965974
8,2048,3,4,2,True,4,0.10206799954175949,66,False,128,128,128,0.9696969696969697,32,32,3.0517578125e-05,1.4923678412127304,1.4254907993709183,0.5381804299259781,3.864982205340624,1.1108280803411261
8,2048,2,4,1,False,4,0.08563999831676483,67,False,128,192,192,1.4545454545454546,32,32,3.0517578125e-05,1.7786431939153706,1.6989373787562403,0.7874708358135253,2.9785965451368255,1.0
8,2048,2,8,2,True,4,0.05487599968910217,69,False,128,384,384,2.909090909090909,16,16,3.0517578125e-05,2.77576720234743,2.6513775617989794,0.9068262978505246,5.020300510554039,1.062996583181858
8,2048,1,16,2,True,4,0.05015300028026104,70,False,128,1536,1536,11.636363636363637,8,8,3.0517578125e-05,3.0371662568906785,2.901062617269524,1.0,3.0635854899449733,1.3279165727507714
8,2048,3,33,1,False,4,0.07546800002455711,71,False,128,1056,1056,8.0,3,4,3.0517578125e-05,2.0183786516599356,1.9279296418300322,0.9491440219007659,5.669621523280818,1.0
8,2048,3,8,1,False,4,0.07366900146007538,72,False,128,256,256,1.9393939393939394,16,16,3.0517578125e-05,2.067667500768127,1.9750097242165658,0.9123375782766564,5.808073800078199,1.0
8,2048,1,2,2,True,4,0.08877699822187424,73,False,128,192,192,1.4545454545454546,64,64,3.0517578125e-05,1.7157935409389173,1.6389041888231302,1.0,1.7307186209631917,1.1588361729106764
8,2048,2,2,1,False,4,0.1316470056772232,74,False,128,96,96,0.7272727272727273,64,64,3.0517578125e-05,1.1570563215581864,1.10520549638408,0.7814685668899647,1.9376589828200927,1.0
8,2048,2,8,1,False,4,0.05833300016820431,75,False,128,384,384,2.909090909090909,16,16,3.0517578125e-05,2.6112663448444504,2.4942484329184156,1.1521951244122617,4.372945028993727,1.0
8,2048,1,32,3,True,4,0.056345000863075256,76,False,128,3072,3072,23.272727272727273,4,4,3.0517578125e-05,2.7033986653616306,2.5822520548104606,1.0,2.3051379319373044,1.2788002720794107
8,2048,2,33,3,True,4,0.05861000157892704,77,False,128,1584,1584,12.0,3,4,3.0517578125e-05,2.5989250303621323,2.4824601661380274,0.9597508485745172,4.135539926342731,1.0941306975575704
8,2048,2,1,2,True,4,0.2754940092563629,78,False,128,48,48,0.36363636363636365,128,128,3.0517578125e-05,0.5529085751962479,0.5281312455748539,0.5577181309697216,1.0,0.9259257716724659
8,2048,3,1,2,True,4,0.3944910019636154,79,False,128,32,32,0.24242424242424243,128,128,3.0517578125e-05,0.38612541065534006,0.3688220860114642,0.3894841787797865,1.0,1.084625492415287
8,2048,3,33,2,True,4,0.06853299960494041,80,False,128,1056,1056,8.0,3,4,3.0517578125e-05,2.2226226928794297,2.1230209548056127,0.815680046086559,5.756219693252377,1.1011921331270136
8,2048,3,8,2,True,4,0.06249000132083893,81,False,128,256,256,1.9393939393939394,16,16,3.0517578125e-05,2.43755795988824,2.3283243908086377,0.7963353910559174,6.31286595655843,1.1788926212665725
8,2048,2,32,1,False,4,0.06381800025701523,82,False,128,1536,1536,11.636363636363637,4,4,3.0517578125e-05,2.3868344278978464,2.2798739175626146,1.1290545323236558,3.9971011640058203,1.0
8,2048,3,6,1,False,4,0.09847100079059601,83,False,128,192,192,1.4545454545454546,21,22,3.0517578125e-05,1.5468818120063672,1.4775618515991384,0.7622954894293928,4.345187860617828,1.0
8,2048,3,17,2,True,4,0.07095500081777573,84,True,128,544,544,4.121212121212121,7,8,3.0517578125e-05,2.146754962687245,2.0505530629283455,0.7606511117488373,5.559735006933959,1.1500387623394497
8,2048,3,32,1,False,4,0.07310499995946884,85,False,128,1024,1024,7.757575757575758,4,4,3.0517578125e-05,2.0836194544489306,1.9902468276812841,0.9856234522120749,5.852882805490876,1.0
8,2048,3,2,3,True,4,0.19064299762248993,86,False,128,64,64,0.48484848484848486,64,64,3.0517578125e-05,0.798996039889525,0.7631908649752009,0.4412121150538521,1.9558337277290194,1.164092080287107
8,2048,3,16,2,True,4,0.06501000002026558,87,False,128,512,512,3.878787878787879,8,8,3.0517578125e-05,2.343070298193415,2.238070976951507,0.7714659323892761,6.0681587731216835,1.143700967320534
8,2048,6,17,1,False,4,0.10315900295972824,88,False,128,272,272,2.0606060606060606,7,8,3.0517578125e-05,1.476584648578876,1.4104148943139083,0.6914665326955163,7.242295786141714,1.0
8,2048,2,33,1,False,4,0.06412700191140175,89,False,128,1584,1584,12.0,3,4,3.0517578125e-05,2.375333254211509,2.26888814259542,1.1170021821241491,3.977840777029761,1.0
8,2048,2,17,1,False,4,0.06626299768686295,90,False,128,816,816,6.181818181818182,7,8,3.0517578125e-05,2.2987640983715494,2.195750257851962,1.076483113999408,3.8496145966304796,1.0
8,2048,2,8,3,True,4,0.0540350005030632,91,False,128,384,384,2.909090909090909,16,16,3.0517578125e-05,2.818969162855888,2.6926435255372145,0.9303044279488808,4.485685192117703,1.079541031278374
8,2048,2,2,3,True,4,0.13383400440216064,92,False,128,96,96,0.7272727272727273,64,64,3.0517578125e-05,1.138148714995622,1.0871451908422785,0.6284949821008817,1.811079349343224,0.9836588710417296
8,2048,3,2,2,True,4,0.19905799627304077,93,False,128,64,64,0.48484848484848486,64,64,3.0517578125e-05,0.7652191973443836,0.7309276541566319,0.4459855915564527,1.9817892742299392,1.1148811293675753
8,2048,6,17,2,True,4,0.09700499847531319,94,False,128,272,272,2.0606060606060606,7,8,3.0517578125e-05,1.5702592910385156,1.4998917225281005,0.5563837029482156,7.5369621346825815,1.063440076090318
8,2048,1,6,2,True,4,0.05494599975645542,95,True,128,576,576,4.363636363636363,21,22,3.0517578125e-05,2.7722309323371928,2.6479997616183026,1.0,2.796345586882552,1.3661413037343177
8,2048,6,4,2,True,4,0.19381999969482422,96,False,128,64,64,0.48484848484848486,32,32,3.0517578125e-05,0.7858992899229955,0.7506810158191256,0.2834124443378355,3.7721752220336064,1.0598080731665314
8,2048,2,4,2,True,4,0.08366799727082253,97,False,128,192,192,1.4545454545454546,32,32,3.0517578125e-05,1.8205646734914385,1.7389802433781012,0.6565353739406968,3.292704716770312,1.0235693587783534
8,2048,3,11,3,True,4,0.0640140026807785,98,False,128,352,352,2.6666666666666665,11,12,1.52587890625e-05,2.379526256038597,2.272893244662885,0.8180710150382678,5.82475691396485,1.1349704497792898
8,2048,6,16,1,False,4,0.06994400173425674,99,False,128,256,256,1.9393939393939394,8,8,3.0517578125e-05,2.1777850331150517,2.080192591921898,0.9521760064339336,10.681516554862867,1.0
8,2048,1,17,1,False,4,0.07133099809288979,100,False,128,1632,1632,12.363636363636363,7,8,3.0517578125e-05,2.135439068645543,2.0397442647234776,1.0,2.0397442647234776,1.0
8,2048,3,32,2,True,4,0.0645420029759407,101,False,128,1024,1024,7.757575757575758,4,4,3.0517578125e-05,2.36006000913574,2.2542993329663186,0.8598586569215697,6.112159272631648,1.13267324515355
8,2048,6,11,3,True,4,0.09151599928736687,102,False,128,176,176,1.3333333333333333,11,12,3.0517578125e-05,1.6644412050261541,1.5898530900602654,0.5722278132514027,8.327243609587978,1.0889571617257396
8,2048,6,2,2,True,4,0.38122400641441345,103,False,128,32,32,0.24242424242424243,64,64,3.0517578125e-05,0.39956298021655356,0.38165748171380703,0.2328735775505394,1.9178304306172218,1.0635977627776643
8,2048,1,4,1,False,4,0.0674390010535717,104,False,128,384,384,2.909090909090909,32,32,3.0517578125e-05,2.258678179589824,2.15746069757757,1.0,2.15746069757757,1.0
8,2048,2,11,1,False,4,0.05763299949467182,105,True,128,528,528,4.0,11,12,3.0517578125e-05,2.642982344639547,2.5245431529279414,1.1336734010889782,4.426058080413152,1.0
8,2048,1,17,2,True,4,0.05397200025618076,106,False,128,1632,1632,12.363636363636363,7,8,3.0517578125e-05,2.8222596792786803,2.695786585013796,1.0,2.8468095161660876,1.3216296923277566
8,2048,1,6,1,False,4,0.07506399974226952,107,True,128,576,576,4.363636363636363,21,22,3.0517578125e-05,2.0292417224772863,1.9383059090447323,1.0,1.9383059090447323,1.0
8,2048,3,16,3,True,4,0.06428999826312065,108,False,128,512,512,3.878787878787879,8,8,3.0517578125e-05,2.3693110009059715,2.263135762758859,0.7765749115685362,5.799751357581233,1.156509595853217
8,2048,1,33,2,True,4,0.055901000276207924,109,False,128,3168,3168,24.0,3,4,3.0517578125e-05,2.72487074257002,2.60276191012808,1.0,2.7485734276065927,1.2813724390295347
8,2048,1,2,1,False,4,0.10287799686193466,110,False,128,192,192,1.4545454545454546,64,64,3.0517578125e-05,1.4806178656205717,1.4142673719846486,1.0,1.4142673719846486,1.0
8,2048,2,16,1,False,4,0.0597549993544817,111,False,128,768,768,5.818181818181818,8,8,3.0517578125e-05,2.5491256259483692,2.434892407810909,1.114534364735755,4.2688813633583855,1.0
8,2048,1,2,3,True,4,0.08411400020122528,112,False,128,192,192,1.4545454545454546,64,64,3.0517578125e-05,1.810911379421219,1.7297595395404084,1.0,1.5441305663004592,1.2230781631573866
8,2048,3,33,3,True,4,0.07025599852204323,113,False,128,1056,1056,8.0,3,4,3.0517578125e-05,2.168113802912435,2.070954755718442,0.8006575941366764,5.3072479581717165,1.0741858576087078
8,2048,3,8,3,True,4,0.06303799897432327,114,False,128,256,256,1.9393939393939394,16,16,3.0517578125e-05,2.4163679464997294,2.3080839592677633,0.7974396562412354,5.914940365688089,1.1686443519579728
8,2048,1,32,2,True,4,0.055496999993920326,115,False,128,3072,3072,23.272727272727273,4,4,3.0517578125e-05,2.744706923792718,2.6217091783864426,1.0,2.7685821567408326,1.2983404948359147
8,2048,2,32,2,True,4,0.0574599988758564,116,False,128,1536,1536,11.636363636363637,4,4,3.0517578125e-05,2.65093983837582,2.53214404983409,0.965837122862164,4.794535583816732,1.1106509137756064
8,2048,1,32,1,False,4,0.07205400243401527,117,False,128,3072,3072,23.272727272727273,4,4,3.0517578125e-05,2.1140116438712764,2.0192770608435624,1.0,2.0192770608435624,1.0
8,2048,6,6,2,True,4,0.13391800224781036,118,False,128,96,96,0.7272727272727273,21,22,3.0517578125e-05,1.1374348300922936,1.086463297053494,0.4102958439805565,5.459482579724126,1.0536820893537782
8,2048,1,33,1,False,4,0.07163000106811523,119,False,128,3168,3168,24.0,3,4,3.0517578125e-05,2.126525169086467,2.03122982112782,1.0,2.03122982112782,1.0
8,2048,6,1,3,True,4,0.7620760202407837,120,False,128,16,16,0.12121212121212122,128,128,3.0517578125e-05,0.19987900955722235,0.1909218901954196,0.1704331265055124,1.0,0.980358904616584
8,8192,1,16,3,True,4,0.18000199645757675,0,False,512,1536,1536,11.636363636363637,32,32,3.0517578125e-05,4.722986553631023,3.8970346148893484,1.0,2.8773735372137264,1.4137676675624236
8,8192,2,33,1,False,4,0.22008100152015686,1,False,512,1584,1584,12.0,15,16,3.0517578125e-05,3.8628823161639896,3.1873446871792774,1.1482136088798818,5.246795228995978,1.0
8,8192,6,17,3,True,4,0.3789910078048706,2,False,512,272,272,2.0606060606060606,30,31,3.0517578125e-05,2.24318517164815,1.8508988247698246,0.49303544877700634,8.03570796113622,1.0671387943597255
8,8192,1,11,2,True,4,0.2047009989619255,3,False,512,1056,1056,8.0,46,47,3.0517578125e-05,4.153116072745702,3.4268226071277796,1.0,3.6784382960448823,1.2147034288481944
8,8192,2,11,1,False,4,0.21270500123500824,4,True,512,528,528,4.0,46,47,3.0517578125e-05,3.996836012128293,3.2978726728166547,1.1689946352177125,5.428739061442271,1.0
8,8192,3,8,2,True,4,0.2626879960298538,5,False,512,256,256,1.9393939393939394,64,64,3.0517578125e-05,3.2363374868460184,2.6703694936431193,0.7118482918728007,6.622468494970104,1.0961063874672956
8,8192,1,1,3,True,4,0.5179329812526703,6,False,512,96,96,0.7272727272727273,512,512,3.0517578125e-05,1.6414228088732878,1.3543721607528925,1.0,1.0,1.3543721607528925
8,8192,6,4,2,True,4,0.8052000105381012,7,False,512,64,64,0.48484848484848486,128,128,3.0517578125e-05,1.0558209112885326,0.8711798332883572,0.27328862516210933,3.79427588888886,1.0479905473489572
8,8192,3,17,1,False,4,0.30522800981998444,8,True,512,544,544,4.121212121212121,30,31,3.0517578125e-05,2.7852850378878027,2.2981967197508433,0.8528280194234337,6.056498436180722,1.0
8,8192,3,8,1,False,4,0.28793399035930634,9,False,512,256,256,1.9393939393939394,64,64,3.0517578125e-05,2.952576067295823,2.4362320338387726,0.9072009447017928,6.420266540419377,1.0
8,8192,2,4,2,True,4,0.32697300612926483,10,False,512,192,192,1.4545454545454546,128,128,3.0517578125e-05,2.600052582199335,2.145357561006266,0.6729974638135073,3.368541106469292,1.0843586095057114
8,8192,6,32,1,False,4,0.2617949992418289,11,False,512,512,512,3.878787878787879,16,16,3.0517578125e-05,3.2473768076469804,2.679478267254414,0.9789988083966061,11.894894604145483,1.0
8,8192,6,16,1,False,4,0.2607799917459488,12,False,512,256,256,1.9393939393939394,32,32,3.0517578125e-05,3.2600162428261945,2.689907328579643,0.975845581498149,11.941191895226286,1.0
8,8192,3,33,1,False,4,0.26890799403190613,13,False,512,1056,1056,8.0,15,16,3.0517578125e-05,3.1614791220933487,2.6086022971155556,0.9397266225241894,6.874518441924603,1.0
8,8192,2,8,2,True,4,0.20372500270605087,14,False,512,384,384,2.909090909090909,64,64,3.0517578125e-05,4.173012627824222,3.443239669293335,0.9178745798774093,5.406415497470753,1.100449112105481
8,8192,3,2,3,True,4,0.7548390030860901,15,False,512,64,64,0.48484848484848486,256,256,3.0517578125e-05,1.1262626936606692,0.9293028156685786,0.4316602478644944,1.9747204242039522,1.252236539249502
8,8192,1,6,2,True,4,0.20455799996852875,16,True,512,576,576,4.363636363636363,85,86,3.0517578125e-05,4.156019363831623,3.4292181730965705,1.0,3.681009757311063,1.4115654130293922
8,8192,3,16,1,False,4,0.2903199940919876,17,False,512,512,512,3.878787878787879,32,32,3.0517578125e-05,2.9283102307673157,2.4162097865092442,0.8765534853509808,6.367501383895587,1.0
8,8192,2,6,2,True,4,0.26865699887275696,18,False,512,288,288,2.1818181818181817,85,86,3.0517578125e-05,3.1644327617108763,2.6110394067068508,0.7614095327008875,4.099733178266936,1.1088190168141066
8,8192,1,32,2,True,4,0.18727900087833405,19,False,512,3072,3072,23.272727272727273,16,16,3.0517578125e-05,4.539467878986458,3.7456095325929235,1.0,4.020632266771673,1.3685303269449012
8,8192,1,4,1,False,4,0.26327601075172424,20,False,512,384,384,2.909090909090909,128,128,3.0517578125e-05,3.2291092776302492,2.664405347610169,1.0,2.664405347610169,1.0
8,8192,3,8,3,True,4,0.23956900089979172,21,False,512,256,256,1.9393939393939394,64,64,3.0517578125e-05,3.548651977938825,2.928066687717177,0.7736810695964631,6.221990285810589,1.2018833374846565
8,8192,2,32,3,True,4,0.1947290003299713,22,False,512,1536,1536,11.636363636363637,16,16,3.0517578125e-05,4.365795579781577,3.6023088998336554,0.9491395880117313,4.9730343688825,1.1441798243378771
8,8192,2,17,1,False,4,0.24086499959230423,23,False,512,816,816,6.181818181818182,30,31,3.0517578125e-05,3.5295580940977724,2.9123119263143407,1.0807174123593615,4.7940545563827515,1.0
8,8192,6,4,1,False,4,0.8438419997692108,24,False,512,64,64,0.48484848484848486,128,128,3.0517578125e-05,1.00747178870972,0.8312859648325377,0.31199680843538213,3.6902926433213574,1.0
8,8192,1,17,3,True,4,0.1868560016155243,25,False,512,1632,1632,12.363636363636363,30,31,3.0517578125e-05,4.549744196309734,3.7540887361366235,1.0,2.7718295199228944,1.3930887787213946
8,8192,2,11,3,True,4,0.18467699736356735,26,True,512,528,528,4.0,46,47,3.0517578125e-05,4.603426636952616,3.7983832364536356,0.9701858160957185,5.243717545139823,1.1517677039997738
8,8192,3,32,1,False,4,0.2616500109434128,27,False,512,1024,1024,7.757575757575758,16,16,3.0517578125e-05,3.24917627876475,2.680963048367977,0.9795413016717605,7.065212638393852,1.0
8,8192,6,8,1,False,4,0.41942499577999115,28,False,512,128,128,0.9696969696969697,64,64,3.0517578125e-05,2.026934535255542,1.6724659188226438,0.6227907032101135,7.42450725446835,1.0
8,8192,6,11,3,True,4,0.34702199697494507,29,False,512,176,176,1.3333333333333333,46,47,3.0517578125e-05,2.4498360804409023,2.021410795451715,0.5163102194187867,8.775988511288867,1.0897753081682557
8,8192,2,16,3,True,4,0.19785399734973907,30,False,512,768,768,5.818181818181818,32,32,3.0517578125e-05,4.29684019672901,3.5454123765030494,0.9097718462538514,4.89448797714855,1.1366461970948858
8,8192,6,1,3,True,4,3.045461058616638,31,False,512,16,16,0.12121212121212122,512,512,3.0517578125e-05,0.27915215218087286,0.23033425725791484,0.17006718236874607,1.0,1.0225131314889992
8,8192,2,4,3,True,4,0.31957098841667175,32,False,512,192,192,1.4545454545454546,128,128,3.0517578125e-05,2.6602759315167,2.195049101358824,0.6398703518587995,3.0302938826112746,1.1094749120653755
8,8192,1,1,1,False,4,0.7014740109443665,33,False,512,96,96,0.7272727272727273,512,512,3.0517578125e-05,1.2119437008811702,1.0,1.0,1.0,1.0
8,8192,3,32,3,True,4,0.23122400045394897,34,False,512,1024,1024,7.757575757575758,16,16,3.0517578125e-05,3.6767247657112954,3.0337422134692,0.7993331262510327,6.446545313001461,1.1315867316097383
8,8192,6,2,1,False,4,1.676472008228302,35,False,512,32,32,0.24242424242424243,256,256,3.0517578125e-05,0.5071048038519358,0.41842273983786055,0.24371000506887927,1.8574863812756446,1.0
8,8192,2,1,2,True,4,1.1014220118522644,36,False,512,48,48,0.36363636363636365,512,512,3.0517578125e-05,0.7718631003807337,0.6368803268827865,0.6836434951521461,1.0,1.048390114182229
8,8192,6,6,3,True,4,0.5066739916801453,37,False,512,96,96,0.7272727272727273,85,86,3.0517578125e-05,1.677897470278201,1.3844681638744842,0.40878750729803226,6.010691507013816,1.1070787060504936
8,8192,3,6,3,True,4,0.31770700216293335,38,False,512,192,192,1.4545454545454546,85,86,3.0517578125e-05,2.6758837643115063,2.2079274494070527,0.6519277090576989,4.691731646554685,1.206753393234337
8,8192,1,4,2,True,4,0.22005200386047363,39,False,512,384,384,2.909090909090909,128,128,3.0517578125e-05,3.863391352868202,3.1877647039703563,1.0,3.4218274799152733,1.1964263271088287
8,8192,1,6,1,False,4,0.28874699771404266,40,True,512,576,576,4.363636363636363,85,86,3.0517578125e-05,2.944262678491319,2.429372483516048,1.0,2.429372483516048,1.0
8,8192,6,1,2,True,4,3.0551509857177734,41,False,512,16,16,0.12121212121212122,512,512,3.0517578125e-05,0.2782667740056525,0.22960371327754953,0.2464624489395853,1.0,1.0192700584787289
8,8192,3,33,3,True,4,0.24323999881744385,42,False,512,1056,1056,8.0,15,16,3.0517578125e-05,3.4950954326139643,2.883876066250254,0.7505097846303135,6.12808750052072,1.1055253878443183
8,8192,1,33,3,True,4,0.1825539991259575,43,False,512,3168,3168,24.0,15,16,3.0517578125e-05,4.6569618467207325,3.8425562535081346,1.0,2.8371494666370474,1.3842479606650613
8,8192,6,6,1,False,4,0.5609279870986938,44,False,512,96,96,0.7272727272727273,85,86,3.0517578125e-05,1.5156081144981144,1.250559834913254,0.5147666088253827,5.551557411104889,1.0
8,8192,6,11,2,True,4,0.35476499795913696,45,False,512,176,176,1.3333333333333333,46,47,3.0517578125e-05,2.396366647742957,1.9772920524283644,0.5770044963271818,8.611759906679621,1.0659901790483115
8,8192,6,4,3,True,4,0.7502549886703491,46,False,512,64,64,0.48484848484848486,128,128,3.0517578125e-05,1.1331440933202723,0.9349808019105138,0.27255267061194755,4.0592346663552386,1.124740271657137
8,8192,1,16,2,True,4,0.18684900552034378,47,False,512,1536,1536,11.636363636363637,32,32,3.0517578125e-05,4.549914550138248,3.754229298630071,1.0,4.029884942246627,1.3619607017961917
8,8192,3,1,1,False,4,1.8486129641532898,48,False,512,32,32,0.24242424242424243,512,512,3.0517578125e-05,0.45988372113643716,0.37945964057742004,0.37945964057742004,1.0,1.0
8,8192,1,16,1,False,4,0.2544810026884079,49,False,512,1536,1536,11.636363636363637,32,32,3.0517578125e-05,3.3407091292264854,2.7564887104884077,1.0,2.7564887104884077,1.0
8,8192,3,17,3,True,4,0.26957499980926514,50,True,512,544,544,4.121212121212121,30,31,3.0517578125e-05,3.1536567170449272,2.602147867720251,0.6931503357052109,5.529429648277872,1.1322563666361687
8,8192,1,2,1,False,4,0.4085730016231537,51,False,512,192,192,1.4545454545454546,256,256,3.0517578125e-05,2.080771381169246,1.7168878221458435,1.0,1.7168878221458435,1.0
8,8192,3,2,1,False,4,0.9452369809150696,52,False,512,64,64,0.48484848484848486,256,256,3.0517578125e-05,0.8994009185642098,0.7421144380801522,0.43224398735184943,1.955713753775985,1.0
8,8192,3,11,1,False,4,0.2750149965286255,53,False,512,352,352,2.6666666666666665,46,47,3.0517578125e-05,3.0912750927289334,2.550675489695894,0.9041361688136895,6.721862398368786,1.0
8,8192,2,11,2,True,4,0.1871500015258789,54,True,512,528,528,4.0,46,47,3.0517578125e-05,4.542596857945078,3.7481913183279745,1.0937803755968427,5.885236456703747,1.136548220682732
8,8192,6,8,3,True,4,0.3789689987897873,55,False,512,128,128,0.9696969696969697,64,64,3.0517578125e-05,2.243315446938306,1.8510063176261853,0.48909014048697913,8.036174643155823,1.1067527874823466
8,8192,1,11,3,True,4,0.17917100340127945,56,False,512,1056,1056,8.0,46,47,3.0517578125e-05,4.744891711031201,3.9151090166823126,1.0,2.890718762637525,1.3877859732180635
8,8192,2,6,3,True,4,0.26538999378681183,57,False,512,288,288,2.1818181818181817,85,86,3.0517578125e-05,3.2033875760168953,2.643181835664315,0.780443886057181,3.6489469608149254,1.1224688056235308
8,8192,3,6,1,False,4,0.3833940029144287,58,False,512,192,192,1.4545454545454546,85,86,3.0517578125e-05,2.217423857528679,1.829642627719796,0.75313384017248,4.821705478178513,1.0
8,8192,2,33,3,True,4,0.19304700195789337,59,False,512,1584,1584,12.0,15,16,3.0517578125e-05,4.40383430083677,3.6336954411618843,0.9456453468558679,5.016363898105505,1.1400384325479451
8,8192,3,1,3,True,4,1.4905959963798523,60,False,512,32,32,0.24242424242424243,512,512,3.0517578125e-05,0.5703403276008994,0.47059968807645186,0.3474670417138865,1.0,1.2401837712183168
8,8192,2,8,1,False,4,0.22418899834156036,61,False,512,384,384,2.909090909090909,64,64,3.0517578125e-05,3.7920995909025077,3.1289403857170743,1.1651507879425478,5.1506539451563835,1.0
8,8192,1,8,2,True,4,0.18699400126934052,62,False,512,768,768,5.818181818181818,64,64,3.0517578125e-05,4.54638653178691,3.75131825717759,1.0,4.026760156522993,1.3969110575342727
8,8192,6,6,2,True,4,0.536961019039154,63,False,512,96,96,0.7272727272727273,85,86,3.0517578125e-05,1.583256472540855,1.3063779046747088,0.38095502786136665,5.689707217825059,1.0446344654634832
8,8192,3,4,1,False,4,0.4782800078392029,64,False,512,128,128,0.9696969696969697,128,128,3.0517578125e-05,1.7775089800150967,1.4666596960920875,0.5504641767092997,3.865126983887629,1.0
8,8192,3,17,2,True,4,0.26828399300575256,65,True,512,544,544,4.121212121212121,30,31,3.0517578125e-05,3.1688323979792754,2.6146696382639774,0.720814531737368,6.4843338516928855,1.1377048865283577
8,8192,2,16,1,False,4,0.22488999366760254,66,False,512,768,768,5.818181818181818,32,32,3.0517578125e-05,3.780279393632912,3.119187294660946,1.1315799273156733,5.134599054128408,1.0
8,8192,3,16,2,True,4,0.26943299174308777,67,False,512,512,512,3.878787878787879,32,32,3.0517578125e-05,3.1553188917061576,2.6035193626667756,0.6934897033638322,6.456681368009078,1.077522066669609
8,8192,1,2,3,True,4,0.3258339911699295,68,False,512,192,192,1.4545454545454546,256,256,3.0517578125e-05,2.6091415626815433,2.1528570681827133,1.0,1.589560927615305,1.2539299541958284
8,8192,6,33,3,True,4,0.2580469995737076,69,True,512,528,528,4.0,15,16,3.0517578125e-05,3.2945432820389806,2.718396308049302,0.7074447655951661,11.801962679851831,1.030308465418943
8,8192,3,33,2,True,4,0.23958400636911392,70,False,512,1056,1056,8.0,15,16,3.0517578125e-05,3.5484297210812112,2.9278832989529526,0.7756987010463633,7.261098117853352,1.1223954307601582
8,8192,3,32,2,True,4,0.23873599618673325,71,False,512,1024,1024,7.757575757575758,16,16,3.0517578125e-05,3.5610340395878572,2.9382833847799446,0.7844606756823096,7.286890144349384,1.095980560630483
8,8192,6,16,3,True,4,0.2622139900922775,73,False,512,256,256,1.9393939393939394,32,32,3.0517578125e-05,3.242187835197859,2.6751967379677413,0.6864698424147049,11.614411029498804,0.9945311905523267
8,8192,6,33,1,False,4,0.26586800813674927,74,True,512,528,528,4.0,15,16,3.0517578125e-05,3.1976280818961893,2.6384295570588665,0.9504716373072677,11.712668800197287,1.0
8,8192,6,16,2,True,4,0.2531860023736954,75,False,512,256,256,1.9393939393939394,32,32,3.0517578125e-05,3.357796248313448,2.7705876484791236,0.7379910570433508,12.066824220434023,1.029993717271324
8,8192,2,17,2,True,4,0.215488001704216,76,False,512,816,816,6.181818181818182,30,31,3.0517578125e-05,3.945217377173538,3.2552810615749572,0.8974188783675993,5.111291594620209,1.1177652476582955
8,8192,1,17,1,False,4,0.2603069990873337,77,False,512,1632,1632,12.363636363636363,30,31,3.0517578125e-05,3.265939878207606,2.694795043559394,1.0,2.694795043559394,1.0
8,8192,1,6,3,True,4,0.20712199807167053,78,True,512,576,576,4.363636363636363,85,86,3.0517578125e-05,4.104571300059095,3.3867673036913977,1.0,2.5006179260275854,1.3940914070079964
8,8192,6,2,2,True,4,1.59614098072052,79,False,512,32,32,0.24242424242424243,256,256,3.0517578125e-05,0.5326265155551021,0.43948123594177213,0.2452891096472501,1.9140859251283908,1.0503282783150643
8,8192,1,8,3,True,4,0.18535000085830688,80,False,512,768,768,5.818181818181818,64,64,3.0517578125e-05,4.586711653407433,3.784591355252364,1.0,2.7943511133221444,1.4093012509096663
8,8192,1,1,2,True,4,0.7529799938201904,81,False,512,96,96,0.7272727272727273,512,512,3.0517578125e-05,1.1290432891619253,0.9315971429539422,1.0,1.0,0.9315971429539422
8,8192,1,33,2,True,4,0.1858450025320053,82,False,512,3168,3168,24.0,15,16,3.0517578125e-05,4.5744948603041715,3.7745110247102933,1.0,4.051655861397274,1.3597352501197297
8,8192,2,2,1,False,4,0.5901069939136505,83,False,512,96,96,0.7272727272727273,256,256,3.0517578125e-05,1.4406658752807033,1.1887234318172004,0.6923710544649799,1.9567975988733735,1.0
8,8192,2,1,3,True,4,0.968394011259079,84,False,512,48,48,0.36363636363636365,512,512,3.0517578125e-05,0.8778937075318511,0.7243683901269995,0.5348370345447182,1.0,1.1924071559129956
8,8192,3,16,3,True,4,0.24106500297784805,85,False,512,512,512,3.878787878787879,32,32,3.0517578125e-05,3.526629740501966,2.9098956807464345,0.7466948509075683,6.183377835715233,1.204322446251834
8,8192,3,4,2,True,4,0.43790100514888763,86,False,512,128,128,0.9696969696969697,128,128,3.0517578125e-05,1.9414136960174857,1.6019008924308433,0.502515411641166,3.9726855094179445,1.0922103448394376
8,8192,2,33,2,True,4,0.19565000385046005,87,False,512,1584,1584,12.0,15,16,3.0517578125e-05,4.345244018219706,3.5853513781707855,0.9498849929696452,5.629552722595944,1.1248709286424037
8,8192,3,11,2,True,4,0.23879499733448029,88,False,512,352,352,2.6666666666666665,46,47,3.0517578125e-05,3.5601541840722595,2.9375573976611054,0.8572248214865268,7.285089709303331,1.1516782160365437
8,8192,3,2,2,True,4,0.8663720190525055,89,False,512,64,64,0.48484848484848486,256,256,3.0517578125e-05,0.9812724674853007,0.8096683589937759,0.4519028678472331,2.007963022186557,1.091028980770655
8,8192,6,33,2,True,4,0.2792790085077286,90,True,512,528,528,4.0,15,16,3.0517578125e-05,3.0440777251339592,2.5117319582755333,0.6654456542402912,10.939422200194567,0.9519799198563533
8,8192,2,4,1,False,4,0.35455599427223206,91,False,512,192,192,1.4545454545454546,128,128,3.0517578125e-05,2.3977792580855977,1.9784576266556273,0.742551289513887,3.2568056031285395,1.0
8,8192,6,1,1,False,4,3.1140239238739014,92,False,512,16,16,0.12121212121212122,512,512,3.0517578125e-05,0.2730059336982472,0.2252628843235476,0.2252628843235476,1.0,1.0
8,8192,1,32,1,False,4,0.2562969923019409,93,False,512,3072,3072,23.272727272727273,16,16,3.0517578125e-05,3.317038570215933,2.7369576390423145,1.0,2.7369576390423145,1.0
8,8192,3,4,3,True,4,0.35734499990940094,94,False,512,128,128,0.9696969696969697,128,128,3.0517578125e-05,2.3790650746796937,1.9630161639933785,0.5722313194640578,4.1713078306895826,1.3384264729056319
8,8192,6,32,2,True,4,0.2564829885959625,95,False,512,512,512,3.878787878787879,16,16,3.0517578125e-05,3.314633120698348,2.7349728525247263,0.7301809835558121,11.91171002194828,1.0207109667387508
8,8192,2,2,3,True,4,0.5280259847640991,96,False,512,96,96,0.7272727272727273,256,256,3.0517578125e-05,1.6100476745963281,1.3284838837197699,0.6170794630788844,1.8339893096202806,1.1175718827119592
8,8192,6,17,1,False,4,0.40443600714206696,97,False,512,272,272,2.0606060606060606,30,31,3.0517578125e-05,2.102055687136782,1.7344499464854979,0.6436296335897095,7.6996703282653876,1.0
8,8192,1,8,1,False,4,0.2612139880657196,98,False,512,768,768,5.818181818181818,64,64,3.0517578125e-05,3.254599859644511,2.6854381579591386,1.0,2.6854381579591386,1.0
8,8192,2,32,1,False,4,0.222804993391037,99,False,512,1536,1536,11.636363636363637,16,16,3.0517578125e-05,3.815655098015742,3.1483765254454363,1.1503197859310241,5.182648428089799,1.0
8,8192,2,6,1,False,4,0.2978919893503189,100,False,512,288,288,2.1818181818181817,85,86,3.0517578125e-05,2.853876704606874,2.3547931331561855,0.969300981687286,3.8763041305238763,1.0
8,8192,2,8,3,True,4,0.20067600160837173,101,False,512,384,384,2.909090909090909,64,64,3.0517578125e-05,4.236415924585613,3.4955550505402466,0.9236281337716992,4.825659289090997,1.1171689516670524
8,8192,2,2,2,True,4,0.5494769811630249,102,False,512,96,96,0.7272727272727273,256,256,3.0517578125e-05,1.5471931273562176,1.276621287136768,0.7125248435407445,2.0044916340644345,1.0739430661219473
8,8192,1,11,1,False,4,0.24865100532770157,103,False,512,1056,1056,8.0,46,47,3.0517578125e-05,3.419037086841657,2.8211187403802427,1.0,2.8211187403802427,1.0
8,8192,1,33,1,False,4,0.25270000100135803,104,False,512,3168,3168,24.0,15,16,3.0517578125e-05,3.364254078065102,2.7759161383643867,1.0,2.7759161383643867,1.0
8,8192,3,1,2,True,4,1.7396429777145386,105,False,512,32,32,0.24242424242424243,512,512,3.0517578125e-05,0.4886905070675808,0.4032287198755748,0.4328359344222573,1.0,1.0626392816426684
8,8192,2,1,1,False,4,1.1547199487686157,106,False,512,48,48,0.36363636363636365,512,512,3.0517578125e-05,0.7362365305998776,0.607484101831282,0.607484101831282,1.0,1.0
8,8192,1,17,2,True,4,0.19338300079107285,107,False,512,1632,1632,12.363636363636363,30,31,3.0517578125e-05,4.396182732805745,3.627381972949241,1.0,3.893723805815254,1.3460697063469615
8,8192,1,2,2,True,4,0.3915160000324249,108,False,512,192,192,1.4545454545454546,256,256,3.0517578125e-05,2.1714234126458836,1.7916867021686755,1.0,1.923241946070734,1.0435665505095988
8,8192,2,16,2,True,4,0.21448899805545807,109,False,512,768,768,5.818181818181818,32,32,3.0517578125e-05,3.9635926159534804,3.2704428539639783,0.8711356163453767,5.1350979389977,1.0484919772409735
8,8192,6,11,1,False,4,0.3781760036945343,110,False,512,176,176,1.3333333333333333,46,47,3.0517578125e-05,2.2480194422451163,1.854887682167616,0.6575007480605393,8.234324477100364,1.0
8,8192,6,2,3,True,4,1.4843090176582336,111,False,512,32,32,0.24242424242424243,256,256,3.0517578125e-05,0.5727560762496309,0.47259297262174477,0.2195189729992961,2.051770232738601,1.1294629273850538
8,8192,3,6,2,True,4,0.3465979993343353,112,False,512,192,192,1.4545454545454546,85,86,3.0517578125e-05,2.4528329953682313,2.023883612402825,0.5901880575231135,5.019195093611733,1.106163346732418
8,8192,2,17,3,True,4,0.21173500269651413,113,False,512,816,816,6.181818181818182,30,31,3.0517578125e-05,4.015146282234753,3.3129808581994795,0.8824993469943672,4.573613237897685,1.1375776160049595
8,8192,6,8,2,True,4,0.401868999004364,114,False,512,128,128,0.9696969696969697,64,64,3.0517578125e-05,2.1154829334985403,1.7455290472325011,0.4653108394342951,7.60235547724993,1.043685869821067
8,8192,1,4,3,True,4,0.2044840008020401,115,False,512,384,384,2.909090909090909,128,128,3.0517578125e-05,4.157523354205579,3.4304591468916916,1.0,2.5328777763600123,1.2875139850505977
8,8192,3,11,3,True,4,0.2363480031490326,116,False,512,352,352,2.6666666666666665,46,47,3.0517578125e-05,3.5970137152366872,2.967970964840528,0.7580813081306239,6.306784811039575,1.163601946555101
8,8192,2,32,2,True,4,0.19749599695205688,117,False,512,1536,1536,11.636363636363637,16,16,3.0517578125e-05,4.304629065986848,3.5518391348187817,0.948267325761529,5.576933349791591,1.1281494148214255
8,8192,1,32,3,True,4,0.18482500314712524,118,False,512,3072,3072,23.272727272727273,16,16,3.0517578125e-05,4.5997402646823495,3.7953415338831396,1.0,2.8022885022779245,1.386700868052588
8,8192,6,32,3,True,4,0.24528099596500397,119,False,512,512,512,3.878787878787879,16,16,3.0517578125e-05,3.4660125443113037,2.8598791691324137,0.7535235349969616,12.416212868978876,1.067326876311205
8,8192,6,17,2,True,4,0.3830209970474243,120,False,512,272,272,2.0606060606060606,30,31,3.0517578125e-05,2.219583300783408,1.8314244293440456,0.5048887718474839,7.976458234062545,1.0559107993027106
8,16384,3,33,2,True,4,0.46167001128196716,0,False,1024,1056,1056,8.0,31,32,1.52587890625e-05,3.676299030248062,3.032711674302784,0.7621547891285789,7.525355599918018,1.0783503081613122
8,16384,3,16,1,False,4,0.5742380023002625,1,False,1024,512,512,3.878787878787879,64,64,1.52587890625e-05,2.9556333923769853,2.4382085951849235,0.8732999346592811,6.430145581612842,1.0
8,16384,1,8,3,True,4,0.36359600722789764,2,False,1024,768,768,5.818181818181818,128,128,1.52587890625e-05,4.667919836937868,3.8507354455428504,1.0,2.840297919941444,1.4199633081514877
8,16384,3,2,1,False,4,1.8886590003967285,3,False,1024,64,64,0.48484848484848486,512,512,1.52587890625e-05,0.898646613504073,0.7413260056983366,0.4325894609807855,1.9550559166634056,1.0
8,16384,3,17,2,True,4,0.5270210206508636,4,True,1024,544,544,4.121212121212121,60,61,1.52587890625e-05,3.220435140659937,2.656653108753045,0.7308456040585186,6.592205753812891,1.1381045042632303
8,16384,3,32,3,True,4,0.44662000238895416,5,False,1024,1024,1024,7.757575757575758,32,32,1.52587890625e-05,3.800181374976599,3.1349066889104193,0.7873628464761016,6.667892114952939,1.1361604523611093
8,16384,2,17,1,False,4,0.47009599208831787,6,False,1024,816,816,6.181818181818182,60,61,1.52587890625e-05,3.6104052009268024,2.978353477702652,1.085071996583703,4.910035651514372,1.0
8,16384,1,2,3,True,4,0.6466270089149475,7,False,1024,192,192,1.4545454545454546,512,512,1.52587890625e-05,2.6247542885944464,2.165254487652371,1.0,1.5970891546292467,1.263501164804568
8,16384,6,33,1,False,4,0.5105309784412384,8,True,1024,528,528,4.0,31,32,1.52587890625e-05,3.324454511952516,2.7424624401151227,0.9553778894896535,12.195708294005508,1.0
8,16384,6,4,1,False,4,1.6823999881744385,9,False,1024,64,64,0.48484848484848486,256,256,1.52587890625e-05,1.008818964990703,0.8322111523607252,0.3090037982018557,3.7008362647925734,1.0
8,16384,1,17,2,True,4,0.38517099618911743,10,False,1024,1632,1632,12.363636363636363,60,61,1.52587890625e-05,4.406450723348783,3.6350401425419645,1.0,3.8972821051742184,1.324315698139474
8,16384,1,6,3,True,4,0.4076550006866455,11,True,1024,576,576,4.363636363636363,170,171,1.52587890625e-05,4.163415171926549,3.434551349871829,1.0,2.5333210221606954,1.4111417720719441
8,16384,6,32,2,True,4,0.4926920086145401,12,False,1024,512,512,3.878787878787879,32,32,1.52587890625e-05,3.4448235106211134,2.8417591688313824,0.7263969959352469,12.395981236511576,1.0276987954361603
8,16384,1,11,3,True,4,0.3499799966812134,13,False,1024,1056,1056,8.0,93,94,1.52587890625e-05,4.849525775373019,4.000548734691375,1.0,2.9508000252056905,1.4039973585117742
8,16384,2,17,2,True,4,0.4186190068721771,14,False,1024,816,816,6.181818181818182,60,61,1.52587890625e-05,4.054371604987227,3.344597378297818,0.9200991590587934,5.255991678510048,1.1229685809078873
8,16384,1,8,2,True,4,0.3700160086154938,15,False,1024,768,768,5.818181818181818,128,128,1.52587890625e-05,4.586928606470674,3.7839228581735815,1.0,4.056905636317698,1.395326086527541
8,16384,3,6,3,True,4,0.6278310120105743,16,False,1024,192,192,1.4545454545454546,170,171,1.52587890625e-05,2.7033341493202983,2.2300778491438047,0.649306888140434,4.743336877821213,1.219734276859203
8,16384,2,33,3,True,4,0.3657499998807907,17,False,1024,1584,1584,12.0,31,32,1.52587890625e-05,4.6404292968521945,3.828057507441312,0.9386138159655462,5.287103270078668,1.1513465414455784
8,16384,3,6,2,True,4,0.6889350116252899,18,False,1024,192,192,1.4545454545454546,170,171,1.52587890625e-05,2.46356620890336,2.032284626654796,0.5909280224189977,5.042900921117059,1.1115518771762019
8,16384,2,32,1,False,4,0.4307970106601715,19,False,1024,1536,1536,11.636363636363637,32,32,1.52587890625e-05,3.9397604272359974,3.250050483741122,1.1597805736903855,5.357948230073588,1.0
8,16384,6,16,3,True,4,0.5096459984779358,20,False,1024,256,256,1.9393939393939394,64,64,1.52587890625e-05,3.3302272947091267,2.7472246168355525,0.687025908956041,11.945853085238527,1.0009065029511344
8,16384,6,11,1,False,4,0.7448079884052277,21,False,1024,176,176,1.3333333333333333,93,94,1.52587890625e-05,2.2787578022687534,1.8798295059753856,0.6597284112439499,8.359586611650334,1.0
8,16384,1,32,1,False,4,0.49963000416755676,22,False,1024,3072,3072,23.272727272727273,32,32,1.52587890625e-05,3.3969877721781487,2.802297742752807,1.0,2.802297742752807,1.0
8,16384,2,6,3,True,4,0.5223699808120728,23,False,1024,288,288,2.1818181818181817,170,171,1.52587890625e-05,3.2491090168160026,2.6803072234620284,0.7803951522116717,3.7018934690596006,1.122679375904419
8,16384,2,33,1,False,4,0.4211049973964691,24,False,1024,1584,1584,12.0,31,32,1.52587890625e-05,4.030436649443426,3.3248525701349454,1.158262218966409,5.481264993429908,1.0
8,16384,3,6,1,False,4,0.7657870054244995,25,False,1024,192,192,1.4545454545454546,170,171,1.52587890625e-05,2.2163303931093434,1.8283308844006751,0.7511997409045333,4.821750600532045,1.0
8,16384,6,32,1,False,4,0.5063389837741852,26,False,1024,512,512,3.878787878787879,32,32,1.52587890625e-05,3.3519777642233333,2.7651673636781156,0.9867500235580904,12.296676905484588,1.0
8,16384,6,6,2,True,4,1.0625119805335999,27,False,1024,96,96,0.7272727272727273,170,171,1.52587890625e-05,1.5973815315646092,1.3177376430025525,0.38315897745500066,5.7480772038898476,1.0463628029024807
8,16384,2,4,2,True,4,0.6507590115070343,28,False,1024,192,192,1.4545454545454546,256,256,1.52587890625e-05,2.6080883779696404,2.1515061768379145,0.6661405975100854,3.3810642306603236,1.0777399587256717
8,16384,2,2,2,True,4,1.0941349864006042,29,False,1024,96,96,0.7272727272727273,512,512,1.52587890625e-05,1.5512135484799177,1.279652008475018,0.713283097647111,2.0109566405736943,1.0765326187033406
8,16384,6,2,3,True,4,2.9638270139694214,30,False,1024,32,32,0.24242424242424243,512,512,1.52587890625e-05,0.5726504977419099,0.4724000511133627,0.21817299250840114,2.054153698782615,1.1296502833215947
8,16384,6,2,2,True,4,3.18710994720459,31,False,1024,32,32,0.24242424242424243,512,512,1.52587890625e-05,0.5325316800755971,0.4393045913330842,0.2448701190959587,1.9162818338042693,1.0505091074700315
8,16384,3,8,2,True,4,0.5184710025787354,32,False,1024,256,256,1.9393939393939394,128,128,1.52587890625e-05,3.273542794734724,2.700463528194516,0.7136677013278151,6.700916709777548,1.099747140311548
8,16384,2,1,2,True,4,2.2002580165863037,33,False,1024,48,48,0.36363636363636365,1024,1024,1.52587890625e-05,0.7713809025924004,0.636339930288081,0.6822472726216716,1.0,1.0490533670995588
8,16384,2,16,2,True,4,0.42233000695705414,34,False,1024,768,768,5.818181818181818,64,64,1.52587890625e-05,4.018745973082363,3.3152085095215464,0.8669594797306212,5.20980744995949,1.0491487447625152
8,16384,6,16,2,True,4,0.49693499505519867,35,False,1024,256,256,1.9393939393939394,64,64,1.52587890625e-05,3.4154105298661483,2.8174953400792346,0.7368026135197959,12.29014047096168,1.0265084953876673
8,16384,6,6,3,True,4,1.0019890069961548,36,False,1024,96,96,0.7272727272727273,170,171,1.52587890625e-05,1.6938678996675072,1.3973327283177397,0.4068457815807254,6.076070875815989,1.1095660793740325
8,16384,3,11,1,False,4,0.5412970185279846,37,False,1024,352,352,2.6666666666666665,93,94,1.52587890625e-05,3.135500393824471,2.5865873724887978,0.9077659289693273,6.821456292751262,1.0
8,16384,3,2,2,True,4,1.7283430099487305,38,False,1024,64,64,0.48484848484848486,512,512,1.52587890625e-05,0.9820024179233118,0.8100892154109228,0.45154693706722787,2.0101513326443374,1.0927570450571347
8,16384,2,2,3,True,4,1.0516080260276794,39,False,1024,96,96,0.7272727272727273,512,512,1.52587890625e-05,1.613944523780037,1.331401052708842,0.6148935657685134,1.8388581796066497,1.1200675279876415
8,16384,3,8,3,True,4,0.472463995218277,40,False,1024,256,256,1.9393939393939394,128,128,1.52587890625e-05,3.5923097462408524,2.9634258844284465,0.7695740012102242,6.303155420200298,1.206836940361986
8,16384,1,33,2,True,4,0.3518640100955963,41,False,1024,3168,3168,24.0,31,32,1.52587890625e-05,4.823559574363384,3.9791282788766313,1.0,4.266193722035232,1.3861889670664629
8,16384,6,1,3,True,4,6.088156223297119,42,False,1024,16,16,0.12121212121212122,1024,1024,1.52587890625e-05,0.27877685008735653,0.22997307912904888,0.16962787174819383,1.0,1.0226884231874447
8,16384,2,2,1,False,4,1.1778720021247864,43,False,1024,96,96,0.7272727272727273,512,512,1.52587890625e-05,1.4409350181588736,1.1886792710622465,0.6936356221086012,1.9596255591642155,1.0
8,16384,1,11,1,False,4,0.4913709908723831,44,False,1024,1056,1056,8.0,93,94,1.52587890625e-05,3.454084686109008,2.8493990465423127,1.0,2.8493990465423127,1.0
8,16384,2,11,3,True,4,0.3605479896068573,45,True,1024,528,528,4.0,93,94,1.52587890625e-05,4.707381718093008,3.883288974699336,0.9706890809815156,5.363385946235831,1.1616983178104978
8,16384,6,8,2,True,4,0.7984600067138672,47,False,1024,128,128,0.9696969696969697,128,128,1.52587890625e-05,2.1256381039742203,1.7535155438186627,0.4634120751248737,7.648975331025768,1.0434235801066831
8,16384,6,4,2,True,4,1.605102002620697,48,False,1024,64,64,0.48484848484848486,256,256,1.52587890625e-05,1.0574013439640466,0.872288509144164,0.2700744227174255,3.8049923831590187,1.04815767809618
8,16384,2,11,2,True,4,0.3659370094537735,49,True,1024,528,528,4.0,93,94,1.52587890625e-05,4.638057837615107,3.8261012051780106,1.0887748188270874,6.01266873736161,1.1445904136382614
8,16384,2,11,1,False,4,0.418847993016243,50,True,1024,528,528,4.0,93,94,1.52587890625e-05,4.05215506119111,3.342768871369579,1.1731487295280598,5.510801339086629,1.0
8,16384,1,16,3,True,4,0.3501400053501129,51,False,1024,1536,1536,11.636363636363637,64,64,1.52587890625e-05,4.847309615687593,3.998720544629901,1.0,2.949451554374002,1.4322328275121037
8,16384,3,4,1,False,4,0.9504959881305695,52,False,1024,128,128,0.9696969696969697,256,256,1.52587890625e-05,1.7856330126217836,1.4730330799649696,0.5469439039539054,3.8847443854523545,1.0
8,16384,1,6,2,True,4,0.4071110039949417,53,True,1024,576,576,4.363636363636363,170,171,1.52587890625e-05,4.168978480354699,3.4391407236629643,1.0,3.6872499543112953,1.413027391590943
8,16384,6,11,2,True,4,0.6946370005607605,54,False,1024,176,176,1.3333333333333333,93,94,1.52587890625e-05,2.443343808925204,2.0156024394900496,0.5735700817096165,8.792219373909985,1.072226195558206
8,16384,1,17,1,False,4,0.5100879967212677,55,False,1024,1632,1632,12.363636363636363,60,61,1.52587890625e-05,3.327341607095188,2.7448441090359483,1.0,2.7448441090359483,1.0
8,16384,1,4,3,True,4,0.40278099477291107,56,False,1024,384,384,2.909090909090909,256,256,1.52587890625e-05,4.213796174090623,3.4761124558017107,1.0,2.5639764448435867,1.2906964161349306
8,16384,1,32,3,True,4,0.35165199637413025,57,False,1024,3072,3072,23.272727272727273,32,32,1.52587890625e-05,4.826467735916904,3.981527326239633,1.0,2.936769856781013,1.4208080981175193
8,16384,3,4,2,True,4,0.8699299991130829,58,False,1024,128,128,0.9696969696969697,256,256,1.52587890625e-05,1.9510041227465276,1.6094536736493417,0.4983125046869636,3.993690306412054,1.0926120367151677
8,16384,1,8,1,False,4,0.5162929892539978,59,False,1024,768,768,5.818181818181818,128,128,1.52587890625e-05,3.287352433785475,2.7118555975617062,1.0,2.7118555975617062,1.0
8,16384,2,33,2,True,4,0.37154699862003326,60,False,1024,1584,1584,12.0,31,32,1.52587890625e-05,4.568027789416236,3.768330892432158,0.9470242295119009,5.921883435361625,1.133382853206996
8,16384,2,32,3,True,4,0.37352800369262695,61,False,1024,1536,1536,11.636363636363637,32,32,1.52587890625e-05,4.543801262534388,3.748345556555541,0.9414340903433354,5.177009491348001,1.153319179288819
8,16384,3,2,3,True,4,1.5044900178909302,62,False,1024,64,64,0.48484848484848486,512,512,1.52587890625e-05,1.1281145069674707,0.9306223479322696,0.4297981383893938,1.9794175813039292,1.2553483093522586
8,16384,2,17,3,True,4,0.4119870066642761,63,False,1024,816,816,6.181818181818182,60,61,1.52587890625e-05,4.1196372393209195,3.398437354193688,0.8811685700004124,4.693735455537801,1.1410456749462348
8,16384,3,32,2,True,4,0.4526180028915405,64,False,1024,1024,1024,7.757575757575758,32,32,1.52587890625e-05,3.749822154505002,3.0933635514843285,0.7907109144853542,7.675856864994134,1.1211042881768631
8,16384,3,16,2,True,4,0.5296750068664551,65,False,1024,512,512,3.878787878787879,64,64,1.52587890625e-05,3.2042988488570043,2.6433416996081234,0.6912597316460346,6.559174889652496,1.084132713184715
8,16384,1,4,2,True,4,0.43349699676036835,66,False,1024,384,384,2.909090909090909,256,256,1.52587890625e-05,3.9152220833232647,3.229807918748475,1.0,3.4628152953727946,1.1992424176540144
8,16384,2,6,2,True,4,0.5282799899578094,67,False,1024,288,288,2.1818181818181817,170,171,1.52587890625e-05,3.212760367671802,2.650321911685768,0.7706349127996599,4.164946729786273,1.1101196622952494
8,16384,3,33,1,False,4,0.4978419989347458,68,False,1024,1056,1056,8.0,31,32,1.52587890625e-05,3.409188092612033,2.812362227144758,0.9797285278179384,7.416879172882318,1.0
8,16384,1,1,1,False,4,1.4001120328903198,69,False,1024,96,96,0.7272727272727273,1024,1024,1.52587890625e-05,1.212215147717014,1.0,1.0,1.0,1.0
8,16384,1,2,2,True,4,0.7804279923439026,70,False,1024,192,192,1.4545454545454546,512,512,1.52587890625e-05,2.174751586848009,1.794031027366517,1.0,1.9234574433594795,1.0468793879424374
8,16384,1,33,3,True,4,0.343298003077507,71,False,1024,3168,3168,24.0,31,32,1.52587890625e-05,4.943917528082211,4.078415896215435,1.0,3.0082347516459413,1.4207772964882581
8,16384,1,1,3,True,4,1.0327209830284119,72,False,1024,96,96,0.7272727272727273,1024,1024,1.52587890625e-05,1.6434613440248207,1.3557505424016356,1.0,1.0,1.3557505424016356
8,16384,3,11,3,True,4,0.4633779972791672,73,False,1024,352,352,2.6666666666666665,93,94,1.52587890625e-05,3.6627483927511317,3.0215332646595363,0.7552797041210485,6.426748809386029,1.1681543398830703
8,16384,3,1,2,True,4,3.474231004714966,74,False,1024,32,32,0.24242424242424243,1024,1024,1.52587890625e-05,0.4885216361454218,0.40299911865106053,0.43207260220830646,1.0,1.062806114007423
8,16384,3,17,1,False,4,0.5998049974441528,75,True,1024,544,544,4.121212121212121,60,61,1.52587890625e-05,2.829648005606248,2.3342787053398677,0.8504230523167013,6.156057333665373,1.0
8,16384,3,16,3,True,4,0.47544999420642853,76,False,1024,512,512,3.878787878787879,64,64,1.52587890625e-05,3.5697487337303655,2.944814491431934,0.7364391831248837,6.2635693103333825,1.2077779141815335
8,16384,1,16,1,False,4,0.5014820098876953,77,False,1024,1536,1536,11.636363636363637,64,64,1.52587890625e-05,3.3844424751160993,2.7919486746969624,1.0,2.7919486746969624,1.0
8,16384,6,4,3,True,4,1.49516099691391,78,False,1024,64,64,0.48484848484848486,256,256,1.52587890625e-05,1.1351533502236169,0.9364289436256189,0.26938971495663144,4.07190679523034,1.125229986367354
8,16384,6,17,3,True,4,0.7676030099391937,79,False,1024,272,272,2.0606060606060606,60,61,1.52587890625e-05,2.2110869717732813,1.824005397010143,0.47293978374299006,7.931386594978825,1.033590261527554
8,16384,3,8,1,False,4,0.5701870024204254,80,False,1024,256,256,1.9393939393939394,128,128,1.52587890625e-05,2.9766322409416412,2.455531302795205,0.9054801092665227,6.475829749908283,1.0
8,16384,2,8,3,True,4,0.39441899955272675,81,False,1024,384,384,2.909090909090909,128,128,1.52587890625e-05,4.303131990840156,3.549808793384838,0.9218521613822293,4.902801392919441,1.1226867902242361
8,16384,1,1,2,True,4,1.5011200308799744,82,False,1024,96,96,0.7272727272727273,1024,1024,1.52587890625e-05,1.1306471034002306,0.9327115780805066,1.0,1.0,0.9327115780805066
8,16384,2,4,3,True,4,0.6337650120258331,83,False,1024,192,192,1.4545454545454546,256,256,1.52587890625e-05,2.678022583394563,2.2091974254224835,0.6355368111682587,3.0512224305657605,1.1066388596620131
8,16384,1,16,2,True,4,0.36614300310611725,84,False,1024,1536,1536,11.636363636363637,64,64,1.52587890625e-05,4.63544844602317,3.8239486239329636,1.0,4.099818972765985,1.369634283964054
8,16384,6,1,1,False,4,6.226286888122559,85,False,1024,16,16,0.12121212121212122,1024,1024,1.52587890625e-05,0.2725921637193116,0.22487110826216716,0.22487110826216716,1.0,1.0
8,16384,2,8,2,True,4,0.3990670144557953,86,False,1024,384,384,2.909090909090909,128,128,1.52587890625e-05,4.253012534962373,3.508463446420502,0.9272026883005648,5.513505092839555,1.1096106282178209
8,16384,6,16,1,False,4,0.5101079940795898,87,False,1024,256,256,1.9393939393939394,64,64,1.52587890625e-05,3.3272111679663183,2.744736505093599,0.983089886275045,12.205821042575348,1.0
8,16384,1,33,1,False,4,0.48775000870227814,88,False,1024,3168,3168,24.0,31,32,1.52587890625e-05,3.4797272875222003,2.8705525533776997,1.0,2.8705525533776997,1.0
8,16384,6,8,3,True,4,0.7520990073680878,89,False,1024,128,128,0.9696969696969697,128,128,1.52587890625e-05,2.256667005464955,1.8616060108760195,0.4834416794409472,8.094886662066143,1.1077424522774872
8,16384,6,33,3,True,4,0.5001699924468994,90,True,1024,528,528,4.0,31,32,1.52587890625e-05,3.3933203518815556,2.7992723554661523,0.6863626532212511,12.172174091278514,1.0207149292256652
8,16384,3,32,1,False,4,0.5074319839477539,91,False,1024,1024,1024,7.757575757575758,32,32,1.52587890625e-05,3.344757659078223,2.7592112385144367,0.9846245801860994,7.276707164886549,1.0
8,16384,2,32,2,True,4,0.38024599850177765,92,False,1024,1536,1536,11.636363636363637,32,32,1.52587890625e-05,4.4635236700921475,3.682121674934008,0.9412064726230948,5.7864067610326675,1.132942916842181
8,16384,2,8,1,False,4,0.44280900061130524,93,False,1024,384,384,2.909090909090909,128,128,1.52587890625e-05,3.832887345170138,3.1618870234287058,1.1659496273590797,5.212604255110366,1.0
8,16384,2,1,1,False,4,2.3081880807876587,94,False,1024,48,48,0.36363636363636365,1024,1024,1.52587890625e-05,0.7353114024362059,0.6065848985809414,0.6065848985809414,1.0,1.0
8,16384,6,1,2,True,4,6.107400894165039,95,False,1024,16,16,0.12121212121212122,1024,1024,1.52587890625e-05,0.2778984127916073,0.22924842451851743,0.24578704704224216,1.0,1.0194658899944005
8,16384,6,32,3,True,4,0.4761449992656708,96,False,1024,512,512,3.878787878787879,32,32,1.52587890625e-05,3.564538149908226,2.9405160928910874,0.7385397240682178,12.786349184988836,1.0634134235476183
8,16384,1,2,1,False,4,0.8170139789581299,97,False,1024,192,192,1.4545454545454546,512,512,1.52587890625e-05,2.077365942911838,1.713694096979548,1.0,1.713694096979548,1.0
8,16384,1,32,2,True,4,0.3578899949789047,98,False,1024,3072,3072,23.272727272727273,32,32,1.52587890625e-05,4.742342727045356,3.9121295720291016,1.0,4.19436154108878,1.3960435082769125
8,16384,1,4,1,False,4,0.5198679864406586,99,False,1024,384,384,2.909090909090909,256,256,1.52587890625e-05,3.2647461644846687,2.693206870606445,1.0,2.693206870606445,1.0
8,16384,2,16,1,False,4,0.44308699667453766,100,False,1024,768,768,5.818181818181818,64,64,1.52587890625e-05,3.830482563263272,3.1599032320931535,1.1317913043068848,5.209333828595969,1.0
8,16384,2,4,1,False,4,0.7013489902019501,101,False,1024,192,192,1.4545454545454546,256,256,1.52587890625e-05,2.4199607306510793,1.9963128947931674,0.7412400868944933,3.291069229490196,1.0
8,16384,6,6,1,False,4,1.1117730140686035,102,False,1024,96,96,0.7272727272727273,170,171,1.52587890625e-05,1.5266038960231296,1.2593506184922778,0.5174248635139522,5.6003220165751895,1.0
8,16384,6,17,2,True,4,0.757163017988205,103,False,1024,272,272,2.0606060606060606,60,61,1.52587890625e-05,2.2415741055078144,1.849155333299877,0.5087028645595018,8.066163757432987,1.047841715645901
8,16384,1,17,3,True,4,0.36303000152111053,104,False,1024,1632,1632,12.363636363636363,60,61,1.52587890625e-05,4.675197663165621,3.856739186909603,1.0,2.8447262724878626,1.4050849642838834
8,16384,6,33,2,True,4,0.5325669944286346,105,True,1024,528,528,4.0,31,32,1.52587890625e-05,3.1868986109276096,2.628987615712897,0.6606943610410821,11.467854670035221,0.9586230160375642
8,16384,2,16,3,True,4,0.38798201084136963,106,False,1024,768,768,5.818181818181818,64,64,1.52587890625e-05,4.374525022667714,3.6087034804888667,0.902464535896411,4.98414350760102,1.1420297444040473
8,16384,3,11,2,True,4,0.4627089947462082,107,False,1024,352,352,2.6666666666666665,93,94,1.52587890625e-05,3.668044135821106,3.02590191413562,0.8610660386852645,7.508457895054646,1.1698433025380914
8,16384,1,11,2,True,4,0.3984230011701584,108,False,1024,1056,1056,8.0,93,94,1.52587890625e-05,4.259887129472357,3.514134547398684,1.0,3.7676540422395854,1.2332897182874454
8,16384,2,1,3,True,4,1.933758020401001,109,False,1024,48,48,0.36363636363636365,1024,1024,1.52587890625e-05,0.8776884164744428,0.7240368330056003,0.5340487135066971,1.0,1.1936281874135486
8,16384,1,6,1,False,4,0.5752590000629425,110,True,1024,576,576,4.363636363636363,170,171,1.52587890625e-05,2.9503875899113323,2.433881143514704,1.0,2.433881143514704,1.0
8,16384,6,11,3,True,4,0.6812839806079865,111,False,1024,176,176,1.3333333333333333,93,94,1.52587890625e-05,2.491232823727738,2.0551078151593143,0.5137064816479125,8.936297339420738,1.0932415991060755
8,16384,3,33,3,True,4,0.4374909996986389,112,False,1024,1056,1056,8.0,31,32,1.52587890625e-05,3.8794786999952726,3.200321912575967,0.7846972927762725,6.807029160282027,1.13794797899312
8,16384,2,6,1,False,4,0.5864540040493011,113,False,1024,288,288,2.1818181818181817,170,171,1.52587890625e-05,2.89406671802317,2.387420024798087,0.9809106870972655,3.9358382155297167,1.0
8,16384,3,4,3,True,4,0.7090109884738922,114,False,1024,128,128,0.9696969696969697,256,256,1.52587890625e-05,2.3938091825963355,1.9747395395154386,0.5680885082470659,4.200236725131136,1.3405941566243713
8,16384,3,1,1,False,4,3.6924339532852173,115,False,1024,32,32,0.24242424242424243,1024,1024,1.52587890625e-05,0.45965264003177336,0.3791840424510824,0.3791840424510824,1.0,1.0
8,16384,6,2,1,False,4,3.348088026046753,116,False,1024,32,32,0.24242424242424243,512,512,1.52587890625e-05,0.5069272377448559,0.4181825633012101,0.2440240437533589,1.8596544773269394,1.0
8,16384,6,8,1,False,4,0.8331319987773895,117,False,1024,128,128,0.9696969696969697,128,128,1.52587890625e-05,2.037176602580601,1.6805404605092185,0.6197013078499579,7.473349838032334,1.0
8,16384,3,1,3,True,4,2.9780139923095703,118,False,1024,32,32,0.24242424242424243,1024,1024,1.52587890625e-05,0.5699224446740198,0.47014958173667826,0.3467817766119678,1.0,1.2398981209694
8,16384,6,17,1,False,4,0.7933869957923889,119,False,1024,272,272,2.0606060606060606,60,61,1.52587890625e-05,2.139229687115562,1.764727731000896,0.6429245745474078,7.8477299491203585,1.0
8,16384,3,17,3,True,4,0.5270369946956635,120,True,1024,544,544,4.121212121212121,60,61,1.52587890625e-05,3.220337531999199,2.656572587848054,0.6888131292011893,5.650483784405341,1.138070009279916
16,512,3,16,2,True,4,0.03298499993979931,0,False,32,1024,1024,7.757575757575758,2,2,6.103515625e-05,1.7261179216731315,1.56731845788454,0.8588146032509355,3.03777473733654,1.1001970953577755
16,512,2,3,2,True,4,0.038256000727415085,1,False,32,288,288,2.1818181818181817,10,11,0.0001220703125,1.4882893783947773,1.3513696741938837,0.7647427757015179,1.8420638980367343,1.0678585920494617
16,512,6,16,2,True,4,0.03644700162112713,2,True,32,512,512,3.878787878787879,2,2,6.103515625e-05,1.5621586690267224,1.4184431349491384,0.7772381369256467,5.264466111506754,1.0144593016882473
16,512,2,1,2,True,4,0.07046999782323837,3,False,32,96,96,0.7272727272727273,32,32,0.0001220703125,0.8079466624263096,0.7336171539077276,0.6516957868746923,1.0,0.9265787391697239
16,512,6,16,1,False,4,0.03697399981319904,4,True,32,512,512,3.878787878787879,2,2,6.103515625e-05,1.5398928931175477,1.398225766759285,0.9663547564730244,5.336019846586431,1.0
16,512,6,9,3,True,4,0.04885900020599365,5,False,32,288,288,2.1818181818181817,3,4,6.103515625e-05,1.165312415367236,1.0581059583905685,0.574407982379306,4.068605605830298,1.044372576910596
16,512,3,3,2,True,4,0.04415099881589413,6,False,32,192,192,1.4545454545454546,10,11,0.0001220703125,1.2895744392984851,1.1709361198043131,0.6626350698320034,2.269506969615777,1.1380036954212494
16,512,2,4,2,True,4,0.02935199998319149,7,False,32,384,384,2.909090909090909,8,8,6.103515625e-05,1.939765589230012,1.7613109590001672,0.9210615909713239,2.40085847177682,1.0598937000241462
16,512,1,4,3,True,4,0.027243999764323235,8,False,32,768,768,5.818181818181818,8,8,6.103515625e-05,2.0898546481795965,1.8975921188586944,1.0,1.5112318993914544,1.3023418230089185
16,512,6,4,2,True,4,0.05140000022947788,9,False,32,128,128,0.9696969696969697,8,8,6.103515625e-05,1.1077042663089711,1.0057976460731437,0.5259727564593291,3.732957277117205,1.049824887801903
16,512,1,4,2,True,4,0.027034999802708626,10,False,32,768,768,5.818181818181818,8,8,6.103515625e-05,2.1060107252810245,1.9122618685496826,1.0,1.6987239140971613,1.312409860479024
16,512,2,1,1,False,4,0.0652960017323494,11,False,32,96,96,0.7272727272727273,32,32,0.0001220703125,0.8719676248456592,0.7917483133328715,0.7917483133328715,1.0,1.0
16,512,6,4,3,True,4,0.05083800107240677,12,False,32,128,128,0.9696969696969697,8,8,6.103515625e-05,1.1199496113425627,1.0169164433773914,0.5358983278182116,3.910224594594951,1.0614303933208282
16,512,3,16,1,False,4,0.0362900011241436,13,False,32,1024,1024,7.757575757575758,2,2,6.103515625e-05,1.5689169958331977,1.4245797089428418,0.9845687373524653,2.9865527187073315,1.0
16,512,1,8,1,False,4,0.035106999799609184,14,False,32,1536,1536,11.636363636363637,4,4,6.103515625e-05,1.6217848254611766,1.472583801921559,1.0,1.472583801921559,1.0
16,512,1,2,2,True,4,0.029296999797225,15,False,32,384,384,2.909090909090909,16,16,3.0517578125e-05,1.943407172630274,1.7646175238689359,1.0,1.5675666791936553,1.2094753879006075
16,512,2,6,3,True,4,0.034835001453757286,16,True,32,576,576,4.363636363636363,5,6,3.0517578125e-05,1.6344480311865657,1.4840820175534046,0.8031577167644847,1.789177451979609,1.066628367525672
16,512,1,6,1,False,4,0.0358319990336895,17,False,32,1152,1152,8.727272727272727,5,6,3.0517578125e-05,1.5889707824825268,1.4427885865469317,1.0,1.4427885865469317,1.0
16,512,1,8,2,True,4,0.026847999542951584,18,False,32,1536,1536,11.636363636363637,4,4,6.103515625e-05,2.1206793992747284,1.925581053301984,1.0,1.7105557756361736,1.3076206941766668
16,512,3,1,1,False,4,0.10838200151920319,19,False,32,64,64,0.48484848484848486,32,32,0.0001220703125,0.5253270722481241,0.47699801179449536,0.47699801179449536,1.0,1.0
16,512,3,9,3,True,4,0.0398159995675087,20,True,32,576,576,4.363636363636363,3,4,6.103515625e-05,1.4299779023741148,1.2984227396153416,0.7048673908540267,2.3841420295946136,1.124472563970185
16,512,6,32,1,False,4,0.04357500001788139,21,False,32,1024,1024,7.757575757575758,1,1,6.103515625e-05,1.306620757753541,1.1864142103902044,0.9443258677917342,4.527687819390745,1.0
16,512,1,3,2,True,4,0.0292560001835227,22,True,32,576,576,4.363636363636363,10,11,0.0001220703125,1.946130680384044,1.7670904742502966,1.0,1.5697634808034573,1.3458436244593905
16,512,1,16,3,True,4,0.02909800037741661,23,False,32,3072,3072,23.272727272727273,2,2,6.103515625e-05,1.9566980137461136,1.776685633666136,1.0,1.414942641309907,1.2279194488239884
16,512,3,4,2,True,4,0.03473000042140484,24,False,32,256,256,1.9393939393939394,8,8,6.103515625e-05,1.6393895436691062,1.4885689205781096,0.7784336157406546,2.8851424794804674,1.099942361511155
16,512,3,32,3,True,4,0.0421339999884367,25,False,32,2048,2048,15.515151515151516,1,1,6.103515625e-05,1.3513077219846281,1.226990061545449,0.8988227900518109,2.252978545717718,1.0178003431309424
16,512,2,6,2,True,4,0.035846998915076256,26,True,32,576,576,4.363636363636363,5,6,3.0517578125e-05,1.5883058907486127,1.4421848635486512,0.7733143845500057,1.9658548820275341,1.0365163572381721
16,512,6,1,2,True,4,0.19187400490045547,27,False,32,32,32,0.24242424242424243,32,32,0.0001220703125,0.2967363899659739,0.269437224004309,0.23934977907142316,1.0,1.0282476613404172
16,512,2,32,3,True,4,0.037526000291109085,28,False,32,3072,3072,23.272727272727273,1,1,6.103515625e-05,1.5172413553480788,1.3776581260437857,1.0091936026185635,1.6608750907968772,1.0147098138258244
16,512,3,8,3,True,4,0.034626999869942665,29,False,32,512,512,3.878787878787879,4,4,6.103515625e-05,1.6442660281376846,1.4929967780386137,0.7949576898703077,2.7414156113945665,1.1278481830428233
16,512,1,6,2,True,4,0.027720999903976917,30,False,32,1152,1152,8.727272727272727,5,6,3.0517578125e-05,2.053894150272212,1.8649399162384177,1.0,1.6566862970871652,1.2925940318822684
16,512,3,9,2,True,4,0.0399130005389452,31,True,32,576,576,4.363636363636363,3,4,6.103515625e-05,1.42650261252394,1.295267169616162,0.7029789675057491,2.510485259818998,1.1217397468533068
16,512,2,32,2,True,4,0.03689200058579445,32,False,32,3072,3072,23.272727272727273,1,1,6.103515625e-05,1.543315587076034,1.401333579585668,0.9719179943373407,1.910170137272886,1.0321478955977617
16,512,2,9,3,True,4,0.03251099959015846,33,False,32,864,864,6.545454545454546,3,4,6.103515625e-05,1.7512841887430024,1.590169477736317,0.8632462884312725,1.917074218770142,1.1068561682253164
16,512,3,2,2,True,4,0.052730999886989594,34,False,32,128,128,0.9696969696969697,16,16,3.0517578125e-05,1.0797443565359484,0.9804099931684289,0.555593481254155,1.9002294616623112,1.1026910172965205
16,512,1,32,3,True,4,0.03787099942564964,35,False,32,6144,6144,46.54545454545455,1,1,6.103515625e-05,1.5034195137694881,1.3651078667850884,1.0,1.0871643773671618,1.0865570048315356
16,512,1,32,1,False,4,0.04114899970591068,36,False,32,6144,6144,46.54545454545455,1,1,6.103515625e-05,1.383654522573884,1.2563610199142203,1.0,1.2563610199142203,1.0
16,512,2,2,1,False,4,0.04603300057351589,37,False,32,192,192,1.4545454545454546,16,16,3.0517578125e-05,1.2368517983429406,1.1230638584248893,0.7697521289641701,1.418460689480148,1.0
16,512,6,9,2,True,4,0.049473999068140984,38,False,32,288,288,2.1818181818181817,3,4,6.103515625e-05,1.1508267092792779,1.0449529088554934,0.5671261761209068,3.8782796724434117,1.031390243592983
16,512,2,6,1,False,4,0.03715600073337555,39,True,32,576,576,4.363636363636363,5,6,3.0517578125e-05,1.5323500489473219,1.3913768494608174,0.9643664099054461,1.7573474120883241,1.0
16,512,1,8,3,True,4,0.027526999823749065,40,False,32,1536,1536,11.636363636363637,4,4,6.103515625e-05,2.0683692340984035,1.8780833207389775,1.0,1.4956952001480806,1.2753660051728715
16,512,1,16,2,True,4,0.028327999636530876,41,False,32,3072,3072,23.272727272727273,2,2,6.103515625e-05,2.0098842231363174,1.8249788160933123,1.0,1.6211875625432366,1.2612962808443895
16,512,2,32,1,False,4,0.03807800076901913,42,False,32,3072,3072,23.272727272727273,1,1,6.103515625e-05,1.4952465568727755,1.357686805895288,1.0806502146874835,1.7147959560281136,1.0
16,512,3,32,2,True,4,0.0401770006865263,43,False,32,2048,2048,15.515151515151516,1,1,6.103515625e-05,1.4171291676725069,1.286756063309257,0.8924508699939355,2.493989043880344,1.0673768303488993
16,512,3,3,1,False,4,0.05024399980902672,44,False,32,192,192,1.4545454545454546,10,11,0.0001220703125,1.1331900278418072,1.028938767523838,0.7836557892252628,2.1571133255941843,1.0
16,512,1,1,3,True,4,0.041172001510858536,45,False,32,192,192,1.4545454545454546,32,32,0.0001220703125,1.382881508139911,1.2556591212922519,1.0,1.0,1.2556591212922519
16,512,3,1,3,True,4,0.09492699801921844,46,False,32,64,64,0.48484848484848486,32,32,0.0001220703125,0.5997872126004424,0.5446079652545357,0.4337227803466729,1.0,1.1417405351558754
16,512,2,9,2,True,4,0.0328770000487566,48,False,32,864,864,6.545454545454546,3,4,6.103515625e-05,1.731788163702243,1.5724670487666073,0.8534233618430539,2.143443675479251,1.0945341843286147
16,512,6,3,1,False,4,0.07220200076699257,49,False,32,96,96,0.7272727272727273,10,11,0.0001220703125,0.7885653989868833,0.7160189286970817,0.5453311668085626,2.7325281116185747,1.0
16,512,1,3,3,True,4,0.03024700004607439,50,True,32,576,576,4.363636363636363,10,11,0.0001220703125,1.882368481361648,1.7091942724970348,1.0,1.3611928934486859,1.3017489755744205
16,512,1,4,1,False,4,0.03548100031912327,51,False,32,768,768,5.818181818181818,8,8,6.103515625e-05,1.6046898066678192,1.4570614913329858,1.0,1.4570614913329858,1.0
16,512,1,16,1,False,4,0.03573000058531761,52,False,32,3072,3072,23.272727272727273,2,2,6.103515625e-05,1.5935068180735277,1.4469073157589578,1.0,1.4469073157589578,1.0
16,512,3,1,2,True,4,0.10020099952816963,53,False,32,64,64,0.48484848484848486,32,32,0.0001220703125,0.568217880166637,0.5159429494955684,0.458328768163258,1.0,1.0816459120124209
16,512,6,32,2,True,4,0.04303400032222271,54,False,32,1024,1024,7.757575757575758,1,1,6.103515625e-05,1.3230468726160478,1.20132915489781,0.8332016300590429,4.458660674438206,1.0125714479622596
16,512,2,9,1,False,4,0.03598500043153763,55,False,32,864,864,6.545454545454546,3,4,6.103515625e-05,1.5822147800386142,1.4366541230789935,1.027122411267489,1.814533859922461,1.0
16,512,6,2,2,True,4,0.09843200072646141,56,False,32,64,64,0.48484848484848486,16,16,3.0517578125e-05,0.5784297700165377,0.5252153655053153,0.29763694307748745,1.9493051394298655,1.0569530166914818
16,512,6,1,3,True,4,0.19878800213336945,57,False,32,32,32,0.24242424242424243,32,32,0.0001220703125,0.28641567363947673,0.2600659933403981,0.20711512299034882,1.0,0.9924844291082818
16,512,3,32,1,False,4,0.04288399964570999,58,False,32,2048,2048,15.515151515151516,1,1,6.103515625e-05,1.3276746575146119,1.2055311926610286,0.9595420214034799,2.5273295964604703,1.0
16,512,3,16,3,True,4,0.033435000106692314,59,False,32,1024,1024,7.757575757575758,2,2,6.103515625e-05,1.7028861779808548,1.5462239890533178,0.8702856373430184,2.83915052239578,1.0853895919946426
16,512,1,9,3,True,4,0.028064999729394913,60,False,32,1728,1728,13.090909090909092,3,4,6.103515625e-05,2.0287190483326722,1.8420808743076555,1.0,1.4670230503417936,1.3169784703040668
16,512,6,3,3,True,4,0.06740900129079819,61,False,32,96,96,0.7272727272727273,10,11,0.0001220703125,0.8446349664321005,0.7669302058926223,0.44870862150279806,2.9489830486556317,1.0711032560105391
16,512,1,3,1,False,4,0.03937400132417679,62,True,32,576,576,4.363636363636363,10,11,0.0001220703125,1.4460303151235578,1.3129983618714365,1.0,1.3129983618714365,1.0
16,512,3,6,3,True,4,0.03298700042068958,63,False,32,384,384,2.909090909090909,5,6,3.0517578125e-05,1.7260132420759378,1.567223408605006,0.8481522986109186,2.877709303925671,1.1197441343223096
16,512,3,8,2,True,4,0.03567899949848652,64,False,32,512,512,3.878787878787879,4,4,6.103515625e-05,1.5957846448269923,1.4489755869180383,0.752487455375268,2.808402728120784,1.0945934425430164
16,512,2,16,1,False,4,0.03182700090110302,65,False,32,1536,1536,11.636363636363637,2,2,6.103515625e-05,1.7889212910570387,1.6243440404457403,1.1226317143843525,2.051591412437684,1.0
16,512,6,8,1,False,4,0.036313001066446304,66,False,32,256,256,1.9393939393939394,4,4,6.103515625e-05,1.5679232745950147,1.4236774081098336,0.9667887194277787,5.433150414913389,1.0
16,512,3,4,3,True,4,0.03412500023841858,67,False,32,256,256,1.9393939393939394,8,8,6.103515625e-05,1.6684541873900152,1.5149596740739446,0.7983589618748608,2.78174351226371,1.1194431769057112
16,512,6,4,1,False,4,0.053960999473929405,68,False,32,128,128,0.9696969696969697,8,8,6.103515625e-05,1.0551324122523467,0.9580622994936399,0.6575304509744205,3.6562331820082994,1.0
16,512,1,32,2,True,4,0.03585599921643734,69,False,32,6144,6144,46.54545454545455,1,1,6.103515625e-05,1.5879072062332535,1.4418228572268643,1.0,1.2808177623291543,1.1476182676578957
16,512,6,32,3,True,4,0.04307200014591217,70,False,32,1024,1024,7.757575757575758,1,1,6.103515625e-05,1.3218796282874354,1.2002692947584044,0.8792486835381816,4.615248919482458,1.0116781173445681
16,512,2,2,2,True,4,0.044224001467227936,71,False,32,192,192,1.4545454545454546,16,16,3.0517578125e-05,1.2874456777654324,1.1690032001576913,0.6624683164171712,1.5934785520360466,1.0409053691721792
16,512,6,1,1,False,4,0.19729399681091309,72,False,32,32,32,0.24242424242424243,32,32,0.0001220703125,0.2885845512929737,0.2620353385030531,0.2620353385030531,1.0,1.0
16,512,6,8,3,True,4,0.03376300074160099,73,False,32,256,256,1.9393939393939394,4,4,6.103515625e-05,1.6863429876456806,1.5312027397869392,0.8153007499073311,5.887746875781493,1.0755264718429882
16,512,1,1,2,True,4,0.04592500068247318,74,False,32,192,192,1.4545454545454546,32,32,0.0001220703125,1.2397604506558844,1.1257049204290577,1.0,1.0,1.1257049204290577
16,512,1,2,3,True,4,0.029261999763548374,75,False,32,384,384,2.909090909090909,16,16,3.0517578125e-05,1.945731665728459,1.7667281681605373,1.0,1.4070125706906207,1.210922031316971
16,512,6,6,2,True,4,0.04930400103330612,76,False,32,192,192,1.4545454545454546,5,6,3.0517578125e-05,1.154794709338356,1.0485558606905871,0.5622464571435221,3.891651810789953,1.1006003275269358
16,512,2,8,2,True,4,0.0298850005492568,77,False,32,768,768,5.818181818181818,4,4,6.103515625e-05,1.9051697673095966,1.7298978848522575,0.8983770804588209,2.3580390338989257,1.0428308341468318
16,512,6,8,2,True,4,0.03432300128042698,78,False,32,256,256,1.9393939393939394,4,4,6.103515625e-05,1.658829281195262,1.5062202403741767,0.7822159642624817,5.5902455421307655,1.0579786065257102
16,512,1,6,3,True,4,0.027978000231087208,79,False,32,1152,1152,8.727272727272727,5,6,3.0517578125e-05,2.035027488462575,1.8478089503167805,1.0,1.4715848584886018,1.2807205210426538
16,512,6,9,1,False,4,0.051026999950408936,80,False,32,288,288,2.1818181818181817,3,4,6.103515625e-05,1.1158014305722173,1.0131498871031235,0.7243420238035443,3.8664627942590215,1.0
16,512,6,16,3,True,4,0.036166999489068985,81,True,32,512,512,3.878787878787879,2,2,6.103515625e-05,1.5742527814529632,1.4294246127493369,0.8045456020262646,5.496391874959121,1.0223131676813269
16,512,6,2,3,True,4,0.09633199870586395,82,False,32,64,64,0.48484848484848486,16,16,3.0517578125e-05,0.5910393255341947,0.5366648666433298,0.3037619914115529,2.063571864011047,1.079994202388313
16,512,2,2,3,True,4,0.04402000084519386,83,False,32,192,192,1.4545454545454546,16,16,3.0517578125e-05,1.2934120501883422,1.1744206780180542,0.6647432803660026,1.41585638219142,1.0457292069439341
16,512,6,3,2,True,4,0.06834400072693825,84,False,32,96,96,0.7272727272727273,10,11,0.0001220703125,0.8330796988305813,0.7564380002499734,0.42806976285178533,2.8074739971262326,1.056449724906632
16,512,3,9,1,False,4,0.04477199912071228,85,True,32,576,576,4.363636363636363,3,4,6.103515625e-05,1.2716876766875302,1.1546949042767118,0.8255383082861667,2.4207541241790085,1.0
16,512,3,6,2,True,4,0.032944001257419586,86,False,32,384,384,2.909090909090909,5,6,3.0517578125e-05,1.728266068762723,1.5692689796545152,0.841458197119685,3.0415552362693816,1.1212056465556333
16,512,1,2,1,False,4,0.03543400019407272,87,False,32,384,384,2.909090909090909,16,16,3.0517578125e-05,1.6068182883850297,1.4589941569062743,1.0,1.4589941569062743,1.0
16,512,3,2,3,True,4,0.05076200142502785,88,False,32,128,128,0.9696969696969697,16,16,3.0517578125e-05,1.121626372958629,1.0184389462129946,0.5764548075742528,1.8700404900192795,1.1454631077603412
16,512,3,8,1,False,4,0.03905399888753891,89,False,32,512,512,3.878787878787879,4,4,6.103515625e-05,1.4578788642471516,1.3237568677112692,0.8989348286894865,2.775183197789894,1.0
16,512,2,3,3,True,4,0.03771599940955639,90,False,32,288,288,2.1818181818181817,10,11,0.0001220703125,1.5095980600754926,1.3707179989473852,0.8019673485945192,1.6525082224109757,1.0831477281195863
16,512,3,6,1,False,4,0.03693700022995472,91,False,32,384,384,2.909090909090909,5,6,3.0517578125e-05,1.5414353950784958,1.399626361564751,0.9700841652168305,2.9342394034291086,1.0
16,512,2,4,3,True,4,0.02900099940598011,92,False,32,384,384,2.909090909090909,8,8,6.103515625e-05,1.9632426712416793,1.782628195506517,0.9394158933262632,2.149098321345698,1.072721647615996
16,512,1,1,1,False,4,0.051697999238967896,93,False,32,192,192,1.4545454545454546,32,32,0.0001220703125,1.1013192073313092,1.0,1.0,1.0,1.0
16,512,2,16,2,True,4,0.02953300066292286,94,False,32,1536,1536,11.636363636363637,2,2,6.103515625e-05,1.9278772310446233,1.7505163064541571,0.9591981512428976,2.386144185873729,1.077675826590156
16,512,3,3,3,True,4,0.04451899975538254,95,False,32,192,192,1.4545454545454546,10,11,0.0001220703125,1.2789146174738784,1.1612569806831157,0.6794177814477379,2.132280566517925,1.12859678081496
16,512,2,3,1,False,4,0.04085199907422066,96,False,32,288,288,2.1818181818181817,10,11,0.0001220703125,1.3937139144410629,1.2654949674565994,0.9638206750333413,1.5983551163241345,1.0
16,512,2,8,1,False,4,0.031165000051259995,97,False,32,768,768,5.818181818181818,4,4,6.103515625e-05,1.8269212080483483,1.658848039593626,1.1264880392063346,2.0951709168923776,1.0
16,512,2,16,3,True,4,0.030269999988377094,98,False,32,1536,1536,11.636363636363637,2,2,6.103515625e-05,1.880938208270126,1.7078955817250943,0.9612818099963495,2.059002284924712,1.0514370965749513
16,512,6,6,3,True,4,0.05097300000488758,99,False,32,192,192,1.4545454545454546,5,6,3.0517578125e-05,1.1169834919862554,1.0142232011851529,0.5488788226787616,3.8998685993429567,1.064563586220979
16,512,6,6,1,False,4,0.0542639996856451,100,False,32,192,192,1.4545454545454546,5,6,3.0517578125e-05,1.0492407465780023,0.952712655507478,0.6603272748280004,3.6358174471813745,1.0
16,512,1,9,2,True,4,0.028057999908924103,101,False,32,1728,1728,13.090909090909092,3,4,6.103515625e-05,2.0292251667007,1.842540430778349,1.0,1.636788111467144,1.3173070258991189
16,512,2,8,3,True,4,0.029384000226855278,102,False,32,768,768,5.818181818181818,4,4,6.103515625e-05,1.9376531140385214,1.759392827383622,0.936802328179639,2.1210862598543367,1.0606112105450158
16,512,3,4,1,False,4,0.038200998678803444,103,False,32,256,256,1.9393939393939394,8,8,6.103515625e-05,1.4904322272094623,1.3533153851198534,0.9287977159301487,2.837150997817788,1.0
16,512,2,1,3,True,4,0.06232599914073944,104,False,32,96,96,0.7272727272727273,32,32,0.0001220703125,0.9135192428107981,0.8294772639300612,0.6605911189307581,1.0,1.0476527072579027
16,512,3,2,1,False,4,0.058145999908447266,105,False,32,128,128,0.9696969696969697,16,16,3.0517578125e-05,0.9791903077102861,0.8891067196431061,0.6093970393468973,1.8639631563625032,1.0
16,512,1,9,1,False,4,0.03696100041270256,106,False,32,1728,1728,13.090909090909092,3,4,6.103515625e-05,1.5404344824743241,1.3987175309573223,1.0,1.3987175309573223,1.0
16,512,6,2,1,False,4,0.10403800010681152,107,False,32,64,64,0.48484848484848486,16,16,3.0517578125e-05,0.5472615725410034,0.4969145810751042,0.3405870946932284,1.89636475718833,1.0
16,512,2,4,1,False,4,0.031109999865293503,108,False,32,384,384,2.909090909090909,8,8,6.103515625e-05,1.830151070042044,1.6617807606178259,1.14050146167651,2.0988750245927834,1.0
16,2048,3,3,3,True,4,0.15711499750614166,0,False,128,192,192,1.4545454545454546,42,43,6.103515625e-05,1.5307131891330732,1.3271616547682152,0.6795023031999157,2.382146812409064,1.2282531863010797
16,2048,6,1,2,True,4,0.780010998249054,1,False,128,32,32,0.24242424242424243,128,128,3.0517578125e-05,0.308326420310898,0.26732571790298837,0.2558322895662853,1.0,1.018874117758625
16,2048,2,3,2,True,4,0.13765399903059006,2,False,128,288,288,2.1818181818181817,42,43,6.103515625e-05,1.7471195939597546,1.5147907183780214,0.7578058193162477,2.017376966288577,1.0944324048460221
16,2048,1,3,1,False,4,0.14570699632167816,3,True,128,576,576,4.363636363636363,42,43,6.103515625e-05,1.6505590326102952,1.4310706098066204,1.0,1.4310706098066204,1.0
16,2048,2,2,1,False,4,0.18131599575281143,4,False,128,192,192,1.4545454545454546,64,64,6.103515625e-05,1.3264025487366955,1.1500198822139593,0.749448518708286,1.5862858294363686,1.0
16,2048,1,32,1,False,4,0.1312830001115799,5,False,128,6144,6144,46.54545454545455,4,4,6.103515625e-05,1.8319051110110005,1.5883016072296676,1.0,1.5883016072296676,1.0
16,2048,3,6,2,True,4,0.11167000234127045,6,False,128,384,384,2.909090909090909,21,22,3.0517578125e-05,2.1536490897374945,1.867260640345597,0.909438518333285,3.8811676788256064,1.1611623199053862
16,2048,1,4,1,False,4,0.13101399689912796,7,False,128,768,768,5.818181818181818,32,32,6.103515625e-05,1.8356664523289705,1.5915627720273213,1.0,1.5915627720273213,1.0
16,2048,2,9,2,True,4,0.10433300212025642,8,False,128,864,864,6.545454545454546,14,15,6.103515625e-05,2.3050999588419576,1.9985718405650195,0.9095492121396622,2.661669858227022,1.1146425189964522
16,2048,2,1,2,True,4,0.2777000069618225,9,False,128,96,96,0.7272727272727273,128,128,3.0517578125e-05,0.8660352641846495,0.7508714254653273,0.718588385186368,1.0,1.0357183561481536
16,2048,2,8,2,True,4,0.1037760004401207,10,False,128,768,768,5.818181818181818,16,16,6.103515625e-05,2.317472227425353,2.009298866740103,0.8820921717857938,2.675955960762401,1.103376482267143
16,2048,1,6,2,True,4,0.10155700147151947,11,False,128,1152,1152,8.727272727272727,21,22,3.0517578125e-05,2.368108504667755,2.0532016213341158,1.0,1.9649260678979514,1.3968805825064652
16,2048,3,2,1,False,4,0.2380320057272911,12,False,128,128,128,0.9696969696969697,64,64,6.103515625e-05,1.0103599226433233,0.8760040459351045,0.5708770298341546,1.9347062573175287,1.0
16,2048,1,6,1,False,4,0.14186300337314606,13,False,128,1152,1152,8.727272727272727,21,22,3.0517578125e-05,1.6952834296104153,1.4698476355437584,1.0,1.4698476355437584,1.0
16,2048,6,3,1,False,4,0.2722429931163788,14,False,128,96,96,0.7272727272727273,42,43,6.103515625e-05,0.883394632641482,0.7659223757873461,0.5352093534300483,2.919204672949271,1.0
16,2048,1,17,2,True,4,0.09545699879527092,15,False,128,3264,3264,24.727272727272727,7,8,6.103515625e-05,2.5194380917952723,2.1844076674395216,1.0,2.0904910282893296,1.3473396840615668
16,2048,2,2,3,True,4,0.16238900274038315,16,False,128,192,192,1.4545454545454546,64,64,6.103515625e-05,1.4809992969644215,1.284058628111155,0.6468048677792549,1.5042582905825028,1.116553416136729
16,2048,6,17,1,False,4,0.15706100314855576,17,True,128,544,544,4.121212121212121,7,8,6.103515625e-05,1.5312394169912853,1.3276179057759467,0.818872922113183,5.060027643726005,1.0
16,2048,1,1,3,True,4,0.15790800005197525,18,False,128,192,192,1.4545454545454546,128,128,3.0517578125e-05,1.523026058300411,1.3204967450067242,1.0,1.0,1.3204967450067242
16,2048,1,2,3,True,4,0.1050339974462986,19,False,128,384,384,2.909090909090909,64,64,6.103515625e-05,2.2897157562361836,1.9852334020302786,1.0,1.5033989364511227,1.293743052144028
16,2048,2,4,2,True,4,0.10476499795913696,20,False,128,384,384,2.909090909090909,32,32,6.103515625e-05,2.2955949370329387,1.990330779756097,0.9078127444649577,2.650694529389844,1.094707218099012
16,2048,2,6,2,True,4,0.12542900443077087,21,True,128,576,576,4.363636363636363,21,22,3.0517578125e-05,1.9174033947307707,1.6624304802980683,0.8096771710212586,2.214001523986391,1.0860246836373901
16,2048,3,8,1,False,4,0.147987999022007,22,False,128,512,512,3.878787878787879,16,16,6.103515625e-05,1.6251182560924888,1.4090129027837375,0.862225327553832,3.1118875447052208,1.0
16,2048,1,4,2,True,4,0.09510700032114983,23,False,128,768,768,5.818181818181818,32,32,6.103515625e-05,2.5287097488214987,2.1924463959019964,1.0,2.09818413886578,1.3775431509429403
16,2048,6,32,1,False,4,0.13742300122976303,24,False,128,1024,1024,7.757575757575758,4,4,6.103515625e-05,1.7500563715033606,1.5173369684346147,0.9553204262515165,5.783114984909136,1.0
16,2048,2,3,1,False,4,0.15065299719572067,25,False,128,288,288,2.1818181818181817,42,43,6.103515625e-05,1.5963704896014663,1.3840879634691923,0.9671695819790633,1.9091488391642797,1.0
16,2048,6,8,3,True,4,0.12439199909567833,26,False,128,256,256,1.9393939393939394,16,16,6.103515625e-05,1.9333880043866618,1.6762894848146173,0.7457151539492878,6.343928882149659,1.050517736352454
16,2048,3,1,1,False,4,0.46052201092243195,27,False,128,64,64,0.48484848484848486,128,128,3.0517578125e-05,0.5222291078151512,0.45278400409459807,0.45278400409459807,1.0,1.0
16,2048,6,9,2,True,4,0.18883099406957626,28,False,128,288,288,2.1818181818181817,14,15,6.103515625e-05,1.2736150655683547,1.1042519852557957,0.5025446185157494,4.130736069533441,1.0316579946226527
16,2048,1,6,3,True,4,0.0938280001282692,29,False,128,1152,1152,8.727272727272727,21,22,3.0517578125e-05,2.5631794194108792,2.2223323506213304,1.0,1.6829517823688491,1.5119474269856523
16,2048,2,4,3,True,4,0.10321999713778496,30,False,128,384,384,2.909090909090909,32,32,6.103515625e-05,2.329955488879041,2.0201221261497664,0.9241910621397712,2.366547281972615,1.111092837145729
16,2048,3,17,2,True,4,0.11964000016450882,31,False,128,1088,1088,8.242424242424242,7,8,6.103515625e-05,2.0101805296102353,1.7428702757642716,0.7978685946507397,3.622617880185273,1.141232032340153
16,2048,6,17,3,True,4,0.1447179988026619,32,True,128,544,544,4.121212121212121,7,8,6.103515625e-05,1.6618388927641619,1.4408504940943088,0.6570848088273097,5.452908430882013,1.0852900430355235
16,2048,3,9,1,False,4,0.1487790048122406,33,True,128,576,576,4.363636363636363,14,15,6.103515625e-05,1.6164780722708147,1.4015216753351982,0.8891711461591545,3.0953427300015326,1.0
16,2048,1,3,2,True,4,0.10431500151753426,34,True,128,576,576,4.363636363636363,42,43,6.103515625e-05,2.3054977270247727,1.998916714237937,1.0,1.9129750914627233,1.3967981038392292
16,2048,2,9,3,True,4,0.10285599902272224,35,False,128,864,864,6.545454545454546,14,15,6.103515625e-05,2.3382009914670294,2.027271156377479,0.9339562481209388,2.3749222796200984,1.1306486875120811
16,2048,3,32,1,False,4,0.13593300431966782,36,False,128,2048,2048,15.515151515151516,4,4,6.103515625e-05,1.769239193210886,1.5339688924169916,0.9657919411745458,3.38786016852421,1.0
16,2048,6,3,2,True,4,0.25783300399780273,37,False,128,96,96,0.7272727272727273,42,43,6.103515625e-05,0.9327665394431447,0.8087288936870625,0.4045835866630295,3.0252566046808393,1.0558888462498728
16,2048,2,32,1,False,4,0.11774500086903572,38,False,128,3072,3072,23.272727272727273,4,4,6.103515625e-05,2.0425325671427847,1.770920196527768,1.1149772741315964,2.4427278660666,1.0
16,2048,6,32,3,True,4,0.12940499931573868,39,False,128,1024,1024,7.757575757575758,4,4,6.103515625e-05,1.85849078602028,1.6113519661662286,0.7758819226476521,6.098172404035019,1.061960526690789
16,2048,3,17,1,False,4,0.13653700053691864,40,False,128,1088,1088,8.242424242424242,7,8,6.103515625e-05,1.7614126423425567,1.5271831024497529,0.9419644645226378,3.372873353826973,1.0
16,2048,6,16,3,True,4,0.12566599994897842,41,False,128,512,512,3.878787878787879,8,8,6.103515625e-05,1.913787333016929,1.6592952760795667,0.7393248967412233,6.2796141843601605,1.0406076385852399
16,2048,3,2,3,True,4,0.19235700368881226,42,False,128,128,128,0.9696969696969697,64,64,6.103515625e-05,1.2502690012905864,1.0840104393416614,0.5460367724183235,1.9457102331267053,1.237449124089966
16,2048,6,8,1,False,4,0.1306760013103485,43,False,128,256,256,1.9393939393939394,16,16,6.103515625e-05,1.840414433267598,1.5956793748527571,0.9764532098571438,6.081705972893835,1.0
16,2048,6,6,1,False,4,0.17943400144577026,44,False,128,192,192,1.4545454545454546,21,22,3.0517578125e-05,1.340314527656264,1.16208187076614,0.7906138314371863,4.4291104878649135,1.0
16,2048,3,8,2,True,4,0.1366419941186905,45,False,128,512,512,3.878787878787879,16,16,6.103515625e-05,1.760059200280396,1.5260096387208177,0.6699258028096087,3.1718653301037776,1.0830345383679125
16,2048,1,1,1,False,4,0.20851700007915497,46,False,128,192,192,1.4545454545454546,128,128,3.0517578125e-05,1.1533735801012182,1.0,1.0,1.0,1.0
16,2048,6,8,2,True,4,0.12968600541353226,47,False,128,256,256,1.9393939393939394,16,16,6.103515625e-05,1.8544637729135103,1.6078604581446765,0.7058587186456565,6.014611952629877,1.0076337912765485
16,2048,1,2,2,True,4,0.1130330003798008,48,False,128,384,384,2.909090909090909,64,64,6.103515625e-05,2.127679510277234,1.8447444496608916,1.0,1.765431324466545,1.2021887765384458
16,2048,6,32,2,True,4,0.13210000097751617,49,False,128,1024,1024,7.757575757575758,4,4,6.103515625e-05,1.8205752998759965,1.5784784143540256,0.7560787374644405,5.904700927154529,1.0402952324970296
16,2048,2,3,3,True,4,0.1358029991388321,50,False,128,288,288,2.1818181818181817,42,43,6.103515625e-05,1.7709328985245651,1.5354373717916714,0.78613876975965,1.7987452797115515,1.1093495589276887
16,2048,1,16,1,False,4,0.12737300246953964,51,False,128,3072,3072,23.272727272727273,8,8,6.103515625e-05,1.8881395133224905,1.6370580581157326,1.0,1.6370580581157326,1.0
16,2048,6,4,3,True,4,0.19118600338697433,52,False,128,128,128,0.9696969696969697,32,32,6.103515625e-05,1.257926807573228,1.0906499240799623,0.49896434414054475,4.127572007319718,1.0681168927354678
16,2048,2,8,3,True,4,0.10162200033664703,53,False,128,768,768,5.818181818181818,16,16,6.103515625e-05,2.366593829058217,2.051888364609955,0.9128042987581486,2.403761024801983,1.1267638693398294
16,2048,2,32,3,True,4,0.1048009991645813,54,False,128,3072,3072,23.272727272727273,4,4,6.103515625e-05,2.2948063550002873,1.9896470619683335,0.9580347560583733,2.330846133327722,1.1235102890968334
16,2048,1,8,1,False,4,0.12759900093078613,55,False,128,1536,1536,11.636363636363637,16,16,6.103515625e-05,1.8847953129642052,1.6341585636102387,1.0,1.6341585636102387,1.0
16,2048,1,8,2,True,4,0.09153999760746956,56,False,128,1536,1536,11.636363636363637,16,16,6.103515625e-05,2.6272449768300694,2.2778785834503914,1.0,2.1799432464990143,1.3939152749155654
16,2048,1,17,1,False,4,0.12861300259828568,57,False,128,3264,3264,24.727272727272727,7,8,6.103515625e-05,1.8699353411757345,1.621274644605291,1.0,1.621274644605291,1.0
16,2048,6,9,3,True,4,0.18066000193357468,58,False,128,288,288,2.1818181818181817,14,15,6.103515625e-05,1.3312188437908221,1.1541957148645596,0.5317336539125754,4.368061481929785,1.078318402410118
16,2048,1,17,3,True,4,0.09509199857711792,59,False,128,3264,3264,24.727272727272727,7,8,6.103515625e-05,2.529108678878185,2.1927922769448513,1.0,1.6605813571571395,1.3525112998228008
16,2048,3,1,2,True,4,0.43341000378131866,60,False,128,64,64,0.48484848484848486,128,128,3.0517578125e-05,0.5548972030987236,0.48110795380801663,0.4604231508916097,1.0,1.0625551023385997
16,2048,6,1,3,True,4,0.7891339957714081,61,False,128,32,32,0.24242424242424243,128,128,3.0517578125e-05,0.304761929129875,0.26423522645900177,0.20010289874486303,1.0,1.007095147264753
16,2048,6,2,1,False,4,0.4084699898958206,62,False,128,64,64,0.48484848484848486,64,64,6.103515625e-05,0.5887776454632553,0.5104830348303844,0.3326731652176457,1.9456337976890887,1.0
16,2048,2,17,2,True,4,0.10971099883317947,63,False,128,1632,1632,12.363636363636363,7,8,6.103515625e-05,2.19210472469537,1.9006025129368704,0.8700768365113292,2.531195686077728,1.0916225296280293
16,2048,1,9,3,True,4,0.09606300294399261,64,False,128,1728,1728,13.090909090909092,14,15,6.103515625e-05,2.5035444606439996,2.170627543266851,1.0,1.6437962088697142,1.3771170396416512
16,2048,3,16,2,True,4,0.11849299818277359,65,False,128,1024,1024,7.757575757575758,8,8,6.103515625e-05,2.029638903408424,1.7597411094073319,0.7950427572273173,3.6576845081832645,1.1015249693140552
16,2048,1,4,3,True,4,0.09539499878883362,66,False,128,768,768,5.818181818181818,32,32,6.103515625e-05,2.5210755484742693,2.18582737802354,1.0,1.6553069034732149,1.3733843342158907
16,2048,6,6,3,True,4,0.16723600029945374,67,False,128,192,192,1.4545454545454546,21,22,3.0517578125e-05,1.438075524783084,1.246842783286991,0.5610514480151417,4.718684938400704,1.0729388476432988
16,2048,6,16,1,False,4,0.13076899945735931,68,False,128,512,512,3.878787878787879,8,8,6.103515625e-05,1.8391055975899064,1.594544585830126,0.9740305653334372,6.077380885231693,1.0
16,2048,3,6,3,True,4,0.11220600083470345,69,False,128,384,384,2.909090909090909,21,22,3.0517578125e-05,2.1433612917686213,1.8583408955670055,0.8362119621970322,3.335570180798723,1.155615546564651
16,2048,2,17,3,True,4,0.10539999976754189,70,False,128,1632,1632,12.363636363636363,7,8,6.103515625e-05,2.28176470041438,1.978339663558217,0.9022011270098851,2.317599660440142,1.1362713314841426
16,2048,1,3,3,True,4,0.10676000267267227,71,True,128,576,576,4.363636363636363,42,43,6.103515625e-05,2.252697572803846,1.9531378312013643,1.0,1.4790932568269362,1.3648088485761651
16,2048,2,16,2,True,4,0.0995199978351593,72,False,128,1536,1536,11.636363636363637,8,8,6.103515625e-05,2.4165796234402217,2.0952271364046218,0.9466137664452554,2.790394021328186,1.1198653729767316
16,2048,1,16,2,True,4,0.09420699998736382,73,False,128,3072,3072,23.272727272727273,8,8,6.103515625e-05,2.5528676098964986,2.2133917873101128,1.0,2.1182290020455543,1.35205454463707
16,2048,6,17,2,True,4,0.14976700395345688,74,True,128,544,544,4.121212121212121,7,8,6.103515625e-05,1.6058143152012345,1.3922759658326065,0.6373700232725235,5.2081631978927625,1.0487023109400362
16,2048,1,32,3,True,4,0.10040299966931343,75,False,128,6144,6144,46.54545454545455,4,4,6.103515625e-05,2.3953268297298225,2.07680050163765,1.0,1.5727418560407544,1.3075605364777207
16,2048,3,6,1,False,4,0.1296669989824295,76,False,128,384,384,2.909090909090909,21,22,3.0517578125e-05,1.854735597959274,1.6080961363763036,1.0940563480795076,3.5515745296521812,1.0
16,2048,2,1,1,False,4,0.2876189947128296,77,False,128,96,96,0.7272727272727273,128,128,3.0517578125e-05,0.8361686930078588,0.7249764581346471,0.7249764581346471,1.0,1.0
16,2048,3,17,3,True,4,0.12347900122404099,78,False,128,1088,1088,8.242424242424242,7,8,6.103515625e-05,1.9476833834839662,1.6886838896665561,0.7701066386549602,3.031049707082049,1.1057507688225072
16,2048,3,1,3,True,4,0.3742709904909134,79,False,128,64,64,0.48484848484848486,128,128,3.0517578125e-05,0.6425771833873932,0.5571284052917197,0.4219082003787012,1.0,1.2304507232002866
16,2048,3,16,1,False,4,0.13052299618721008,80,False,128,1024,1024,7.757575757575758,8,8,6.103515625e-05,1.842571852612952,1.5975499043867911,0.9758663698376002,3.5282825584382222,1.0
16,2048,2,6,3,True,4,0.12270500138401985,81,True,128,576,576,4.363636363636363,21,22,3.0517578125e-05,1.95996900029033,1.699335786864761,0.7646632090783597,1.9907501806479635,1.1101340069225643
16,2048,3,9,2,True,4,0.13188499957323074,82,True,128,576,576,4.363636363636363,14,15,6.103515625e-05,1.8235432359365595,1.5810516795230634,0.7195359607667344,3.286272170328685,1.128096487801323
16,2048,6,9,1,False,4,0.19480900466442108,83,False,128,288,288,2.1818181818181817,14,15,6.103515625e-05,1.23453225022911,1.0703663336217304,0.6790753767322086,4.079549705887775,1.0
16,2048,1,9,2,True,4,0.09489599987864494,84,False,128,1728,1728,13.090909090909092,14,15,6.103515625e-05,2.5343323132778517,2.1973212816747916,1.0,2.102849433317849,1.3940524195170887
16,2048,6,16,2,True,4,0.12649600207805634,85,False,128,512,512,3.878787878787879,8,8,6.103515625e-05,1.901230038439143,1.6484078283397945,0.7447429044376589,6.166289728016353,1.0337797029875004
16,2048,6,2,2,True,4,0.38799600303173065,86,False,128,64,64,0.48484848484848486,64,64,6.103515625e-05,0.6198465886608446,0.5374204848757225,0.29132516700322003,2.0103583339884663,1.0527685509750357
16,2048,1,1,2,True,4,0.1995519995689392,87,False,128,192,192,1.4545454545454546,128,128,3.0517578125e-05,1.2051896218167242,1.0449256360727102,1.0,1.0,1.0449256360727102
16,2048,1,32,2,True,4,0.09987800195813179,88,False,128,6144,6144,46.54545454545455,4,4,6.103515625e-05,2.407917601255942,2.087716974620337,1.0,1.9979574646736538,1.3144335843503645
16,2048,3,8,3,True,4,0.12358099967241287,89,False,128,512,512,3.878787878787879,16,16,6.103515625e-05,1.9460758492872718,1.6872901225260315,0.7506089042942139,3.0285480088608017,1.1974979925254847
16,2048,3,9,3,True,4,0.1270269975066185,90,True,128,576,576,4.363636363636363,14,15,6.103515625e-05,1.8932825589357904,1.6415171906136772,0.756240837220351,2.9463893332707696,1.1712392462436085
16,2048,2,16,1,False,4,0.1114489994943142,91,False,128,1536,1536,11.636363636363637,8,8,6.103515625e-05,2.157919765852456,1.8709634094991845,1.1428815247106623,2.580722985561688,1.0
16,2048,3,4,2,True,4,0.13311799615621567,92,False,128,256,256,1.9393939393939394,32,32,6.103515625e-05,1.8066527880350114,1.5664072935297013,0.7144563700428644,3.255833292988474,1.0923316129165863
16,2048,1,2,1,False,4,0.1358870044350624,93,False,128,384,384,2.909090909090909,64,64,6.103515625e-05,1.7698381084571628,1.5344881649723976,1.0,1.5344881649723976,1.0
16,2048,2,32,2,True,4,0.10512399673461914,94,False,128,3072,3072,23.272727272727273,4,4,6.103515625e-05,2.2877554731902694,1.9835337939590223,0.9500970764103401,2.641642399335937,1.120058260021047
16,2048,2,8,1,False,4,0.11450399830937386,95,False,128,768,768,5.818181818181818,16,16,6.103515625e-05,2.100345860792292,1.8210455805724013,1.1143628416016653,2.511868571922905,1.0
16,2048,2,9,1,False,4,0.1162940002977848,96,False,128,864,864,6.545454545454546,14,15,6.103515625e-05,2.0680172517708293,1.7930159728379973,1.137547920740312,2.473205788573327,1.0
16,2048,3,4,3,True,4,0.12199899926781654,97,False,128,256,256,1.9393939393939394,32,32,6.103515625e-05,1.9713112430152906,1.7091697581995,0.7819326335572566,3.0678201685023696,1.191886788598454
16,2048,3,32,2,True,4,0.12095100060105324,98,False,128,2048,2048,15.515151515151516,4,4,6.103515625e-05,1.9883919744204803,1.7239791241325142,0.8257724323221685,3.5833519493640678,1.123868373507975
16,2048,3,16,3,True,4,0.11298299953341484,99,False,128,1024,1024,7.757575757575758,8,8,6.103515625e-05,2.1286211189864312,1.8455608449082275,0.8223184268415834,3.312631033310656,1.1552445653437247
16,2048,1,9,1,False,4,0.13228999823331833,100,False,128,1728,1728,13.090909090909092,14,15,6.103515625e-05,1.817960557147317,1.5762113754918643,1.0,1.5762113754918643,1.0
16,2048,3,2,2,True,4,0.2192479968070984,101,False,128,128,128,0.9696969696969697,64,64,6.103515625e-05,1.0969222177425821,0.951055440030383,0.5155486117360103,1.9768025710294042,1.085674711713419
16,2048,6,2,3,True,4,0.3746649920940399,102,False,128,64,64,0.48484848484848486,64,64,6.103515625e-05,0.6419014425369547,0.5565425232652048,0.2803411038198502,2.1062389399149883,1.0902272657310232
16,2048,1,8,3,True,4,0.09276099875569344,104,False,128,1536,1536,11.636363636363637,16,16,6.103515625e-05,2.5926628876287277,2.2478951593474163,1.0,1.7023102615341694,1.3755673466479836
16,2048,6,4,2,True,4,0.19451400637626648,105,False,128,128,128,0.9696969696969697,32,32,6.103515625e-05,1.2364045313428143,1.0719896421021795,0.4889467966495715,4.010050549985621,1.0498421356721594
16,2048,2,17,1,False,4,0.11976299807429314,106,False,128,1632,1632,12.363636363636363,7,8,6.103515625e-05,2.008116052205638,1.7410803289159866,1.0738959834531077,2.401568091460182,1.0
16,2048,6,4,1,False,4,0.20420899987220764,107,False,128,128,128,0.9696969696969697,32,32,6.103515625e-05,1.1777051895056667,1.0210960349918135,0.6415681825047646,3.8917629398330473,1.0
16,2048,3,32,3,True,4,0.12400100007653236,108,False,128,2048,2048,15.515151515151516,4,4,6.103515625e-05,1.9394843488748288,1.6815751481879988,0.8096950799376259,3.0182900965308064,1.0962250646024718
16,2048,1,16,3,True,4,0.09290800243616104,109,False,128,3072,3072,23.272727272727273,8,8,6.103515625e-05,2.588560646953011,2.2443384273860714,1.0,1.6996167812398832,1.3709583580495146
16,2048,2,6,1,False,4,0.13621899485588074,110,True,128,576,576,4.363636363636363,21,22,3.0517578125e-05,1.7655246916753942,1.5307483387303311,1.041433344323504,2.111445580824683,1.0
16,2048,2,4,1,False,4,0.1146869994699955,111,False,128,384,384,2.909090909090909,32,32,6.103515625e-05,2.0969944283543684,1.8181398156964368,1.142361361833378,2.507860490221271,1.0
16,2048,3,4,1,False,4,0.145408995449543,112,False,128,256,256,1.9393939393939394,32,32,6.103515625e-05,1.6539416846237267,1.4340034427341222,0.9010033835533228,3.1670806162898866,1.0
16,2048,3,3,1,False,4,0.19297699630260468,113,False,128,192,192,1.4545454545454546,42,43,6.103515625e-05,1.2462521621807152,1.0805277523968826,0.7550485245049464,2.386408845333531,1.0
16,2048,3,3,2,True,4,0.17493300139904022,114,False,128,192,192,1.4545454545454546,42,43,6.103515625e-05,1.3748006206368129,1.1919820640560908,0.596314021272527,2.4775771313307873,1.1031480324424563
16,2048,2,1,3,True,4,0.24427500367164612,115,False,128,96,96,0.7272727272727273,128,128,3.0517578125e-05,0.9845378990006599,0.8536157893561759,0.6464353604687069,1.0,1.1774393220333192
16,2048,2,2,2,True,4,0.1657240018248558,116,False,128,192,192,1.4545454545454546,64,64,6.103515625e-05,1.4511959417165747,1.2582184703669215,0.6820557018606085,1.67567765624745,1.0940841022197492
16,2048,6,1,1,False,4,0.7947330176830292,117,False,128,32,32,0.24242424242424243,128,128,3.0517578125e-05,0.30261483232999514,0.2623736467965897,0.2623736467965897,1.0,1.0
16,2048,6,6,2,True,4,0.16968899965286255,118,False,128,192,192,1.4545454545454546,21,22,3.0517578125e-05,1.417286915387882,1.228818606425425,0.5984890103617643,4.596709273109889,1.057428600633178
16,2048,6,3,3,True,4,0.2525480091571808,119,False,128,96,96,0.7272727272727273,42,43,6.103515625e-05,0.9522862591388707,0.8256529155586342,0.4227315155995825,3.124689037957401,1.0779851087518977
16,2048,2,16,3,True,4,0.09767799824476242,120,False,128,1536,1536,11.636363636363637,8,8,6.103515625e-05,2.4621511826094027,2.1347386701829327,0.9511661183243264,2.5008191001164826,1.1409836554496569
16,8192,1,8,3,True,4,0.3487370014190674,0,False,512,1536,1536,11.636363636363637,64,64,3.0517578125e-05,2.7324660099855818,2.340683621964451,1.0,1.7876737614932294,1.4185818915450714
16,8192,2,32,2,True,4,0.3743789941072464,1,False,512,3072,3072,23.272727272727273,16,16,3.0517578125e-05,2.545313753711618,2.1803653528722506,0.9310538637547485,2.942112148753775,1.1315725758512258
16,8192,3,6,3,True,4,0.424482986330986,2,False,512,384,384,2.909090909090909,85,86,3.0517578125e-05,2.244876787732718,1.9230051942720658,0.8329921491779407,3.512708496926499,1.1680868504671904
16,8192,1,17,2,True,4,0.34730400145053864,3,False,512,3264,3264,24.727272727272727,30,31,3.0517578125e-05,2.7437403508799028,2.3503414420373603,1.0,2.2797952750777153,1.3980000237695025
16,8192,3,1,3,True,4,1.4910849928855896,4,False,512,64,64,0.48484848484848486,512,512,1.52587890625e-05,0.6390728948037986,0.5474422930210777,0.41810358904640205,1.0,1.2346318423760871
16,8192,2,16,3,True,4,0.3647480010986328,5,False,512,1536,1536,11.636363636363637,32,32,3.0517578125e-05,2.612521521520867,2.2379368362155065,0.9379982877562973,2.6557541225886747,1.1596033209487902
16,8192,3,2,1,False,4,0.9467909932136536,6,False,512,128,128,0.9696969696969697,256,256,3.0517578125e-05,1.0064650061440332,0.862157533653683,0.5524186224862865,1.9444006386848276,1.0
16,8192,2,9,2,True,4,0.3903529942035675,7,False,512,864,864,6.545454545454546,56,57,3.0517578125e-05,2.4411545881596477,2.0911405822825997,0.9150871277019146,2.8217152248273467,1.13051522922494
16,8192,2,3,3,True,4,0.5245650112628937,8,False,512,288,288,2.1818181818181817,170,171,3.0517578125e-05,1.8165756052004942,1.5561140565387652,0.78161522317355,1.8466367119903149,1.129787487768785
16,8192,1,6,3,True,4,0.3535909950733185,9,False,512,1152,1152,8.727272727272727,85,86,3.0517578125e-05,2.6949555166253742,2.3085514025190177,1.0,1.7631330994993908,1.5649154687347893
16,8192,6,8,2,True,4,0.5260119736194611,10,False,512,256,256,1.9393939393939394,64,64,3.0517578125e-05,1.8115785392582553,1.5518334724926577,0.6599754799325305,6.079200191863664,0.9742763087185162
16,8192,3,8,2,True,4,0.5599220097064972,11,False,512,512,512,3.878787878787879,64,64,3.0517578125e-05,1.7018655924981365,1.4578512247133988,0.6200059985527893,3.0926878599564134,1.0270412843609427
16,8192,2,6,1,False,4,0.5389660000801086,12,True,512,576,576,4.363636363636363,85,86,3.0517578125e-05,1.7680373208333366,1.514535216457582,1.0266696187019546,2.1199649560086655,1.0
16,8192,6,17,3,True,4,0.6044920086860657,13,True,512,544,544,4.121212121212121,30,31,3.0517578125e-05,1.5763847811208642,1.3503619168909964,0.5642192087652427,5.212097033503183,1.0367581625671374
16,8192,6,4,1,False,4,0.8325530290603638,14,False,512,128,128,0.9696969696969697,128,128,3.0517578125e-05,1.1445661351774445,0.9804576514674123,0.6188662851926006,3.913299057655104,1.0
16,8192,2,6,3,True,4,0.46892300248146057,15,True,512,576,576,4.363636363636363,85,86,3.0517578125e-05,2.032128937499861,1.7407612407047086,0.7540491577554849,2.0657570699188943,1.1493699332896712
16,8192,1,6,2,True,4,0.3877139985561371,16,False,512,1152,1152,8.727272727272727,85,86,3.0517578125e-05,2.457770434780737,2.105374040231913,1.0,2.0421806395207573,1.4271860697736574
16,8192,3,17,3,True,4,0.462569996714592,17,False,512,1088,1088,8.242424242424242,30,31,3.0517578125e-05,2.060038501351065,1.7646691168736894,0.7373284157385668,3.2234796970751143,1.1280995080719376
16,8192,1,32,2,True,4,0.34856700897216797,18,False,512,6144,6144,46.54545454545455,16,16,3.0517578125e-05,2.7337986047841443,2.3418251486324175,1.0,2.2715346006418624,1.395852100484543
16,8192,1,1,2,True,4,0.791782021522522,19,False,512,192,192,1.4545454545454546,512,512,1.52587890625e-05,1.2035029552319658,1.0309440798175356,1.0,1.0,1.0309440798175356
16,8192,6,17,2,True,4,0.6095049977302551,20,True,512,544,544,4.121212121212121,30,31,3.0517578125e-05,1.5634195065675565,1.3392556101006112,0.5698132135812983,5.246441133145906,1.0282311491221663
16,8192,2,9,3,True,4,0.3848569989204407,21,False,512,864,864,6.545454545454546,56,57,3.0517578125e-05,2.4760157811210424,2.121003359388951,0.9324242596481958,2.5169894541112985,1.1466596838788823
16,8192,3,9,1,False,4,0.5679549872875214,22,True,512,576,576,4.363636363636363,56,57,3.0517578125e-05,1.6777949382095896,1.4372318332709166,0.8993846854401546,3.241350200475857,1.0
16,8192,2,16,2,True,4,0.3712179958820343,23,False,512,1536,1536,11.636363636363637,32,32,3.0517578125e-05,2.566987628220243,2.19893161605776,0.9426132800642646,2.9671648438918115,1.139392481171136
16,8192,2,1,1,False,4,1.142589032649994,24,False,512,96,96,0.7272727272727273,512,512,1.52587890625e-05,0.833993654386667,0.7144152134047782,0.7144152134047782,1.0,1.0
16,8192,3,4,3,True,4,0.47247499227523804,25,False,512,256,256,1.9393939393939394,128,128,3.0517578125e-05,2.0168517241792574,1.7276744821217602,0.7673421796774619,3.155902465239822,1.2029589437876373
16,8192,2,8,2,True,4,0.39367400109767914,26,False,512,768,768,5.818181818181818,64,64,3.0517578125e-05,2.420561175350406,2.0734998636398823,0.8818337095459463,2.7979114285676436,1.119314478605656
16,8192,3,3,3,True,4,0.6033839881420135,27,False,512,192,192,1.4545454545454546,170,171,3.0517578125e-05,1.5792795657971885,1.3528416458450712,0.6795142171568235,2.4712041124542488,1.2508916855389258
16,8192,2,3,1,False,4,0.592646986246109,28,False,512,288,288,2.1818181818181817,170,171,3.0517578125e-05,1.6078914175160903,1.3773511154844986,0.9865029717237809,1.9279420281663424,1.0
16,8192,1,6,1,False,4,0.5533400177955627,29,False,512,1152,1152,8.727272727272727,85,86,3.0517578125e-05,1.7221093218563464,1.4751923976989294,1.0,1.4751923976989294,1.0
16,8192,2,17,2,True,4,0.40317098796367645,30,False,512,1632,1632,12.363636363636363,30,31,3.0517578125e-05,2.3635430902774863,2.024657061058538,0.8614310350174027,2.732004582880313,1.0868192960417014
16,8192,1,4,3,True,4,0.3625499904155731,31,False,512,768,768,5.818181818181818,128,128,3.0517578125e-05,2.628360303387732,2.2515046453564644,1.0,1.7195642079154083,1.4211529828751108
16,8192,6,2,3,True,4,1.4872400164604187,32,False,512,64,64,0.48484848484848486,256,256,3.0517578125e-05,0.6407250963229147,0.5488576010329056,0.2720031687560795,2.1184684182634586,1.1279968492787298
16,8192,2,8,1,False,4,0.4406450092792511,33,False,512,768,768,5.818181818181818,64,64,3.0517578125e-05,2.1625389661408914,1.8524730120733068,1.1226996441738928,2.5929921106309366,1.0
16,8192,2,8,3,True,4,0.38646399974823,34,False,512,768,768,5.818181818181818,64,64,3.0517578125e-05,2.4657199724235364,2.1121837690609966,0.9023790098075354,2.5065232680268794,1.1401967830543556
16,8192,1,4,2,True,4,0.36675500869750977,35,False,512,768,768,5.818181818181818,128,128,3.0517578125e-05,2.5982249190980586,2.2256900880332733,1.0,2.15888536692232,1.4048587970216124
16,8192,1,1,1,False,4,0.8162829875946045,36,False,512,192,192,1.4545454545454546,512,512,1.52587890625e-05,1.167379471682859,1.0,1.0,1.0,1.0
16,8192,3,3,1,False,4,0.7547680139541626,37,False,512,192,192,1.4545454545454546,170,171,3.0517578125e-05,1.262523033812302,1.0815018290430332,0.7746062396735789,2.4390819137408113,1.0
16,8192,1,3,2,True,4,0.4197550117969513,38,True,512,576,576,4.363636363636363,170,171,3.0517578125e-05,2.2701622994863695,1.9446652562887474,1.0,1.886295575442782,1.392831524779368
16,8192,6,32,2,True,4,0.4880159944295883,39,False,512,1024,1024,7.757575757575758,16,16,3.0517578125e-05,1.9526245321440643,1.6726562180584001,0.7142532477436244,6.552514932810027,1.0373246281648547
16,8192,3,6,1,False,4,0.49583299458026886,40,False,512,384,384,2.909090909090909,85,86,3.0517578125e-05,1.9218406463824609,1.646286141739321,1.1159806302603452,3.712824745485238,1.0
16,8192,6,9,2,True,4,0.7752179801464081,41,False,512,288,288,2.1818181818181817,56,57,3.0517578125e-05,1.229218138905818,1.0529722071725438,0.46078265649633465,4.124945722164606,0.9810363286574015
16,8192,3,17,2,True,4,0.44728800654411316,42,False,512,1088,1088,8.242424242424242,30,31,3.0517578125e-05,2.1304215379356823,1.824960597315054,0.7764661613306331,3.8714742550802064,1.1666420250664706
16,8192,6,9,1,False,4,0.7605170011520386,43,False,512,288,288,2.1818181818181817,56,57,3.0517578125e-05,1.2529792251302927,1.0733264165798937,0.6716615365757431,4.283966011456062,1.0
16,8192,2,17,1,False,4,0.4381740093231201,44,False,512,1632,1632,12.363636363636363,30,31,3.0517578125e-05,2.1747341981189825,1.8629196853906906,1.1080780510764023,2.607614802199327,1.0
16,8192,1,32,1,False,4,0.4865479916334152,45,False,512,6144,6144,46.54545454545455,16,16,3.0517578125e-05,1.958515951536097,1.677702922694674,1.0,1.677702922694674,1.0
16,8192,2,2,3,True,4,0.6322750151157379,46,False,512,192,192,1.4545454545454546,256,256,3.0517578125e-05,1.50711633390648,1.291025215420198,0.6398070262258074,1.5320564382041182,1.1212272801339052
16,8192,3,8,1,False,4,0.575063019990921,47,False,512,512,512,3.878787878787879,64,64,3.0517578125e-05,1.6570566523594918,1.419467013558778,0.860274401112816,3.201285681584489,1.0
16,8192,2,3,2,True,4,0.5271959900856018,48,False,512,288,288,2.1818181818181817,170,171,3.0517578125e-05,1.8075099597156818,1.5483482479866038,0.7962029675696033,2.089289386708538,1.1241492678081253
16,8192,1,17,3,True,4,0.34106600284576416,49,False,512,3264,3264,24.727272727272727,30,31,3.0517578125e-05,2.793922568802081,2.3933285076312387,1.0,1.8278807676431432,1.4235690401035417
16,8192,1,2,3,True,4,0.4045339971780777,50,False,512,384,384,2.909090909090909,256,256,3.0517578125e-05,2.3555795296542628,2.017835319871207,1.0,1.5411015920727622,1.2929073449994155
16,8192,3,3,2,True,4,0.6861520111560822,51,False,512,192,192,1.4545454545454546,170,171,3.0517578125e-05,1.3887768122931754,1.189653275546431,0.6117522137546686,2.523732312646055,1.1000011683744406
16,8192,3,1,2,True,4,1.731664001941681,52,False,512,64,64,0.48484848484848486,512,512,1.52587890625e-05,0.5502868926843855,0.47138647374971265,0.45723767464976595,1.0,1.0631052039203097
16,8192,3,9,3,True,4,0.48064300417900085,53,True,512,576,576,4.363636363636363,56,57,3.0517578125e-05,1.9825774941416021,1.6983145088919358,0.7466040266242502,3.1022712905861423,1.1816566190486022
16,8192,1,9,3,True,4,0.35885000228881836,55,False,512,1728,1728,13.090909090909092,56,57,3.0517578125e-05,2.6554604896865777,2.274719192944644,1.0,1.7372940870066693,1.4234638827579884
16,8192,3,17,1,False,4,0.521824985742569,56,False,512,1088,1088,8.242424242424242,30,31,3.0517578125e-05,1.826114173980917,1.5642849804001144,0.9304479769058481,3.5278897373723273,1.0
16,8192,2,16,1,False,4,0.4229629933834076,57,False,512,1536,1536,11.636363636363637,32,32,3.0517578125e-05,2.252944152818824,1.9299158563847691,1.1608604126622897,2.7013924398209928,1.0
16,8192,6,6,2,True,4,0.6448879837989807,58,False,512,192,192,1.4545454545454546,85,86,3.0517578125e-05,1.4776395695704716,1.2657748447814925,0.6012113860024909,4.958585322232929,1.0698788059439388
16,8192,2,2,1,False,4,0.7089239954948425,59,False,512,192,192,1.4545454545454546,256,256,3.0517578125e-05,1.344166665055179,1.151439354263673,0.7377729905847354,1.6117228925964693,1.0
16,8192,1,1,3,True,4,0.6234279870986938,60,False,512,192,192,1.4545454545454546,512,512,1.52587890625e-05,1.5285037286127503,1.3093460744254013,1.0,1.0,1.3093460744254013
16,8192,2,2,2,True,4,0.6522650122642517,61,False,512,192,192,1.4545454545454546,256,256,3.0517578125e-05,1.460927667259029,1.2514591036563283,0.6643189358570092,1.6886770961047832,1.0868649738453802
16,8192,6,3,2,True,4,1.0613900423049927,62,False,512,96,96,0.7272727272727273,170,171,3.0517578125e-05,0.8977962528576973,0.7690697623485372,0.39547668158387883,3.012777549717333,1.0435994040602745
16,8192,2,32,3,True,4,0.36894699931144714,63,False,512,3072,3072,23.272727272727273,16,16,3.0517578125e-05,2.582788326183114,2.2124668017845512,0.9333454471463085,2.6255288955635576,1.1482326824642743
16,8192,6,17,1,False,4,0.6267120242118835,64,True,512,544,544,4.121212121212121,30,31,3.0517578125e-05,1.5204942078464534,1.3024849628840525,0.7747274402364814,5.198606151153604,1.0
16,8192,2,4,3,True,4,0.39379699528217316,65,False,512,384,384,2.909090909090909,128,128,3.0517578125e-05,2.4198051641280074,2.0728522496970836,0.9206519977527757,2.4598486510278454,1.1208312898317265
16,8192,6,32,1,False,4,0.5062310099601746,66,False,512,1024,1024,7.757575757575758,16,16,3.0517578125e-05,1.8823659239619897,1.612471325410946,0.9611185053078676,6.435854224588365,1.0
16,8192,3,16,3,True,4,0.4257249981164932,67,False,512,1024,1024,7.757575757575758,32,32,3.0517578125e-05,2.2383275753545138,1.9173950113477738,0.8036478994814161,3.502460507328669,1.1733208152728178
16,8192,6,3,3,True,4,0.9906589984893799,68,False,512,96,96,0.7272727272727273,170,171,3.0517578125e-05,0.961897084925243,0.8239797840016847,0.4138739959688337,3.180378929635089,1.1181102854908096
16,8192,1,32,3,True,4,0.3443550020456314,69,False,512,6144,6144,46.54545454545455,16,16,3.0517578125e-05,2.767237290415843,2.3704693782448283,1.0,1.8104223356572056,1.4129255818649076
16,8192,3,16,2,True,4,0.450189009308815,70,False,512,1024,1024,7.757575757575758,32,32,3.0517578125e-05,2.1166931735293177,1.813200612888932,0.7772624508414347,3.8465266057924037,1.1095606324085396
16,8192,1,16,3,True,4,0.3421330004930496,71,False,512,3072,3072,23.272727272727273,32,32,3.0517578125e-05,2.7852092649018036,2.385864521745213,1.0,1.8221802228965596,1.435117320844104
16,8192,1,3,3,True,4,0.4100079983472824,72,True,512,576,576,4.363636363636363,170,171,3.0517578125e-05,2.3241302770751453,1.9908952773726174,1.0,1.5205264034157737,1.4259429461659534
16,8192,2,4,1,False,4,0.44137999415397644,73,False,512,384,384,2.909090909090909,128,128,3.0517578125e-05,2.158937911602467,1.849388278594798,1.1673365515988752,2.588674266580825,1.0
16,8192,3,8,3,True,4,0.4742729961872101,74,False,512,512,512,3.878787878787879,64,64,3.0517578125e-05,2.009205690525445,1.7211247407229413,0.735308575910171,3.143938206207744,1.2125147849740237
16,8192,6,32,3,True,4,0.4703579992055893,75,False,512,1024,1024,7.757575757575758,16,16,3.0517578125e-05,2.025929195232812,1.7354504206865087,0.7321125666560991,6.698453115648817,1.0762674618379466
16,8192,6,9,3,True,4,0.7676739990711212,76,False,512,288,288,2.1818181818181817,56,57,3.0517578125e-05,1.2412977435147083,1.0633198318326527,0.4674510309363398,4.104178347920221,0.990677034877119
16,8192,6,4,2,True,4,0.7974820137023926,77,False,512,128,128,0.9696969696969697,128,128,3.0517578125e-05,1.1949009337250163,1.023575420597797,0.459891260738047,4.009785845958094,1.0439771866391698
16,8192,1,2,1,False,4,0.5230249762535095,78,False,512,384,384,2.909090909090909,256,256,3.0517578125e-05,1.8219244702761956,1.5606959985768503,1.0,1.5606959985768503,1.0
16,8192,6,16,1,False,4,0.49864399433135986,79,False,512,512,512,3.878787878787879,32,32,3.0517578125e-05,1.9110066773784589,1.637005552807614,0.9846724328813614,6.533777647194107,1.0
16,8192,3,4,1,False,4,0.5683680176734924,80,False,512,256,256,1.9393939393939394,128,128,3.0517578125e-05,1.6765756924579627,1.4361874036049835,0.9065235627252014,3.238994726411975,1.0
16,8192,2,17,3,True,4,0.38370300829410553,81,False,512,1632,1632,12.363636363636363,30,31,3.0517578125e-05,2.4834624232903986,2.127382298157354,0.8888801898168586,2.52455932501104,1.1419613603531171
16,8192,1,9,1,False,4,0.5108100175857544,82,False,512,1728,1728,13.090909090909092,56,57,3.0517578125e-05,1.8654920028891584,1.598016795858095,1.0,1.598016795858095,1.0
16,8192,2,32,1,False,4,0.4236370027065277,83,False,512,3072,3072,23.272727272727273,16,16,3.0517578125e-05,2.2493597035054558,1.9268453472655698,1.1485021103561834,2.697094506264167,1.0
16,8192,6,8,1,False,4,0.5124810039997101,84,False,512,256,256,1.9393939393939394,64,64,3.0517578125e-05,1.8594094129632055,1.5928063308178078,0.9653274780212083,6.357365363090936,1.0
16,8192,6,4,3,True,4,0.7517449855804443,85,False,512,128,128,0.9696969696969697,128,128,3.0517578125e-05,1.2676000785906458,1.0858509245184103,0.4822778965870157,4.191143360692054,1.1074939574322868
16,8192,2,1,2,True,4,1.1014649868011475,86,False,512,96,96,0.7272727272727273,512,512,1.52587890625e-05,0.8651314514947253,0.7410884570786378,0.7188444762297888,1.0,1.0373357722139476
16,8192,2,4,2,True,4,0.398484006524086,87,False,512,384,384,2.909090909090909,128,128,3.0517578125e-05,2.3913431585724063,2.048471141200657,0.9203757307517977,2.7641385068601756,1.1076479530610663
16,8192,6,16,2,True,4,0.47903700172901154,88,False,512,512,512,3.878787878787879,32,32,3.0517578125e-05,1.989224213082713,1.7040082178377758,0.7304550827060994,6.675334221382236,1.040930016953972
16,8192,1,17,1,False,4,0.4855310022830963,89,False,512,3264,3264,24.727272727272727,30,31,3.0517578125e-05,1.9626182433687007,1.681217025805199,1.0,1.681217025805199,1.0
16,8192,2,1,3,True,4,0.9686810076236725,90,False,512,96,96,0.7272727272727273,512,512,1.52587890625e-05,0.9837211582578034,0.8426747104261656,0.6435844020809918,1.0,1.1795307471269054
16,8192,1,16,1,False,4,0.4910009950399399,91,False,512,3072,3072,23.272727272727273,32,32,3.0517578125e-05,1.9407537101312426,1.662487440637885,1.0,1.662487440637885,1.0
16,8192,6,6,1,False,4,0.6899519860744476,92,False,512,192,192,1.4545454545454546,85,86,3.0517578125e-05,1.3811279944617385,1.1831011491668137,0.8019978621176922,4.722109726224159,1.0
16,8192,6,2,1,False,4,1.6776020526885986,93,False,512,64,64,0.48484848484848486,256,256,3.0517578125e-05,0.5680202890040081,0.486577246544491,0.3117693945446042,1.9420749866443976,1.0
16,8192,1,4,1,False,4,0.5152390003204346,94,False,512,768,768,5.818181818181818,128,128,3.0517578125e-05,1.849456276037461,1.5842802798059663,1.0,1.5842802798059663,1.0
16,8192,3,6,2,True,4,0.4303690046072006,95,False,512,384,384,2.909090909090909,85,86,3.0517578125e-05,2.2141743308666513,1.8967048715314174,0.9008873650415533,4.023672670205832,1.1521113027942556
16,8192,2,6,2,True,4,0.47904300689697266,96,True,512,576,576,4.363636363636363,85,86,3.0517578125e-05,1.9891992766462345,1.7039868568004413,0.8093511291764298,2.2993029246704744,1.125088963455057
16,8192,1,16,2,True,4,0.349915012717247,97,False,512,3072,3072,23.272727272727273,32,32,3.0517578125e-05,2.723266988181233,2.3328035606583466,1.0,2.262783798197109,1.4032007121589238
16,8192,2,9,1,False,4,0.44130000472068787,98,False,512,864,864,6.545454545454546,56,57,3.0517578125e-05,2.159329237725755,1.8497234961763818,1.157511924136646,2.5891434861261176,1.0
16,8192,3,9,2,True,4,0.5307910144329071,99,True,512,576,576,4.363636363636363,56,57,3.0517578125e-05,1.7952677737394984,1.537861352959629,0.6729710762666581,3.2624214707021313,1.0700162057082296
16,8192,3,32,2,True,4,0.4393550008535385,100,False,512,2048,2048,15.515151515151516,16,16,3.0517578125e-05,2.1688884864191036,1.8579121348540586,0.7933607408473877,3.9413776981656365,1.136131368851179
16,8192,6,2,2,True,4,1.6013759970664978,101,False,512,64,64,0.48484848484848486,256,256,3.0517578125e-05,0.5950582527448268,0.5097384930771558,0.2705872947002548,1.9968652563843974,1.0476003485513312
16,8192,3,32,1,False,4,0.49916499853134155,102,False,512,2048,2048,15.515151515151516,16,16,3.0517578125e-05,1.9090120613536241,1.6352969258587784,0.9747237748338756,3.688041063219863,1.0
16,8192,3,4,2,True,4,0.5171889960765839,103,False,512,256,256,1.9393939393939394,128,128,3.0517578125e-05,1.842483134851521,1.5783069512053804,0.709131500244065,3.348222825849259,1.0989561301287434
16,8192,6,8,3,True,4,0.5008189976215363,104,False,512,256,256,1.9393939393939394,64,64,3.0517578125e-05,1.9027073799664462,1.629896212945702,0.6963334120216509,6.291037321291779,1.023285870611056
16,8192,3,2,3,True,4,0.7559849917888641,105,False,512,128,128,0.9696969696969697,256,256,3.0517578125e-05,1.2604906355972076,1.0797608371338947,0.5351085029093517,1.972373802497429,1.252393901330357
16,8192,6,6,3,True,4,0.6325650215148926,106,False,512,192,192,1.4545454545454546,85,86,3.0517578125e-05,1.5064253798286578,1.29043333069498,0.5589796827945439,4.980786003158486,1.09072105255223
16,8192,6,1,3,True,4,3.1506710052490234,107,False,512,32,32,0.24242424242424243,512,512,1.52587890625e-05,0.3024473203372685,0.2590822673121616,0.19787149659868064,1.0,1.0340746395424791
16,8192,1,2,2,True,4,0.43331199884414673,108,False,512,384,384,2.909090909090909,256,256,3.0517578125e-05,2.1991359697949138,1.8838227184385088,1.0,1.8272792436733547,1.2070401411654208
16,8192,6,1,2,True,4,3.197732090950012,109,False,512,32,32,0.24242424242424243,512,512,1.52587890625e-05,0.29799619721075354,0.25526934851884214,0.24760736640926412,1.0,1.018856142855263
16,8192,6,3,1,False,4,1.107666015625,110,False,512,96,96,0.7272727272727273,170,171,3.0517578125e-05,0.8602882000168751,0.7369396334995592,0.5278197623360701,2.9413459816508705,1.0
16,8192,6,1,1,False,4,3.258028984069824,111,False,512,32,32,0.24242424242424243,512,512,1.52587890625e-05,0.2924811312180373,0.2505450355370781,0.2505450355370781,1.0,1.0
16,8192,3,16,1,False,4,0.4995120018720627,112,False,512,1024,1024,7.757575757575758,32,32,3.0517578125e-05,1.907685899899477,1.6341609101189818,0.9829613566836725,3.6854790375530966,1.0
16,8192,3,32,3,True,4,0.4476190060377121,113,False,512,2048,2048,15.515151515151516,16,16,3.0517578125e-05,2.128846161464404,1.823611099136019,0.7693037994383539,3.33114763397684,1.1151559513746088
16,8192,3,1,1,False,4,1.8409410119056702,114,False,512,64,64,0.48484848484848486,512,512,1.52587890625e-05,0.5176222359321975,0.44340529235622833,0.44340529235622833,1.0,1.0
16,8192,1,8,2,True,4,0.34715500473976135,115,False,512,1536,1536,11.636363636363637,64,64,3.0517578125e-05,2.7449179467144047,2.351350193572801,1.0,2.280773748648871,1.425046415492898
16,8192,6,16,3,True,4,0.488647997379303,116,False,512,512,512,3.878787878787879,32,32,3.0517578125e-05,1.9500990649967134,1.6704928536952164,0.7001624939178374,6.447731336558369,1.0204564369559825
16,8192,1,8,1,False,4,0.4947119951248169,117,False,512,1536,1536,11.636363636363637,64,64,3.0517578125e-05,1.9261954676507762,1.650016566484616,1.0,1.650016566484616,1.0
16,8192,1,9,2,True,4,0.3572070002555847,118,False,512,1728,1728,13.090909090909092,56,57,3.0517578125e-05,2.6676744915975283,2.285181944952218,1.0,2.2165915588328198,1.430011218201954
16,8192,1,3,1,False,4,0.5846480131149292,119,True,512,576,576,4.363636363636363,170,171,3.0517578125e-05,1.629890090149974,1.396195607072286,1.0,1.396195607072286,1.0
16,8192,3,2,2,True,4,0.8681780099868774,120,False,512,128,128,0.9696969696969697,256,256,3.0517578125e-05,1.0975997915638274,0.94022536646251,0.4991050151692926,1.9945955576182528,1.0905493831017032
16,16384,1,8,2,True,4,0.6934430003166199,0,False,1024,1536,1536,11.636363636363637,128,128,1.52587890625e-05,2.7300686442365736,2.338645043687736,1.0,2.267138087765362,1.4240434731073282
16,16384,6,6,3,True,4,1.2528830170631409,1,False,1024,192,192,1.4545454545454546,170,171,3.0517578125e-05,1.5110325273363718,1.2943882339245465,0.5572587229171382,5.026660797304876,1.092345397256855
16,16384,3,2,1,False,4,1.8912010192871094,2,False,1024,128,128,0.9696969696969697,512,512,3.0517578125e-05,1.0010289611853955,0.8575064306922405,0.549155273545839,1.9431477513630395,1.0
16,16384,2,17,2,True,4,0.7920059859752655,3,False,1024,1632,1632,12.363636363636363,60,61,3.0517578125e-05,2.3903190446200235,2.0476070439965874,0.8606765881309912,2.777768132233711,1.091881897449855
16,16384,3,16,3,True,4,0.8419919908046722,4,False,1024,1024,1024,7.757575757575758,64,64,1.52587890625e-05,2.248414488979283,1.9260480544720846,0.798386468512609,3.5375574244361476,1.1746038049716057
16,16384,6,4,3,True,4,1.4981310367584229,5,False,1024,128,128,0.9696969696969697,256,256,1.52587890625e-05,1.2636724994537383,1.0824934508261723,0.47961225994518764,4.203783107722829,1.1093475700380848
16,16384,6,6,1,False,4,1.3685809969902039,6,False,1024,192,192,1.4545454545454546,170,171,3.0517578125e-05,1.3832918883815886,1.184962409486111,0.8078842369918112,4.763349855422105,1.0
16,16384,2,16,3,True,4,0.7186009883880615,7,False,1024,1536,1536,11.636363636363637,64,64,1.52587890625e-05,2.6344898244245,2.256769837470152,0.9354774386859326,2.6914797823910903,1.165111150150745
16,16384,3,2,2,True,4,1.732475996017456,8,False,1024,128,128,0.9696969696969697,512,512,3.0517578125e-05,1.0927406763970318,0.9360689784437719,0.4981258078992576,2.004203243611016,1.0916174444174256
16,16384,3,6,3,True,4,0.8386919796466827,9,False,1024,384,384,2.909090909090909,170,171,3.0517578125e-05,2.2572613518103104,1.933626498316581,0.8324629387147596,3.551476693078237,1.1728167458033028
16,16384,2,17,3,True,4,0.7514899969100952,10,False,1024,1632,1632,12.363636363636363,60,61,3.0517578125e-05,2.519191206155501,2.1580021589621117,0.8860823086459215,2.573686994910338,1.1507498467232078
16,16384,2,2,1,False,4,1.4417960047721863,11,False,1024,192,192,1.4545454545454546,512,512,3.0517578125e-05,1.3130477442465007,1.1247895197397628,0.7203259057725593,1.5822265881521365,1.0
16,16384,2,3,2,True,4,1.0465350151062012,12,False,1024,288,288,2.1818181818181817,341,342,1.52587890625e-05,1.8089666990622593,1.5496060928318258,0.8141065377586351,2.102183832002198,1.143352091793891
16,16384,6,8,1,False,4,1.0158950090408325,13,False,1024,256,256,1.9393939393939394,128,128,1.52587890625e-05,1.8635262255271536,1.5963431470163207,0.9720423565277645,6.4170313232483895,1.0
16,16384,6,9,1,False,4,1.5071160197257996,14,False,1024,288,288,2.1818181818181817,113,114,3.0517578125e-05,1.2561388552383446,1.0760399428741172,0.6764960355679848,4.325499834666201,1.0
16,16384,6,3,2,True,4,2.112836003303528,15,False,1024,96,96,0.7272727272727273,341,342,1.52587890625e-05,0.8960217398651403,0.7675546200626922,0.4032452099733053,3.027254329260851,1.0475540930862668
16,16384,1,8,1,False,4,0.9874929785728455,16,False,1024,1536,1536,11.636363636363637,128,128,1.52587890625e-05,1.9171245090428586,1.6422567764625229,1.0,1.6422567764625229,1.0
16,16384,6,8,2,True,4,1.0368139743804932,17,False,1024,256,256,1.9393939393939394,128,128,1.52587890625e-05,1.8259273490800612,1.5641350095993918,0.6688210396961124,6.168987008340169,0.9798238007428864
16,16384,2,16,2,True,4,0.7318940162658691,18,False,1024,1536,1536,11.636363636363637,64,64,1.52587890625e-05,2.586640892883087,2.2157812466406455,0.9446613298125668,3.0059119756230563,1.143949814417031
16,16384,6,9,3,True,4,1.5461879968643188,19,False,1024,288,288,2.1818181818181817,113,114,3.0517578125e-05,1.2243963836021576,1.0488485482097072,0.4578440545042487,4.073125621368404,0.9747301251738096
16,16384,2,8,1,False,4,0.8727650046348572,20,False,1024,768,768,5.818181818181818,128,128,1.52587890625e-05,2.16913714651263,1.858137101233684,1.1314534534825758,2.613816962558546,1.0
16,16384,3,3,1,False,4,1.5277620553970337,21,False,1024,192,192,1.4545454545454546,341,342,1.52587890625e-05,1.2391635104707104,1.061498438216523,0.7610727214234121,2.405402722905177,1.0
16,16384,2,16,1,False,4,0.8372500240802765,22,False,1024,1536,1536,11.636363636363637,64,64,1.52587890625e-05,2.26114892479026,1.9369566905081679,1.1645935677032748,2.724691439630641,1.0
16,16384,1,6,1,False,4,1.105655014514923,23,False,1024,1152,1152,8.727272727272727,170,171,3.0517578125e-05,1.71224022581791,1.4667477779964682,1.0,1.4667477779964682,1.0
16,16384,2,2,2,True,4,1.2884460091590881,24,False,1024,192,192,1.4545454545454546,512,512,3.0517578125e-05,1.4693258221703134,1.258661227744296,0.6697921364555294,1.7074902423084697,1.1190193415346779
16,16384,1,17,3,True,4,0.6658819913864136,25,False,1024,3264,3264,24.727272727272727,60,61,3.0517578125e-05,2.8430668139681474,2.4354421004747198,1.0,1.8670034836406382,1.440183120732612
16,16384,3,17,3,True,4,0.9071739912033081,26,False,1024,1088,1088,8.242424242424242,60,61,3.0517578125e-05,2.086862068453482,1.787658212752895,0.7340179478725617,3.283377882599925,1.1321587578961008
16,16384,1,17,1,False,4,0.9589920043945312,27,False,1024,3264,3264,24.727272727272727,60,61,3.0517578125e-05,1.974100913307398,1.691064188584453,1.0,1.691064188584453,1.0
16,16384,3,17,2,True,4,0.8800410032272339,28,False,1024,1088,1088,8.242424242424242,60,61,3.0517578125e-05,2.15120316529264,1.8427744046281391,0.7745786926845074,3.945536626092695,1.1670649155096116
16,16384,6,1,3,True,4,6.297817945480347,29,False,1024,32,32,0.24242424242424243,1024,1024,1.52587890625e-05,0.3006036389299504,0.25750459124247116,0.19740233972691917,1.0,1.0351252053618247
16,16384,3,3,3,True,4,1.199433982372284,30,False,1024,192,192,1.4545454545454546,341,342,1.52587890625e-05,1.5783669793858948,1.3520686086973503,0.6779756244085485,2.483333857604791,1.2737358436146444
16,16384,3,1,2,True,4,3.472234010696411,31,False,1024,64,64,0.48484848484848486,1024,1024,1.52587890625e-05,0.5452244825371191,0.4670529206195856,0.4527722016629811,1.0,1.0583627130782522
16,16384,1,3,1,False,4,1.162738025188446,32,True,1024,576,576,4.363636363636363,341,342,1.52587890625e-05,1.6281801667429878,1.394739830158718,1.0,1.394739830158718,1.0
16,16384,6,3,1,False,4,2.2133100032806396,33,False,1024,96,96,0.7272727272727273,341,342,1.52587890625e-05,0.8553465122028332,0.7327112032958125,0.525338982548761,2.945375968338828,1.0
16,16384,6,16,3,True,4,0.9559260010719299,34,False,1024,512,512,3.878787878787879,64,64,1.52587890625e-05,1.9804325749135931,1.6964880481877258,0.7032291320673681,6.588185631961338,1.0303893737891479
16,16384,6,17,1,False,4,1.2336170077323914,35,True,1024,544,544,4.121212121212121,60,61,3.0517578125e-05,1.5346310725803618,1.3146033376691377,0.7773822818455868,5.284484611743373,1.0
16,16384,2,1,2,True,4,2.200008988380432,36,False,1024,96,96,0.7272727272727273,1024,1024,7.62939453125e-06,0.8605178441218112,0.7371410954844627,0.7146020975439031,1.0,1.0369266605230785
16,16384,3,4,2,True,4,1.0276139974594116,37,False,1024,256,256,1.9393939393939394,256,256,1.52587890625e-05,1.842274430292111,1.5781383279906815,0.7141533639797727,3.378928293387281,1.100198126481468
16,16384,2,3,3,True,4,1.0430369973182678,38,False,1024,288,288,2.1818181818181817,341,342,1.52587890625e-05,1.8150334039896665,1.5548029839209745,0.7796339010279122,1.8542966709958029,1.1471865348340218
16,16384,6,8,3,True,4,0.9770860075950623,39,False,1024,256,256,1.9393939393939394,128,128,1.52587890625e-05,1.9375438569521721,1.6597485003004067,0.7056625467438933,6.445510319998745,1.03971912517844
16,16384,1,3,3,True,4,0.8131870031356812,40,True,1024,576,576,4.363636363636363,341,342,1.52587890625e-05,2.3280585946771,1.9942731862622145,1.0,1.5288045588753336,1.4298531834681105
16,16384,1,4,2,True,4,0.7338739931583405,41,False,1024,768,768,5.818181818181818,256,256,1.52587890625e-05,2.579662189120894,2.2098031145525483,1.0,2.142235659484522,1.3998261503427958
16,16384,2,9,1,False,4,0.8752679824829102,42,False,1024,864,864,6.545454545454546,113,114,3.0517578125e-05,2.1629341294529763,1.8528234417646834,1.1648524027958618,2.606342307838982,1.0
16,16384,3,8,2,True,4,1.10978102684021,43,False,1024,512,512,3.878787878787879,128,128,1.52587890625e-05,1.7058743535379597,1.461294612674899,0.6248466891626397,3.1287559678170234,1.0297446119122386
16,16384,2,8,2,True,4,0.7799450159072876,44,False,1024,768,768,5.818181818181818,128,128,1.52587890625e-05,2.427282632901363,2.0792709776905482,0.8890921618493293,2.820723183699334,1.1190083747372817
16,16384,2,3,1,False,4,1.1965579986572266,45,False,1024,288,288,2.1818181818181817,341,342,1.52587890625e-05,1.5821606590355166,1.355318369515144,0.9717356170726925,1.9065084818304558,1.0
16,16384,2,17,1,False,4,0.864776998758316,46,False,1024,1632,1632,12.363636363636363,60,61,3.0517578125e-05,2.1891736186878212,1.875300844147043,1.1089471687747168,2.6379609734273592,1.0
16,16384,3,9,1,False,4,1.1287569999694824,47,True,1024,576,576,4.363636363636363,113,114,3.0517578125e-05,1.6771962360197281,1.4367282203470382,0.9032573109296946,3.2556901158553972,1.0
16,16384,6,2,3,True,4,2.9695680141448975,48,False,1024,64,64,0.48484848484848486,512,512,3.0517578125e-05,0.6375159560960175,0.5461121038634968,0.27000392042854787,2.120785890567937,1.12937739371548
16,16384,1,16,3,True,4,0.6722350120544434,49,False,1024,3072,3072,23.272727272727273,64,64,1.52587890625e-05,2.8161981416945494,2.4124257241737888,1.0,1.8493591903411812,1.4504689210152797
16,16384,6,32,3,True,4,0.9222659766674042,50,False,1024,1024,1024,7.757575757575758,32,32,3.0517578125e-05,2.0527126009468524,1.7584049252586214,0.7212864970335044,6.828635236266037,1.0728878985795662
16,16384,3,9,3,True,4,0.9540089964866638,51,True,1024,576,576,4.363636363636363,113,114,3.0517578125e-05,1.9844120953802775,1.6998970048948447,0.7420401527838824,3.1221875573041085,1.1831722804778197
16,16384,1,16,2,True,4,0.6913919746875763,52,False,1024,3072,3072,23.272727272727273,64,64,1.52587890625e-05,2.7381674376321836,2.345582672554497,1.0,2.273863590074944,1.4102795929095167
16,16384,1,32,2,True,4,0.6752559840679169,53,False,1024,6144,6144,46.54545454545455,32,32,3.0517578125e-05,2.8035989852691547,2.4016329718409497,1.0,2.328200082346805,1.41596819218927
16,16384,1,17,2,True,4,0.6816610097885132,54,False,1024,3264,3264,24.727272727272727,60,61,3.0517578125e-05,2.7772557980352865,2.3790667391605065,1.0,2.3063238400562978,1.4068459111253269
16,16384,2,32,2,True,4,0.7290000021457672,55,False,1024,3072,3072,23.272727272727273,32,32,3.0517578125e-05,2.596909446032062,2.224577545949233,0.9262770673255719,3.0178449683193955,1.137071345819321
16,16384,1,6,2,True,4,0.786998987197876,56,False,1024,1152,1152,8.727272727272727,170,171,3.0517578125e-05,2.4055265921882825,2.0606342093838887,1.0,1.9976277775270055,1.404900174588061
16,16384,3,4,3,True,4,0.9381830096244812,57,False,1024,256,256,1.9393939393939394,256,256,1.52587890625e-05,2.0178866727585385,1.728572164635051,0.7658655132982327,3.174854999323702,1.2050729795282735
16,16384,6,17,3,True,4,1.1924149990081787,58,True,1024,544,544,4.121212121212121,60,61,3.0517578125e-05,1.5876578148584253,1.3600273706044628,0.5584314118325229,5.281565520996227,1.034553413667627
16,16384,3,32,3,True,4,0.873427003622055,59,False,1024,2048,2048,15.515151515151516,32,32,3.0517578125e-05,2.167493086289933,1.856728758150644,0.7616183068361664,3.4102392140782993,1.1214858171911637
16,16384,1,9,3,True,4,0.7079129815101624,60,False,1024,1728,1728,13.090909090909092,113,114,3.0517578125e-05,2.67426511616041,2.290842346626943,1.0,1.756153694144614,1.440230705065645
16,16384,3,6,2,True,4,0.8346699774265289,61,False,1024,384,384,2.909090909090909,170,171,3.0517578125e-05,2.2681383575898164,1.9429440133578622,0.9428864203602565,4.1600082722539895,1.178468166943426
16,16384,2,4,1,False,4,0.8766449987888336,62,False,1024,384,384,2.909090909090909,256,256,1.52587890625e-05,2.159536636090201,1.8499130640236,1.171849503617587,2.6022483178411253,1.0
16,16384,1,32,3,True,4,0.6652179956436157,63,False,1024,6144,6144,46.54545454545455,32,32,3.0517578125e-05,2.845904657011071,2.43787306776234,1.0,1.8688670567445598,1.437334830517541
16,16384,1,32,1,False,4,0.9561409950256348,64,False,1024,6144,6144,46.54545454545455,32,32,3.0517578125e-05,1.9799872629443944,1.6961065828235269,1.0,1.6961065828235269,1.0
16,16384,1,2,2,True,4,0.8629910051822662,65,False,1024,384,384,2.909090909090909,512,512,3.0517578125e-05,2.193704198956162,1.879181852455003,1.0,1.8217235501545679,1.2034459303054204
16,16384,2,9,2,True,4,0.7700380086898804,66,False,1024,864,864,6.545454545454546,113,114,3.0517578125e-05,2.458511099926976,2.1060220631570603,0.9301410764562902,2.857013502649644,1.13665555804455
16,16384,3,1,1,False,4,3.674883008003235,67,False,1024,64,64,0.48484848484848486,1024,1024,1.52587890625e-05,0.5151584384065567,0.44129759566185045,0.44129759566185045,1.0,1.0
16,16384,6,2,1,False,4,3.353762984275818,68,False,1024,64,64,0.48484848484848486,512,512,3.0517578125e-05,0.5644844315492157,0.4835514743808277,0.3096709630185868,1.943795707899254,1.0
16,16384,3,32,2,True,4,0.860137015581131,69,False,1024,2048,2048,15.515151515151516,32,32,3.0517578125e-05,2.2009830497187437,1.8854170979663536,0.7850563013053174,4.036838256926403,1.1388139089120701
16,16384,2,1,1,False,4,2.2812479734420776,70,False,1024,96,96,0.7272727272727273,1024,1024,7.62939453125e-06,0.8298733911304029,0.7108902910381446,0.7108902910381446,1.0,1.0
16,16384,3,6,1,False,4,0.9836319983005524,71,False,1024,384,384,2.909090909090909,170,171,3.0517578125e-05,1.924649660646032,1.6487030094306618,1.1240535245144456,3.7360344258344886,1.0
16,16384,6,16,2,True,4,0.9446990191936493,72,False,1024,512,512,3.878787878787879,64,64,1.52587890625e-05,2.0039684103256903,1.7166494331227715,0.7318648168786245,6.7705076517155725,1.042634716053796
16,16384,3,8,1,False,4,1.1427910327911377,73,False,1024,512,512,3.878787878787879,128,128,1.52587890625e-05,1.6565994459248943,1.4190844950975472,0.8641063416126094,3.215708648874982,1.0
16,16384,1,8,3,True,4,0.6894930005073547,74,False,1024,1536,1536,11.636363636363637,128,128,1.52587890625e-05,2.745708789410027,2.3520427829972115,1.0,1.803069787071375,1.4322016000832658
16,16384,6,6,2,True,4,1.272367000579834,75,False,1024,192,192,1.4545454545454546,170,171,3.0517578125e-05,1.4878938159092503,1.2745670353218679,0.6185314353792817,5.026923784650197,1.0756181167591772
16,16384,1,9,2,True,4,0.7162439823150635,76,False,1024,1728,1728,13.090909090909092,113,114,3.0517578125e-05,2.643159368139687,2.2641963853276055,1.0,2.194965788934955,1.4234786436739904
16,16384,2,6,1,False,4,1.065991997718811,77,True,1024,576,576,4.363636363636363,170,171,3.0517578125e-05,1.7759485960316876,1.5213219604282575,1.0372076121406066,2.140023544570574,1.0
16,16384,2,8,3,True,4,0.7646839916706085,78,False,1024,768,768,5.818181818181818,128,128,1.52587890625e-05,2.475724629194564,2.1207676026111697,0.9016705044406857,2.5292801378348266,1.141340755320539
16,16384,3,17,1,False,4,1.0270649790763855,80,False,1024,1088,1088,8.242424242424242,60,61,3.0517578125e-05,1.8432592195210447,1.578981923060785,0.9337208686220899,3.5780433398751144,1.0
16,16384,2,2,3,True,4,1.258566975593567,81,False,1024,192,192,1.4545454545454546,512,512,3.0517578125e-05,1.5042083801991453,1.28854249890482,0.6370697955269295,1.536747800760114,1.1455854418015416
16,16384,3,9,2,True,4,1.0778260231018066,82,True,1024,576,576,4.363636363636363,113,114,3.0517578125e-05,1.7564495114727046,1.5046185571799244,0.6645265255832575,3.221516215301511,1.047253430308822
16,16384,6,1,2,True,4,6.396091938018799,83,False,1024,32,32,0.24242424242424243,1024,1024,1.52587890625e-05,0.295984956138098,0.25354811211058764,0.2457955659403901,1.0,1.0192208237966651
16,16384,1,9,1,False,4,1.0195580124855042,84,False,1024,1728,1728,13.090909090909092,113,114,3.0517578125e-05,1.8568310665467431,1.5906079064760168,1.0,1.5906079064760168,1.0
16,16384,1,2,1,False,4,1.0385630130767822,85,False,1024,384,384,2.909090909090909,512,512,3.0517578125e-05,1.8228523141039048,1.5615008577727203,1.0,1.5615008577727203,1.0
16,16384,6,4,1,False,4,1.661948025226593,86,False,1024,128,128,0.9696969696969697,256,256,1.52587890625e-05,1.1391132351877378,0.975792871470399,0.6181276376193964,3.9225234454957834,1.0
16,16384,6,1,1,False,4,6.5190300941467285,87,False,1024,32,32,0.24242424242424243,1024,1024,1.52587890625e-05,0.29040316801567534,0.24876661287796703,0.24876661287796703,1.0,1.0
16,16384,6,32,2,True,4,0.9543080031871796,88,False,1024,1024,1024,7.757575757575758,32,32,3.0517578125e-05,1.9837903333169589,1.6993643879693314,0.7075870492678568,6.702335007835263,1.0368644110009027
16,16384,2,4,3,True,4,0.7798210084438324,89,False,1024,384,384,2.909090909090909,256,256,1.52587890625e-05,2.427668620402515,2.0796016242324953,0.921393504988506,2.480184569164538,1.1241618131553262
16,16384,6,3,3,True,4,1.9831029772758484,90,False,1024,96,96,0.7272727272727273,341,342,1.52587890625e-05,0.9546387723799987,0.8177674353543348,0.410057880228056,3.1757392418075745,1.1160842521254355
16,16384,6,32,1,False,4,0.9894880056381226,91,False,1024,1024,1024,7.757575757575758,32,32,3.0517578125e-05,1.91325916124556,1.6389456229179535,0.9662987217404598,6.588286120701984,1.0
16,16384,3,2,3,True,4,1.5051029920578003,92,False,1024,128,128,0.9696969696969697,512,512,3.0517578125e-05,1.2578189012443568,1.0774791122786749,0.532717701067163,1.9789974733320137,1.2565259847775798
16,16384,3,16,1,False,4,0.9890069961547852,93,False,1024,1024,1024,7.757575757575758,64,64,1.52587890625e-05,1.9141896863118328,1.6397427339498905,0.9858939283486122,3.715730042649865,1.0
16,16384,6,17,2,True,4,1.2250270247459412,94,True,1024,544,544,4.121212121212121,60,61,3.0517578125e-05,1.5453920227779112,1.3238214365978944,0.5564456914163858,5.22118435660249,1.0070120763158117
16,16384,2,1,3,True,4,1.9341000318527222,95,False,1024,96,96,0.7272727272727273,1024,1024,7.62939453125e-06,0.9788257900581513,0.8384866392959693,0.6427816437297216,1.0,1.1794881008594027
16,16384,6,16,1,False,4,0.9849759936332703,96,False,1024,512,512,3.878787878787879,64,64,1.52587890625e-05,1.9220234848024118,1.6464533615569719,0.9899286875070158,6.618465969003014,1.0
16,16384,3,3,2,True,4,1.3643519878387451,97,False,1024,192,192,1.4545454545454546,341,342,1.52587890625e-05,1.3875796045334676,1.1886353743210798,0.6244656843582717,2.5449693639518483,1.1197711946879225
16,16384,1,2,3,True,4,0.8017950057983398,98,False,1024,384,384,2.909090909090909,512,512,3.0517578125e-05,2.3611359238197642,2.0226080532338657,1.0,1.5505259930799304,1.295297433341699
16,16384,1,4,1,False,4,1.027296006679535,99,False,1024,768,768,5.818181818181818,256,256,1.52587890625e-05,1.8428446907419,1.5786268273466686,1.0,1.5786268273466686,1.0
16,16384,2,32,3,True,4,0.7173520028591156,100,False,1024,3072,3072,23.272727272727273,32,32,3.0517578125e-05,2.6390767491891163,2.2606991118820554,0.9273243721245471,2.696165932685867,1.1555345356789533
16,16384,3,1,3,True,4,2.978595018386841,101,False,1024,64,64,0.48484848484848486,1024,1024,1.52587890625e-05,0.6355838843627135,0.5444570429210991,0.4173793315095581,1.0,1.2337639005363987
16,16384,6,9,2,True,4,1.593485951423645,102,False,1024,288,288,2.1818181818181817,113,114,3.0517578125e-05,1.1880537698110043,1.0177165567864275,0.44948245805064047,4.013899170120974,0.9457981216460168
16,16384,6,2,2,True,4,3.197361946105957,103,False,1024,64,64,0.48484848484848486,512,512,3.0517578125e-05,0.59209655448467,0.5072047091026066,0.2699071984118959,2.0004278670447526,1.048915650090957
16,16384,3,4,1,False,4,1.1305789947509766,104,False,1024,256,256,1.9393939393939394,256,256,1.52587890625e-05,1.6744933352903169,1.4344128480183012,0.9086459340294121,3.2504433790693867,1.0
16,16384,6,4,2,True,4,1.5904079675674438,105,False,1024,128,128,0.9696969696969697,256,256,1.52587890625e-05,1.1903530605580006,1.0196861867152616,0.4614375733295736,4.0216674390796285,1.044982205269363
16,16384,2,32,1,False,4,0.8289250135421753,106,False,1024,3072,3072,23.272727272727273,32,32,3.0517578125e-05,2.2838579615783474,1.9564098190745502,1.1534710370722656,2.7520558991142194,1.0
16,16384,2,4,2,True,4,0.788114994764328,107,False,1024,384,384,2.909090909090909,256,256,1.52587890625e-05,2.402120254412681,2.057716255297696,0.9311762852295339,2.79148221134697,1.11233132805826
16,16384,1,1,1,False,4,1.6217170357704163,108,False,1024,192,192,1.4545454545454546,1024,1024,7.62939453125e-06,1.1673719582222764,1.0,1.0,1.0,1.0
16,16384,3,16,2,True,4,0.8691079914569855,109,False,1024,1024,1024,7.757575757575758,64,64,1.52587890625e-05,2.178264393307484,1.8659557289903017,0.7955190626293939,3.99516981183835,1.1379563942299038
16,16384,3,32,1,False,4,0.9795359969139099,110,False,1024,2048,2048,15.515151515151516,32,32,3.0517578125e-05,1.9326977239164418,1.6555971816040842,0.9761162407895344,3.7516569269339626,1.0
16,16384,3,8,3,True,4,0.9401470124721527,111,False,1024,512,512,3.878787878787879,128,128,1.52587890625e-05,2.013671230791484,1.7249611116734276,0.7333884928212518,3.16822260654162,1.2155450345857344
16,16384,2,9,3,True,4,0.7601470053195953,112,False,1024,864,864,6.545454545454546,113,114,3.0517578125e-05,2.490501151068514,2.1334255406144544,0.9312843128448928,2.5443763092108105,1.1514456761096012
16,16384,1,16,1,False,4,0.975055992603302,113,False,1024,3072,3072,23.272727272727273,64,64,1.52587890625e-05,1.9415777207575773,1.6632040088698845,1.0,1.6632040088698845,1.0
16,16384,1,1,2,True,4,1.5721310377120972,114,False,1024,192,192,1.4545454545454546,1024,1024,7.62939453125e-06,1.2041916012833191,1.031540626620082,1.0,1.0,1.031540626620082
16,16384,2,6,2,True,4,0.9477010071277618,115,True,1024,576,576,4.363636363636363,170,171,3.0517578125e-05,1.9976205337877377,1.7112116834036335,0.8304296199737802,2.3214167462458373,1.124818892985625
16,16384,1,1,3,True,4,1.2432039976119995,116,False,1024,192,192,1.4545454545454546,1024,1024,7.62939453125e-06,1.522796737595902,1.3044657505007071,1.0,1.0,1.3044657505007071
16,16384,1,6,3,True,4,0.6981799900531769,117,False,1024,1152,1152,8.727272727272727,170,171,3.0517578125e-05,2.711545759977373,2.3227778780181,1.0,1.7806353881859474,1.5836246100818656
16,16384,1,4,3,True,4,0.7185220122337341,118,False,1024,768,768,5.818181818181818,256,256,1.52587890625e-05,2.6347793936672024,2.2570178897217614,1.0,1.7302239547917804,1.4297349130416857
16,16384,2,6,3,True,4,0.9282970130443573,119,True,1024,576,576,4.363636363636363,170,171,3.0517578125e-05,2.0393763689071305,1.7469807755300026,0.7521084095310079,2.083492680332802,1.1483307419280409
16,16384,1,3,2,True,4,0.8519909977912903,120,True,1024,576,576,4.363636363636363,341,342,1.52587890625e-05,2.222026989296306,1.9034438626400645,1.0,1.845243719461479,1.364730411709442
32,512,1,1,1,False,4,0.06571299955248833,0,False,32,384,384,2.909090909090909,32,32,0.0001220703125,1.1664663325604365,1.0,1.0,1.0,1.0
32,512,1,4,1,False,4,0.06501000002026558,1,False,32,1536,1536,11.636363636363637,8,8,0.0001220703125,1.1790801655997836,1.0108137137671682,1.0,1.0108137137671682,1.0
32,512,2,16,3,True,4,0.05336199887096882,2,False,32,3072,3072,23.272727272727273,2,2,0.0001220703125,1.4364529667429418,1.2314568596162347,0.9617705356701859,1.4284135245451726,1.0678760375105087
32,512,1,5,3,True,4,0.0505950003862381,3,False,32,1920,1920,14.545454545454545,6,7,0.0001220703125,1.515011384610763,1.2988042109070197,1.0,1.026860377342931,1.2989030954772862
32,512,6,1,2,True,4,0.19241999834775925,4,False,32,64,64,0.48484848484848486,32,32,0.0001220703125,0.39835777075002393,0.34150815984171096,0.2810466706742288,1.0,1.0273776120544371
32,512,6,8,1,False,4,0.066856998950243,5,False,32,512,512,3.878787878787879,4,4,0.0001220703125,1.1465067650820433,0.9828888610658988,0.9762179184254075,2.956878135693243,1.0
32,512,3,3,2,True,4,0.05876299925148487,6,False,32,384,384,2.909090909090909,10,11,0.0001220703125,1.304426298281563,1.1182717082097855,0.8249408641934415,1.7129486377091268,1.1242958975876394
32,512,6,9,2,True,4,0.07282200083136559,7,True,32,576,576,4.363636363636363,3,4,0.0001220703125,1.0525940061306505,0.902378385684024,0.6513141467567513,2.6423333079428506,1.0517151441576627
32,512,2,4,3,True,4,0.052570000290870667,8,False,32,768,768,5.818181818181818,8,8,0.0001220703125,1.458093992113751,1.2500094956990153,0.9226174228219347,1.4499334308980976,1.1017119753236546
32,512,3,1,2,True,4,0.10065799951553345,9,False,32,128,128,0.9696969696969697,32,32,0.0001220703125,0.7615092884665148,0.6528343486733765,0.5372548646611333,1.0,1.0792783881200478
32,512,2,1,2,True,4,0.0827999971807003,10,False,32,192,192,1.4545454545454546,32,32,0.0001220703125,0.9257488429891316,0.793635287318648,0.6531280404364979,1.0,1.055434796057221
32,512,1,9,1,False,4,0.0655049979686737,11,False,32,3456,3456,26.181818181818183,3,4,0.0001220703125,1.1701702765671982,1.00317535440447,1.0,1.00317535440447,1.0
32,512,1,32,1,False,4,0.07119499891996384,12,False,32,12288,12288,93.0909090909091,1,1,0.0001220703125,1.0766486797156567,0.9230002184052524,1.0,0.9230002184052524,1.0
32,512,2,32,3,True,4,0.0630129985511303,13,False,32,6144,6144,46.54545454545455,1,1,0.0001220703125,1.2164474529384497,1.0428483180207204,1.024185507672722,1.2096393226265352,1.0175678600487865
32,512,1,16,2,True,4,0.049973998218774796,14,False,32,6144,6144,46.54545454545455,2,2,0.0001220703125,1.5338376820275945,1.3149438086744984,1.0,1.0821427509168424,1.298335203532399
32,512,3,9,3,True,4,0.06026400066912174,15,False,32,1152,1152,8.727272727272727,3,4,0.0001220703125,1.2719368236170199,1.090418804308798,0.8208051254514551,1.5787368908359336,1.1173668878975016
32,512,1,2,1,False,4,0.06679899990558624,16,True,32,768,768,5.818181818181818,16,16,0.0001220703125,1.147502233534584,0.9837422662819373,1.0,0.9837422662819373,1.0
32,512,6,3,1,False,4,0.09514399990439415,17,False,32,192,192,1.4545454545454546,10,11,0.0001220703125,0.8056419917867732,0.690668876844786,0.6937904871894595,2.077776828940209,1.0
32,512,2,4,2,True,4,0.0532820001244545,18,False,32,768,768,5.818181818181818,8,8,0.0001220703125,1.438609688271747,1.233305795559436,0.8942794889216626,1.553995664338774,1.0869899539795695
32,512,2,1,1,False,4,0.0873899981379509,19,False,32,192,192,1.4545454545454546,32,32,0.0001220703125,0.8771255661149736,0.7519510350458642,0.7519510350458642,1.0,1.0
32,512,6,16,1,False,4,0.06875300034880638,20,False,32,1024,1024,7.757575757575758,2,2,0.0001220703125,1.1148895495564715,0.9557837362603067,0.9437115590523774,2.8753363113042916,1.0
32,512,3,8,3,True,4,0.058176999911665916,21,False,32,1024,1024,7.757575757575758,4,4,0.0001220703125,1.3175653902044209,1.1295357212002137,0.8461591560277559,1.6353713871489235,1.133936119118618
32,512,2,2,1,False,4,0.05794199928641319,22,False,32,384,384,2.909090909090909,16,16,0.0001220703125,1.322909159738138,1.1341168817400016,1.1528597688766657,1.508232356739595,1.0
32,512,6,5,2,True,4,0.08606100082397461,23,False,32,320,320,2.4242424242424243,6,7,0.0001220703125,0.8906705808164758,0.7635630416022562,0.5784617699450918,2.2358559220258973,1.0403202361856796
32,512,2,8,3,True,4,0.050786999985575676,24,False,32,1536,1536,11.636363636363637,4,4,0.0001220703125,1.5092839035837333,1.2938940983155507,0.9692835008853313,1.5008368461556039,1.1244019351088568
32,512,3,4,2,True,4,0.06626800075173378,25,False,32,512,512,3.878787878787879,8,8,0.0001220703125,1.1566970592142274,0.9916248990017866,0.7190348177023356,1.5189533164375706,1.103005950806583
32,512,3,32,1,False,4,0.0734190009534359,26,False,32,4096,4096,31.03030303030303,1,1,0.0001220703125,1.0440349309322694,0.8950407755366366,0.9697080864001054,1.4796987436183493,1.0
32,512,3,8,2,True,4,0.05827600136399269,27,False,32,1024,1024,7.757575757575758,4,4,0.0001220703125,1.3153270608044507,1.127616823639701,0.8122382712904433,1.7272633186828008,1.1320097459974194
32,512,6,8,3,True,4,0.06431800127029419,28,False,32,512,512,3.878787878787879,4,4,0.0001220703125,1.1917659142952728,1.0216890801119847,0.7653689507328949,3.0964581304207206,1.0394756931155051
32,512,6,3,3,True,4,0.08764300122857094,30,False,32,192,192,1.4545454545454546,10,11,0.0001220703125,0.8745935273214801,0.7497803433397988,0.5587896264504236,2.2723776590718656,1.0855858262573732
32,512,2,5,3,True,4,0.0547420009970665,31,False,32,960,960,7.2727272727272725,6,7,0.0001220703125,1.4002411346571764,1.2004128156734668,0.9242446287074777,1.3924043603766094,1.1356179652328928
32,512,1,3,1,False,4,0.0660100020468235,32,False,32,1152,1152,8.727272727272727,10,11,0.0001220703125,1.16121798534659,0.9955006440671749,1.0,0.9955006440671749,1.0
32,512,2,3,1,False,4,0.06770600005984306,33,True,32,576,576,4.363636363636363,10,11,0.0001220703125,1.1321301143441724,0.9705639011964495,0.9749505507411378,1.2907275287376274,1.0
32,512,6,9,3,True,4,0.0715549997985363,34,True,32,576,576,4.363636363636363,3,4,0.0001220703125,1.0712319447327372,0.9183565053106537,0.6912864337739385,2.7832855639234673,1.070337521037569
32,512,3,8,1,False,4,0.06596900150179863,35,False,32,1024,1024,7.757575757575758,4,4,0.0001220703125,1.161939696592903,0.9961193599496375,0.989358620891001,1.6468038168737706,1.0
32,512,3,16,1,False,4,0.06760399788618088,36,False,32,2048,2048,15.515151515151516,2,2,0.0001220703125,1.1338382933889375,0.9720283061236074,0.959750949314251,1.60697602013742,1.0
32,512,6,3,2,True,4,0.09004300087690353,37,False,32,192,192,1.4545454545454546,10,11,0.0001220703125,0.8512821745504294,0.7297957521687177,0.5383649913155306,2.1369789597618345,1.0566506999746057
32,512,1,8,2,True,4,0.04733399860560894,38,False,32,3072,3072,23.272727272727273,4,4,0.0001220703125,1.6193857237417848,1.3882832950584811,1.0,1.1424980246729066,1.3788609090727002
32,512,1,32,2,True,4,0.06079000048339367,39,False,32,12288,12288,93.0909090909091,1,1,0.0001220703125,1.2609310903110802,1.080983698469282,1.0,0.8896035446084819,1.1711629931539902
32,512,3,3,3,True,4,0.05936199985444546,40,False,32,384,384,2.909090909090909,10,11,0.0001220703125,1.2912638013794342,1.1069876303631179,0.8250058966610041,1.6027256709509095,1.1129510318113447
32,512,1,32,3,True,4,0.06453699991106987,41,False,32,12288,12288,93.0909090909091,1,1,0.0001220703125,1.1877217982732529,1.0182220996178775,1.0,0.8050265934250015,1.1031656107049987
32,512,6,4,1,False,4,0.06914699822664261,42,False,32,256,256,1.9393939393939394,8,8,0.0001220703125,1.1085369366041742,0.9503377042789524,0.9401709645758269,2.858952716444452,1.0
32,512,3,4,3,True,4,0.06296999752521515,43,False,32,512,512,3.878787878787879,8,8,0.0001220703125,1.2172781420047352,1.043560459505732,0.7702397981942073,1.5108941525304407,1.160775004762361
32,512,6,5,3,True,4,0.08394699916243553,44,False,32,320,320,2.4242424242424243,6,7,0.0001220703125,0.913099960145291,0.782791525702249,0.6027017152612916,2.372425458359107,1.0665181792899205
32,512,3,1,3,True,4,0.09514100104570389,45,False,32,128,128,0.9696969696969697,32,32,0.0001220703125,0.8056673857437608,0.6906906468318647,0.5460737286474472,1.0,1.1418631533667163
32,512,1,16,3,True,4,0.05132199823856354,46,False,32,6144,6144,46.54545454545455,2,2,0.0001220703125,1.4935506063740922,1.2804060989018806,1.0,1.0123144649741984,1.264233727749661
32,512,6,32,1,False,4,0.07648500055074692,47,False,32,2048,2048,15.515151515151516,1,1,0.0001220703125,1.0021834482262826,0.8591619151377075,0.9308360908323035,2.5846636201940782,1.0
32,512,6,1,3,True,4,0.19915799796581268,48,False,32,64,64,0.48484848484848486,32,32,0.0001220703125,0.38488035817017346,0.3299541079126964,0.26086826398604684,1.0,0.9926189278523205
32,512,2,4,1,False,4,0.057916998863220215,49,False,32,768,768,5.818181818181818,8,8,0.0001220703125,1.3234802060542192,1.134606434074382,1.1224683822757557,1.508883399575583,1.0
32,512,2,9,1,False,4,0.05890499986708164,50,False,32,1728,1728,13.090909090909092,3,4,0.0001220703125,1.3012817547322113,1.1155759222607393,1.1120447859516998,1.4835752200177452,1.0
32,512,1,4,2,True,4,0.04764899984002113,51,False,32,1536,1536,11.636363636363637,8,8,0.0001220703125,1.6086801789521605,1.3791055378521284,1.0,1.1349451213739128,1.3643518277095645
32,512,1,8,1,False,4,0.06526700034737587,52,False,32,3072,3072,23.272727272727273,4,4,0.0001220703125,1.1744373294553982,1.0068334564594463,1.0,1.0068334564594463,1.0
32,512,1,4,3,True,4,0.04850199818611145,53,False,32,1536,1536,11.636363636363637,8,8,0.0001220703125,1.5803885294665236,1.354851387778602,1.0,1.0711723873503263,1.3403571492211468
32,512,6,2,2,True,4,0.09842400252819061,54,False,32,128,128,0.9696969696969697,16,16,0.0001220703125,0.778793786277712,0.6676521769541612,0.49889252630117564,1.9550109059286254,1.0530561277965604
32,512,2,9,3,True,4,0.053338998928666115,55,False,32,1728,1728,13.090909090909092,3,4,0.0001220703125,1.4370723697317347,1.2319878676457878,0.9273702473414991,1.429029460901475,1.1043514323517643
32,512,2,2,3,True,4,0.05345600098371506,56,False,32,384,384,2.909090909090909,16,16,0.0001220703125,1.4339269713214815,1.2292913488329826,0.929904980568642,1.4259016664429653,1.0839194518883812
32,512,6,16,3,True,4,0.06629499793052673,57,False,32,1024,1024,7.757575757575758,2,2,0.0001220703125,1.1562260197950902,0.991221081586754,0.7741458607834332,3.0041180207067595,1.0370767402520398
32,512,6,4,2,True,4,0.0659400001168251,58,False,32,256,256,1.9393939393939394,8,8,0.0001220703125,1.1624507348154873,0.9965574679415438,0.7226114612617831,2.9181073401099646,1.0486350940875904
32,512,2,16,1,False,4,0.05698399990797043,59,False,32,3072,3072,23.272727272727273,2,2,0.0001220703125,1.3451495457203813,1.153183343721313,1.1386178796414297,1.5335883454844583,1.0
32,512,1,16,1,False,4,0.06488300114870071,60,False,32,6144,6144,46.54545454545455,2,2,0.0001220703125,1.1813880405110027,1.0127922320036553,1.0,1.0127922320036553,1.0
32,512,2,5,1,False,4,0.06216599978506565,61,False,32,960,960,7.2727272727272725,6,7,0.0001220703125,1.2330212954759079,1.0570569085945076,1.0571373877131278,1.405752315415104,1.0
32,512,1,3,3,True,4,0.04897399991750717,62,False,32,1152,1152,8.727272727272727,10,11,0.0001220703125,1.5651570571864846,1.3417935978922833,1.0,1.0608486396004124,1.347858091191492
32,512,2,8,2,True,4,0.05218400061130524,63,False,32,1536,1536,11.636363636363637,4,4,0.0001220703125,1.468879363245497,1.2592556872355267,0.9070595977908681,1.5866931666937463,1.0943009426874688
32,512,6,8,2,True,4,0.06520900130271912,64,False,32,512,512,3.878787878787879,4,4,0.0001220703125,1.1754819128987395,1.0077289674692227,0.7258813608549344,2.950819587843245,1.0252725484917855
32,512,1,5,2,True,4,0.049782998859882355,65,False,32,1920,1920,14.545454545454545,6,7,0.0001220703125,1.539722462386787,1.3199887724209232,1.0,1.086294541214509,1.320089269879602
32,512,3,4,1,False,4,0.07309399917721748,66,False,32,512,512,3.878787878787879,8,8,0.0001220703125,1.0486770795464722,0.8990204434315625,0.8894026972398633,1.4862780076531186,1.0
32,512,2,3,3,True,4,0.06222799979150295,67,True,32,576,576,4.363636363636363,10,11,0.0001220703125,1.2317927917715792,1.0560037245719287,0.7870090647553551,1.2248987777117033,1.0880311160039586
32,512,3,9,1,False,4,0.06733699887990952,68,False,32,1152,1152,8.727272727272727,3,4,0.0001220703125,1.1383340936568878,0.9758825110350186,0.972793546761669,1.6133478663381067,1.0
32,512,2,32,1,False,4,0.06412000209093094,69,False,32,6144,6144,46.54545454545455,1,1,0.0001220703125,1.195446024484429,1.0248440020213707,1.1103399344716114,1.3629132141015827,1.0
32,512,6,4,3,True,4,0.0648529976606369,70,False,32,256,256,1.9393939393939394,8,8,0.0001220703125,1.181934596001894,1.0132607885968763,0.7478759646533681,3.0709143008002138,1.0662112889287767
32,512,2,8,1,False,4,0.05710500106215477,71,False,32,1536,1536,11.636363636363637,4,4,0.0001220703125,1.342299276137065,1.1507398359202263,1.142929675744815,1.530338788415975,1.0
32,512,1,9,3,True,4,0.04946500062942505,72,False,32,3456,3456,26.181818181818183,3,4,0.0001220703125,1.5496209565180719,1.3284746531145881,1.0,1.0503184176120788,1.3242696277195034
32,512,1,9,2,True,4,0.047429999336600304,73,False,32,3456,3456,26.181818181818183,3,4,0.0001220703125,1.6161080046734604,1.385473339059897,1.0,1.1401855505624516,1.3810878955278725
32,512,3,2,2,True,4,0.06202000007033348,74,False,32,256,256,1.9393939393939394,16,16,0.0001220703125,1.2359239197454022,1.0595452995479977,0.7917284620167251,1.622992573385726,1.1748468783755188
32,512,3,2,1,False,4,0.07286400347948074,75,False,32,256,256,1.9393939393939394,16,16,0.0001220703125,1.0519872355232671,0.9018582072695716,0.916762690982215,1.4909694537866982,1.0
32,512,6,2,1,False,4,0.10364599898457527,76,False,32,128,128,0.9696969696969697,16,16,0.0001220703125,0.7395558182708444,0.6340138567458626,0.644491833356031,1.9073384438453798,1.0
32,512,3,1,1,False,4,0.10863800346851349,77,False,32,128,128,0.9696969696969697,32,32,0.0001220703125,0.7055726278304874,0.6048804051478532,0.6048804051478532,1.0,1.0
32,512,3,32,3,True,4,0.07156599685549736,78,False,32,4096,4096,31.03030303030303,1,1,0.0001220703125,1.071067335850973,0.9182153877514327,0.901783007946915,1.3294162762492927,1.025892241837699
32,512,2,32,2,True,4,0.06160400062799454,79,False,32,6144,6144,46.54545454545455,1,1,0.0001220703125,1.24426986572531,1.0667001961334723,0.9867865700879341,1.3440685075097822,1.0408415271295395
32,512,1,1,3,True,4,0.0519540011882782,80,False,32,384,384,2.909090909090909,32,32,0.0001220703125,1.4753820656036556,1.2648303893736372,1.0,1.0,1.2648303893736372
32,512,6,2,3,True,4,0.09687700122594833,81,False,32,128,128,0.9696969696969697,16,16,0.0001220703125,0.7912301229345399,0.6783137248357273,0.5131145775260061,2.0557820271636214,1.0698720818457155
32,512,1,8,3,True,4,0.04922700114548206,82,False,32,3072,3072,23.272727272727273,4,4,0.0001220703125,1.557112962518368,1.334897475438016,1.0,1.0553964283694013,1.3258374231347205
32,512,1,2,3,True,4,0.049709001556038857,83,True,32,768,768,5.818181818181818,16,16,0.0001220703125,1.5420145082400003,1.3219537205632172,1.0,1.0451628389620433,1.3438008773980539
32,512,3,5,2,True,4,0.05930599942803383,84,True,32,640,640,4.848484848484849,6,7,0.0001220703125,1.2924830932585787,1.1080329171794705,0.8394260165920082,1.6972650404058887,1.1637608886977646
32,512,1,5,1,False,4,0.06571800261735916,85,False,32,1920,1920,14.545454545454545,6,7,0.0001220703125,1.1663775303068833,0.9999238707101316,1.0,0.9999238707101316,1.0
32,512,3,32,2,True,4,0.06781399995088577,86,False,32,4096,4096,31.03030303030303,1,1,0.0001220703125,1.1303270953645532,0.9690181909352185,0.8964225753888692,1.4843247646272881,1.0826525644647056
32,512,6,16,2,True,4,0.06647999957203865,87,False,32,1024,1024,7.757575757575758,2,2,0.0001220703125,1.1530084549184676,0.9884626951791841,0.7517147794897664,2.8944043259093326,1.034190745959688
32,512,2,5,2,True,4,0.05602500028908253,88,False,32,960,960,7.2727272727272725,6,7,0.0001220703125,1.3681749432221544,1.1729227882805326,0.8885854279876454,1.47791158863832,1.1096117708932847
32,512,6,5,1,False,4,0.08953100070357323,89,False,32,320,320,2.4242424242424243,6,7,0.0001220703125,0.8561503946920304,0.7339692289384373,0.7340251097487881,2.20803963834339,1.0
32,512,1,2,2,True,4,0.04910299926996231,90,True,32,768,768,5.818181818181818,16,16,0.0001220703125,1.561045205571116,1.3382685483468384,1.0,1.1013380182635806,1.3603853308090912
32,512,6,9,1,False,4,0.07658800110220909,91,True,32,576,576,4.363636363636363,3,4,0.0001220703125,1.0008356463989987,0.8580064580193478,0.8552906072226018,2.5811875955636805,1.0
32,512,6,32,2,True,4,0.07476799935102463,92,False,32,2048,2048,15.515151515151516,1,1,0.0001220703125,1.0251979758033505,0.878892041018452,0.8130483764584052,2.573560881900504,1.0229643860291249
32,512,3,2,3,True,4,0.062292998656630516,93,False,32,256,256,1.9393939393939394,16,16,0.0001220703125,1.230507492696818,1.0549018504424459,0.7979869749093832,1.5273145152336796,1.1696981209897983
32,512,3,16,3,True,4,0.060450999066233635,94,False,32,2048,2048,15.515151515151516,2,2,0.0001220703125,1.2680022294677424,1.0870457158282751,0.8489851124268792,1.5738532450301088,1.1183272225511112
32,512,3,16,2,True,4,0.06043099984526634,95,False,32,2048,2048,15.515151515151516,2,2,0.0001220703125,1.268421866025785,1.0874054660810935,0.8269596456575812,1.66566827908306,1.1186973252019825
32,512,1,1,2,True,4,0.054078999906778336,96,False,32,384,384,2.909090909090909,32,32,0.0001220703125,1.4174078981059153,1.2151297114548114,1.0,1.0,1.2151297114548114
32,512,3,5,3,True,4,0.05979200080037117,97,True,32,640,640,4.848484848484849,6,7,0.0001220703125,1.2819775315005153,1.099026603439576,0.8461834310439068,1.59119948776013,1.1543016068304797
32,512,2,9,2,True,4,0.054169001057744026,98,False,32,1728,1728,13.090909090909092,3,4,0.0001220703125,1.4150528917420098,1.2131107878921088,0.8755930220319189,1.5285494575104994,1.0874300562472816
32,512,3,5,1,False,4,0.06901800259947777,99,True,32,640,640,4.848484848484849,6,7,0.0001220703125,1.1106088078839398,0.9521138989464982,0.9521863882200559,1.5740531365266648,1.0
32,512,2,3,2,True,4,0.06378499791026115,100,True,32,576,576,4.363636363636363,10,11,0.0001220703125,1.2017246076793489,1.030226569027088,0.7599906086587815,1.298110839435807,1.0614721686610127
32,512,2,2,2,True,4,0.05428499914705753,101,False,32,384,384,2.909090909090909,16,16,0.0001220703125,1.4120291571136834,1.210518570231022,0.9045408499858821,1.52528319944145,1.0673666795029118
32,512,1,3,2,True,4,0.048475999385118484,102,False,32,1152,1152,8.727272727272727,10,11,0.0001220703125,1.5812361284307603,1.3555780259511552,1.0,1.115582981119104,1.361704820614544
32,512,3,9,2,True,4,0.06058799847960472,103,False,32,1152,1152,8.727272727272727,3,4,0.0001220703125,1.265135068215522,1.0845877269672277,0.7828282915232182,1.6613521166145997,1.1113917041272894
32,512,6,32,3,True,4,0.07412000000476837,104,False,32,2048,2048,15.515151515151516,1,1,0.0001220703125,1.0341608416703374,0.8865758168950459,0.870709658754965,2.6869670527927716,1.031907724579417
32,512,3,3,1,False,4,0.06606699898838997,105,False,32,384,384,2.909090909090909,10,11,0.0001220703125,1.160216186041791,0.9946418114743815,0.9991372857487217,1.64436110512004,1.0
32,512,6,1,1,False,4,0.1976879984140396,106,False,32,64,64,0.48484848484848486,32,32,0.0001220703125,0.3877423121508671,0.3324076326315895,0.3324076326315895,1.0,1.0
32,512,2,1,3,True,4,0.07622300088405609,107,False,32,192,192,1.4545454545454546,32,32,0.0001220703125,1.0056282316427443,0.8621150937424429,0.6816052974259854,1.0,1.1465042982351363
32,512,2,16,2,True,4,0.05314300023019314,108,False,32,3072,3072,23.272727272727273,2,2,0.0001220703125,1.4423724904034854,1.2365316084497908,0.9403684022789162,1.5580602679947597,1.0722766810518731
32,2048,1,1,3,True,4,0.20076000690460205,0,False,128,384,384,2.909090909090909,128,128,6.103515625e-05,1.4897837683933883,1.3287456868577048,1.0,1.0,1.3287456868577048
32,2048,3,8,1,False,4,0.2529299855232239,1,False,128,1024,1024,7.757575757575758,16,16,6.103515625e-05,1.1824971998093066,1.0546752403285902,0.9761989977049395,1.8290872120658115,1.0
32,2048,3,32,1,False,4,0.25346000492572784,2,False,128,4096,4096,31.03030303030303,4,4,6.103515625e-05,1.180024437057293,1.0524697707087247,0.9871340651202954,1.8252623415046716,1.0
32,2048,1,8,2,True,4,0.1721469983458519,3,False,128,3072,3072,23.272727272727273,16,16,3.0517578125e-05,1.7374046745104204,1.5496000269030592,1.0,1.2894793414065306,1.43429743608565
32,2048,6,4,1,False,4,0.2607849985361099,4,False,128,256,256,1.9393939393939394,32,32,3.0517578125e-05,1.146879618490045,1.0229077391929655,0.9595874175082145,3.143662485282971,1.0
32,2048,3,1,3,True,4,0.37594400346279144,5,False,128,128,128,0.9696969696969697,128,128,6.103515625e-05,0.7955679486150459,0.7095710818922933,0.5340157179138835,1.0,1.2305848685103655
32,2048,2,32,2,True,4,0.19787099957466125,6,False,128,6144,6144,46.54545454545455,4,4,6.103515625e-05,1.5115352945703777,1.3481459831983045,0.9477740547446031,1.656023338683677,1.1180061779222945
32,2048,3,2,1,False,4,0.2866459935903549,7,False,128,256,256,1.9393939393939394,64,64,6.103515625e-05,1.0434089654727499,0.9306217398218292,0.9077817586963773,1.613945467277887,1.0
32,2048,3,3,3,True,4,0.2170649990439415,8,False,128,384,384,2.909090909090909,42,43,6.103515625e-05,1.3778775986287624,1.2289360073846438,0.8327736030217096,1.7319420685906497,1.1540275783208545
32,2048,1,4,2,True,4,0.17615599930286407,9,False,128,1536,1536,11.636363636363637,32,32,3.0517578125e-05,1.6978643975377674,1.5143338536507955,1.0,1.26013305780447,1.4205931348378469
32,2048,3,32,3,True,4,0.2302279993891716,10,False,128,4096,4096,31.03030303030303,4,4,6.103515625e-05,1.2990991557175815,1.1586731152412542,0.8155176784303024,1.6329204287064372,1.100908688770237
32,2048,2,8,3,True,4,0.18644800037145615,11,False,128,1536,1536,11.636363636363637,16,16,3.0517578125e-05,1.604141632160991,1.4307420446266792,0.9407770193737554,1.594138845705872,1.1507605288182716
32,2048,6,9,1,False,4,0.3098839968442917,12,True,128,576,576,4.363636363636363,14,15,3.0517578125e-05,0.9651643927237223,0.8608350091794258,0.7983858453681612,2.6455706811942297,1.0
32,2048,1,16,1,False,4,0.24273400008678436,13,False,128,6144,6144,46.54545454545455,8,8,3.0517578125e-05,1.2321677207234578,1.0989766294488577,1.0,1.0989766294488577,1.0
32,2048,1,3,3,True,4,0.1807660013437271,14,False,128,1152,1152,8.727272727272727,42,43,6.103515625e-05,1.6545644502048924,1.4757144113663827,1.0,1.1106071131310598,1.3998871156634147
32,2048,1,5,3,True,4,0.1762860044836998,15,False,128,1920,1920,14.545454545454545,25,26,3.0517578125e-05,1.6966122779002335,1.5132170818057127,1.0,1.1388312276552006,1.4136970209723656
32,2048,6,2,1,False,4,0.41852401196956635,16,False,128,128,128,0.9696969696969697,64,64,3.0517578125e-05,0.7146280525734076,0.6373803787568844,0.621737335834496,1.9588362750430623,1.0
32,2048,2,1,2,True,4,0.32767899334430695,17,False,128,192,192,1.4545454545454546,128,128,6.103515625e-05,0.9127499952819818,0.8140863426900162,0.6774312743901649,1.0,1.0973575232382295
32,2048,6,4,3,True,4,0.2593809962272644,18,False,128,256,256,1.9393939393939394,32,32,3.0517578125e-05,1.1530875583767322,1.028444632213087,0.6867580901309399,3.050073063551617,1.0054128958145236
32,2048,1,3,1,False,4,0.2530519962310791,19,False,128,1152,1152,8.727272727272727,42,43,6.103515625e-05,1.1819270508970894,1.054166721626717,1.0,1.054166721626717,1.0
32,2048,2,32,3,True,4,0.19600200653076172,20,False,128,6144,6144,46.54545454545455,4,4,6.103515625e-05,1.525948662071885,1.3610013386579605,0.9579238850396306,1.5164334557446126,1.1286670165869512
32,2048,2,9,2,True,4,0.19658300280570984,21,False,128,1728,1728,13.090909090909092,14,15,3.0517578125e-05,1.5214387579816413,1.356978932363042,0.878336356019066,1.666873476686914,1.1229963747479432
32,2048,1,32,3,True,4,0.18775500357151031,22,False,128,12288,12288,93.0909090909091,4,4,6.103515625e-05,1.5929748552086207,1.4207823397175798,1.0,1.06926581494878,1.3325823559873888
32,2048,3,3,2,True,4,0.2167000025510788,23,False,128,384,384,2.909090909090909,42,43,6.103515625e-05,1.380198413050419,1.2310059535192424,0.9084725237237554,2.0188416826250744,1.1559713531883913
32,2048,1,1,2,True,4,0.2219799980521202,24,False,128,384,384,2.909090909090909,128,128,6.103515625e-05,1.347369142506234,1.2017253608830956,1.0,1.0,1.2017253608830956
32,2048,6,1,1,False,4,0.8198200166225433,25,False,128,64,64,0.48484848484848486,128,128,6.103515625e-05,0.36482275812341564,0.3253872653256191,0.3253872653256191,1.0,1.0
32,2048,2,5,1,False,4,0.22860699892044067,26,False,128,960,960,7.2727272727272725,25,26,3.0517578125e-05,1.3083107736920558,1.1668890039576167,1.0901459734592762,1.5729221338435293,1.0
32,2048,6,9,2,True,4,0.31473299860954285,27,True,128,576,576,4.363636363636363,14,15,3.0517578125e-05,0.9502943795228473,0.847572369108184,0.5486110420657292,2.5555597850783762,0.9845932845088582
32,2048,2,16,2,True,4,0.18956799805164337,28,False,128,3072,3072,23.272727272727273,8,8,3.0517578125e-05,1.5777399281683657,1.4071942311451786,0.9302467053716829,1.7285564900835133,1.1218296181176515
32,2048,2,3,3,True,4,0.23731199651956558,29,True,128,576,576,4.363636363636363,42,43,6.103515625e-05,1.260319764763185,1.1240855800815768,0.7617229806956832,1.2524609141359442,1.1352734443052672
32,2048,1,2,2,True,4,0.18707899749279022,30,True,128,768,768,5.818181818181818,64,64,3.0517578125e-05,1.5987310368206735,1.4259163072449836,1.0,1.1865575560435373,1.3909204543110252
32,2048,1,16,3,True,4,0.17399999499320984,31,False,128,6144,6144,46.54545454545455,8,8,3.0517578125e-05,1.7189023461793336,1.5330977065742042,1.0,1.1537931763298988,1.3950230291458157
32,2048,1,3,2,True,4,0.1968659982085228,32,False,128,1152,1152,8.727272727272727,42,43,6.103515625e-05,1.5192516856680456,1.3550282714918536,1.0,1.127569006695592,1.2854022458618954
32,2048,6,2,3,True,4,0.3767569959163666,33,False,128,128,128,0.9696969696969697,64,64,3.0517578125e-05,0.7938512167546139,0.7080399200529479,0.4917626091146189,2.0998441923174798,1.1108592979185747
32,2048,3,1,1,False,4,0.4626310020685196,34,False,128,128,128,0.9696969696969697,128,128,6.103515625e-05,0.6464957996583269,0.5766128773801971,0.5766128773801971,1.0,1.0
32,2048,1,32,1,False,4,0.25019900500774384,35,False,128,12288,12288,93.0909090909091,4,4,6.103515625e-05,1.1954044326425826,1.066187266651027,1.0,1.066187266651027,1.0
32,2048,3,2,2,True,4,0.26207099854946136,36,False,128,256,256,1.9393939393939394,64,64,6.103515625e-05,1.1412518030779846,1.0178882621293437,0.7138485316126358,1.6693300677927188,1.0937722799428928
32,2048,3,9,3,True,4,0.21671699732542038,37,False,128,1152,1152,8.727272727272727,14,15,3.0517578125e-05,1.3800901789900273,1.2309094190127137,0.8129911363609563,1.7347232016982828,1.1545518050288883
32,2048,2,4,2,True,4,0.2002979964017868,38,False,128,768,768,5.818181818181818,32,32,3.0517578125e-05,1.4932201270204648,1.3318105925179056,0.8794696026289988,1.6359574195989501,1.1354481861058339
32,2048,3,16,3,True,4,0.21730799973011017,39,False,128,2048,2048,15.515151515151516,8,8,3.0517578125e-05,1.3763368122686694,1.2275617722279872,0.8007068088119741,1.7300053561290993,1.1525715076834842
32,2048,6,16,2,True,4,0.2429719939827919,40,False,128,1024,1024,7.757575757575758,8,8,3.0517578125e-05,1.2309607981000608,1.097900169049548,0.725783258970728,3.3103362288768174,1.0497424055803737
32,2048,3,1,2,True,4,0.4374829977750778,41,False,128,128,128,0.9696969696969697,128,128,6.103515625e-05,0.6836585676474464,0.6097585383310399,0.507402571485181,1.0,1.0574833866032232
32,2048,2,5,2,True,4,0.2014329954981804,42,False,128,960,960,7.2727272727272725,25,26,3.0517578125e-05,1.484806393755498,1.3243063412142064,0.8747970798360208,1.6267394154264412,1.1349034370215965
32,2048,3,16,2,True,4,0.22047200053930283,43,False,128,2048,2048,15.515151515151516,8,8,3.0517578125e-05,1.3565849581688858,1.2099449935387996,0.7998521590047004,1.9843018465153772,1.136030916705752
32,2048,6,1,2,True,4,0.8043189942836761,44,False,128,64,64,0.48484848484848486,128,128,6.103515625e-05,0.3718537069926943,0.3316582042247898,0.2759850253813972,1.0,1.0192722320982515
32,2048,2,2,2,True,4,0.2031169980764389,45,False,128,384,384,2.909090909090909,64,64,3.0517578125e-05,1.4724961596589996,1.313326781088128,0.9210405789001809,1.613252442914658,1.1043635179966533
32,2048,3,5,1,False,4,0.2616509944200516,46,True,128,640,640,4.848484848484849,25,26,3.0517578125e-05,1.1430837489914774,1.0195221839660242,0.9524710576014114,1.768122468228869,1.0
32,2048,3,5,3,True,4,0.22067700326442719,47,True,128,640,640,4.848484848484849,25,26,3.0517578125e-05,1.355324728923548,1.208820988693452,0.7988417545822132,1.7035939309558001,1.185674041923286
32,2048,2,3,2,True,4,0.24201799929141998,48,True,128,576,576,4.363636363636363,42,43,6.103515625e-05,1.2358130407849546,1.1022279088705371,0.8134353592910727,1.353944724374572,1.1131982267951839
32,2048,6,16,3,True,4,0.24642500281333923,49,False,128,1024,1024,7.757575757575758,8,8,3.0517578125e-05,1.2137120674218806,1.0825159388151706,0.7060971614354022,3.210433116599068,1.0350329818007797
32,2048,3,9,1,False,4,0.2502110004425049,50,False,128,1152,1152,8.727272727272727,14,15,3.0517578125e-05,1.1953471234281217,1.0661361522724522,0.988793443729686,1.848963479824405,1.0
32,2048,6,8,1,False,4,0.2570220082998276,51,False,128,512,512,3.878787878787879,16,16,3.0517578125e-05,1.163670775150586,1.0378838568439899,0.9606570269627048,3.1896880039400632,1.0
32,2048,2,16,3,True,4,0.1863499954342842,52,False,128,3072,3072,23.272727272727273,8,8,3.0517578125e-05,1.6049852801552311,1.4314944985447278,0.9337268540721292,1.5949772330482095,1.141202039560005
32,2048,2,2,1,False,4,0.22431500256061554,53,False,128,384,384,2.909090909090909,64,64,3.0517578125e-05,1.333343718497827,1.1892160141893675,1.1600294283232664,1.6030180970902164,1.0
32,2048,6,8,3,True,4,0.24664399772882462,54,False,128,512,512,3.878787878787879,16,16,3.0517578125e-05,1.212634413904762,1.0815547741863316,0.7111707386875368,3.207582576810891,1.0420768827401719
32,2048,1,8,1,False,4,0.246909998357296,55,False,128,3072,3072,23.272727272727273,16,16,3.0517578125e-05,1.211328020812742,1.0803895955723677,1.0,1.0803895955723677,1.0
32,2048,6,3,2,True,4,0.32752299308776855,56,False,128,192,192,1.4545454545454546,42,43,6.103515625e-05,0.9131847410446441,0.8144740946371597,0.6010753515426237,2.4557634464098137,1.0645939780058833
32,2048,2,4,1,False,4,0.22742799669504166,57,False,128,768,768,5.818181818181818,32,32,3.0517578125e-05,1.315093145854287,1.1729382360330523,1.1003306844658367,1.5810762693199436,1.0
32,2048,1,16,2,True,4,0.17634500563144684,58,False,128,6144,6144,46.54545454545455,8,8,3.0517578125e-05,1.6960446288686128,1.5127107927600023,1.0,1.2587824489685207,1.3764722126244253
32,2048,2,1,1,False,4,0.35958100855350494,59,False,128,192,192,1.4545454545454546,128,128,6.103515625e-05,0.8317708458301875,0.7418606292393214,0.7418606292393214,1.0,1.0
32,2048,6,32,3,True,4,0.24585700035095215,60,False,128,2048,2048,15.515151515151516,4,4,6.103515625e-05,1.2165161016447843,1.0850168711373847,0.7636756460198274,3.2178501676204108,1.0605758442356907
32,2048,1,2,3,True,4,0.18527500331401825,61,True,128,768,768,5.818181818181818,64,64,3.0517578125e-05,1.6142976347548719,1.4398002347671772,1.0,1.0835784823295274,1.404463632601834
32,2048,6,16,1,False,4,0.25505800545215607,62,False,128,1024,1024,7.757575757575758,8,8,3.0517578125e-05,1.172631296550792,1.045875791254283,0.9516815583046522,3.2142493044639044,1.0
32,2048,3,3,1,False,4,0.2504989951848984,63,False,128,384,384,2.909090909090909,42,43,6.103515625e-05,1.193972851700491,1.0649104323596699,1.0101916618240177,1.8468377556845779,1.0
32,2048,2,9,1,False,4,0.2207619994878769,64,False,128,1728,1728,13.090909090909092,14,15,3.0517578125e-05,1.3548029113835105,1.208355576987162,1.120695578770479,1.6288175020504436,1.0
32,2048,3,8,3,True,4,0.21624500304460526,65,False,128,1024,1024,7.757575757575758,16,16,6.103515625e-05,1.3831024782909183,1.2335961040125776,0.811144727452842,1.738509552450767,1.1696454575232498
32,2048,1,1,1,False,4,0.266758993268013,66,False,128,384,384,2.909090909090909,128,128,6.103515625e-05,1.1211955629496837,1.0,1.0,1.0,1.0
32,2048,1,2,1,False,4,0.2602120041847229,67,True,128,768,768,5.818181818181818,64,64,3.0517578125e-05,1.149405080546166,1.0251602115890182,1.0,1.0251602115890182,1.0
32,2048,1,4,1,False,4,0.25024600327014923,68,False,128,1536,1536,11.636363636363637,32,32,3.0517578125e-05,1.195179925835394,1.0659870278928587,1.0,1.0659870278928587,1.0
32,2048,6,3,3,True,4,0.3293509930372238,69,False,128,192,192,1.4545454545454546,42,43,6.103515625e-05,0.9081162830901717,0.8099535113223826,0.5488551884320465,2.4020907983129955,1.0586851519232936
32,2048,1,9,3,True,4,0.17618899792432785,70,False,128,3456,3456,26.181818181818183,14,15,3.0517578125e-05,1.6975464027412068,1.5140502324815108,1.0,1.1394582480730568,1.4042136552297906
32,2048,2,3,1,False,4,0.2694140076637268,71,True,128,576,576,4.363636363636363,42,43,6.103515625e-05,1.1101464330775748,0.9901452251175161,0.9392681487702369,1.3346782213429729,1.0
32,2048,1,5,2,True,4,0.17621299624443054,72,False,128,1920,1920,14.545454545454545,25,26,3.0517578125e-05,1.6973152151283155,1.5138440350789069,1.0,1.2597254617032039,1.4142827412799543
32,2048,6,2,2,True,4,0.40099799633026123,73,False,128,128,128,0.9696969696969697,64,64,3.0517578125e-05,0.7458615812700758,0.6652377211588628,0.46653349693725726,2.0057930504501584,1.0437059930465855
32,2048,1,32,2,True,4,0.18753699958324432,74,False,128,12288,12288,93.0909090909091,4,4,6.103515625e-05,1.5948266224460972,1.422433940293491,1.0,1.1836597500515478,1.3341314277382632
32,2048,1,5,1,False,4,0.2492149993777275,75,False,128,1920,1920,14.545454545454545,25,26,3.0517578125e-05,1.200124392094477,1.0703970223866606,1.0,1.0703970223866606,1.0
32,2048,3,4,3,True,4,0.24006399512290955,76,False,128,512,512,3.878787878787879,32,32,3.0517578125e-05,1.2458719579164346,1.1111995079955075,0.7420188000041216,1.5660157753781994,1.2064324572006866
32,2048,3,16,1,False,4,0.25046300888061523,77,False,128,2048,2048,15.515151515151516,8,8,3.0517578125e-05,1.1941444006670994,1.0650634377516615,0.9691411165729669,1.847103107704961,1.0
32,2048,3,9,2,True,4,0.21627900004386902,78,False,128,1152,1152,8.727272727272727,14,15,3.0517578125e-05,1.3828850677520927,1.2334021944520959,0.7983484217359533,2.022771502024426,1.1568899448941101
32,2048,6,5,3,True,4,0.354777991771698,80,False,128,320,320,2.4242424242424243,25,26,3.0517578125e-05,0.843031435336289,0.7519040060401329,0.4968910376975723,2.2299325441220175,0.9957635739602939
32,2048,1,9,1,False,4,0.2474069967865944,81,False,128,3456,3456,26.181818181818183,14,15,3.0517578125e-05,1.2088946695675127,1.0782192772749715,1.0,1.0782192772749715,1.0
32,2048,1,4,3,True,4,0.17813199758529663,82,False,128,1536,1536,11.636363636363637,32,32,3.0517578125e-05,1.6790301780891728,1.4975355179536358,1.0,1.1270294479714136,1.4048346544271002
32,2048,6,1,3,True,4,0.7911309897899628,83,False,128,64,64,0.48484848484848486,128,128,6.103515625e-05,0.37805243820422935,0.33718688398091295,0.25376329520083873,1.0,1.0362633081029946
32,2048,6,32,1,False,4,0.2607499957084656,84,False,128,2048,2048,15.515151515151516,4,4,6.103515625e-05,1.147033574502607,1.0230450533401574,0.9595359889765123,3.144084487499483,1.0
32,2048,6,4,2,True,4,0.26405400037765503,85,False,128,256,256,1.9393939393939394,32,32,3.0517578125e-05,1.132681190973278,1.0102440897940923,0.6671211155707637,3.046039799182455,0.9876199495676274
32,2048,3,4,2,True,4,0.28047899901866913,86,False,128,512,512,3.878787878787879,32,32,3.0517578125e-05,1.0663507808979056,0.9510836611701438,0.6280541499334816,1.559770960769716,1.0325942282126719
32,2048,3,2,3,True,4,0.232014000415802,87,False,128,256,256,1.9393939393939394,64,64,6.103515625e-05,1.2890989297758357,1.1497538630856028,0.7985509623642503,1.6203505081117797,1.2354685194714312
32,2048,2,16,1,False,4,0.21266299486160278,88,False,128,3072,3072,23.272727272727273,8,8,3.0517578125e-05,1.406398888643802,1.2543742903724973,1.141402152474864,1.6908489828590711,1.0
32,2048,2,8,2,True,4,0.1890060007572174,89,False,128,1536,1536,11.636363636363637,16,16,3.0517578125e-05,1.582431237266416,1.4113784334851416,0.9108017610878858,1.7336962426141074,1.1351861773963972
32,2048,6,5,2,True,4,0.3665519952774048,90,False,128,320,320,2.4242424242424243,25,26,3.0517578125e-05,0.815952452810062,0.727752124404973,0.4807312428106506,2.1942834976930663,0.9637786878821514
32,2048,2,1,3,True,4,0.2972240000963211,91,False,128,192,192,1.4545454545454546,128,128,6.103515625e-05,1.006274727249802,0.8975015247139015,0.6754501885431256,1.0,1.209798025855839
32,2048,2,4,3,True,4,0.1965169981122017,92,False,128,768,768,5.818181818181818,32,32,3.0517578125e-05,1.5219497677155407,1.3574347045323099,0.9064457492048188,1.5124594968961442,1.1572942741838101
32,2048,3,8,2,True,4,0.22889000177383423,93,False,128,1024,1024,7.757575757575758,16,16,6.103515625e-05,1.3066931596450855,1.1654462457980015,0.7520948796878861,1.9113241923400128,1.1050285445545303
32,2048,6,5,1,False,4,0.35327500104904175,94,False,128,320,320,2.4242424242424243,25,26,3.0517578125e-05,0.8466180701744618,0.755102943813965,0.7054419323124747,2.3206284457946564,1.0
32,2048,2,9,3,True,4,0.19370699673891068,95,False,128,1728,1728,13.090909090909092,14,15,3.0517578125e-05,1.5440278599339903,1.3771262667789226,0.9095644498675771,1.5343999189504576,1.1396697238842255
32,2048,1,8,3,True,4,0.17540599405765533,96,False,128,3072,3072,23.272727272727273,16,16,3.0517578125e-05,1.705124167710661,1.5208088794293442,1.0,1.1445447345352002,1.407648579421622
32,2048,6,3,1,False,4,0.3486790060997009,97,False,128,192,192,1.4545454545454546,42,43,6.103515625e-05,0.8577774812846044,0.765056079091083,0.725744859324056,2.351217028501351,1.0
32,2048,3,5,2,True,4,0.25186100602149963,98,True,128,640,640,4.848484848484849,25,26,3.0517578125e-05,1.18751610006469,1.0591516228806044,0.6996438195334949,1.7370017085444855,1.0388705999122239
32,2048,2,5,3,True,4,0.19867300242185593,99,False,128,960,960,7.2727272727272725,25,26,3.0517578125e-05,1.5054335313962017,1.3427037897257195,0.8873173623730702,1.4960462492291988,1.1506696739551148
32,2048,3,4,1,False,4,0.2896209955215454,100,False,128,512,512,3.878787878787879,32,32,3.0517578125e-05,1.0326910143044894,0.9210623449022995,0.8640464853713722,1.5973669354855307,1.0
32,2048,3,32,2,True,4,0.22321800142526627,101,False,128,4096,4096,31.03030303030303,4,4,6.103515625e-05,1.3398964139061882,1.195060396405011,0.8401517726429066,1.9598912049284152,1.1354819203978344
32,2048,2,8,1,False,4,0.2145569995045662,102,False,128,1536,1536,11.636363636363637,16,16,3.0517578125e-05,1.393983884560501,1.2433012853646652,1.1507897618229008,1.6759229919499894,1.0
32,2048,1,9,2,True,4,0.17266599833965302,103,False,128,3456,3456,26.181818181818183,14,15,3.0517578125e-05,1.7321823781465053,1.5449422343319077,1.0,1.285603420399314,1.4328646008226682
32,2048,2,2,3,True,4,0.20128600299358368,104,False,128,384,384,2.909090909090909,64,64,3.0517578125e-05,1.4858906987116964,1.325273438295242,0.920456467705428,1.476625277843068,1.1144093440405092
32,2048,6,8,2,True,4,0.25575000047683716,105,False,128,512,512,3.878787878787879,16,16,3.0517578125e-05,1.1694584518920017,1.0430459150367544,0.6731065416417974,3.1449422982758586,1.0049736376172778
32,2048,2,32,1,False,4,0.22122099995613098,106,False,128,6144,6144,46.54545454545455,4,4,6.103515625e-05,1.3519918980943548,1.2058484200004176,1.130991203626054,1.625437949493092,1.0
32,2048,6,32,2,True,4,0.25426799058914185,107,False,128,2048,2048,15.515151515151516,4,4,6.103515625e-05,1.176274681433664,1.0491253446803483,0.7375564621748847,3.163272704598246,1.0254928082150838
32,2048,6,9,3,True,4,0.3055980056524277,108,True,128,576,576,4.363636363636363,14,15,3.0517578125e-05,0.9787007575212713,0.872908161486537,0.5765384415653441,2.5887963113534083,1.0140249318143086
32,8192,3,16,1,False,4,0.9714300036430359,0,False,512,2048,2048,15.515151515151516,32,32,3.0517578125e-05,1.226021452714342,1.0666275777645096,0.9751387158007131,1.9005939480145009,1.0
32,8192,3,1,1,False,4,1.8462939858436584,1,False,512,128,128,0.9696969696969697,512,512,3.0517578125e-05,0.6450727963198734,0.5612074998338212,0.5612074998338212,1.0,1.0
32,8192,3,4,2,True,4,1.1094529628753662,2,False,512,512,512,3.878787878787879,128,128,3.0517578125e-05,1.0734966367479315,0.9339323670542485,0.63102448799078,1.5657103659853486,1.0296597120847348
32,8192,1,8,1,False,4,0.9726040065288544,3,False,512,3072,3072,23.272727272727273,64,64,3.0517578125e-05,1.2245415567711833,1.0653400816756766,1.0,1.0653400816756766,1.0
32,8192,1,2,3,True,4,0.7210880219936371,4,True,512,768,768,5.818181818181818,256,256,3.0517578125e-05,1.6516624710862868,1.4369314149593282,1.0,1.0973500703575458,1.4470757798731089
32,8192,1,32,2,True,4,0.6724419891834259,5,False,512,12288,12288,93.0909090909091,16,16,3.0517578125e-05,1.771147613377039,1.5408824083275714,1.0,1.2978666034019948,1.415586758188889
32,8192,1,4,1,False,4,0.9954339861869812,6,False,512,1536,1536,11.636363636363637,128,128,3.0517578125e-05,1.1964570637565297,1.0409068267023285,1.0,1.0409068267023285,1.0
32,8192,1,1,1,False,4,1.03615403175354,7,False,512,384,384,2.909090909090909,512,512,3.0517578125e-05,1.1494372340192984,1.0,1.0,1.0,1.0
32,8192,2,32,2,True,4,0.714367002248764,8,False,512,6144,6144,46.54545454545455,16,16,3.0517578125e-05,1.6672019011622734,1.4504505786127004,0.9413116606263141,1.8213145592279474,1.1316578403523812
32,8192,6,4,2,True,4,1.0372549891471863,9,False,512,256,256,1.9393939393939394,128,128,3.0517578125e-05,1.1482172047742558,0.9989385855887264,0.6749468502666696,3.091004606243181,0.9785491543593987
32,8192,3,1,3,True,4,1.491830050945282,10,False,512,128,128,0.9696969696969697,512,512,3.0517578125e-05,0.7983443043811008,0.6945523259147329,0.5304129590145414,1.0,1.2376034285364974
32,8192,1,1,2,True,4,0.8727400004863739,11,False,512,384,384,2.909090909090909,512,512,3.0517578125e-05,1.364660750753945,1.187242513435956,1.0,1.0,1.187242513435956
32,8192,6,5,3,True,4,1.402545988559723,12,False,512,320,320,2.4242424242424243,102,103,3.0517578125e-05,0.8491657556981553,0.7387665290159708,0.4847940893849967,2.2498149554263245,0.9765391061432334
32,8192,2,5,1,False,4,0.9062149822711945,13,False,512,960,960,7.2727272727272725,102,103,3.0517578125e-05,1.3142510856439535,1.1433865606113538,1.0902424198954148,1.5517510153488632,1.0
32,8192,6,2,3,True,4,1.4913910031318665,14,False,512,128,128,0.9696969696969697,256,256,3.0517578125e-05,0.7985793274705892,0.6947567938774303,0.4835003164692416,2.1157891754130835,1.1123649050818083
32,8192,2,32,3,True,4,0.7001509964466095,15,False,512,6144,6144,46.54545454545455,16,16,3.0517578125e-05,1.701053101861226,1.4799008171268848,0.9533957721923338,1.6805788950822258,1.1546352473776527
32,8192,3,1,2,True,4,1.7370820045471191,16,False,512,128,128,0.9696969696969697,512,512,3.0517578125e-05,0.6856291304377664,0.5964911437924195,0.5024172711488708,1.0,1.0628709416197148
32,8192,2,3,1,False,4,1.079966962337494,17,True,512,576,576,4.363636363636363,170,171,3.0517578125e-05,1.1028059800078802,0.9594312306654968,0.9310831118925446,1.302095404677971,1.0
32,8192,6,16,3,True,4,0.9430520236492157,18,False,512,1024,1024,7.757575757575758,32,32,3.0517578125e-05,1.2629144462975501,1.0987241485830852,0.6919374312162896,3.3460178883075002,1.0401928985583961
32,8192,6,5,2,True,4,1.4451770186424255,19,False,512,320,320,2.4242424242424243,102,103,3.0517578125e-05,0.8241163600812949,0.7169737813343346,0.5055802704663569,2.2185240340415078,0.9477323458129071
32,8192,1,5,3,True,4,0.6799460053443909,20,False,512,1920,1920,14.545454545454545,102,103,3.0517578125e-05,1.751600884357719,1.5238769308288396,1.0,1.163748276258961,1.4530477529850492
32,8192,1,1,3,True,4,0.7912859916687012,21,False,512,384,384,2.909090909090909,512,512,3.0517578125e-05,1.5051372535549494,1.3094558006372001,1.0,1.0,1.3094558006372001
32,8192,3,16,3,True,4,0.8348600268363953,22,False,512,2048,2048,15.515151515151516,32,32,3.0517578125e-05,1.4265792899318301,1.2411110826325282,0.7816076632868142,1.7869223618220147,1.1635842804980814
32,8192,3,4,1,False,4,1.1423590183258057,23,False,512,512,512,3.878787878787879,128,128,3.0517578125e-05,1.0425741865479428,0.9070301149914191,0.8713845386766835,1.6162116779622495,1.0
32,8192,6,9,1,False,4,1.1759809851646423,24,True,512,576,576,4.363636363636363,56,57,3.0517578125e-05,1.0127663961420168,0.8810976068702965,0.8248645302887978,2.7783756528930237,1.0
32,8192,3,4,3,True,4,0.9395229816436768,25,False,512,512,512,3.878787878787879,128,128,3.0517578125e-05,1.2676582133127952,1.1028511829916168,0.7325696047220696,1.587859030691676,1.2158925759615495
32,8192,2,4,2,True,4,0.7801119983196259,26,False,512,768,768,5.818181818181818,128,128,3.0517578125e-05,1.5266962011123457,1.3282118900689042,0.8974249714865193,1.6678208060256228,1.1196905282142586
32,8192,6,1,2,True,4,3.2061599493026733,27,False,512,64,64,0.48484848484848486,512,512,3.0517578125e-05,0.37147055764818276,0.32317602619261065,0.272207255497715,1.0,1.0190748400301184
32,8192,6,8,1,False,4,0.9982849955558777,28,False,512,512,512,3.878787878787879,64,64,3.0517578125e-05,1.1930400933388257,1.037934093336318,0.9742748922989438,3.2729300269881803,1.0
32,8192,3,5,1,False,4,1.0183129906654358,29,True,512,640,640,4.848484848484849,102,103,3.0517578125e-05,1.1695755972812012,1.017520193940024,0.9702262705803293,1.8130908696717725,1.0
32,8192,1,9,2,True,4,0.6659129858016968,30,False,512,3456,3456,26.181818181818183,56,57,3.0517578125e-05,1.7885129884393054,1.5559901276082007,1.0,1.3105916525049843,1.4566843170787116
32,8192,6,9,2,True,4,1.2147050499916077,31,True,512,576,576,4.363636363636363,56,57,3.0517578125e-05,0.9804800138807046,0.8530087462472464,0.5482096133594715,2.639455519942742,0.9681206027527153
32,8192,6,3,3,True,4,1.2684219479560852,32,False,512,192,192,1.4545454545454546,170,171,3.0517578125e-05,0.9389572816805024,0.8168843446955345,0.553187367135374,2.4877123466836375,1.0764036183396992
32,8192,3,9,1,False,4,0.9689100086688995,33,False,512,1152,1152,8.727272727272727,56,57,3.0517578125e-05,1.2292101574148622,1.0694017220206251,1.0011507717719035,1.9055371183337448,1.0
32,8192,3,2,2,True,4,1.0281740427017212,34,False,512,256,256,1.9393939393939394,256,256,3.0517578125e-05,1.1583583856553819,1.007761321255349,0.732078386782345,1.6894824537513207,1.0965672376729416
32,8192,2,5,2,True,4,0.7827309966087341,35,False,512,960,960,7.2727272727272725,102,103,3.0517578125e-05,1.5215879139025317,1.3237677263872114,0.9334662752882319,1.6622403194262099,1.1577604390237104
32,8192,3,32,3,True,4,0.855226993560791,36,False,512,4096,4096,31.03030303030303,16,16,3.0517578125e-05,1.3926057447250997,1.211554405502857,0.7805190960228955,1.7443673576461314,1.1149051652568858
32,8192,6,2,2,True,4,1.588346004486084,37,False,512,128,128,0.9696969696969697,256,256,3.0517578125e-05,0.7498328581511334,0.6523478063514203,0.4738917039402246,2.018552595119248,1.0444644976302933
32,8192,6,16,1,False,4,0.9809560179710388,38,False,512,1024,1024,7.757575757575758,32,32,3.0517578125e-05,1.2141156203314059,1.0562696112478824,0.9656691930001687,3.3307476355612273,1.0
32,8192,2,16,1,False,4,0.8222169876098633,39,False,512,3072,3072,23.272727272727273,32,32,3.0517578125e-05,1.4485154676004486,1.2601953588499542,1.1521034234483976,1.7102784788617387,1.0
32,8192,2,8,3,True,4,0.7173100113868713,40,False,512,1536,1536,11.636363636363637,64,64,3.0517578125e-05,1.6603616363502656,1.4444996100782213,0.9344788073254606,1.6403771999835473,1.1701453699852882
32,8192,3,9,2,True,4,0.8257200121879578,41,False,512,1152,1152,8.727272727272727,56,57,3.0517578125e-05,1.4423703031259811,1.2548491213238047,0.8064634209811494,2.1037179418048413,1.1734122879031634
32,8192,2,5,3,True,4,0.7714999914169312,42,False,512,960,960,7.2727272727272725,102,103,3.0517578125e-05,1.5437382210327217,1.3430382932999743,0.8813298935954712,1.5251574868301934,1.1746143776448355
32,8192,3,5,2,True,4,0.9770810008049011,43,True,512,640,640,4.848484848484849,102,103,3.0517578125e-05,1.2189306959152975,1.0604586834663408,0.7477916235758371,1.7778280440579066,1.0421991521957428
32,8192,3,8,1,False,4,0.9847410023212433,44,False,512,1024,1024,7.757575757575758,64,64,3.0517578125e-05,1.2094490038185757,1.0522096970788313,0.9876749360859561,1.874903128326689,1.0
32,8192,6,4,1,False,4,1.0150049924850464,45,False,512,256,256,1.9393939393939394,128,128,3.0517578125e-05,1.173387355820597,1.0208363894020998,0.9807183152369041,3.2190156320780168,1.0
32,8192,6,8,3,True,4,0.9515800178050995,46,False,512,512,512,3.878787878787879,64,64,3.0517578125e-05,1.2515962945752714,1.0888774589272248,0.7044189572933085,3.3160311079390064,1.0490815032649667
32,8192,1,3,3,True,4,0.7016749978065491,47,False,512,1152,1152,8.727272727272727,170,171,3.0517578125e-05,1.697358503580441,1.476686550030398,1.0,1.1277101138593764,1.4330551938969873
32,8192,2,9,3,True,4,0.743245005607605,48,False,512,1728,1728,13.090909090909092,56,57,3.0517578125e-05,1.6024245239335209,1.3940948461624456,0.8996925478336002,1.5831374299475316,1.1499653316366178
32,8192,1,16,3,True,4,0.6525329947471619,49,False,512,6144,6144,46.54545454545455,32,32,3.0517578125e-05,1.82518590456596,1.5878952330295888,1.0,1.2126375187745138,1.45169518456273
32,8192,1,16,2,True,4,0.6678099930286407,50,False,512,6144,6144,46.54545454545455,32,32,3.0517578125e-05,1.783432468381249,1.551570121097457,1.0,1.3068687345158434,1.4184858210142501
32,8192,2,9,2,True,4,0.7543530166149139,51,False,512,1728,1728,13.090909090909092,56,57,3.0517578125e-05,1.5788284769128433,1.3735664986178233,0.8827604200350609,1.7247720804063325,1.1330318438921603
32,8192,6,4,3,True,4,0.9873329997062683,52,False,512,256,256,1.9393939393939394,128,128,3.0517578125e-05,1.206273896072606,1.0494473820502261,0.6970960957395,3.195952066499971,1.028027010934518
32,8192,1,32,3,True,4,0.6675209999084473,53,False,512,12288,12288,93.0909090909091,16,16,3.0517578125e-05,1.784204578492785,1.5522418499128148,1.0,1.1854098848983459,1.4260225156494104
32,8192,2,3,3,True,4,0.9303330183029175,54,True,512,576,576,4.363636363636363,170,171,3.0517578125e-05,1.2801803234387026,1.1137453055720388,0.7542191709873108,1.2647718234760543,1.1608391200685682
32,8192,1,9,1,False,4,0.9700250029563904,55,False,512,3456,3456,26.181818181818183,56,57,3.0517578125e-05,1.22779724300599,1.0681724992609523,1.0,1.0681724992609523,1.0
32,8192,3,32,1,False,4,0.9534969925880432,56,False,512,4096,4096,31.03030303030303,16,16,3.0517578125e-05,1.249080000812651,1.0866883061069168,0.9983250948223186,1.9363396006444948,1.0
32,8192,1,2,2,True,4,0.752703994512558,57,True,512,768,768,5.818181818181818,256,256,3.0517578125e-05,1.582287370545983,1.3765757048021792,1.0,1.159473055608732,1.3862939739802203
32,8192,1,9,3,True,4,0.6686919927597046,58,False,512,3456,3456,26.181818181818183,56,57,3.0517578125e-05,1.7810801343103846,1.5495236117263984,1.0,1.183334031566684,1.4506305047157493
32,8192,2,2,2,True,4,0.7886849939823151,59,False,512,384,384,2.909090909090909,256,256,3.0517578125e-05,1.5101010331932845,1.3137742440383924,0.9543784911031743,1.6496916154802261,1.1136106398922576
32,8192,1,16,1,False,4,0.9472790062427521,60,False,512,6144,6144,46.54545454545455,32,32,3.0517578125e-05,1.257279023843928,1.0938213820058127,1.0,1.0938213820058127,1.0
32,8192,2,2,1,False,4,0.8782880008220673,61,False,512,384,384,2.909090909090909,256,256,3.0517578125e-05,1.3560404140350055,1.179742898438453,1.1880715788066387,1.601092144658099,1.0
32,8192,3,5,3,True,4,0.8598069846630096,62,True,512,640,640,4.848484848484849,102,103,3.0517578125e-05,1.3851876589994536,1.205100737998363,0.7908123770486547,1.7350755199203058,1.184350684316144
32,8192,2,1,1,False,4,1.406220018863678,63,False,512,192,192,1.4545454545454546,512,512,3.0517578125e-05,0.8469471407746976,0.7368363540940225,0.7368363540940225,1.0,1.0
32,8192,2,3,2,True,4,0.9488480091094971,64,True,512,576,576,4.363636363636363,170,171,3.0517578125e-05,1.255200003417294,1.092012653033841,0.8302583863788668,1.3712280674423087,1.1381875199917986
32,8192,2,4,3,True,4,0.7639490067958832,65,False,512,768,768,5.818181818181818,128,128,3.0517578125e-05,1.55899675722067,1.3563130818106899,0.9009318333650297,1.54023236830171,1.1433800000975272
32,8192,3,3,3,True,4,0.8366570174694061,66,False,512,384,384,2.909090909090909,170,171,3.0517578125e-05,1.4235152510631803,1.2384453965228694,0.8386650481088054,1.7830843700535068,1.1740545754258163
32,8192,6,5,1,False,4,1.3696410059928894,67,False,512,320,320,2.4242424242424243,102,103,3.0517578125e-05,0.8695665645709475,0.7565150482643473,0.7213525375582663,2.3855279764189223,1.0
32,8192,2,1,3,True,4,1.1766589879989624,68,False,512,192,192,1.4545454545454546,512,512,3.0517578125e-05,1.0121828298801756,0.8805899094992964,0.6724854012413314,1.0,1.1950956336594252
32,8192,3,32,2,True,4,0.8270300030708313,69,False,512,4096,4096,31.03030303030303,16,16,3.0517578125e-05,1.4400856315423545,1.2528614777048157,0.8130805251158879,2.1003857152669054,1.1529170514342038
32,8192,6,3,2,True,4,1.2712540030479431,70,False,512,192,192,1.4545454545454546,170,171,3.0517578125e-05,0.936865505572624,0.8150645183962212,0.6196944238313178,2.5220451157798705,1.0740056441025252
32,8192,2,8,1,False,4,0.8393569886684418,71,False,512,1536,1536,11.636363636363637,64,64,3.0517578125e-05,1.4189362099267555,1.2344616721394048,1.158748922877018,1.6753539171628382,1.0
32,8192,2,8,2,True,4,0.7275969982147217,72,False,512,1536,1536,11.636363636363637,64,64,3.0517578125e-05,1.636886940434103,1.4240768368972296,0.9205865183502127,1.7881973469106218,1.153601500182026
32,8192,6,32,3,True,4,0.9089170098304749,73,False,512,2048,2048,15.515151515151516,16,16,3.0517578125e-05,1.3103440813577354,1.1399875022107866,0.7344135852765576,3.471679929637801,1.0810326670490717
32,8192,3,2,3,True,4,0.9005579948425293,74,False,512,256,256,1.9393939393939394,256,256,3.0517578125e-05,1.3225067470363077,1.1505689113722442,0.8007124761795333,1.6565618866180205,1.2519593144576928
32,8192,1,5,1,False,4,0.9879940152168274,75,False,512,1920,1920,14.545454545454545,102,103,3.0517578125e-05,1.205466840824289,1.0487452512818545,1.0,1.0487452512818545,1.0
32,8192,3,3,2,True,4,0.8306149840354919,76,False,512,384,384,2.909090909090909,170,171,3.0517578125e-05,1.433870141001264,1.2474540571366162,0.9484406519307258,2.09132033244526,1.182594846350738
32,8192,6,1,1,False,4,3.2673169374465942,77,False,512,64,64,0.48484848484848486,512,512,3.0517578125e-05,0.3645174456835811,0.31712688165577646,0.31712688165577646,1.0,1.0
32,8192,2,16,3,True,4,0.7083530128002167,78,False,512,3072,3072,23.272727272727273,32,32,3.0517578125e-05,1.6813566156351485,1.4627650522124287,0.9211974579844157,1.6611194796044813,1.1607446749743136
32,8192,1,2,1,False,4,1.0434690117835999,79,True,512,768,768,5.818181818181818,256,256,3.0517578125e-05,1.1413793901181304,0.9929897486677095,1.0,0.9929897486677095,1.0
32,8192,1,32,1,False,4,0.9518999755382538,81,False,512,12288,12288,93.0909090909091,16,16,3.0517578125e-05,1.2511756013054665,1.088511459586544,1.0,1.088511459586544,1.0
32,8192,6,8,2,True,4,0.9904249906539917,82,False,512,512,512,3.878787878787879,64,64,3.0517578125e-05,1.2025080500950436,1.0461711301017886,0.6762914846345582,3.237155745823417,1.0079359921004174
32,8192,3,9,3,True,4,0.831840991973877,83,False,512,1152,1152,8.727272727272727,56,57,3.0517578125e-05,1.431756833058469,1.2456154983356234,0.8038699693951895,1.7934077129396038,1.164777905894937
32,8192,6,3,1,False,4,1.3653339743614197,84,False,512,192,192,1.4545454545454546,170,171,3.0517578125e-05,0.8723096668225613,0.7589015224192012,0.7364784140119511,2.393053273998218,1.0
32,8192,6,2,1,False,4,1.6589710116386414,85,False,512,128,128,0.9696969696969697,256,256,3.0517578125e-05,0.7179112931577595,0.6245763334526765,0.6289856811620342,1.9694840443410258,1.0
32,8192,1,3,1,False,4,1.0055390000343323,86,False,512,1152,1152,8.727272727272727,170,171,3.0517578125e-05,1.1844334473710807,1.0304463891685578,1.0,1.0304463891685578,1.0
32,8192,6,1,3,True,4,3.1554689407348633,87,False,512,64,64,0.48484848484848486,512,512,3.0517578125e-05,0.3774380438044711,0.3283676851885713,0.25076652837673696,1.0,1.035445760618288
32,8192,1,8,2,True,4,0.6698159873485565,88,False,512,3072,3072,23.272727272727273,64,64,3.0517578125e-05,1.778091366542686,1.5469234107939407,1.0,1.3029548666658213,1.4520465693553744
32,8192,1,4,3,True,4,0.6882659792900085,89,False,512,1536,1536,11.636363636363637,128,128,3.0517578125e-05,1.7304269862434893,1.5054558309309445,1.0,1.1496805239232724,1.4462925905677289
32,8192,2,9,1,False,4,0.8547059893608093,90,False,512,1728,1728,13.090909090909092,56,57,3.0517578125e-05,1.393454637152381,1.2122929342386222,1.1349224353532636,1.6452675380399728,1.0
32,8192,6,32,2,True,4,0.9547480046749115,91,False,512,2048,2048,15.515151515151516,16,16,3.0517578125e-05,1.2474433237304987,1.0852644118448271,0.7043135842031848,3.35812165472329,1.0291395996138972
32,8192,2,4,1,False,4,0.8734840154647827,92,False,512,768,768,5.818181818181818,128,128,3.0517578125e-05,1.3634983619511376,1.1862312456882227,1.139613282628084,1.6098978275125335,1.0
32,8192,1,5,2,True,4,0.7306529879570007,93,False,512,1920,1920,14.545454545454545,102,103,3.0517578125e-05,1.6300405854862856,1.4181205699996646,1.0,1.194465792751586,1.3522069046475607
32,8192,2,1,2,True,4,1.3010870218276978,94,False,512,192,192,1.4545454545454546,512,512,3.0517578125e-05,0.9153838323617189,0.796375656947224,0.6707775773986241,1.0,1.080803970274252
32,8192,6,9,3,True,4,1.1771829724311829,95,True,512,576,576,4.363636363636363,56,57,3.0517578125e-05,1.0117322898555245,0.8801979437517838,0.5680442279747601,2.680525470240209,0.9989789291089913
32,8192,2,2,3,True,4,0.7850109934806824,96,False,512,384,384,2.909090909090909,256,256,3.0517578125e-05,1.5171685927555632,1.319922956950332,0.9185706034464366,1.4989076557791132,1.118822549131193
32,8192,1,4,2,True,4,0.7000919878482819,97,False,512,1536,1536,11.636363636363637,128,128,3.0517578125e-05,1.7011964783902593,1.4800255534106852,1.0,1.2466076110494024,1.4218617031262233
32,8192,3,8,2,True,4,0.9168620109558105,98,False,512,1024,1024,7.757575757575758,64,64,3.0517578125e-05,1.2989893899466352,1.1301090233560553,0.7305526669714307,1.8945948068414846,1.07403403189829
32,8192,2,32,1,False,4,0.8084190189838409,99,False,512,6144,6144,46.54545454545455,16,16,3.0517578125e-05,1.473238501703953,1.281704174966041,1.177483400544886,1.7394692428578133,1.0
32,8192,3,8,3,True,4,0.8405559957027435,100,False,512,1024,1024,7.757575757575758,64,64,3.0517578125e-05,1.4169121752334983,1.2327007802582712,0.7974614509328498,1.7748134075208677,1.171535278262996
32,8192,2,16,2,True,4,0.7222440242767334,101,False,512,3072,3072,23.272727272727273,32,32,3.0517578125e-05,1.6490188693072452,1.4346315053158953,0.9246320780533923,1.8014507259241457,1.1384199245306936
32,8192,3,3,1,False,4,0.9822809994220734,102,False,512,384,384,2.909090909090909,170,171,3.0517578125e-05,1.2124779212643395,1.0548448278681588,1.0236775430105467,1.8795985944245368,1.0
32,8192,6,16,2,True,4,0.9380170106887817,103,False,512,1024,1024,7.757575757575758,32,32,3.0517578125e-05,1.2696934178221264,1.1046217925117336,0.7119380410151313,3.4180189834173733,1.0457763631074528
32,8192,1,3,2,True,4,0.7877890169620514,104,False,512,1152,1152,8.727272727272727,170,171,3.0517578125e-05,1.511818518198642,1.3152684404629782,1.0,1.1078346888509805,1.276406472270951
32,8192,3,2,1,False,4,1.1274619698524475,105,False,512,256,256,1.9393939393939394,256,256,3.0517578125e-05,1.056349620761577,0.9190146181951866,0.9255026241995197,1.6375665301467202,1.0
32,8192,1,8,3,True,4,0.6703110039234161,106,False,512,3072,3072,23.272727272727273,64,64,3.0517578125e-05,1.7767782675589283,1.5457810265515526,1.0,1.18047590899926,1.450974250513685
32,8192,6,32,1,False,4,0.9825689792633057,107,False,512,2048,2048,15.515151515151516,16,16,3.0517578125e-05,1.2121225577156907,1.0545356647941506,0.9687869204378441,3.3252799614092328,1.0
32,8192,3,16,2,True,4,0.8518460094928741,108,False,512,2048,2048,15.515151515151516,32,32,3.0517578125e-05,1.3981330087884813,1.2163630752586247,0.7839562380836945,2.039197208403017,1.1403821733242059
32,16384,3,1,2,True,4,3.4656089544296265,0,False,1024,128,128,0.9696969696969697,1024,1024,1.52587890625e-05,0.6822515142337195,0.5960161855361764,0.5045119065370764,1.0,1.0624106968871891
32,16384,1,9,2,True,4,1.3330489993095398,1,False,1024,3456,3456,26.181818181818183,113,114,3.0517578125e-05,1.7736909581914944,1.549499703798608,1.0,1.311610437288404,1.4556614305188083
32,16384,3,32,3,True,4,1.6853669881820679,2,False,1024,4096,4096,31.03030303030303,32,32,3.0517578125e-05,1.4029092615917107,1.2255841274114379,0.772015265651866,1.768485989026787,1.118246062723818
32,16384,2,8,3,True,4,1.4265829920768738,3,False,1024,1536,1536,11.636363636363637,128,128,3.0517578125e-05,1.657398812430353,1.4479066700297913,0.932441386639668,1.6463311683740152,1.175530627003967
32,16384,2,8,2,True,4,1.4452309608459473,4,False,1024,1536,1536,11.636363636363637,128,128,3.0517578125e-05,1.6360132193110293,1.4292241763005924,0.9270705035420534,1.7970359325988685,1.1603626303215349
32,16384,1,5,3,True,4,1.3506249785423279,5,False,1024,1920,1920,14.545454545454545,204,205,3.0517578125e-05,1.7506095285260939,1.5293357241241257,1.0,1.1695844791069194,1.4603216976091549
32,16384,6,2,1,False,4,3.3119760751724243,6,False,1024,128,128,0.9696969696969697,512,512,3.0517578125e-05,0.7138991657053129,0.6236636324347928,0.6284867124413969,1.974121751068977,1.0
32,16384,1,3,3,True,4,1.3959240317344666,7,False,1024,1152,1152,8.727272727272727,341,342,3.0517578125e-05,1.6938005959849476,1.4797073355149992,1.0,1.131630358161001,1.4353997159402296
32,16384,6,16,3,True,4,1.8711389899253845,8,False,1024,1024,1024,7.757575757575758,64,64,3.0517578125e-05,1.263624439249078,1.1039046488265047,0.6884827883905912,3.3706870713686,1.0398436531167967
32,16384,2,32,2,True,4,1.402273952960968,9,False,1024,6144,6144,46.54545454545455,32,32,3.0517578125e-05,1.6861305538115228,1.473006772476688,0.9407797748328218,1.8520860079163477,1.1379210280532135
32,16384,2,8,1,False,4,1.6769919991493225,10,False,1024,1536,1536,11.636363636363637,128,128,3.0517578125e-05,1.4099154665621145,1.2317047610405691,1.160621493523233,1.6756454010709765,1.0
32,16384,1,3,1,False,4,2.0037089586257935,11,False,1024,1152,1152,8.727272727272727,341,342,3.0517578125e-05,1.1800201554836296,1.0308677917953653,1.0,1.0308677917953653,1.0
32,16384,6,3,2,True,4,2.5321511030197144,12,False,1024,192,192,1.4545454545454546,341,342,3.0517578125e-05,0.9337582398150992,0.8157329264892139,0.6215509813159064,2.531514781422896,1.0760830955920004
32,16384,2,5,3,True,4,1.5322420001029968,13,False,1024,960,960,7.2727272727272725,204,205,3.0517578125e-05,1.5431093500521555,1.3480631841708532,0.8814697537670546,1.5328048989458218,1.1771332476619472
32,16384,6,4,1,False,4,2.0205589532852173,14,False,1024,256,256,1.9393939393939394,256,256,3.0517578125e-05,1.1701796441312717,1.022271102865264,0.9839653581599225,3.2358590668128957,1.0
32,16384,3,16,1,False,4,1.9359949827194214,15,False,1024,2048,2048,15.515151515151516,64,64,3.0517578125e-05,1.2212929155324257,1.066923751361043,0.9761760910495327,1.9018127925322577,1.0
32,16384,2,3,2,True,4,1.8917730450630188,16,True,1024,576,576,4.363636363636363,341,342,3.0517578125e-05,1.2498417625052833,1.0918640769143397,0.8319502210000194,1.3728559957666804,1.1343935011800268
32,16384,2,9,2,True,4,1.4999180436134338,17,False,1024,1728,1728,13.090909090909092,113,114,3.0517578125e-05,1.5763641000047328,1.3771145952768526,0.8887478919168864,1.7315159175549601,1.1380595299344722
32,16384,6,9,3,True,4,2.3371100425720215,18,True,1024,576,576,4.363636363636363,113,114,3.0517578125e-05,1.0116840515988186,0.8838090598874783,0.5670417646428736,2.698642292056659,1.0015095051797747
32,16384,6,8,1,False,4,1.9802770018577576,19,False,1024,512,512,3.878787878787879,128,128,3.0517578125e-05,1.1939829401055606,1.0430657062832116,0.9828690414791803,3.3016815338885523,1.0
32,16384,1,8,3,True,4,1.3302050232887268,20,False,1024,3072,3072,23.272727272727273,128,128,3.0517578125e-05,1.7774831063679897,1.5528125314640493,1.0,1.1875387510503699,1.4631977211055343
32,16384,2,2,1,False,4,1.7552340030670166,21,False,1024,384,384,2.909090909090909,512,512,3.0517578125e-05,1.3470665180654402,1.176799803313916,1.185900541769645,1.6009511700988253,1.0
32,16384,1,4,3,True,4,1.3682390451431274,22,False,1024,1536,1536,11.636363636363637,256,256,3.0517578125e-05,1.7280730039787862,1.509647774569312,1.0,1.15452779805153,1.453079431704532
32,16384,6,32,3,True,4,1.7933170199394226,23,False,1024,2048,2048,15.515151515151516,32,32,3.0517578125e-05,1.3184601108516882,1.1518091930276422,0.7255432411756265,3.5169598748849458,1.0813130193981315
32,16384,2,4,2,True,4,1.5519199967384338,24,False,1024,768,768,5.818181818181818,256,256,3.0517578125e-05,1.5235430704357742,1.3309700460849847,0.9004349481430142,1.6734960391017408,1.1300962630070703
32,16384,3,16,2,True,4,1.6950839757919312,25,False,1024,2048,2048,15.515151515151516,64,64,3.0517578125e-05,1.3948671515208628,1.2185585251693198,0.7881568097658164,2.044505761321069,1.1421233463167737
32,16384,1,9,1,False,4,1.9404680132865906,26,False,1024,3456,3456,26.181818181818183,113,114,3.0517578125e-05,1.2184776768862646,1.064464353669352,1.0,1.064464353669352,1.0
32,16384,3,3,1,False,4,1.9666439890861511,27,False,1024,384,384,2.909090909090909,341,342,3.0517578125e-05,1.2022597735140839,1.0502963632675453,1.0188468120032572,1.8721741427765717,1.0
32,16384,6,4,2,True,4,2.0539430379867554,28,False,1024,256,256,1.9393939393939394,256,256,3.0517578125e-05,1.15115994610012,1.0056554594638578,0.6803513904431313,3.120913203305706,0.9837463434554345
32,16384,2,16,1,False,4,1.6377740502357483,29,False,1024,3072,3072,23.272727272727273,64,64,3.0517578125e-05,1.4436771400555564,1.261199021490075,1.153927194200272,1.7157702129929921,1.0
32,16384,2,3,3,True,4,1.8548699617385864,30,True,1024,576,576,4.363636363636363,341,342,3.0517578125e-05,1.2747076645121584,1.1135869749290108,0.7525724501064508,1.2661955245245482,1.156962532303644
32,16384,2,2,2,True,4,1.5674660205841064,31,False,1024,384,384,2.909090909090909,512,512,3.0517578125e-05,1.5084326714913188,1.3177695736009927,0.9537623343411268,1.656898416577318,1.1197907833516796
32,16384,6,3,1,False,4,2.724804997444153,32,False,1024,192,192,1.4545454545454546,341,342,3.0517578125e-05,0.8677380433166249,0.7580575606388867,0.7353586625484237,2.3995273111840185,1.0
32,16384,3,5,3,True,4,1.7104780077934265,33,True,1024,640,640,4.848484848484849,204,205,3.0517578125e-05,1.3823135673937876,1.2075916908419082,0.7896184413880182,1.7425233714716202,1.1890734865896886
32,16384,3,9,2,True,4,1.6394349932670593,34,False,1024,1152,1152,8.727272727272727,113,114,3.0517578125e-05,1.4422145230594048,1.2599212765752457,0.8131148870093624,2.113904466271868,1.1808647506258372
32,16384,6,9,1,False,4,2.3406379222869873,35,True,1024,576,576,4.363636363636363,113,114,3.0517578125e-05,1.0101592110373607,0.8824769563508349,0.8290338265521224,2.7933598557736627,1.0
32,16384,1,3,2,True,4,1.573861002922058,36,False,1024,1152,1152,8.727272727272727,341,342,3.0517578125e-05,1.5023035404725906,1.3124151533993214,1.0,1.110924648151945,1.2731168476159407
32,16384,3,9,3,True,4,1.6544950008392334,37,False,1024,1152,1152,8.727272727272727,113,114,3.0517578125e-05,1.4290867942799543,1.2484528684169003,0.8009930534890708,1.801484986933412,1.1701159529098466
32,16384,1,9,3,True,4,1.3252390027046204,38,False,1024,3456,3456,26.181818181818183,113,114,3.0517578125e-05,1.7841438050616671,1.5586313301703743,1.0,1.1919887724201792,1.4642400422311577
32,16384,3,16,3,True,4,1.6575599908828735,39,False,1024,2048,2048,15.515151515151516,64,64,3.0517578125e-05,1.4264442734541272,1.246144357332717,0.7771947901348767,1.798153865538658,1.1679788323608389
32,16384,3,32,2,True,4,1.628578007221222,40,False,1024,4096,4096,31.03030303030303,32,32,3.0517578125e-05,1.4518291088407003,1.2683205965083268,0.8100508344525063,2.127996902244098,1.157239622801372
32,16384,2,4,1,False,4,1.7538189888000488,41,False,1024,768,768,5.818181818181818,256,256,3.0517578125e-05,1.3481533567607615,1.1777492676096546,1.1336175664928867,1.6022428477239823,1.0
32,16384,6,5,3,True,4,2.795085072517395,42,False,1024,320,320,2.4242424242424243,204,205,3.0517578125e-05,0.8459194963865757,0.7389968376593331,0.4832142648616726,2.2564694234493445,0.97615707646815
32,16384,1,8,2,True,4,1.339830994606018,43,False,1024,3072,3072,23.272727272727273,128,128,3.0517578125e-05,1.7647128379776102,1.5416564013631788,1.0,1.3049712896255172,1.4526854256357393
32,16384,6,4,3,True,4,1.9234820008277893,44,False,1024,256,256,1.9393939393939394,256,256,3.0517578125e-05,1.2292378903904484,1.0738644961014603,0.7113344676759608,3.278961799154297,1.050469384385011
32,16384,1,1,2,True,4,1.7484409809112549,45,False,1024,384,384,2.909090909090909,1024,1024,1.52587890625e-05,1.3523001249200075,1.1813718919483527,1.0,1.0,1.1813718919483527
32,16384,6,16,1,False,4,1.945692002773285,46,False,1024,1024,1024,7.757575757575758,64,64,3.0517578125e-05,1.2152061855275333,1.0616063727635339,0.9713109843843889,3.3603694725057625,1.0
32,16384,1,5,1,False,4,1.9723469614982605,47,False,1024,1920,1920,14.545454545454545,204,205,3.0517578125e-05,1.1987834813330513,1.0472594679843221,1.0,1.0472594679843221,1.0
32,16384,1,32,3,True,4,1.3011290431022644,48,False,1024,12288,12288,93.0909090909091,32,32,3.0517578125e-05,1.8172040424707627,1.5875128147583872,1.0,1.2140763595829334,1.449609500028929
32,16384,3,3,3,True,4,1.6627099514007568,49,False,1024,384,384,2.909090909090909,341,342,3.0517578125e-05,1.4220261055812156,1.2422846377018577,0.8395475293561963,1.7925843905951768,1.18279438180384
32,16384,2,1,3,True,4,2.348628044128418,50,False,1024,192,192,1.4545454545454546,1024,1024,1.52587890625e-05,1.0067226110207637,0.8794747362159243,0.6725926721118766,1.0,1.1964618825158413
32,16384,1,16,3,True,4,1.288246989250183,51,False,1024,6144,6144,46.54545454545455,64,64,3.0517578125e-05,1.8353754960279363,1.603387430217407,1.0,1.226216731091808,1.4670106200850055
32,16384,3,2,1,False,4,2.2445929050445557,52,False,1024,256,256,1.9393939393939394,512,512,3.0517578125e-05,1.0533834227078323,0.9202377076649276,0.9273543324901309,1.6403420041733474,1.0
32,16384,3,4,2,True,4,2.2103370428085327,53,False,1024,512,512,3.878787878787879,256,256,3.0517578125e-05,1.0697087869898965,0.9344995761164958,0.6322126330605619,1.5679097292900184,1.0300243489643937
32,16384,3,8,2,True,4,1.830493986606598,54,False,1024,1024,1024,7.757575757575758,128,128,3.0517578125e-05,1.291682449765786,1.128416178743276,0.731950503202592,1.893264320881072,1.0743356860611581
32,16384,6,1,3,True,4,6.307024002075195,55,False,1024,64,64,0.48484848484848486,1024,1024,1.52587890625e-05,0.37488631026671027,0.3275013744833591,0.25046202638161286,1.0,1.0366607146043318
32,16384,2,3,1,False,4,2.1460150480270386,56,True,1024,576,576,4.363636363636363,341,342,3.0517578125e-05,1.1017709121263162,0.9625091079758066,0.9336882145667731,1.3094241503995177,1.0
32,16384,1,2,1,False,4,2.0815329551696777,57,True,1024,768,768,5.818181818181818,512,512,3.0517578125e-05,1.1359017646246263,0.9923258838872369,1.0,0.9923258838872369,1.0
32,16384,1,32,2,True,4,1.3192309737205505,58,False,1024,12288,12288,93.0909090909091,32,32,3.0517578125e-05,1.7922691355808016,1.5657296339501388,1.0,1.3253486430660646,1.4297185703010384
32,16384,2,32,3,True,4,1.3744580149650574,59,False,1024,6144,6144,46.54545454545455,32,32,3.0517578125e-05,1.720254042799307,1.5028171156116943,0.9466488091564899,1.7087666691573165,1.1609499895900095
32,16384,6,9,2,True,4,2.4141029119491577,60,True,1024,576,576,4.363636363636363,113,114,3.0517578125e-05,0.9794184602480386,0.8556217795667297,0.552192283399066,2.655304342810759,0.9695684101541245
32,16384,3,1,3,True,4,2.9805479049682617,61,False,1024,128,128,0.9696969696969697,1024,1024,1.52587890625e-05,0.7932826555011293,0.6930131960422752,0.5299931631241619,1.0,1.2353097959864092
32,16384,6,1,2,True,4,6.410177946090698,62,False,1024,64,64,0.48484848484848486,1024,1024,1.52587890625e-05,0.36885356019539367,0.3222311528557271,0.27276013171795904,1.0,1.0199785503622951
32,16384,3,8,1,False,4,1.9665650129318237,63,False,1024,1024,1024,7.757575757575758,128,128,3.0517578125e-05,1.2023080555961865,1.05033854258383,0.9897221530334807,1.8722493282461878,1.0
32,16384,3,5,1,False,4,2.033884048461914,64,True,1024,640,640,4.848484848484849,204,205,3.0517578125e-05,1.1625131524531083,1.0155736415461847,0.9697440534969582,1.810280201173921,1.0
32,16384,3,2,2,True,4,2.0504180192947388,65,False,1024,256,256,1.9393939393939394,512,512,3.0517578125e-05,1.1531389866125028,1.007384352918256,0.7291147642698295,1.6901963023235897,1.0947001459812595
32,16384,1,4,1,False,4,1.9881600141525269,66,False,1024,1536,1536,11.636363636363637,256,256,3.0517578125e-05,1.1892488230678993,1.0389299728772725,1.0,1.0389299728772725,1.0
32,16384,6,1,1,False,4,6.538244009017944,67,False,1024,64,64,0.48484848484848486,1024,1024,1.52587890625e-05,0.3616287421577418,0.3159195384464419,0.3159195384464419,1.0,1.0
32,16384,6,32,2,True,4,1.884793996810913,68,False,1024,2048,2048,15.515151515151516,32,32,3.0517578125e-05,1.2544696984933967,1.095907050358875,0.6999337731087324,3.4009965847391133,1.0288323524214273
32,16384,1,8,1,False,4,1.9463529586791992,69,False,1024,3072,3072,23.272727272727273,128,128,3.0517578125e-05,1.2147935174646076,1.0612458651800016,1.0,1.0612458651800016,1.0
32,16384,6,5,2,True,4,2.8762699365615845,70,False,1024,320,320,2.4242424242424243,204,205,3.0517578125e-05,0.8220427877252978,0.7181381007821609,0.4961669272432774,2.2286426821794403,0.9486043149795749
32,16384,3,5,2,True,4,1.9714969992637634,71,True,1024,640,640,4.848484848484849,204,205,3.0517578125e-05,1.199300307220614,1.0477109680362313,0.7238712596970314,1.757856570780389,1.0316445062921469
32,16384,2,9,3,True,4,1.477977991104126,72,False,1024,1728,1728,13.090909090909092,113,114,3.0517578125e-05,1.5997646589684387,1.3975573668969747,0.8966567910220357,1.5890818796116655,1.154953614958585
32,16384,1,1,1,False,4,2.0655590295791626,73,False,1024,384,384,2.909090909090909,1024,1024,1.52587890625e-05,1.1446862195864125,1.0,1.0,1.0,1.0
32,16384,6,16,2,True,4,1.862426996231079,74,False,1024,1024,1024,7.757575757575758,64,64,3.0517578125e-05,1.269535375983235,1.109068454097344,0.717339246772582,3.44184118843999,1.0447077961770883
32,16384,6,3,3,True,4,2.5212349891662598,75,False,1024,192,192,1.4545454545454546,341,342,3.0517578125e-05,0.9378011042451195,0.8192647803377568,0.5536667695525203,2.501561349567359,1.0807421795876357
32,16384,1,1,3,True,4,1.579670011997223,76,False,1024,384,384,2.909090909090909,1024,1024,1.52587890625e-05,1.4967790354595318,1.3075889355952361,1.0,1.0,1.3075889355952361
32,16384,2,9,1,False,4,1.7069960236549377,77,False,1024,1728,1728,13.090909090909092,113,114,3.0517578125e-05,1.3851332540535006,1.2100549743264704,1.1367735989986396,1.64619242931255,1.0
32,16384,1,16,2,True,4,1.3359919786453247,78,False,1024,6144,6144,46.54545454545455,64,64,3.0517578125e-05,1.7697837971295551,1.5460864006635786,1.0,1.3087211666376524,1.4145833543393378
32,16384,1,5,2,True,4,1.4271100163459778,79,False,1024,1920,1920,14.545454545454545,204,205,3.0517578125e-05,1.6567867437126438,1.4473719656651922,1.0,1.2251620133590149,1.3820567012404037
32,16384,1,16,1,False,4,1.8898720145225525,80,False,1024,6144,6144,46.54545454545455,64,64,3.0517578125e-05,1.2510989838107553,1.0929623877736476,1.0,1.0929623877736476,1.0
32,16384,2,5,2,True,4,1.5538800358772278,81,False,1024,960,960,7.2727272727272725,204,205,3.0517578125e-05,1.5216212978544008,1.3292911820011069,0.9184171129017156,1.671385118271611,1.1607414730488146
32,16384,1,32,1,False,4,1.8861290216445923,82,False,1024,12288,12288,93.0909090909091,32,32,3.0517578125e-05,1.2535817697348823,1.0951313541520706,1.0,1.0951313541520706,1.0
32,16384,2,2,3,True,4,1.5614609718322754,83,False,1024,384,384,2.909090909090909,512,512,3.0517578125e-05,1.5142337846120208,1.322837436759857,0.9189368021520659,1.504122156426652,1.1240972619426797
32,16384,6,5,1,False,4,2.728442072868347,84,False,1024,320,320,2.4242424242424243,204,205,3.0517578125e-05,0.8665813287418979,0.7570470526455739,0.7228839421262766,2.3963286866282787,1.0
32,16384,2,32,1,False,4,1.5956770181655884,85,False,1024,6144,6144,46.54545454545455,32,32,3.0517578125e-05,1.4817641226792346,1.2944718800009771,1.1820243070323289,1.7610355347712217,1.0
32,16384,1,2,2,True,4,1.494990050792694,86,True,1024,768,768,5.818181818181818,512,512,3.0517578125e-05,1.5815603292127975,1.3816540307301266,1.0,1.1695335229717232,1.3923390018990285
32,16384,3,9,1,False,4,1.9359509944915771,87,False,1024,1152,1152,8.727272727272727,113,114,3.0517578125e-05,1.2213206654657587,1.0669479937541617,1.0023332299256882,1.9018560050798237,1.0
32,16384,1,2,3,True,4,1.434883952140808,88,True,1024,768,768,5.818181818181818,512,512,3.0517578125e-05,1.6478105796457645,1.4395303721234072,1.0,1.1009043690539557,1.4506629278723808
32,16384,3,1,1,False,4,3.6819000244140625,89,False,1024,128,128,0.9696969696969697,1024,1024,1.52587890625e-05,0.6421730468571926,0.5610035622593733,0.5610035622593733,1.0,1.0
32,16384,6,8,3,True,4,1.8899629712104797,90,False,1024,512,512,3.878787878787879,128,128,3.0517578125e-05,1.251038773202627,1.0929097876749498,0.7038259709589758,3.33711511714734,1.0477861376243969
32,16384,2,16,2,True,4,1.4445480108261108,91,False,1024,3072,3072,23.272727272727273,64,64,3.0517578125e-05,1.6367866898029808,1.4298998815538895,0.9248512120281105,1.7978855310314699,1.1337622827081635
32,16384,6,8,2,True,4,1.963030993938446,92,False,1024,512,512,3.878787878787879,128,128,3.0517578125e-05,1.204472555044992,1.052229453308332,0.6825317576458146,3.2654491782780783,1.0087853976695043
32,16384,3,2,3,True,4,1.7922269701957703,93,False,1024,256,256,1.9393939393939394,512,512,3.0517578125e-05,1.3192620110182127,1.1525097344972637,0.8006150872643499,1.663041542468635,1.2524043786705052
32,16384,1,4,2,True,4,1.3974030017852783,94,False,1024,1536,1536,11.636363636363637,256,256,3.0517578125e-05,1.692007927477503,1.4781412569890497,1.0,1.2512074030737743,1.4227535017546948
32,16384,6,2,3,True,4,2.9771029949188232,96,False,1024,128,128,0.9696969696969697,512,512,3.0517578125e-05,0.7942005906201511,0.6938151058611542,0.4819732318934882,2.118510516041844,1.1124828670103608
32,16384,3,4,3,True,4,1.8719039559364319,97,False,1024,512,512,3.878787878787879,256,256,3.0517578125e-05,1.2631080507112533,1.1034535308441364,0.7309344268459849,1.592254717725207,1.2162488178362805
32,16384,2,5,1,False,4,1.8036530017852783,98,False,1024,960,960,7.2727272727272725,204,205,3.0517578125e-05,1.3109045667660135,1.1452086557307013,1.093529054394613,1.5579736946219525,1.0
32,16384,2,1,2,True,4,2.5971319675445557,99,False,1024,192,192,1.4545454545454546,1024,1024,1.52587890625e-05,0.910395384773988,0.7953230930856525,0.6732199221144349,1.0,1.08197964759724
32,16384,3,3,2,True,4,1.6742630004882812,100,False,1024,384,384,2.909090909090909,341,342,3.0517578125e-05,1.412213586641999,1.2337124029956847,0.9400321230673186,2.069931040355618,1.174632652404431
32,16384,2,4,3,True,4,1.5206930041313171,101,False,1024,768,768,5.818181818181818,256,256,3.0517578125e-05,1.554828588333122,1.3583011324229084,0.89974705047369,1.5444458794430054,1.1533024640972178
32,16384,3,4,1,False,4,2.276700973510742,102,False,1024,512,512,3.878787878787879,256,256,3.0517578125e-05,1.0385276698219825,0.9072596944490289,0.8732635674533593,1.6172084376704337,1.0
32,16384,2,16,3,True,4,1.4033259749412537,103,False,1024,3072,3072,23.272727272727273,64,64,3.0517578125e-05,1.6848665236176008,1.4719025133598282,0.9179955422004584,1.6736154578958298,1.1670660128017007
32,16384,6,2,2,True,4,3.1720809936523438,104,False,1024,128,128,0.9696969696969697,512,512,3.0517578125e-05,0.7453835389553384,0.6511684391768545,0.47129630478676965,2.0208115615326707,1.0441019891358465
32,16384,2,1,1,False,4,2.8100439310073853,105,False,1024,192,192,1.4545454545454546,1024,1024,1.52587890625e-05,0.8414163674850165,0.7350628959166027,0.7350628959166027,1.0,1.0
32,16384,3,32,1,False,4,1.8846549987792969,106,False,1024,4096,4096,31.03030303030303,32,32,3.0517578125e-05,1.2545622187790328,1.095987876251642,1.0007821181416494,1.9536201728161668,1.0
32,16384,6,32,1,False,4,1.939137041568756,107,False,1024,2048,2048,15.515151515151516,32,32,3.0517578125e-05,1.2193140073219084,1.0651949734857993,0.9726641187353728,3.3717286962496082,1.0
32,16384,3,8,3,True,4,1.6717900037765503,108,False,1024,1024,1024,7.757575757575758,128,128,3.0517578125e-05,1.4143026047292815,1.2355373730630603,0.7956771007625433,1.7828482633795186,1.1763229882278161
64,512,1,5,1,False,4,0.12564099580049515,0,False,32,3840,3840,29.09090909090909,6,7,0.0001220703125,1.1234470296916093,1.0352194289487155,1.0,1.0352194289487155,1.0
64,512,6,1,1,False,4,0.19943900406360626,1,False,32,128,128,0.9696969696969697,32,32,0.0001220703125,0.7077402146199322,0.6521592931924949,0.6521592931924949,1.0,1.0
64,512,1,2,2,True,4,0.09110900014638901,2,False,32,1536,1536,11.636363636363637,16,16,0.0001220703125,1.5492542263966067,1.427586733650392,1.0,1.0434644459642164,1.3969969848164643
64,512,3,16,3,True,4,0.11491899937391281,3,False,32,4096,4096,31.03030303030303,2,2,0.0001220703125,1.2282651633634414,1.1318058861784885,0.8583697907316485,1.0157502508887515,1.112557585767841
64,512,1,3,2,True,4,0.09003399685025215,4,False,32,2304,2304,17.454545454545453,10,11,0.0001220703125,1.5677522766686651,1.444632077608052,1.0,1.0559233810115947,1.402725642832308
64,512,1,2,1,False,4,0.12727899849414825,5,False,32,1536,1536,11.636363636363637,16,16,0.0001220703125,1.1089889550478491,1.0218967894465043,1.0,1.0218967894465043,1.0
64,512,1,8,1,False,4,0.124269999563694,6,False,32,6144,6144,46.54545454545455,4,4,0.0001220703125,1.135841345740216,1.0466403828904165,1.0,1.0466403828904165,1.0
64,512,6,5,3,True,4,0.1434060037136078,7,True,32,640,640,4.848484848484849,6,7,0.0001220703125,0.9842754130534942,0.9069773688477354,0.6396873162760627,1.394160620726876,1.0528778403240129
64,512,2,4,1,False,4,0.10948999971151352,8,False,32,1536,1536,11.636363636363637,8,8,0.0001220703125,1.2891679962687894,1.1879258404222952,1.1489816031425677,1.020924263953201,1.0
64,512,3,16,2,True,4,0.11550099775195122,9,False,32,4096,4096,31.03030303030303,2,2,0.0001220703125,1.2220760537731172,1.1261028255744163,0.8405035736191476,1.0665622024732295,1.1069515154914455
64,512,6,2,1,False,4,0.13076899945735931,10,False,32,256,256,1.9393939393939394,16,16,0.0001220703125,1.0793919363555904,0.9946241117150095,0.9733117101324227,1.525124493505348,1.0
64,512,6,5,1,False,4,0.15098900347948074,11,True,32,640,640,4.848484848484849,6,7,0.0001220703125,0.9348429374775263,0.8614269710231739,0.8321201736891365,1.3208842993040206,1.0
64,512,6,2,2,True,4,0.1305209994316101,12,False,32,256,256,1.9393939393939394,16,16,0.0001220703125,1.0814428647822452,0.9965139746979033,0.6980409324411276,1.507044889004781,1.0019000775877382
64,512,6,32,2,True,4,0.14116699993610382,13,False,32,4096,4096,31.03030303030303,1,1,0.0001220703125,0.999886684589537,0.9213626412972445,0.811549426472021,1.3933922601616267,1.031919636943125
64,512,1,32,2,True,4,0.11456399783492088,14,False,32,24576,24576,186.1818181818182,1,1,0.0001220703125,1.232071210913497,1.1353130336159623,1.0,0.8298331426692497,1.1700011176131244
64,512,6,4,1,False,4,0.12962299585342407,15,False,32,512,512,3.878787878787879,8,8,0.0001220703125,1.0889348962368828,1.0034176348787174,0.9705222022400197,1.5386081979553163,1.0
64,512,2,32,2,True,4,0.11649000272154808,16,False,32,12288,12288,93.0909090909091,1,1,0.0001220703125,1.2117005772329028,1.1165421657345127,0.9834663504023515,0.8831315795591864,1.038209280593662
64,512,1,8,2,True,4,0.08867700025439262,17,False,32,6144,6144,46.54545454545455,4,4,0.0001220703125,1.5917431028861433,1.4667388336548262,1.0,1.0720818485895531,1.4013780259502888
64,512,2,8,2,True,4,0.10037200152873993,18,False,32,3072,3072,23.272727272727273,4,4,0.0001220703125,1.4062786572921522,1.2958394566625657,0.8834834306756488,1.0249471818779838,1.1083170114659602
64,512,6,1,3,True,4,0.19993100315332413,19,False,32,128,128,0.9696969696969697,32,32,0.0001220703125,0.7059985760753454,0.6505544306472112,0.46959199769995735,1.0,0.9975391555988915
64,512,6,8,2,True,4,0.12955299764871597,20,False,32,1024,1024,7.757575757575758,4,4,0.0001220703125,1.0895232538138124,1.0039597870040151,0.6844843567019657,1.5183053165204277,1.01565385110191
64,512,1,1,1,False,4,0.13006599992513657,21,True,32,768,768,5.818181818181818,32,32,0.0001220703125,1.0852259900420247,1.0,1.0,1.0,1.0
64,512,1,5,2,True,4,0.08960700035095215,22,False,32,3840,3840,29.09090909090909,6,7,0.0001220703125,1.5752229511838847,1.4515160580727386,1.0,1.0609550814976625,1.4021337095139141
64,512,6,2,3,True,4,0.13265299797058105,23,False,32,256,256,1.9393939393939394,16,16,0.0001220703125,1.0640619186824998,0.9804980054350659,0.6993358770514049,1.5071728962934072,0.9857975428972999
64,512,1,2,3,True,4,0.09276900067925453,24,False,32,1536,1536,11.636363636363637,16,16,0.0001220703125,1.521532004290816,1.402041619213244,1.0,1.0120406438087373,1.371999240718468
64,512,6,16,3,True,4,0.13131099939346313,25,False,32,2048,2048,15.515151515151516,2,2,0.0001220703125,1.074936632814851,0.9905186962700967,0.7512165614405232,1.522576205168057,1.0249103168223082
64,512,3,5,3,True,4,0.11374000087380409,26,False,32,1280,1280,9.696969696969697,6,7,0.0001220703125,1.240997032312062,1.1435378839977888,0.80653245075331,1.026279246959462,1.163908874303682
64,512,1,5,3,True,4,0.09173500165343285,27,False,32,3840,3840,29.09090909090909,6,7,0.0001220703125,1.5386820842149096,1.4178448529004777,1.0,1.023447947683256,1.3696080398532755
64,512,3,8,3,True,4,0.11366799846291542,28,False,32,2048,2048,15.515151515151516,4,4,0.0001220703125,1.241783135520005,1.1442622522078723,0.8147939660574097,1.0269293382870592,1.1319105360058581
64,512,1,32,1,False,4,0.134040005505085,29,False,32,24576,24576,186.1818181818182,1,1,0.0001220703125,1.0530513111192574,0.9703520932801091,1.0,0.9703520932801091,1.0
64,512,2,4,2,True,4,0.09784400090575218,30,False,32,1536,1536,11.636363636363637,8,8,0.0001220703125,1.4426127532900594,1.329320129196496,0.9140059286195185,1.0514287963901798,1.1190261916719788
64,512,6,3,3,True,4,0.1502550020813942,31,False,32,384,384,2.909090909090909,10,11,0.0001220703125,0.9394096807712247,0.8656350745293584,0.6132707654156803,1.3306112966876145,1.072416885403968
64,512,2,1,3,True,4,0.09722400084137917,32,False,32,384,384,2.909090909090909,32,32,0.0001220703125,1.4518123335600015,1.3377972393600535,0.965666896655496,1.0,1.1497263679580896
64,512,2,5,1,False,4,0.11145799979567528,33,False,32,1920,1920,14.545454545454545,6,7,0.0001220703125,1.2664053167858758,1.1669507811334625,1.127249690742882,1.0028979307957253,1.0
64,512,3,8,2,True,4,0.11542699858546257,34,False,32,2048,2048,15.515151515151516,4,4,0.0001220703125,1.2228595152723607,1.1268247595369572,0.7682518071258333,1.0672459655005846,1.1146612720039655
64,512,1,16,2,True,4,0.09707900136709213,35,False,32,12288,12288,93.0909090909091,2,2,0.0001220703125,1.4539807945264838,1.339795404706608,1.0,0.9792952236973879,1.2895888884207285
64,512,6,16,1,False,4,0.13458199799060822,36,False,32,2048,2048,15.515151515151516,2,2,0.0001220703125,1.0488104326509733,0.966444263475812,0.9302284356836434,1.4819144242272586,1.0
64,512,6,1,2,True,4,0.19670100510120392,37,False,32,128,128,0.9696969696969697,32,32,0.0001220703125,0.7175916740584988,0.6612370885355506,0.48331731864406036,1.0,1.0139195982297784
64,512,3,2,2,True,4,0.14169800281524658,38,False,32,512,512,3.878787878787879,16,16,0.0001220703125,0.9961396825303349,0.9179099023344991,0.6429801291213807,0.8693770984958554,1.0278479496470363
64,512,6,3,1,False,4,0.16113600134849548,39,False,32,384,384,2.909090909090909,10,11,0.0001220703125,0.8759743468766432,0.8071815040503423,0.783766477085359,1.237706051996855,1.0
64,512,2,1,1,False,4,0.11178099736571312,40,False,32,384,384,2.909090909090909,32,32,0.0001220703125,1.2627459663627751,1.1635788102659392,1.1635788102659392,1.0,1.0
64,512,3,1,2,True,4,0.12318899855017662,41,False,32,256,256,1.9393939393939394,32,32,6.103515625e-05,1.14580851537704,1.0558248013694083,0.7717328940001291,1.0,1.1163415591883403
64,512,2,16,3,True,4,0.10043499991297722,42,False,32,6144,6144,46.54545454545455,2,2,0.0001220703125,1.4053965615757829,1.2950266345181798,0.9821575897759355,0.9680290827462513,1.0813362158416917
64,512,6,8,1,False,4,0.13158100098371506,43,False,32,1024,1024,7.757575757575758,4,4,0.0001220703125,1.0727308842788905,0.9884861716566057,0.9444372564020402,1.5157127744323025,1.0
64,512,2,1,2,True,4,0.10287600010633469,44,False,32,384,384,2.909090909090909,32,32,0.0001220703125,1.3720498794049705,1.2642987654136801,0.9241125458011615,1.0,1.0865604927308026
64,512,1,4,3,True,4,0.09136499837040901,45,False,32,3072,3072,23.272727272727273,8,8,0.0001220703125,1.5449133262971495,1.4235867372079098,1.0,1.0275926322714568,1.376916736610575
64,512,3,16,1,False,4,0.12785400450229645,46,False,32,4096,4096,31.03030303030303,2,2,0.0001220703125,1.1040014279492274,1.0173009475256631,0.9791793534299045,1.0756096318741764,1.0
64,512,6,16,2,True,4,0.12806899845600128,47,False,32,2048,2048,15.515151515151516,2,2,0.0001220703125,1.102148101736388,1.0155931684733317,0.7580210865820434,1.5358986755001562,1.0508553952410622
64,512,3,32,2,True,4,0.12668000161647797,48,False,32,8192,8192,62.06060606060606,1,1,0.0001220703125,1.1142327260690683,1.026728751700759,0.904357407428537,0.9724423506334464,1.084227906835043
64,512,3,1,1,False,4,0.13752099871635437,49,False,32,256,256,1.9393939393939394,32,32,6.103515625e-05,1.026396003934606,0.9457901057961758,0.9457901057961758,1.0,1.0
64,512,6,32,1,False,4,0.1456729993224144,50,False,32,4096,4096,31.03030303030303,1,1,0.0001220703125,0.968957900201919,0.892862785348881,0.9201431022122198,1.3690869618342443,1.0
64,512,6,3,2,True,4,0.1553020030260086,51,False,32,384,384,2.909090909090909,10,11,0.0001220703125,0.9088807664375295,0.8375036856630513,0.5797349364204534,1.2665709473706026,1.0375655059742523
64,512,2,5,3,True,4,0.09743000194430351,52,False,32,1920,1920,14.545454545454545,6,7,0.0001220703125,1.4487426944756925,1.334968668064788,0.9415477760728543,0.9978856502225864,1.1439802686177811
64,512,3,3,1,False,4,0.12756100296974182,53,True,32,768,768,5.818181818181818,10,11,6.103515625e-05,1.1065372665111768,1.019637639224183,0.9900596041761239,1.0780802558363007,1.0
64,512,1,1,2,True,4,0.09506900236010551,54,True,32,768,768,5.818181818181818,32,32,0.0001220703125,1.484721623615085,1.3681220660386049,1.0,1.0,1.3681220660386049
64,512,1,16,3,True,4,0.098642997443676,55,False,32,12288,12288,93.0909090909091,2,2,0.0001220703125,1.4309277617010554,1.3185527943775506,1.0,0.9517756111023873,1.269142308185291
64,512,1,3,3,True,4,0.09214700013399124,56,False,32,2304,2304,17.454545454545453,10,11,0.0001220703125,1.5318024822762988,1.4115055263438547,1.0,1.0188720092505021,1.3705600391210664
64,512,6,4,3,True,4,0.12391100078821182,57,False,32,512,512,3.878787878787879,8,8,0.0001220703125,1.1391321403401216,1.0496727417079363,0.7373437208095002,1.613504869475192,1.046097562192845
64,512,1,3,1,False,4,0.12629299610853195,58,False,32,2304,2304,17.454545454545453,10,11,0.0001220703125,1.117647121288197,1.0298750044172063,1.0,1.0298750044172063,1.0
64,512,2,16,1,False,4,0.10860400274395943,59,False,32,6144,6144,46.54545454545455,2,2,0.0001220703125,1.2996850942256184,1.197616999732276,1.1527383733464274,1.029253015924686,1.0
64,512,2,8,1,False,4,0.11124399676918983,60,False,32,3072,3072,23.272727272727273,4,4,0.0001220703125,1.2688415342755417,1.169195675295619,1.1170939841502696,1.0048272321394336,1.0
64,512,2,3,3,True,4,0.10155799984931946,61,False,32,1152,1152,8.727272727272727,10,11,0.0001220703125,1.3898560797670936,1.2807065924704517,0.9073337429912837,0.9573248880997006,1.1167017854454635
64,512,3,4,2,True,4,0.11517100036144257,62,False,32,1024,1024,7.757575757575758,8,8,6.103515625e-05,1.225577646252844,1.1293294276940276,0.7764975265218829,1.0696182039191382,1.1171040995627504
64,512,2,5,2,True,4,0.09902700036764145,63,False,32,1920,1920,14.545454545454545,6,7,0.0001220703125,1.425378967509203,1.3134397633197175,0.9048744283708766,1.0388681846809829,1.12553141448174
64,512,1,32,3,True,4,0.12169500067830086,64,False,32,24576,24576,186.1818181818182,1,1,0.0001220703125,1.1598751202006485,1.0687867143282601,1.0,0.771486081183502,1.101442169012497
64,512,1,4,2,True,4,0.08942999690771103,65,False,32,3072,3072,23.272727272727273,8,8,0.0001220703125,1.578340695742455,1.4543889569778319,1.0,1.0630549664248985,1.4067091551667816
64,512,1,16,1,False,4,0.12519200146198273,66,False,32,12288,12288,93.0909090909091,2,2,0.0001220703125,1.1274762116685688,1.0389321874100235,1.0,1.0389321874100235,1.0
64,512,3,5,2,True,4,0.11848499998450279,67,False,32,1280,1280,9.696969696969697,6,7,0.0001220703125,1.191298506629734,1.0977423297645146,0.7562729490034373,1.0397012159031869,1.1172975178093778
64,512,2,32,1,False,4,0.12094100192189217,68,False,32,12288,12288,93.0909090909091,1,1,0.0001220703125,1.1671062856807022,1.0754499951070162,1.1083090380849714,0.9242605534052472,1.0
64,512,2,4,3,True,4,0.0961809977889061,69,False,32,1536,1536,11.636363636363637,8,8,0.0001220703125,1.4675560327348065,1.352304539516213,0.9499277453009269,1.0108441696015902,1.1383745462052437
64,512,3,3,2,True,4,0.11177599802613258,70,True,32,768,768,5.818181818181818,10,11,6.103515625e-05,1.2628024444618418,1.1636308529737116,0.8054859579889658,1.1021060042011501,1.1412199866014061
64,512,6,8,3,True,4,0.12537099421024323,71,False,32,1024,1024,7.757575757575758,4,4,0.0001220703125,1.125866508666721,1.0374488991211155,0.7387354616179582,1.5947149850151632,1.0495330424121694
64,512,1,8,3,True,4,0.0926159992814064,72,False,32,6144,6144,46.54545454545455,4,4,0.0001220703125,1.5240455713346681,1.4043577884415122,1.0,1.0137125324066392,1.3417768045249874
64,512,3,4,3,True,4,0.11156899854540825,73,False,32,1024,1024,7.757575757575758,8,8,6.103515625e-05,1.265145384289832,1.1657897948434133,0.8189102668446354,1.0462494417607222,1.1531697723552397
64,512,6,5,2,True,4,0.14689600467681885,74,True,32,640,640,4.848484848484849,6,7,0.0001220703125,0.9608906916842564,0.885429118452136,0.6100029782844919,1.3390493875851794,1.027863241152588
64,512,6,32,3,True,4,0.14220500737428665,75,False,32,4096,4096,31.03030303030303,1,1,0.0001220703125,0.9925881383912856,0.914637271406344,0.8557715577342293,1.405935042970051,1.024387270266791
64,512,2,2,3,True,4,0.10139499977231026,76,True,32,768,768,5.818181818181818,16,16,0.0001220703125,1.3920903777950286,1.2827654245003117,0.9149267802906847,0.9588638597534654,1.1242862217752634
64,512,3,2,3,True,4,0.12667400389909744,77,False,32,512,512,3.878787878787879,16,16,0.0001220703125,1.1142854823788193,1.026777364902281,0.7323444260366946,0.9214913782856113,1.1497544656340408
64,512,2,2,1,False,4,0.11399700120091438,78,True,32,768,768,5.818181818181818,16,16,0.0001220703125,1.238199268863136,1.140959837144324,1.116511813059231,0.9805608585150791,1.0
64,512,6,4,2,True,4,0.1295970007777214,79,False,32,512,512,3.878787878787879,8,8,0.0001220703125,1.089153319077636,1.0036189043311239,0.6900622419580303,1.5177897939056175,1.000200583929772
64,512,3,1,3,True,4,0.1167290024459362,80,False,32,256,256,1.9393939393939394,32,32,6.103515625e-05,1.209219650488637,1.1142560734670672,0.8043073889576831,1.0,1.1781219391474549
64,512,3,32,1,False,4,0.13734999299049377,81,False,32,8192,8192,62.06060606060606,1,1,0.0001220703125,1.027673904208583,0.9469676488016905,0.9759010727751702,1.0012450362911371,1.0
64,512,3,3,3,True,4,0.1132350005209446,83,True,32,768,768,5.818181818181818,10,11,6.103515625e-05,1.2465315749564034,1.1486377827240688,0.8137678254078976,1.0308562009000506,1.126515674331166
64,512,1,1,3,True,4,0.09388599917292595,84,True,32,768,768,5.818181818181818,32,32,0.0001220703125,1.5034297422726492,1.3853609810933758,1.0,1.0,1.3853609810933758
64,512,3,2,1,False,4,0.14564400166273117,85,False,32,512,512,3.878787878787879,16,16,0.0001220703125,0.969150819313703,0.8930405539551934,0.8739048435986339,0.9442269997140885,1.0
64,512,3,5,1,False,4,0.13238299638032913,86,False,32,1280,1280,9.696969696969697,6,7,0.0001220703125,1.0662321249629605,0.9824977790309568,0.9490720049842006,1.0388116485992207,1.0
64,512,2,16,2,True,4,0.10112699866294861,87,False,32,6144,6144,46.54545454545455,2,2,0.0001220703125,1.3957796177656936,1.2861649376012854,0.9599711516273883,1.0172950989004965,1.0739367743517367
64,512,2,3,1,False,4,0.11340999975800514,88,False,32,1152,1152,8.727272727272727,10,11,0.0001220703125,1.244608093120104,1.1468653575758054,1.1135966526586423,0.9856361661602329,1.0
64,512,3,4,1,False,4,0.1286579966545105,89,False,32,1024,1024,7.757575757575758,8,8,6.103515625e-05,1.0971024515374634,1.0109437680302689,0.9778016032259096,1.0688880776345677,1.0
64,512,2,2,2,True,4,0.10303999856114388,90,True,32,768,768,5.818181818181818,16,16,0.0001220703125,1.3698661249087976,1.2622865075833194,0.8842100292958077,0.9984084000669714,1.1063373718242886
64,512,2,8,3,True,4,0.09786999970674515,91,False,32,3072,3072,23.272727272727273,4,4,0.0001220703125,1.4422295285838667,1.3289670002540368,0.9463165378452878,0.9933994189506321,1.1366506294320848
64,512,3,8,1,False,4,0.12866200506687164,92,False,32,2048,2048,15.515151515151516,4,4,0.0001220703125,1.0970682717574585,1.0109122724889543,0.9658640054544858,1.0688547768618895,1.0
64,512,3,32,3,True,4,0.13335300236940384,93,False,32,8192,8192,62.06060606060606,1,1,0.0001220703125,1.0584763824706171,0.9753511178161413,0.9125778836324291,0.8753383903767149,1.0299730081068426
64,512,1,4,1,False,4,0.12580199539661407,94,False,32,3072,3072,23.272727272727273,8,8,0.0001220703125,1.1220092582359886,1.0338945699158382,1.0,1.0338945699158382,1.0
64,512,2,32,3,True,4,0.11906399950385094,95,False,32,12288,12288,93.0909090909091,1,1,0.0001220703125,1.1855053091425585,1.0924040891212443,1.0220973693594497,0.816569250541887,1.0157646511612481
64,512,2,3,2,True,4,0.10351599752902985,96,False,32,1152,1152,8.727272727272727,10,11,0.0001220703125,1.3635670515562397,1.2564821189948063,0.8697592546021997,0.9938174056380447,1.0955794511490906
64,2048,1,1,3,True,4,0.3650819957256317,0,True,128,768,768,5.818181818181818,128,128,6.103515625e-05,1.5387612152992147,1.4393177731579587,1.0,1.0,1.4393177731579587
64,2048,6,16,1,False,4,0.4940740019083023,1,False,128,2048,2048,15.515151515151516,8,8,6.103515625e-05,1.1370240353810364,1.0635431192054587,0.9641531459134484,1.6372142681677588,1.0
64,2048,2,1,1,False,4,0.43775099515914917,2,False,128,384,384,2.909090909090909,128,128,6.103515625e-05,1.2833186483617167,1.200383347882144,1.200383347882144,1.0,1.0
64,2048,6,16,3,True,4,0.4797939956188202,3,False,128,2048,2048,15.515151515151516,8,8,6.103515625e-05,1.1708650390717807,1.0951971260710538,0.7034269062187194,1.6526530020252541,1.0297627865706496
64,2048,3,3,1,False,4,0.4914200007915497,4,True,128,768,768,5.818181818181818,42,43,3.0517578125e-05,1.1431647359117743,1.0692869729792964,0.9997476851530376,1.150358119701608,1.0
64,2048,6,5,1,False,4,0.5490889847278595,5,True,128,640,640,4.848484848484849,25,26,6.103515625e-05,1.0231019580643441,0.9569833300668261,0.8863663390588845,1.4731765304961055,1.0
64,2048,2,3,3,True,4,0.3850740045309067,6,False,128,1152,1152,8.727272727272727,42,43,3.0517578125e-05,1.4588728629214618,1.3645922573973819,0.8944592612634709,0.9881373177236841,1.206718675526652
64,2048,2,1,3,True,4,0.3805059939622879,7,False,128,384,384,2.909090909090909,128,128,6.103515625e-05,1.4763867700920197,1.3809743169511255,0.9594645065218477,1.0,1.1504444137679861
64,2048,2,4,3,True,4,0.36329400539398193,8,False,128,1536,1536,11.636363636363637,32,32,6.103515625e-05,1.546334393317082,1.446401529631692,0.9356030750794659,1.0473775738458444,1.1606495143117495
64,2048,1,16,3,True,4,0.3375000059604645,9,False,128,12288,12288,93.0909090909091,8,8,6.103515625e-05,1.6645155718677032,1.5569451728230022,1.0,1.081724412675709,1.4114459106401882
64,2048,3,16,1,False,4,0.48018600046634674,10,False,128,4096,4096,31.03030303030303,8,8,6.103515625e-05,1.169909191190606,1.0943030504795122,0.9920385075602014,1.1772708649259107,1.0
64,2048,6,2,1,False,4,0.510873019695282,11,False,128,256,256,1.9393939393939394,64,64,6.103515625e-05,1.0996353179146443,1.0285706718693104,0.980498078001621,1.5833778145839466,1.0
64,2048,3,2,3,True,4,0.4879180043935776,12,False,128,512,512,3.878787878787879,64,64,6.103515625e-05,1.15136971861666,1.0769617033521306,0.7180899010472971,0.9354911947282071,1.1806717295761682
64,2048,6,8,3,True,4,0.48273900151252747,13,False,128,1024,1024,7.757575757575758,16,16,6.103515625e-05,1.1637220395834482,1.088515747560213,0.6903067798417253,1.64257079856548,1.0405602334555066
64,2048,1,2,3,True,4,0.35036899149417877,14,False,128,1536,1536,11.636363636363637,64,64,6.103515625e-05,1.6033782357020294,1.4997588766830414,1.0,1.0419928834703895,1.4296642284978882
64,2048,2,8,3,True,4,0.3597240000963211,15,False,128,3072,3072,23.272727272727273,16,16,6.103515625e-05,1.5616806642765368,1.4607560378711957,0.9263713445555299,1.0577720526303558,1.1505181981493553
64,2048,1,32,1,False,4,0.4844200015068054,16,False,128,24576,24576,186.1818181818182,4,4,6.103515625e-05,1.1596837737484371,1.0847384572754837,1.0,1.0847384572754837,1.0
64,2048,2,16,1,False,4,0.40648500621318817,17,False,128,6144,6144,46.54545454545455,8,8,6.103515625e-05,1.3820288739801723,1.2927143611105012,1.1719079325747623,1.0769179390827592,1.0
64,2048,3,5,1,False,4,0.5064679980278015,18,False,128,1280,1280,9.696969696969697,25,26,6.103515625e-05,1.1091994313840108,1.0375166982989419,0.960957049815567,1.116179087910108,1.0
64,2048,6,2,3,True,4,0.5222840011119843,19,False,128,256,256,1.9393939393939394,64,64,6.103515625e-05,1.0756102316566736,1.006098222402207,0.6708399850430327,1.5182027125566115,0.9781517691669525
64,2048,3,4,1,False,4,0.49374400079250336,20,False,128,1024,1024,7.757575757575758,32,32,6.103515625e-05,1.1377839822356082,1.064253954001375,0.9895897336798916,1.1449435075402603,1.0
64,2048,2,8,2,True,4,0.36461299657821655,21,False,128,3072,3072,23.272727272727273,16,16,6.103515625e-05,1.540740513088442,1.4411691575430619,0.8970305978675507,1.095888006439557,1.135091212617033
64,2048,3,32,3,True,4,0.44075800478458405,22,False,128,8192,8192,62.06060606060606,4,4,6.103515625e-05,1.2745633870023463,1.192193900969983,0.8148757306296283,1.035586403206976,1.1008262717086028
64,2048,6,4,2,True,4,0.4996569901704788,23,False,128,512,512,3.878787878787879,32,32,6.103515625e-05,1.1243193360208232,1.0516594692863077,0.6755594522664464,1.5968754433342849,1.0096626109970372
64,2048,6,4,1,False,4,0.5044849812984467,24,False,128,512,512,3.878787878787879,32,32,6.103515625e-05,1.1135594442885857,1.0415949425400617,0.9685203967672644,1.603427327753251,1.0
64,2048,6,2,2,True,4,0.524170994758606,25,False,128,256,256,1.9393939393939394,64,64,6.103515625e-05,1.0717380798327976,1.002476310902841,0.6758939201490085,1.5221940658143558,0.9746304637297833
64,2048,1,4,1,False,4,0.48860399425029755,26,False,128,3072,3072,23.272727272727273,32,32,6.103515625e-05,1.1497532194525109,1.0754496714955164,1.0,1.0754496714955164,1.0
64,2048,2,4,2,True,4,0.3685609996318817,27,False,128,1536,1536,11.636363636363637,32,32,6.103515625e-05,1.5242361942466376,1.4257314410171382,0.9158538286411542,1.0841489206431223,1.1440630216817453
64,2048,6,32,2,True,4,0.4854639917612076,28,False,128,4096,4096,31.03030303030303,4,4,6.103515625e-05,1.1571898739360342,1.0824057273569117,0.7387653869737985,1.6435616054630635,1.0405900597677573
64,2048,2,2,3,True,4,0.38646699488162994,29,True,128,768,768,5.818181818181818,64,64,6.103515625e-05,1.4536144686784964,1.3596736902948836,0.9065948609699321,0.9845756532943575,1.1439476396723376
64,2048,1,4,3,True,4,0.3398989886045456,30,False,128,3072,3072,23.272727272727273,32,32,6.103515625e-05,1.6527675405360795,1.5459563656402489,1.0,1.074089679479409,1.437497640861657
64,2048,6,3,2,True,4,0.6167309880256653,31,False,128,384,384,2.909090909090909,42,43,3.0517578125e-05,0.910889879597322,0.8520230299924741,0.5569283946145314,1.2937406960007554,0.9674412336140161
64,2048,3,8,1,False,4,0.4882189929485321,32,False,128,2048,2048,15.515151515151516,16,16,6.103515625e-05,1.1506598955396596,1.0762977530521316,0.9745483295569118,1.1579004427505435,1.0
64,2048,6,3,3,True,4,0.6054259836673737,33,False,128,384,384,2.909090909090909,42,43,3.0517578125e-05,0.92789875324426,0.867932694141811,0.5689101870687395,1.3097108624409142,0.9855060799493963
64,2048,1,3,1,False,4,0.4912960082292557,34,False,128,2304,2304,17.454545454545453,42,43,3.0517578125e-05,1.1434532461425833,1.0695568380492064,1.0,1.0695568380492064,1.0
64,2048,1,8,1,False,4,0.4757930040359497,35,False,128,6144,6144,46.54545454545455,16,16,6.103515625e-05,1.1807109618286644,1.104406749680112,1.0,1.104406749680112,1.0
64,2048,2,2,2,True,4,0.392534002661705,36,True,128,768,768,5.818181818181818,64,64,6.103515625e-05,1.431147395174287,1.3386585659962333,0.9025561762126625,1.0179373181243048,1.1262667784403697
64,2048,1,3,3,True,4,0.3444330096244812,37,False,128,2304,2304,17.454545454545453,42,43,3.0517578125e-05,1.6310109650614237,1.5256058229749039,1.0,1.059950659559788,1.4263906028196662
64,2048,6,1,2,True,4,0.7978899776935577,38,False,128,128,128,0.9696969696969697,128,128,6.103515625e-05,0.7040745355024298,0.6585732617256841,0.47661959952182714,1.0,1.0138051962919752
64,2048,2,3,2,True,4,0.39100900292396545,39,False,128,1152,1152,8.727272727272727,42,43,3.0517578125e-05,1.4367291065568555,1.3438795556583665,0.8784324568019186,1.0219074419106278,1.1884022855034857
64,2048,2,5,1,False,4,0.416827991604805,40,False,128,1920,1920,14.545454545454545,25,26,6.103515625e-05,1.3477358208688974,1.260637518811542,1.1676135072815061,1.0501957737382026,1.0
64,2048,2,16,2,True,4,0.36209000647068024,41,False,128,6144,6144,46.54545454545455,8,8,6.103515625e-05,1.5514761672167958,1.4512110130563043,0.9450302350477165,1.1035239934864367,1.1226076360826125
64,2048,3,1,1,False,4,0.5653089880943298,42,False,128,256,256,1.9393939393939394,128,128,6.103515625e-05,0.9937468309506089,0.9295252970932733,0.9295252970932733,1.0,1.0
64,2048,1,5,3,True,4,0.3387700021266937,43,False,128,3840,3840,29.09090909090909,25,26,6.103515625e-05,1.6582755612952491,1.5511084269833428,1.0,1.0776691957190996,1.4366502056128865
64,2048,1,1,1,False,4,0.5254690051078796,44,True,128,768,768,5.818181818181818,128,128,6.103515625e-05,1.0690906789284416,1.0,1.0,1.0,1.0
64,2048,3,3,3,True,4,0.42525699734687805,45,True,128,768,768,5.818181818181818,42,43,3.0517578125e-05,1.3210223910046612,1.2356504616883697,0.8099408399470274,1.0733344770509075,1.1555835738328912
64,2048,6,32,3,True,4,0.46782898902893066,46,False,128,4096,4096,31.03030303030303,4,4,6.103515625e-05,1.2008106137088814,1.1232074485135946,0.7677228423257978,1.6949205923707724,1.0798155224422172
64,2048,1,32,2,True,4,0.3586439937353134,47,False,128,24576,24576,186.1818181818182,4,4,6.103515625e-05,1.5663834477630663,1.4651549009229652,1.0,1.060355138448087,1.3506987708382403
64,2048,3,2,2,True,4,0.5957939922809601,48,False,128,512,512,3.878787878787879,64,64,6.103515625e-05,0.9428997651955485,0.8819642559606121,0.5946417605176673,0.9094015770379544,0.9668962789189361
64,2048,2,5,3,True,4,0.3614649921655655,49,False,128,1920,1920,14.545454545454545,25,26,6.103515625e-05,1.5541588469218084,1.4537203228444144,0.9372138643277617,1.0526773054359877,1.1531628252781974
64,2048,3,8,3,True,4,0.42246299982070923,50,False,128,2048,2048,15.515151515151516,16,16,6.103515625e-05,1.329759092902927,1.243822548556644,0.7887980859378142,1.0804330723714555,1.1556491175694188
64,2048,1,5,1,False,4,0.48669399321079254,51,False,128,3840,3840,29.09090909090909,25,26,6.103515625e-05,1.154265356185165,1.0796702084636027,1.0,1.0796702084636027,1.0
64,2048,3,8,2,True,4,0.4423149973154068,52,False,128,2048,2048,15.515151515151516,16,16,6.103515625e-05,1.2700767978392669,1.1879972605432079,0.7394481676993869,1.2249550647356522,1.1037812326322547
64,2048,2,32,3,True,4,0.37663400173187256,53,False,128,12288,12288,93.0909090909091,4,4,6.103515625e-05,1.4915647892740316,1.395171446793493,0.9536127899450376,1.0102805169278684,1.1392518757309456
64,2048,2,3,1,False,4,0.46467599272727966,54,False,128,1152,1152,8.727272727272727,42,43,3.0517578125e-05,1.2089585522365114,1.1308288212261477,1.0572872623475502,0.9420564049153861,1.0
64,2048,2,32,1,False,4,0.429080992937088,55,False,128,12288,12288,93.0909090909091,4,4,6.103515625e-05,1.3092493600829418,1.224638270530254,1.1289710089251872,1.0202059806068648,1.0
64,2048,2,5,2,True,4,0.3669150024652481,56,False,128,1920,1920,14.545454545454545,25,26,6.103515625e-05,1.531073986215223,1.4321273362422644,0.9120613611956733,1.0890124613530896,1.1360342008481497
64,2048,6,1,1,False,4,0.8089050054550171,57,False,128,128,128,0.9696969696969697,128,128,6.103515625e-05,0.6944870060615242,0.6496053325968704,0.6496053325968704,1.0,1.0
64,2048,1,2,1,False,4,0.5009100139141083,58,False,128,1536,1536,11.636363636363637,64,64,6.103515625e-05,1.121506857163698,1.0490287487005252,1.0,1.0490287487005252,1.0
64,2048,3,4,3,True,4,0.42419400811195374,59,False,128,1024,1024,7.757575757575758,32,32,6.103515625e-05,1.3243327455921343,1.238746882462322,0.8012819184254933,1.076024149636469,1.1639579799585333
64,2048,2,4,1,False,4,0.4216570109128952,60,False,128,1536,1536,11.636363636363637,32,32,6.103515625e-05,1.3323009007021718,1.2462000903773176,1.1587711851214353,1.0381684255917154,1.0
64,2048,6,32,1,False,4,0.505169004201889,61,False,128,4096,4096,31.03030303030303,4,4,6.103515625e-05,1.1120516317389195,1.0401845733549357,0.9589266116438305,1.6012562107467325,1.0
64,2048,6,3,1,False,4,0.5966509878635406,62,False,128,384,384,2.909090909090909,42,43,3.0517578125e-05,0.9415454375399751,0.8806974526086916,0.8234227684570924,1.3557423383333453,1.0
64,2048,3,5,2,True,4,0.4673210084438324,63,False,128,1280,1280,9.696969696969697,25,26,6.103515625e-05,1.2021159016525484,1.1244283813768157,0.7161009039716426,1.1594086000419241,1.0837689487025794
64,2048,1,8,2,True,4,0.3270690143108368,64,False,128,6144,6144,46.54545454545455,16,16,6.103515625e-05,1.717600845223272,1.6065997759374702,1.0,1.1627209701661516,1.4547174547808739
64,2048,3,32,1,False,4,0.4851979911327362,66,False,128,8192,8192,62.06060606060606,4,4,6.103515625e-05,1.1578242814137096,1.0829991358396338,0.9983965522525876,1.1651099106461007,1.0
64,2048,3,16,2,True,4,0.420074000954628,67,False,128,4096,4096,31.03030303030303,8,8,6.103515625e-05,1.3373215532263152,1.2508962799738594,0.8145850567894953,1.2898108308030356,1.1430985954263126
64,2048,3,2,1,False,4,0.5760709941387177,68,False,128,512,512,3.878787878787879,64,64,6.103515625e-05,0.9751819153237228,0.9121601511867596,0.8695282682354414,0.9813182643217819,1.0
64,2048,1,4,2,True,4,0.33754800260066986,69,False,128,3072,3072,23.272727272727273,32,32,6.103515625e-05,1.664278890997416,1.556723787607555,1.0,1.1266249502316812,1.4475096593249044
64,2048,6,1,3,True,4,0.7929329872131348,70,False,128,128,128,0.9696969696969697,128,128,6.103515625e-05,0.7084760307438627,0.662690307480722,0.46041973484891763,1.0,1.0201429610060972
64,2048,3,1,3,True,4,0.4564429968595505,71,False,128,256,256,1.9393939393939394,128,128,6.103515625e-05,1.2307648913266076,1.1512259115009902,0.7998413783046145,1.0,1.2385095006031561
64,2048,1,1,2,True,4,0.3802900016307831,72,True,128,768,768,5.818181818181818,128,128,6.103515625e-05,1.4772253096784078,1.3817586653725604,1.0,1.0,1.3817586653725604
64,2048,1,2,2,True,4,0.35428398847579956,73,False,128,1536,1536,11.636363636363637,64,64,6.103515625e-05,1.5856601870253852,1.483185868400523,1.0,1.0734044269594756,1.4138657975177573
64,2048,6,16,2,True,4,0.4724870026111603,74,False,128,2048,2048,15.515151515151516,8,8,6.103515625e-05,1.1889724210867985,1.1121343067722895,0.7242231046194997,1.6887024897702685,1.045688027771861
64,2048,2,1,2,True,4,0.39957500994205475,75,False,128,384,384,2.909090909090909,128,128,6.103515625e-05,1.4059288029751977,1.3150697416839998,0.9517362001340667,1.0,1.095541473483616
64,2048,3,16,3,True,4,0.4193110018968582,76,False,128,4096,4096,31.03030303030303,8,8,6.103515625e-05,1.3397550097309883,1.2531724727726894,0.8048918450355435,1.0885547834297606,1.1451786342216284
64,2048,6,5,2,True,4,0.5594710111618042,77,True,128,640,640,4.848484848484849,25,26,6.103515625e-05,1.0041163960578567,0.9392247223259779,0.5981525224991227,1.426150706247764,0.9814431378448273
64,2048,6,8,1,False,4,0.5023190081119537,78,False,128,1024,1024,7.757575757575758,16,16,6.103515625e-05,1.118361054139984,1.0460862452387356,0.9471929119789708,1.6103412221954647,1.0
64,2048,1,16,1,False,4,0.47636300325393677,79,False,128,12288,12288,93.0909090909091,8,8,6.103515625e-05,1.1792981646124365,1.1030852554008392,1.0,1.1030852554008392,1.0
64,2048,1,5,2,True,4,0.334648996591568,80,False,128,3840,3840,29.09090909090909,25,26,6.103515625e-05,1.6786962493488933,1.5702094148192036,1.0,1.136384706077332,1.4543417077828333
64,2048,2,2,1,False,4,0.442098006606102,81,True,128,768,768,5.818181818181818,64,64,6.103515625e-05,1.2707001774092188,1.1885803538039001,1.1330293428814446,0.9901673127180013,1.0
64,2048,1,8,3,True,4,0.33323800563812256,82,False,128,6144,6144,46.54545454545455,16,16,6.103515625e-05,1.6858041577547138,1.5768579700315124,1.0,1.0955592986056035,1.4277873351355779
64,2048,1,3,2,True,4,0.34347499907016754,83,False,128,2304,2304,17.454545454545453,42,43,3.0517578125e-05,1.6355601337722765,1.5298609987055654,1.0,1.1071839367065395,1.4303690503217388
64,2048,3,4,2,True,4,0.4636030048131943,84,False,128,1024,1024,7.757575757575758,32,32,6.103515625e-05,1.2117566314157062,1.1334460727225308,0.7280970983712294,1.168706825764352,1.065014669159563
64,2048,2,8,1,False,4,0.4138690084218979,85,False,128,3072,3072,23.272727272727273,16,16,6.103515625e-05,1.3573715450903334,1.2696505281019177,1.1496222098150595,1.0577042161922547,1.0
64,2048,6,4,3,True,4,0.48301199078559875,86,False,128,512,512,3.878787878787879,32,32,6.103515625e-05,1.1630643258212572,1.087900538976737,0.7037071441057067,1.641642448510362,1.0444564336341278
64,2048,6,8,2,True,4,0.5009669959545135,87,False,128,1024,1024,7.757575757575758,16,16,6.103515625e-05,1.121379292374868,1.0489094278689586,0.6528753729328185,1.592699687078795,1.00269880484814
64,2048,3,1,2,True,4,0.541815996170044,88,False,128,256,256,1.9393939393939394,128,128,6.103515625e-05,1.0368354190309437,0.9698292572059206,0.7018803511135773,1.0,1.0433597237629597
64,2048,3,3,2,True,4,0.4197070002555847,89,True,128,768,768,5.818181818181818,42,43,3.0517578125e-05,1.3384909355444106,1.2519900902007595,0.8183685258073015,1.2909386687381905,1.1708644375535662
64,2048,2,16,3,True,4,0.3552190065383911,90,False,128,6144,6144,46.54545454545455,8,8,6.103515625e-05,1.5814863649924675,1.479281782325148,0.9501180954515968,1.0711870337973142,1.1443222314435935
64,2048,3,32,2,True,4,0.4289970099925995,91,False,128,8192,8192,62.06060606060606,4,4,6.103515625e-05,1.3095056663362916,1.2248780128256473,0.8360058121185979,1.2629831526783617,1.13100553111339
64,2048,2,32,2,True,4,0.3766700029373169,92,False,128,12288,12288,93.0909090909091,4,4,6.103515625e-05,1.4914222291285635,1.3950380996899425,0.952143762281481,1.0608092145010803,1.1391429887993842
64,2048,1,16,2,True,4,0.34218600392341614,93,False,128,12288,12288,93.0909090909091,8,8,6.103515625e-05,1.6417211954477398,1.535623897771937,1.0,1.1113546354043602,1.392117146207273
64,2048,1,32,3,True,4,0.35916300117969513,94,False,128,24576,24576,186.1818181818182,4,4,6.103515625e-05,1.5641199499432041,1.4630376831186431,1.0,1.0164799673866607,1.3487469475299383
64,2048,6,5,3,True,4,0.5431729853153229,95,True,128,640,640,4.848484848484849,25,26,6.103515625e-05,1.0342451311353686,0.9674063683466038,0.6236871333540841,1.4598166857521848,1.010891556782969
64,2048,3,5,3,True,4,0.43186400830745697,96,False,128,1280,1280,9.696969696969697,25,26,6.103515625e-05,1.3008123034570918,1.2167464641642063,0.7844367569652,1.0569137230222598,1.1727488012088094
64,8192,2,32,1,False,4,1.5904279947280884,0,False,512,12288,12288,93.0909090909091,16,16,3.0517578125e-05,1.4200561152262228,1.3097235036270722,1.178875734673155,1.1233705608456994,1.0
64,8192,6,8,1,False,4,1.9644299745559692,1,False,512,1024,1024,7.757575757575758,64,64,3.0517578125e-05,1.149695855282956,1.0603691414313137,0.9611052554510383,1.6411946768317878,1.0
64,8192,6,4,3,True,4,1.885416030883789,2,False,512,512,512,3.878787878787879,128,128,3.0517578125e-05,1.1978772656780317,1.1048070512826997,0.7100692740826767,1.6765546392972794,1.0498653706470706
64,8192,1,8,3,True,4,1.2960450053215027,3,False,512,6144,6144,46.54545454545455,64,64,3.0517578125e-05,1.742606923731285,1.6072134200348445,1.0,1.1155407413723317,1.456758032907152
64,8192,6,32,2,True,4,1.8393959999084473,4,False,512,4096,4096,31.03030303030303,16,16,3.0517578125e-05,1.2278470758080442,1.1324483284869213,0.717286557616566,1.7296835665029076,1.0461820021449164
64,8192,3,4,1,False,4,1.963027000427246,5,False,512,1024,1024,7.757575757575758,128,128,3.0517578125e-05,1.1505175421678084,1.061126986571498,0.99142394175428,1.143590017018213,1.0
64,8192,6,16,3,True,4,1.8496130108833313,6,False,512,2048,2048,15.515151515151516,32,32,3.0517578125e-05,1.221064615382434,1.1261928377801846,0.693905136020961,1.7090077626962945,1.0434398985516489
64,8192,6,16,1,False,4,1.929960012435913,7,False,512,2048,2048,15.515151515151516,32,32,3.0517578125e-05,1.1702299452774787,1.0793078157576699,0.9736331074651392,1.6705071589441125,1.0
64,8192,2,4,3,True,4,1.4238450527191162,8,False,512,1536,1536,11.636363636363637,128,128,3.0517578125e-05,1.5861957699874365,1.4629547797661737,0.9402539903038142,1.0595373707371971,1.1787265622344396
64,8192,1,5,3,True,4,1.3309879899024963,9,False,512,3840,3840,29.09090909090909,102,103,3.0517578125e-05,1.69685753506014,1.5650185736645494,1.0,1.0862539835495966,1.4553054053571133
64,8192,1,32,2,True,4,1.3193740248680115,10,False,512,24576,24576,186.1818181818182,16,16,3.0517578125e-05,1.711794348813664,1.5787948574554007,1.0,1.1344827248162368,1.4210655472904223
64,8192,6,5,1,False,4,2.148882031440735,11,True,512,640,640,4.848484848484849,102,103,3.0517578125e-05,1.0510102307600262,0.9693509904428178,0.9013961622043202,1.500320617920797,1.0
64,8192,3,8,3,True,4,1.6565020084381104,12,False,512,2048,2048,15.515151515151516,64,64,3.0517578125e-05,1.3634133784540967,1.2574816782056897,0.7823986923767893,1.0839479938680514,1.1709838032445326
64,8192,6,5,3,True,4,2.1424940824508667,13,True,512,640,640,4.848484848484849,102,103,3.0517578125e-05,1.0541438682327815,0.9722411569692725,0.6212329830007918,1.4753847020980837,1.0029815480202218
64,8192,6,1,3,True,4,3.161002993583679,14,False,512,128,128,0.9696969696969697,512,512,3.0517578125e-05,0.7144874599375519,0.6589746766295519,0.45738362444546143,1.0,1.0199332375813246
64,8192,3,3,1,False,4,1.9570930004119873,15,True,512,768,768,5.818181818181818,170,171,3.0517578125e-05,1.1540059666378475,1.0643443745817671,1.0013060014913548,1.1470574368991318,1.0
64,8192,3,4,3,True,4,1.67180997133255,16,False,512,1024,1024,7.757575757575758,128,128,3.0517578125e-05,1.3509292553988177,1.2459675209746097,0.8007943578218971,1.0740228014393876,1.1741926618983949
64,8192,1,2,2,True,4,1.402649998664856,17,False,512,1536,1536,11.636363636363637,256,256,3.0517578125e-05,1.6101643331482565,1.4850610825969566,1.0,1.0671279650723964,1.4177763560125753
64,8192,1,1,3,True,4,1.4457910060882568,18,True,512,768,768,5.818181818181818,512,512,3.0517578125e-05,1.5621185843804681,1.4407482940135918,1.0,1.0,1.4407482940135918
64,8192,6,32,1,False,4,1.9243429899215698,19,False,512,4096,4096,31.03030303030303,16,16,3.0517578125e-05,1.1736457645903602,1.0824582397375782,0.974315379612365,1.6753832524322816,1.0
64,8192,3,5,2,True,4,1.8343660235404968,20,False,512,1280,1280,9.696969696969697,102,103,3.0517578125e-05,1.2312139293669928,1.1355535911537582,0.7229729569458617,1.1685803229218774,1.0940455176194224
64,8192,1,16,1,False,4,1.8790729641914368,21,False,512,12288,12288,93.0909090909091,32,32,3.0517578125e-05,1.2019208635213532,1.1085364779425542,1.0,1.1085364779425542,1.0
64,8192,2,2,3,True,4,1.5238940119743347,22,True,512,768,768,5.818181818181818,256,256,3.0517578125e-05,1.482056482927264,1.3669066937425125,0.9041527809280345,0.9899750452727589,1.1467739734409983
64,8192,6,2,2,True,4,2.047619938850403,23,False,512,256,256,1.9393939393939394,256,256,3.0517578125e-05,1.1029864267724365,1.0172888464308094,0.6850148174725955,1.5537908051037335,0.9844107252151915
64,8192,2,1,3,True,4,1.5086170434951782,24,False,512,384,384,2.909090909090909,512,512,3.0517578125e-05,1.497064486629485,1.3807486363112325,0.958355211696823,1.0,1.184289940330443
64,8192,2,5,3,True,4,1.4167100191116333,25,False,512,1920,1920,14.545454545454545,102,103,3.0517578125e-05,1.594184391493766,1.4703227177203393,0.9394921839665608,1.0648735613807379,1.1711754868323345
64,8192,3,8,1,False,4,1.9397370219230652,26,False,512,2048,2048,15.515151515151516,64,64,3.0517578125e-05,1.1643315429952021,1.073867695455301,0.973340175071513,1.1573208406365323,1.0
64,8192,2,8,2,True,4,1.423529028892517,27,False,512,3072,3072,23.272727272727273,64,64,3.0517578125e-05,1.586547905874231,1.4632795561200516,0.9072263306554569,1.1116780682911682,1.1536273679854174
64,8192,2,1,2,True,4,1.582506000995636,28,False,512,384,384,2.909090909090909,512,512,3.0517578125e-05,1.4271648880444459,1.3162799535744667,0.9458460428221497,1.0,1.1289941316483645
64,8192,1,16,3,True,4,1.2834559679031372,29,False,512,12288,12288,93.0909090909091,32,32,3.0517578125e-05,1.7596996361553792,1.622978097896894,1.0,1.1264827483332651,1.464072793444871
64,8192,3,5,1,False,4,2.0068799257278442,30,False,512,1280,1280,9.696969696969697,102,103,3.0517578125e-05,1.1253772439432326,1.0379399877480922,0.9651768356136221,1.1186010941893487,1.0
64,8192,2,8,1,False,4,1.6422220468521118,32,False,512,3072,3072,23.272727272727273,64,64,3.0517578125e-05,1.3752689559062938,1.268416125282621,1.149676425383732,1.0879405692105455,1.0
64,8192,3,16,1,False,4,1.8863340020179749,33,False,512,4096,4096,31.03030303030303,32,32,3.0517578125e-05,1.1972943271575929,1.1042694047254955,0.996150714656699,1.1900851484542205,1.0
64,8192,6,2,1,False,4,2.015699028968811,34,False,512,256,256,1.9393939393939394,256,256,3.0517578125e-05,1.1204534840183953,1.0333987840374563,0.9865778448509008,1.5994510940948348,1.0
64,8192,2,2,2,True,4,1.5505970120429993,35,True,512,768,768,5.818181818181818,256,256,3.0517578125e-05,1.4565338267774055,1.3433670446567885,0.9045870640604325,1.020578518277031,1.1270252539131624
64,8192,3,1,3,True,4,1.7955620288848877,36,False,512,256,256,1.9393939393939394,512,512,3.0517578125e-05,1.2578217646667507,1.1600941053623672,0.8052024841414964,1.0,1.2502481366349525
64,8192,3,2,1,False,4,2.283083915710449,37,False,512,512,512,3.878787878787879,256,256,3.0517578125e-05,0.9892308312451153,0.9123716001799509,0.8710341263340193,0.9832744496941713,1.0
64,8192,3,2,3,True,4,1.9234980344772339,38,False,512,512,512,3.878787878787879,256,256,3.0517578125e-05,1.1741613244509566,1.082933742684053,0.716316307097574,0.9334878417865831,1.186943721692413
64,8192,2,32,3,True,4,1.37288099527359,39,False,512,12288,12288,93.0909090909091,16,16,3.0517578125e-05,1.6450784937047829,1.517262554214863,0.9524780423807959,1.098869493196341,1.1584602017242909
64,8192,3,32,2,True,4,1.6151139736175537,40,False,512,8192,8192,62.06060606060606,16,16,3.0517578125e-05,1.398351470318834,1.2897052217660359,0.8168922109644436,1.3272153390788894,1.151058105224187
64,8192,1,4,1,False,4,1.9461919665336609,41,False,512,3072,3072,23.272727272727273,128,128,3.0517578125e-05,1.1604697987543247,1.0703059931091454,1.0,1.0703059931091454,1.0
64,8192,3,3,2,True,4,1.6876689791679382,42,True,512,768,768,5.818181818181818,170,171,3.0517578125e-05,1.3382345872435804,1.2342591771455267,0.807645950449148,1.2701566874818797,1.15964269330641
64,8192,2,2,1,False,4,1.7475619912147522,43,True,512,768,768,5.818181818181818,256,256,3.0517578125e-05,1.2923701769061084,1.191958245826757,1.1379533394897035,1.0223614369070124,1.0
64,8192,2,5,2,True,4,1.4370009899139404,44,False,512,1920,1920,14.545454545454545,102,103,3.0517578125e-05,1.571673934529341,1.4495612321370768,0.922892216128201,1.1012560270333631,1.154638067739035
64,8192,6,4,1,False,4,1.979433000087738,45,False,512,512,512,3.878787878787879,128,128,3.0517578125e-05,1.1409817860167497,1.0523321200715159,0.9832067902512468,1.6287553138232804,1.0
64,8192,2,1,1,False,4,1.7866399884223938,46,False,512,384,384,2.909090909090909,512,512,3.0517578125e-05,1.2641030170464602,1.1658873298594206,1.1658873298594206,1.0,1.0
64,8192,3,3,3,True,4,1.6555339694023132,47,True,512,768,768,5.818181818181818,170,171,3.0517578125e-05,1.364210606053569,1.258216964447954,0.8166706756313381,1.0845818098997557,1.1821521252859246
64,8192,3,32,3,True,4,1.663595974445343,48,False,512,8192,8192,62.06060606060606,16,16,3.0517578125e-05,1.3575994619087741,1.252119479440522,0.7860315983488513,1.0793257837039087,1.1175129410932634
64,8192,6,5,2,True,4,2.207706928253174,49,True,512,640,640,4.848484848484849,102,103,3.0517578125e-05,1.0230058033688438,0.9435223936947194,0.6007124456548385,1.4411210983743268,0.9733547528163153
64,8192,1,4,2,True,4,1.3430200219154358,50,False,512,3072,3072,23.272727272727273,128,128,3.0517578125e-05,1.6816554949936617,1.5509976705715929,1.0,1.114508357551705,1.4491161224521225
64,8192,6,3,1,False,4,2.3352490663528442,51,False,512,384,384,2.909090909090909,170,171,3.0517578125e-05,0.9671332417093678,0.8919909038974931,0.8391605824940099,1.380585935651512,1.0
64,8192,2,16,3,True,4,1.3637100458145142,52,False,512,6144,6144,46.54545454545455,32,32,3.0517578125e-05,1.6561416458523261,1.5274661442254815,0.9411501893986247,1.1062593900553943,1.1682366185127158
64,8192,3,4,2,True,4,1.8348569869995117,53,False,512,1024,1024,7.757575757575758,128,128,3.0517578125e-05,1.2308844862257384,1.135249744410955,0.7319480653975313,1.168267639022509,1.0698528628311939
64,8192,2,4,2,True,4,1.4447929859161377,54,False,512,1536,1536,11.636363636363637,128,128,3.0517578125e-05,1.563197649598566,1.4417435202324262,0.9295587914720059,1.095316779927593,1.161636303959421
64,8192,1,2,3,True,4,1.3778330087661743,55,False,512,1536,1536,11.636363636363637,256,256,3.0517578125e-05,1.6391659841006754,1.5118094226724614,1.0,1.0493223757086048,1.4433127898778528
64,8192,1,32,1,False,4,1.8749169707298279,56,False,512,24576,24576,186.1818181818182,16,16,3.0517578125e-05,1.2045850749654587,1.1109936909424936,1.0,1.1109936909424936,1.0
64,8192,6,8,3,True,4,1.8792999982833862,57,False,512,1024,1024,7.757575757575758,64,64,3.0517578125e-05,1.2017756621101396,1.1084025580931993,0.6896424235116013,1.68201085322782,1.0452987688768922
64,8192,3,1,2,True,4,2.143604040145874,58,False,512,256,256,1.9393939393939394,512,512,3.0517578125e-05,1.0535980327723715,0.9717377307145303,0.6982665691757924,1.0,1.0472540818093619
64,8192,3,16,2,True,4,1.6267729997634888,59,False,512,4096,4096,31.03030303030303,32,32,3.0517578125e-05,1.3883295334192023,1.2804619487935283,0.8128595601420774,1.3177032323855422,1.159555759956812
64,8192,6,1,1,False,4,3.224012017250061,60,False,512,128,128,0.9696969696969697,512,512,3.0517578125e-05,0.7005237535271343,0.6460958936805002,0.6460958936805002,1.0,1.0
64,8192,6,1,2,True,4,3.1815730333328247,61,False,512,128,128,0.9696969696969697,512,512,3.0517578125e-05,0.7098680357416579,0.6547141629937072,0.4704613168084537,1.0,1.0133389940990227
64,8192,6,32,3,True,4,1.7703449726104736,62,False,512,4096,4096,31.03030303030303,16,16,3.0517578125e-05,1.2757383643767006,1.1766186578033537,0.7386351378013067,1.7855293982181348,1.086987575694932
64,8192,1,8,1,False,4,1.8880239725112915,63,False,512,6144,6144,46.54545454545455,64,64,3.0517578125e-05,1.1962226288559974,1.1032809730435733,1.0,1.1032809730435733,1.0
64,8192,1,3,3,True,4,1.3520260453224182,64,False,512,2304,2304,17.454545454545453,170,171,3.0517578125e-05,1.6704537664450214,1.5406662709852692,1.0,1.069351445625057,1.4494165800792154
64,8192,1,5,1,False,4,1.9369940161705017,65,False,512,3840,3840,29.09090909090909,102,103,3.0517578125e-05,1.1659803700404405,1.0753884153137698,1.0,1.0753884153137698,1.0
64,8192,2,3,2,True,4,1.537539005279541,66,False,512,1152,1152,8.727272727272727,170,171,3.0517578125e-05,1.4689038729979937,1.3547759883614368,0.8865069517217339,1.029246084529686,1.1424126433227588
64,8192,1,3,2,True,4,1.3630390167236328,67,False,512,2304,2304,17.454545454545453,170,171,3.0517578125e-05,1.6569569704390414,1.5282181213923387,1.0,1.098139539968515,1.4377057022914115
64,8192,3,2,2,True,4,2.2345759868621826,68,False,512,512,512,3.878787878787879,256,256,3.0517578125e-05,1.0107049449287282,0.932177262160081,0.6277029767219835,0.9592889446359565,1.0217078896101368
64,8192,1,4,3,True,4,1.3387759923934937,69,False,512,3072,3072,23.272727272727273,128,128,3.0517578125e-05,1.6869864806156325,1.5559144601911925,1.0,1.0799349661950834,1.4537099392215835
64,8192,6,8,2,True,4,1.9696540236473083,70,False,512,1024,1024,7.757575757575758,64,64,3.0517578125e-05,1.1466465544839326,1.0575567589604469,0.6556801356779484,1.6152953742816947,0.9973477326329294
64,8192,1,8,2,True,4,1.291463017463684,71,False,512,6144,6144,46.54545454545455,64,64,3.0517578125e-05,1.748789527226326,1.612915660266226,1.0,1.159001085237129,1.4619264717461278
64,8192,2,8,3,True,4,1.4021199941635132,72,False,512,3072,3072,23.272727272727273,64,64,3.0517578125e-05,1.6107729788761702,1.4856224390156807,0.924346711206202,1.0759543047492164,1.1712421573674516
64,8192,6,16,2,True,4,1.8441659808158875,73,False,512,2048,2048,15.515151515151516,32,32,3.0517578125e-05,1.2246712189872446,1.1295192228848565,0.7170384872047876,1.7252096971907311,1.0465218600237214
64,8192,1,1,2,True,4,1.496807038784027,74,True,512,768,768,5.818181818181818,512,512,3.0517578125e-05,1.5088765226380507,1.3916429249384414,1.0,1.0,1.3916429249384414
64,8192,3,5,3,True,4,1.6949979662895203,75,False,512,1280,1280,9.696969696969697,102,103,3.0517578125e-05,1.3324482062268326,1.2289223745098303,0.7852445940192663,1.0593299016254927,1.1840013767810338
64,8192,1,16,2,True,4,1.3223379850387573,76,False,512,12288,12288,93.0909090909091,32,32,3.0517578125e-05,1.7079574399992787,1.575256060923636,1.0,1.131939833627449,1.4210232069650195
64,8192,1,1,1,False,4,2.0830209255218506,77,True,512,768,768,5.818181818181818,512,512,3.0517578125e-05,1.0842411480694985,1.0,1.0,1.0,1.0
64,8192,3,32,1,False,4,1.8590900301933289,78,False,512,8192,8192,62.06060606060606,16,16,3.0517578125e-05,1.2148400362868585,1.1204518832825083,1.0085132727729453,1.2075252109185677,1.0
64,8192,3,8,2,True,4,1.7413439750671387,79,False,512,2048,2048,15.515151515151516,64,64,3.0517578125e-05,1.2969849909484557,1.196214507499323,0.7416472770199758,1.231005516910136,1.1139309922086342
64,8192,2,16,1,False,4,1.5931360125541687,80,False,512,6144,6144,46.54545454545455,32,32,3.0517578125e-05,1.4176422991780238,1.3074972313144073,1.1794805649888263,1.121461051877167,1.0
64,8192,1,3,1,False,4,1.9596489667892456,81,False,512,2304,2304,17.454545454545453,170,171,3.0517578125e-05,1.152500798875728,1.0629561522616684,1.0,1.0629561522616684,1.0
64,8192,6,4,2,True,4,1.967204988002777,82,False,512,512,512,3.878787878787879,128,128,3.0517578125e-05,1.1480740510085634,1.0588733447837873,0.6827046647939569,1.617306306529319,1.0062159318218156
64,8192,3,16,3,True,4,1.6300840377807617,83,False,512,4096,4096,31.03030303030303,32,32,3.0517578125e-05,1.3855095488299956,1.2778610655912739,0.787355705691387,1.101515006140059,1.1572004622449272
64,8192,1,32,3,True,4,1.3076390027999878,84,False,512,24576,24576,186.1818181818182,16,16,3.0517578125e-05,1.7271563443003641,1.5929632880799462,1.0,1.1056499561365565,1.4338184825591418
64,8192,6,3,3,True,4,2.3887341022491455,85,False,512,384,384,2.909090909090909,170,171,3.0517578125e-05,0.9454786104548353,0.8720187498309475,0.5660010647687407,1.3232962976529674,0.977609464424717
64,8192,6,2,3,True,4,1.9669899940490723,86,False,512,256,256,1.9393939393939394,256,256,3.0517578125e-05,1.1481995366389524,1.0589890806886757,0.700477894109613,1.6070254567369289,1.0247632347226487
64,8192,2,32,2,True,4,1.39731103181839,87,False,512,12288,12288,93.0909090909091,16,16,3.0517578125e-05,1.6163165882985313,1.4907353324271064,0.944223580022155,1.1325366829289558,1.1382061391574256
64,8192,2,5,1,False,4,1.659216046333313,88,False,512,1920,1920,14.545454545454545,102,103,3.0517578125e-05,1.3611831953600215,1.255424771309981,1.1674151901140588,1.0767976794647531,1.0
64,8192,2,16,2,True,4,1.4046109914779663,89,False,512,6144,6144,46.54545454545455,32,32,3.0517578125e-05,1.6079163650600188,1.482987772529136,0.9414264825361794,1.1266507314815215,1.1342186713759315
64,8192,1,5,2,True,4,1.3261970281600952,90,False,512,3840,3840,29.09090909090909,102,103,3.0517578125e-05,1.7029875288394631,1.5706722917421538,1.0,1.1286460510778165,1.4605627784114388
64,8192,3,1,1,False,4,2.2448980808258057,91,False,512,256,256,1.9393939393939394,512,512,3.0517578125e-05,1.0060576999156203,0.9278910892718982,0.9278910892718982,1.0,1.0
64,8192,2,3,3,True,4,1.5153089761734009,92,False,512,1152,1152,8.727272727272727,170,171,3.0517578125e-05,1.490453125569128,1.3746509512416991,0.892244464054242,0.9955837833844806,1.1591721733668687
64,8192,2,4,1,False,4,1.6783239841461182,93,False,512,1536,1536,11.636363636363637,128,128,3.0517578125e-05,1.3456859468582625,1.2411315962821268,1.1596044535607504,1.0645381972130867,1.0
64,8192,6,3,2,True,4,2.4274799823760986,94,False,512,384,384,2.909090909090909,170,171,3.0517578125e-05,0.9303874866683383,0.8581001452720199,0.5615037102754786,1.3106485146866564,0.9620054885342553
64,8192,1,2,1,False,4,1.988644003868103,95,False,512,1536,1536,11.636363636363637,256,256,3.0517578125e-05,1.1356969851555168,1.0474579268437063,1.0,1.0474579268437063,1.0
64,8192,2,3,1,False,4,1.7565039992332458,96,False,512,1152,1152,8.727272727272727,170,171,3.0517578125e-05,1.285790980678943,1.1858902265130833,1.1156530059963867,1.0171568007828635,1.0
64,16384,3,8,1,False,4,3.8778399229049683,0,False,1024,2048,2048,15.515151515151516,128,128,3.0517578125e-05,1.1611062008942665,1.070940294246371,0.9732977998338072,1.155632553275426,1.0
64,16384,3,16,3,True,4,3.244457960128784,1,False,1024,4096,4096,31.03030303030303,64,64,3.0517578125e-05,1.387776952542661,1.2800088887301615,0.8038590654208629,1.1042423698636188,1.1660650460165944
64,16384,1,16,2,True,4,2.682458996772766,2,False,1024,12288,12288,93.0909090909091,64,64,3.0517578125e-05,1.6785285389179507,1.5481821094274013,1.0,1.1131853177950481,1.4018212613695515
64,16384,1,8,1,False,4,3.774293065071106,3,False,1024,6144,6144,46.54545454545455,128,128,3.0517578125e-05,1.19296088113271,1.1003212936772657,1.0,1.1003212936772657,1.0
64,16384,6,2,2,True,4,4.081454038619995,4,False,1024,256,256,1.9393939393939394,512,512,3.0517578125e-05,1.1031813510468191,1.0175136088217094,0.6852927814873643,1.5582652441964735,0.9844758929318829
64,16384,3,16,2,True,4,3.241895914077759,5,False,1024,4096,4096,31.03030303030303,64,64,3.0517578125e-05,1.3888737022703517,1.2810204701644723,0.8274352625339796,1.3122922549642777,1.1669865784857316
64,16384,6,5,1,False,4,4.278473854064941,6,True,1024,640,640,4.848484848484849,204,205,3.0517578125e-05,1.0523808568521311,0.970658035956093,0.905264633144648,1.507501106144143,1.0
64,16384,6,16,3,True,4,3.6834009885787964,7,False,1024,2048,2048,15.515151515151516,64,64,3.0517578125e-05,1.2223985372544464,1.1274729634251797,0.7080648975534722,1.7153138974841164,1.0448466171953965
64,16384,3,4,2,True,4,3.655022978782654,8,False,1024,1024,1024,7.757575757575758,256,256,3.0517578125e-05,1.2318893770840091,1.136226790415242,0.7338569376842656,1.1639639269413093,1.0746050095962059
64,16384,6,1,1,False,4,6.449804067611694,9,False,1024,128,128,0.9696969696969697,1024,1024,1.52587890625e-05,0.6980962418952317,0.6438854552079389,0.6438854552079389,1.0,1.0
64,16384,2,16,1,False,4,3.1840740442276,10,False,1024,6144,6144,46.54545454545455,64,64,3.0517578125e-05,1.4140952496764407,1.3042834338620415,1.180980090976587,1.129052586360236,1.0
64,16384,6,8,1,False,4,3.912392020225525,11,False,1024,1024,1024,7.757575757575758,128,128,3.0517578125e-05,1.1508519487013873,1.061482337814599,0.9647021682795329,1.6485577197450432,1.0
64,16384,1,16,3,True,4,2.608086943626404,12,False,1024,12288,12288,93.0909090909091,64,64,3.0517578125e-05,1.7263933595326018,1.5923299789621814,1.0,1.1063078306328318,1.4417955136110485
64,16384,1,4,3,True,4,2.7502859830856323,13,False,1024,3072,3072,23.272727272727273,256,256,3.0517578125e-05,1.6371330138943267,1.5100011611944673,1.0,1.04910799329602,1.414046057939833
64,16384,2,8,2,True,4,2.8336141109466553,14,False,1024,3072,3072,23.272727272727273,128,128,3.0517578125e-05,1.588989821573156,1.4655965369570938,0.9226693744967939,1.1161445915322616,1.159002212781969
64,16384,2,5,2,True,4,2.863126039505005,15,False,1024,1920,1920,14.545454545454545,204,205,3.0517578125e-05,1.572611166408426,1.4504897691455305,0.9311413668335967,1.104639831004226,1.1567070156179362
64,16384,1,5,1,False,4,3.8731510639190674,16,False,1024,3840,3840,29.09090909090909,204,205,3.0517578125e-05,1.162511842748612,1.0722367807348065,1.0,1.0722367807348065,1.0
64,16384,3,32,2,True,4,3.208901047706604,17,False,1024,8192,8192,62.06060606060606,32,32,3.0517578125e-05,1.403154511036821,1.2941923002095272,0.8156010207661258,1.3257856307177598,1.1549879629825353
64,16384,3,4,1,False,4,3.927706003189087,18,False,1024,1024,1024,7.757575757575758,256,256,3.0517578125e-05,1.146364818778301,1.0573436567564403,0.9901532979891396,1.1409606644849248,1.0
64,16384,2,32,1,False,4,3.1626449823379517,19,False,1024,12288,12288,93.0909090909091,32,32,3.0517578125e-05,1.423676702793184,1.3131208375485,1.1800369759898808,1.1367026823668689,1.0
64,16384,2,5,3,True,4,2.820570945739746,20,False,1024,1920,1920,14.545454545454545,204,205,3.0517578125e-05,1.5963377866318544,1.4723738944942542,0.9483377981277279,1.0676714313681137,1.1741587218346874
64,16384,2,32,3,True,4,2.711019992828369,21,False,1024,12288,12288,93.0909090909091,32,32,3.0517578125e-05,1.6608449928334243,1.531871782230375,0.9438181886618423,1.1108154963370347,1.166588586843437
64,16384,6,32,3,True,4,3.5135369300842285,22,False,1024,4096,4096,31.03030303030303,32,32,3.0517578125e-05,1.2814961305821153,1.181981322728438,0.728243371273167,1.798241780701727,1.0863528970453777
64,16384,3,2,1,False,4,4.561350107192993,23,False,1024,512,512,3.878787878787879,512,512,3.0517578125e-05,0.9871165060230699,0.9104617997919577,0.8699222530744671,0.9824630747447337,1.0
64,16384,3,5,3,True,4,3.3804999589920044,24,False,1024,1280,1280,9.696969696969697,204,205,3.0517578125e-05,1.331928423363413,1.2284972869263078,0.7912598942741773,1.0598041681041075,1.184583976501047
64,16384,6,4,3,True,4,3.7548160552978516,25,False,1024,512,512,3.878787878787879,256,256,3.0517578125e-05,1.1991490166894831,1.1060288884768656,0.7324688992967101,1.6826893282298887,1.0497150583789028
64,16384,6,32,1,False,4,3.816941022872925,26,False,1024,4096,4096,31.03030303030303,32,32,3.0517578125e-05,1.1796315304791662,1.0880270360977053,0.9777562709833609,1.6897835279511533,1.0
64,16384,2,2,2,True,4,3.0889450311660767,27,True,1024,768,768,5.818181818181818,512,512,3.0517578125e-05,1.457644579340597,1.34445093265659,0.9054842227421797,1.0238845406804404,1.1320683750959837
64,16384,6,16,1,False,4,3.848589062690735,28,False,1024,2048,2048,15.515151515151516,64,64,3.0517578125e-05,1.1699310857086749,1.07907988107534,0.9770666582415202,1.675887958560669,1.0
64,16384,2,8,3,True,4,2.792580008506775,29,False,1024,3072,3072,23.272727272727273,128,128,3.0517578125e-05,1.6123383992023514,1.4871319766758606,0.9371340875909823,1.078373049201739,1.1760325629894723
64,16384,3,1,2,True,4,4.25431489944458,30,False,1024,256,256,1.9393939393939394,1024,1024,1.52587890625e-05,1.058357006235748,0.9761701064061704,0.701893028930351,1.0,1.0533677353985034
64,16384,1,32,1,False,4,3.7320380210876465,31,False,1024,24576,24576,186.1818181818182,32,32,3.0517578125e-05,1.20646787495699,1.1127793995158337,1.0,1.1127793995158337,1.0
64,16384,3,16,1,False,4,3.783249020576477,32,False,1024,4096,4096,31.03030303030303,64,64,3.0517578125e-05,1.1901368258001204,1.0977165408592013,0.9939414598342026,1.1845263229902843,1.0
64,16384,3,4,3,True,4,3.333956003189087,33,False,1024,1024,1024,7.757575757575758,256,256,3.0517578125e-05,1.3505229151954519,1.245647820218291,0.824931696895476,1.0745996478023403,1.1780917322940225
64,16384,3,3,2,True,4,3.378594994544983,34,True,1024,768,768,5.818181818181818,341,342,1.52587890625e-05,1.3326794089940024,1.2291899546354104,0.8047928231850804,1.259196472590979,1.1556244544039316
64,16384,2,1,3,True,4,3.011443018913269,35,False,1024,384,384,2.909090909090909,1024,1024,1.52587890625e-05,1.4951582853409384,1.3790515052065737,0.9581277117261764,1.0,1.1937755462147117
64,16384,2,1,1,False,4,3.5949870347976685,36,False,1024,384,384,2.909090909090909,1024,1024,1.52587890625e-05,1.2524618133466274,1.1552016705144823,1.1552016705144823,1.0,1.0
64,16384,6,2,1,False,4,4.018093109130859,37,False,1024,256,256,1.9393939393939394,512,512,3.0517578125e-05,1.1205773132355914,1.0335586845010865,0.9875380820055463,1.6051902961021305,1.0
64,16384,1,8,3,True,4,2.617021918296814,38,False,1024,6144,6144,46.54545454545455,128,128,3.0517578125e-05,1.720499147936305,1.5868934834061101,1.0,1.1025307004623615,1.4422091915559716
64,16384,6,2,3,True,4,3.8885419368743896,39,False,1024,256,256,1.9393939393939394,512,512,3.0517578125e-05,1.15791061370923,1.0679928609473353,0.7065195818421731,1.624822107690705,1.0333161309199106
64,16384,3,32,3,True,4,3.2914990186691284,40,False,1024,8192,8192,62.06060606060606,32,32,3.0517578125e-05,1.3679432851178122,1.261715408244403,0.7773692061108044,1.0884608886391502,1.1260043109481894
64,16384,2,16,2,True,4,2.812747001647949,41,False,1024,6144,6144,46.54545454545455,64,64,3.0517578125e-05,1.6007781638100766,1.4764694534001903,0.9536794440456787,1.1244250060775505,1.1320157989190267
64,16384,6,1,2,True,4,6.35998797416687,42,False,1024,128,128,0.9696969696969697,1024,1024,1.52587890625e-05,0.7079547947022842,0.6529784403594234,0.46950937374780805,1.0,1.0141220539739448
64,16384,2,1,2,True,4,3.1627230644226074,43,False,1024,384,384,2.909090909090909,1024,1024,1.52587890625e-05,1.423641554712696,1.3130884188983962,0.9441465186708723,1.0,1.1366746191715575
64,16384,3,5,1,False,4,4.004486083984375,44,False,1024,1280,1280,9.696969696969697,204,205,3.0517578125e-05,1.1243849737842844,1.0370706604988607,0.967203027476966,1.1190844361334868,1.0
64,16384,1,32,2,True,4,2.617182970046997,45,False,1024,24576,24576,186.1818181818182,32,32,3.0517578125e-05,1.7203932747886745,1.5867958318564166,1.0,1.1409496412629707,1.4259752045615022
64,16384,6,16,2,True,4,3.6738539934158325,47,False,1024,2048,2048,15.515151515151516,64,64,3.0517578125e-05,1.2255751014138543,1.1304028509349946,0.7301485038818054,1.7311488114565914,1.0475617892240838
64,16384,1,3,2,True,4,2.719069004058838,48,False,1024,2304,2304,17.454545454545453,341,342,1.52587890625e-05,1.6559285453363475,1.527337122330091,1.0,1.0981972014455217,1.4393452309865788
64,16384,1,4,2,True,4,2.682263970375061,49,False,1024,3072,3072,23.272727272727273,256,256,3.0517578125e-05,1.678650584092477,1.5482946771623924,1.0,1.1132662570780216,1.4499061597004612
64,16384,6,3,1,False,4,4.637955904006958,50,False,1024,384,384,2.909090909090909,341,342,1.52587890625e-05,0.9708121581471483,0.8954235689235956,0.8438370447494543,1.3906566170755077,1.0
64,16384,1,16,1,False,4,3.7603280544281006,51,False,1024,12288,12288,93.0909090909091,64,64,3.0517578125e-05,1.1973912688969075,1.1044076388988837,1.0,1.1044076388988837,1.0
64,16384,1,2,2,True,4,2.796990990638733,52,False,1024,1536,1536,11.636363636363637,512,512,3.0517578125e-05,1.6097956681412382,1.4847867018433942,1.0,1.0676022843079538,1.4186745597648982
64,16384,3,8,2,True,4,3.4682810306549072,53,False,1024,2048,2048,15.515151515151516,128,128,3.0517578125e-05,1.2982177455527848,1.197404417741772,0.753828463208113,1.2266349992524244,1.1180869971695244
64,16384,6,5,3,True,4,4.273407936096191,54,True,1024,640,640,4.848484848484849,204,205,3.0517578125e-05,1.0536284033472045,0.971808704008241,0.6259299557040147,1.4784895334583206,1.001185451528266
64,16384,1,32,3,True,4,2.558709979057312,55,False,1024,24576,24576,186.1818181818182,32,32,3.0517578125e-05,1.7597086099688246,1.623058127754756,1.0,1.1276569178692804,1.4585623425999283
64,16384,6,32,2,True,4,3.6454050540924072,56,False,1024,4096,4096,31.03030303030303,32,32,3.0517578125e-05,1.235139556166909,1.1392245762686923,0.7179402374254387,1.7446587909420426,1.047055393361006
64,16384,3,1,3,True,4,3.5826679468154907,57,False,1024,256,256,1.9393939393939394,1024,1024,1.52587890625e-05,1.2567684327436746,1.1591738586233122,0.8053626659065136,1.0,1.2508438174638463
64,16384,2,16,3,True,4,2.7079139947891235,58,False,1024,6144,6144,46.54545454545455,64,64,3.0517578125e-05,1.662749994728299,1.5336288508673919,0.9631350732132489,1.112089610197455,1.1758401671377887
64,16384,1,5,2,True,4,2.6659750938415527,59,False,1024,3840,3840,29.09090909090909,204,205,3.0517578125e-05,1.6889069935279393,1.5577546233156947,1.0,1.1200682173260204,1.4528084200284208
64,16384,1,1,3,True,4,2.885347008705139,60,True,1024,768,768,5.818181818181818,1024,1024,1.52587890625e-05,1.5604999908073216,1.4393190890200378,1.0,1.0,1.4393190890200378
64,16384,6,1,3,True,4,6.318188905715942,61,False,1024,128,128,0.9696969696969697,1024,1024,1.52587890625e-05,0.7126383917528808,0.657298331855683,0.45667311499578966,1.0,1.0208311533352037
64,16384,1,4,1,False,4,3.8890310525894165,62,False,1024,3072,3072,23.272727272727273,256,256,3.0517578125e-05,1.157764985590014,1.0678585416053805,1.0,1.0678585416053805,1.0
64,16384,2,32,2,True,4,2.7734099626541138,63,False,1024,12288,12288,93.0909090909091,32,32,3.0517578125e-05,1.623483019528564,1.497411159546666,0.9436697081532044,1.1403734417236775,1.1403452879037563
64,16384,3,2,3,True,4,3.8369009494781494,64,False,1024,512,512,3.878787878787879,512,512,3.0517578125e-05,1.173494974159469,1.0823670151404365,0.7160286542163429,0.9337400141389534,1.188811013694105
64,16384,1,5,3,True,4,2.674854040145874,65,False,1024,3840,3840,29.09090909090909,204,205,3.0517578125e-05,1.6833008130472618,1.5525837917682006,1.0,1.0786932540617378,1.4479859483128448
64,16384,3,3,3,True,4,3.292294979095459,66,True,1024,768,768,5.818181818181818,341,342,1.52587890625e-05,1.367612564836874,1.2614103701051627,0.8255660521782858,1.0881977373120468,1.18591651781324
64,16384,3,5,2,True,4,3.7190669775009155,67,False,1024,1280,1280,9.696969696969697,204,205,3.0517578125e-05,1.2106756903813234,1.116660456291863,0.7168397638358737,1.1439199469065042,1.076744814817842
64,16384,6,4,1,False,4,3.941486954689026,68,False,1024,512,512,3.878787878787879,256,256,3.0517578125e-05,1.1423566872912678,1.0536467774263707,0.9866913419471794,1.6363885360418677,1.0
64,16384,2,3,2,True,4,3.067394971847534,69,False,1024,1152,1152,8.727272727272727,341,342,1.52587890625e-05,1.467885297421719,1.3538964059704388,0.8864424141704533,1.0310778668707459,1.1418822942163462
64,16384,2,2,1,False,4,3.496896982192993,70,True,1024,768,768,5.818181818181818,512,512,3.0517578125e-05,1.2875941165806428,1.1876057685496244,1.1347260106651311,1.0280505983173576,1.0
64,16384,2,4,2,True,4,2.8807369470596313,71,False,1024,1536,1536,11.636363636363637,256,256,3.0517578125e-05,1.562997268860696,1.4416224405060911,0.931103401548985,1.097886798602281,1.1612923996662496
64,16384,3,2,2,True,4,4.545046091079712,72,False,1024,512,512,3.878787878787879,512,512,3.0517578125e-05,0.9906574961686864,0.9137278137238007,0.6153933171609015,0.9360333898030798,1.0035872058911086
64,16384,3,1,1,False,4,4.481358051300049,73,False,1024,256,256,1.9393939393939394,1024,1024,1.52587890625e-05,1.0047364948342157,0.9267135052668686,0.9267135052668686,1.0,1.0
64,16384,1,3,1,False,4,3.913679003715515,74,False,1024,2304,2304,17.454545454545453,341,342,1.52587890625e-05,1.1504734998158257,1.0611332774439384,1.0,1.0611332774439384,1.0
64,16384,2,3,3,True,4,3.020967960357666,75,False,1024,1152,1152,8.727272727272727,341,342,1.52587890625e-05,1.4904441356694236,1.3747034336585573,0.8997139341313746,0.9968470564503209,1.1594310345834513
64,16384,1,8,2,True,4,2.614488959312439,76,False,1024,6144,6144,46.54545454545455,128,128,3.0517578125e-05,1.7221659952025183,1.5884308913541234,1.0,1.1421252938011865,1.4436064270333249
64,16384,3,8,3,True,4,3.3021810054779053,77,False,1024,2048,2048,15.515151515151516,128,128,3.0517578125e-05,1.3635182241951846,1.2576339762075344,0.7925131644678175,1.0849399051330901,1.1743268816797494
64,16384,2,3,1,False,4,3.5026040077209473,78,False,1024,1152,1152,8.727272727272727,341,342,1.52587890625e-05,1.2854961539000853,1.185670723530742,1.1173626807622035,1.0263755271429704,1.0
64,16384,1,2,3,True,4,2.7473310232162476,79,False,1024,1536,1536,11.636363636363637,512,512,3.0517578125e-05,1.6388938728210531,1.5116252803109291,1.0,1.0502363873601657,1.444318114118446
64,16384,6,8,3,True,4,3.734063982963562,80,False,1024,1024,1024,7.757575757575758,128,128,3.0517578125e-05,1.205813291122773,1.1121756475046178,0.7008508505041199,1.6920408794659898,1.0477570920250894
64,16384,3,32,1,False,4,3.706242084503174,81,False,1024,8192,8192,62.06060606060606,32,32,3.0517578125e-05,1.2148650514187551,1.1205244917596573,1.006960132661688,1.2091379756432667,1.0
64,16384,6,4,2,True,4,3.9199050664901733,82,False,1024,512,512,3.878787878787879,256,256,3.0517578125e-05,1.1486461799932954,1.0594478584642486,0.6842675842598203,1.622485204689284,1.0055057170601778
64,16384,2,8,1,False,4,3.2841650247573853,83,False,1024,3072,3072,23.272727272727273,128,128,3.0517578125e-05,1.370998091331579,1.2645329929433027,1.1492397722461978,1.0946426283993584,1.0
64,16384,1,3,3,True,4,2.71800696849823,84,False,1024,2304,2304,17.454545454545453,341,342,1.52587890625e-05,1.6565755837808238,1.5279339148901363,1.0,1.0615671858631655,1.439907641545866
64,16384,2,4,1,False,4,3.3453779220581055,85,False,1024,1536,1536,11.636363636363637,256,256,3.0517578125e-05,1.3459119075522188,1.2413948811861741,1.16250873390019,1.0746131284880367,1.0
64,16384,6,3,3,True,4,4.770930051803589,86,False,1024,384,384,2.909090909090909,341,342,1.52587890625e-05,0.9437539288294865,0.8704665511719687,0.5697017015520323,1.3243096916349533,0.9721282545850024
64,16384,1,1,1,False,4,4.152935028076172,87,True,1024,768,768,5.818181818181818,1024,1024,1.52587890625e-05,1.0841932151888503,1.0,1.0,1.0,1.0
64,16384,1,1,2,True,4,2.9860739707946777,88,True,1024,768,768,5.818181818181818,1024,1024,1.52587890625e-05,1.5078608315125024,1.390767632916662,1.0,1.0,1.390767632916662
64,16384,1,2,1,False,4,3.968019962310791,89,False,1024,1536,1536,11.636363636363637,512,512,3.0517578125e-05,1.1347180768561977,1.04660134463076,1.0,1.04660134463076,1.0
64,16384,2,4,3,True,4,2.838199019432068,90,False,1024,1536,1536,11.636363636363637,256,256,3.0517578125e-05,1.5864229216248842,1.4632289700766603,0.9690250628146482,1.0610401167413086,1.1786974412835665
64,16384,6,8,2,True,4,3.9130699634552,91,False,1024,1024,1024,7.757575757575758,128,128,3.0517578125e-05,1.15065256246647,1.0612984349528913,0.6681426562084447,1.625319259191335,0.9998267490139439
64,16384,6,5,2,True,4,4.394807815551758,92,True,1024,640,640,4.848484848484849,204,205,3.0517578125e-05,1.0245235217401683,0.9449639671114448,0.6066192665826152,1.4471595212106878,0.9735292266762725
64,16384,3,3,1,False,4,3.9043869972229004,93,True,1024,768,768,5.818181818181818,341,342,1.52587890625e-05,1.1532114986969493,1.0636586565394408,1.002379888699359,1.1477750680164478,1.0
64,16384,6,3,2,True,4,4.846451044082642,94,False,1024,384,384,2.909090909090909,341,342,1.52587890625e-05,0.9290476556155066,0.8569022961960525,0.5610433241410191,1.3122979921425613,0.9569798315965145
64,16384,2,2,3,True,4,3.037274956703186,95,True,1024,768,768,5.818181818181818,512,512,3.0517578125e-05,1.4824420063199146,1.3673227110738702,0.9045381344724686,0.9914950282216278,1.1513271047375653
64,16384,2,5,1,False,4,3.3117979764938354,96,False,1024,1920,1920,14.545454545454545,204,205,3.0517578125e-05,1.3595587691393964,1.2539819933318634,1.1695010056197723,1.085509158563966,1.0
96,512,6,3,2,True,4,0.23176899552345276,0,True,32,576,576,4.363636363636363,10,11,6.103515625e-05,0.9020145233105783,0.8206576367351573,0.5627499959173843,1.0419728253385003,0.9770763058230186
96,512,3,16,2,True,4,0.16780699789524078,1,False,32,6144,6144,46.54545454545455,2,2,6.103515625e-05,1.2458300466454382,1.1334628383823342,0.8452031495016977,0.9239006878135341,1.1318180958442146
96,512,1,16,2,True,4,0.14183100312948227,2,False,32,18432,18432,139.63636363636363,2,2,6.103515625e-05,1.4740007149523002,1.341053732526416,1.0,1.0432486255816866,1.304059022175341
96,512,6,8,3,True,4,0.18789400160312653,3,False,32,1536,1536,11.636363636363637,4,4,6.103515625e-05,1.1126432894693328,1.012288814501426,0.7207734211263654,1.286613714438798,1.0404217409093075
96,512,2,3,3,True,4,0.14753399789333344,4,False,32,1728,1728,13.090909090909092,10,11,6.103515625e-05,1.41702253718094,1.2892146817052574,0.9122372356524533,1.151009273052516,1.1301056405421803
96,512,3,3,3,True,4,0.1645280048251152,5,False,32,1152,1152,8.727272727272727,10,11,0.0001220703125,1.2706590603677335,1.1560524078374013,0.8180127544002455,0.9878622397976685,1.1313028485129113
96,512,2,3,2,True,4,0.14938899874687195,6,False,32,1728,1728,13.090909090909092,10,11,6.103515625e-05,1.3994270111515577,1.2732061780335124,0.8730763468439829,1.2163680263365002,1.1160728339407617
96,512,6,16,1,False,4,0.19721300154924393,7,False,32,3072,3072,23.272727272727273,2,2,6.103515625e-05,1.0600670258702845,0.9644546487330069,0.9378489136224469,1.3181128863085756,1.0
96,512,2,32,2,True,4,0.17365600168704987,8,False,32,18432,18432,139.63636363636363,1,1,0.0001220703125,1.2038685561355351,1.0952860499317951,0.9526765258918142,1.0463905640853497,1.0259478042333967
96,512,6,32,2,True,4,0.2073270007967949,9,False,32,6144,6144,46.54545454545455,1,1,0.0001220703125,1.008353949132566,0.9174058149868263,0.7979568302810235,1.1648120802564161,1.0324077453091443
96,512,1,2,2,True,4,0.13204899430274963,10,False,32,2304,2304,17.454545454545453,16,16,0.0001220703125,1.5831926711683073,1.4403971581841681,1.0,1.1205310563779374,1.41934438228151
96,512,6,3,3,True,4,0.22616400569677353,11,True,32,576,576,4.363636363636363,10,11,6.103515625e-05,0.9243690187180004,0.8409958761951281,0.5950814586447227,1.0689012983236919,1.0012910465248166
96,512,3,4,2,True,4,0.15943500399589539,12,False,32,1536,1536,11.636363636363637,8,8,6.103515625e-05,1.3112490656107172,1.192981411658225,0.8130585890819966,0.9724150712808877,1.1666321479261372
96,512,6,1,3,True,4,0.24174699932336807,13,False,32,192,192,1.4545454545454546,32,32,0.0001220703125,0.8647842604061247,0.7867853444597951,0.5612851377055434,1.0,1.0752935896504587
96,512,1,3,1,False,4,0.18591300398111343,14,False,32,3456,3456,26.181818181818183,10,11,6.103515625e-05,1.1244990696643078,1.023075266720344,1.0,1.023075266720344,1.0
96,512,2,2,2,True,4,0.15108799934387207,15,False,32,1152,1152,8.727272727272727,16,16,0.0001220703125,1.3836903058028212,1.2588888393568658,0.8739873112106661,1.202689838711459,1.125608964445826
96,512,1,8,2,True,4,0.12921199947595596,16,False,32,9216,9216,69.81818181818181,4,4,6.103515625e-05,1.617953447536898,1.4720226984038844,1.0,1.1451335764464965,1.413699987793023
96,512,6,16,3,True,4,0.19473399966955185,17,False,32,3072,3072,23.272727272727273,2,2,6.103515625e-05,1.073561886316798,0.9767323449295828,0.7447595158618582,1.241421630190894,1.0127301954661165
96,512,2,1,3,True,4,0.16981299966573715,18,True,32,576,576,4.363636363636363,32,32,0.0001220703125,1.2311130503952827,1.1200732364963628,0.7990495313798774,1.0,1.2506522159283238
96,512,3,4,3,True,4,0.1631619930267334,19,False,32,1536,1536,11.636363636363637,8,8,6.103515625e-05,1.2812971706039737,1.1657310174165012,0.8004437781197076,0.9961327410933863,1.1399836304761737
96,512,1,4,3,True,4,0.13060200214385986,20,False,32,4608,4608,34.90909090909091,8,8,6.103515625e-05,1.6007335001264182,1.456355898167984,1.0,1.038950365061443,1.3877045854711114
96,512,6,8,1,False,4,0.19548900425434113,21,False,32,1536,1536,11.636363636363637,4,4,6.103515625e-05,1.0694156472517626,0.9729600744566392,0.9344106221146432,1.329737187424847,1.0
96,512,1,2,3,True,4,0.13440900295972824,22,False,32,2304,2304,17.454545454545453,16,16,0.0001220703125,1.5553943218959616,1.4151060713674575,1.0,1.0095231332515266,1.3944229487788602
96,512,2,16,3,True,4,0.14897700399160385,23,False,32,9216,9216,69.81818181818181,2,2,6.103515625e-05,1.4032971157551342,1.2767272198968211,0.9735059467561341,1.1398604825970833,1.0824421972002998
96,512,3,16,3,True,4,0.1695069968700409,24,False,32,6144,6144,46.54545454545455,2,2,6.103515625e-05,1.2333355193328213,1.122095250620153,0.8555988955838297,0.9588453949224917,1.1204670033340303
96,512,2,8,3,True,4,0.14223500341176987,25,False,32,4608,4608,34.90909090909091,4,4,6.103515625e-05,1.4698140049958988,1.3372446414200936,0.9521496052033113,1.1938903616722887,1.1279782743830309
96,512,3,1,3,True,4,0.16253100335597992,26,False,32,384,384,2.909090909090909,32,32,0.0001220703125,1.2862715155789197,1.1702567030744904,0.83484993634063,1.0,1.1212445349528768
96,512,2,32,1,False,4,0.17816199362277985,27,False,32,18432,18432,139.63636363636363,1,1,0.0001220703125,1.173420861342048,1.0675845743928551,1.1008071595029512,1.1920443861615797,1.0
96,512,2,4,3,True,4,0.14139999449253082,28,False,32,2304,2304,17.454545454545453,8,8,6.103515625e-05,1.478493692772399,1.3451414677728655,0.9236351289303527,1.200940638471575,1.139823217843709
96,512,1,32,2,True,4,0.1654379963874817,29,False,32,36864,36864,279.27272727272725,1,1,0.0001220703125,1.2636698012565981,1.149693542523767,1.0,0.8943834083504438,1.185471308972618
96,512,3,16,1,False,4,0.18992699682712555,30,False,32,6144,6144,46.54545454545455,2,2,6.103515625e-05,1.100733458158913,1.0014531862886435,0.9738267984278725,0.95951077160018,1.0
96,512,1,32,1,False,4,0.19612199813127518,31,False,32,36864,36864,279.27272727272725,1,1,0.0001220703125,1.0659640530244046,0.9698197955715541,1.0,0.9698197955715541,1.0
96,512,2,1,2,True,4,0.18171200156211853,32,True,32,576,576,4.363636363636363,32,32,0.0001220703125,1.1504963800852286,1.0467277587591637,0.8142830292314084,1.0,1.168756067291397
96,512,2,8,1,False,4,0.16043799370527267,33,False,32,4608,4608,34.90909090909091,4,4,6.103515625e-05,1.3030516973386226,1.1855234021697139,1.1385520216454055,1.323732611089179,1.0
96,512,3,32,1,False,4,0.20139700174331665,34,False,32,12288,12288,93.0909090909091,1,1,0.0001220703125,1.038044251928375,0.9444182112362052,0.9738079337508483,0.9048645098776784,1.0
96,512,1,3,3,True,4,0.13458600640296936,35,False,32,3456,3456,26.181818181818183,10,11,6.103515625e-05,1.5533487143478115,1.4132449666814808,1.0,1.0081954389734002,1.3813694970966286
96,512,1,16,3,True,4,0.14502999931573868,37,False,32,18432,18432,139.63636363636363,2,2,6.103515625e-05,1.4414879749128682,1.3114734677801045,1.0,0.9355926252865504,1.275294767481316
96,512,6,1,2,True,4,0.2414969950914383,38,False,32,192,192,1.4545454545454546,32,32,0.0001220703125,0.8656795085011411,0.7875998459638854,0.6126991311990451,1.0,1.0764067627062055
96,512,2,16,2,True,4,0.15102799981832504,39,False,32,9216,9216,69.81818181818181,2,2,6.103515625e-05,1.3842400102414156,1.2593889633945854,0.9391040290548373,1.2031676363369967,1.0677423770888284
96,512,1,3,2,True,4,0.1304280012845993,40,False,32,3456,3456,26.181818181818183,10,11,6.103515625e-05,1.6028690001856534,1.4582987875412365,1.0,1.1344573068848807,1.4254071376547706
96,512,3,1,1,False,4,0.18223699927330017,41,False,32,384,384,2.909090909090909,32,32,0.0001220703125,1.1471819709988407,1.043712291648916,1.043712291648916,1.0,1.0
96,512,6,4,3,True,4,0.18581900000572205,42,False,32,768,768,5.818181818181818,8,8,6.103515625e-05,1.1250679425076073,1.0235928302751653,0.7028452533908705,1.3009810585350465,1.0464968530329584
96,512,2,3,1,False,4,0.16672900319099426,43,False,32,1728,1728,13.090909090909092,10,11,6.103515625e-05,1.253885023086079,1.140791299021163,1.1150609697350808,1.273785605747934,1.0
96,512,3,1,2,True,4,0.15503700077533722,44,False,32,384,384,2.909090909090909,32,32,0.0001220703125,1.3484458482153199,1.2268232433777504,0.9543850715618466,1.0,1.1754419807009697
96,512,3,8,2,True,4,0.16226299852132797,45,False,32,3072,3072,23.272727272727273,4,4,6.103515625e-05,1.288396010922847,1.1721895802989095,0.7963121639156214,0.9554673720328115,1.1425279004761149
96,512,2,4,2,True,4,0.14329200237989426,46,False,32,2304,2304,17.454545454545453,8,8,6.103515625e-05,1.4589718654430117,1.3273804048776834,0.9046562072285896,1.268123820898012,1.1247731488758486
96,512,1,1,3,True,4,0.13568899780511856,47,True,32,1152,1152,8.727272727272727,32,32,0.0001220703125,1.5407218226750916,1.4017569531166736,1.0,1.0,1.4017569531166736
96,512,3,8,1,False,4,0.18539000302553177,48,False,32,3072,3072,23.272727272727273,4,4,6.103515625e-05,1.1276713771155575,1.0259614490030695,0.9853120400279312,0.9829925902110408,1.0
96,512,1,1,2,True,4,0.14796499907970428,49,True,32,1152,1152,8.727272727272727,32,32,0.0001220703125,1.4128949502621564,1.285459381054714,1.0,1.0,1.285459381054714
96,512,6,4,2,True,4,0.19289299845695496,50,False,32,768,768,5.818181818181818,8,8,6.103515625e-05,1.0838081303501088,0.9860544325417947,0.6720306099037222,1.2519738768295914,1.0081184920929822
96,512,3,2,2,True,4,0.15989099442958832,51,True,32,768,768,5.818181818181818,16,16,0.0001220703125,1.30750953648814,1.189579168065768,0.8258688663100439,0.9696418571191721,1.1643495407266826
96,512,1,8,3,True,4,0.1354290023446083,52,False,32,9216,9216,69.81818181818181,4,4,6.103515625e-05,1.5436796874815184,1.4044480343344297,1.0,1.0019197915956635,1.3488026856836943
96,512,2,16,1,False,4,0.1612589955329895,53,False,32,9216,9216,69.81818181818181,2,2,6.103515625e-05,1.2964176002974706,1.1794876652065422,1.146949964830601,1.3169932233761366,1.0
96,512,6,2,3,True,4,0.22833099961280823,54,False,32,384,384,2.909090909090909,16,16,0.0001220703125,0.9155962193910162,0.833014336455822,0.5886585841942268,1.0587568036460664,0.9982569378884103
96,512,6,32,1,False,4,0.21404600143432617,55,False,32,6144,6144,46.54545454545455,1,1,0.0001220703125,0.9767012633469002,0.8886080321996405,0.9162609757578187,1.2144538881723017,1.0
96,512,1,2,1,False,4,0.1874229982495308,56,False,32,2304,2304,17.454545454545453,16,16,0.0001220703125,1.1154394176157736,1.0148327468410572,1.0,1.0148327468410572,1.0
96,512,3,2,1,False,4,0.18616900593042374,57,True,32,768,768,5.818181818181818,16,16,0.0001220703125,1.1229527652599147,1.021668430704528,1.006735773835392,0.9788793701858565,1.0
96,512,6,4,1,False,4,0.1944589987397194,58,False,32,768,768,5.818181818181818,8,8,6.103515625e-05,1.0750801010504085,0.9781136248127144,0.9320062245580386,1.336780505784613,1.0
96,512,2,2,1,False,4,0.1700660064816475,59,False,32,1152,1152,8.727272727272727,16,16,0.0001220703125,1.22928152627503,1.1184069060578756,1.102060324264487,1.2487916234353884,1.0
96,512,2,32,3,True,4,0.17691700160503387,60,False,32,18432,18432,139.63636363636363,1,1,0.0001220703125,1.1816784035373928,1.0750973304385127,0.9987225314142977,0.9598455667072837,1.0070371530517197
96,512,2,1,1,False,4,0.21237700432538986,61,True,32,576,576,4.363636363636363,32,32,0.0001220703125,0.9843768193233979,0.8955912940712812,0.8955912940712812,1.0,1.0
96,512,3,32,2,True,4,0.18555999547243118,62,False,32,12288,12288,93.0909090909091,1,1,0.0001220703125,1.1266383116845833,1.025021560549761,0.8915606834667171,0.8355087548941614,1.0853470934323146
96,512,6,32,3,True,4,0.20858299732208252,63,False,32,6144,6144,46.54545454545455,1,1,0.0001220703125,1.002282078114168,0.9118815942656,0.8471016236302816,1.1589966700405379,1.0261910327417914
96,512,2,8,2,True,4,0.1463180035352707,64,False,32,4608,4608,34.90909090909091,4,4,6.103515625e-05,1.4287988830087068,1.2999288641121227,0.8830902305525837,1.241897764948084,1.0965020696622496
96,512,3,8,3,True,4,0.16471300274133682,65,False,32,3072,3072,23.272727272727273,4,4,6.103515625e-05,1.2692319157314031,1.154753984015763,0.8222119692474082,0.9867527192811639,1.1255335033668583
96,512,3,3,2,True,4,0.1596970036625862,66,False,32,1152,1152,8.727272727272727,10,11,0.0001220703125,1.3090978241330467,1.191024200658304,0.8167216559690278,0.9708197224720958,1.16552594131361
96,512,2,4,1,False,4,0.16117099672555923,67,False,32,2304,2304,17.454545454545453,8,8,6.103515625e-05,1.2971254398286243,1.1801316613970827,1.1245013118293936,1.3177122971264106,1.0
96,512,6,3,1,False,4,0.22645599395036697,68,True,32,576,576,4.363636363636363,10,11,6.103515625e-05,0.9231771540614592,0.8399115113572367,0.8209674680629585,1.1479007208200693,1.0
96,512,1,4,1,False,4,0.18123699724674225,69,False,32,4608,4608,34.90909090909091,8,8,6.103515625e-05,1.1535117177572674,1.0494711290973837,1.0,1.0494711290973837,1.0
96,512,1,1,1,False,4,0.190202996134758,70,True,32,1152,1152,8.727272727272727,32,32,0.0001220703125,1.0991362084913814,1.0,1.0,1.0,1.0
96,512,6,8,2,True,4,0.19457000494003296,71,False,32,1536,1536,11.636363636363637,4,4,6.103515625e-05,1.074466745682056,0.9775555908187344,0.6640900251597335,1.2411830650149203,1.0047232322093604
96,512,1,4,2,True,4,0.12962999939918518,72,False,32,4608,4608,34.90909090909091,8,8,6.103515625e-05,1.612736256917493,1.4672760704799754,1.0,1.141441022645213,1.39810999064065
96,512,1,16,1,False,4,0.18495599925518036,73,False,32,18432,18432,139.63636363636363,2,2,6.103515625e-05,1.1303174855486788,1.028368892605308,1.0,1.028368892605308,1.0
96,512,1,8,1,False,4,0.18266700208187103,74,False,32,9216,9216,69.81818181818181,4,4,6.103515625e-05,1.1444814752122494,1.04125536614166,1.0,1.04125536614166,1.0
96,512,3,32,3,True,4,0.19555100053548813,75,False,32,12288,12288,93.0909090909091,1,1,0.0001220703125,1.0690766063215271,0.9726516132053254,0.9035545469435802,0.8311438085763421,1.0298950206944484
96,512,6,2,1,False,4,0.22793300449848175,76,False,32,384,384,2.909090909090909,16,16,0.0001220703125,0.9171949471523388,0.8344688675221009,0.8222723105059548,1.1404623005852712,1.0
96,512,6,2,2,True,4,0.23340100049972534,77,False,32,384,384,2.909090909090909,16,16,0.0001220703125,0.895707385862319,0.814919369357981,0.5657601896308282,1.0346870603569778,0.976572525441038
96,512,6,16,2,True,4,0.1900710016489029,78,False,32,3072,3072,23.272727272727273,2,2,6.103515625e-05,1.0998995017737125,1.000694448309895,0.7462001141629746,1.270562016280258,1.037575431488143
96,512,2,2,3,True,4,0.1494230031967163,79,False,32,1152,1152,8.727272727272727,16,16,0.0001220703125,1.3991085411396218,1.2729164323136684,0.8995201547567476,1.1364582161568342,1.138151441500306
96,512,3,3,1,False,4,0.18613100051879883,80,False,32,1152,1152,8.727272727272727,10,11,0.0001220703125,1.1231820568983848,1.021877041463321,0.9988288004841871,0.9790792440021007,1.0
96,512,6,1,1,False,4,0.2599489986896515,81,False,32,192,192,1.4545454545454546,32,32,0.0001220703125,0.8042308340062145,0.7316935133181182,0.7316935133181182,1.0,1.0
96,512,3,2,3,True,4,0.16387400031089783,82,True,32,768,768,5.818181818181818,16,16,0.0001220703125,1.2757301318002676,1.1606660957437387,0.8201972412019644,0.9918046978021529,1.136049681933854
96,512,1,32,3,True,4,0.1766909956932068,83,False,32,36864,36864,279.27272727272725,1,1,0.0001220703125,1.1831898914546468,1.076472490228152,1.0,0.7679451761125333,1.1099716618938915
96,512,3,4,1,False,4,0.1860020011663437,84,False,32,1536,1536,11.636363636363637,8,8,6.103515625e-05,1.1239610257111963,1.0225857514546701,0.9743819749802581,0.9797582721183927,1.0
96,2048,1,3,3,True,4,0.506852000951767,0,False,128,3456,3456,26.181818181818183,42,43,6.103515625e-05,1.6707105978074726,1.478338821521396,1.0,1.0438865908659138,1.4411781152270775
96,2048,3,1,3,True,4,0.6337380111217499,1,False,128,384,384,2.909090909090909,128,128,6.103515625e-05,1.3362035962008245,1.182348189035557,0.8348812885794541,1.0,1.1389122517913357
96,2048,6,32,1,False,4,0.7447710037231445,2,False,128,6144,6144,46.54545454545455,4,4,6.103515625e-05,1.1369978225210609,1.006079702387736,0.9641446656567842,1.3538255218970765,1.0
96,2048,2,2,2,True,4,0.5821470022201538,3,False,128,1152,1152,8.727272727272727,64,64,6.103515625e-05,1.4546205791330349,1.2871302040810475,0.8816965341586595,1.2273687017024808,1.1407221562504672
96,2048,2,32,1,False,4,0.6323760151863098,4,False,128,18432,18432,139.63636363636363,4,4,6.103515625e-05,1.3390814786999097,1.1848947015361408,1.135506365091919,1.3418488075178596,1.0
96,2048,1,8,2,True,4,0.48309101164340973,5,False,128,9216,9216,69.81818181818181,16,16,6.103515625e-05,1.7528850446406194,1.5510513996602497,1.0,1.2299628784224304,1.448621422617595
96,2048,3,32,1,False,4,0.725178986787796,6,False,128,12288,12288,93.0909090909091,4,4,6.103515625e-05,1.167715867307438,1.0332607582740931,0.9901927709684749,0.9953018474646477,1.0
96,2048,2,8,3,True,4,0.5191870033740997,7,False,128,4608,4608,34.90909090909091,16,16,6.103515625e-05,1.631017348290356,1.4432159990586089,0.9469054490192167,1.2846450194520702,1.1574750624604464
96,2048,6,16,1,False,4,0.7331269979476929,8,False,128,3072,3072,23.272727272727273,8,8,6.103515625e-05,1.1550563706978063,1.0220589227655992,0.9634442915064679,1.3753278703852005,1.0
96,2048,2,3,3,True,4,0.5620110034942627,9,False,128,1728,1728,13.090909090909092,42,43,6.103515625e-05,1.5067374201663382,1.3332461199408632,0.9018542302560828,1.1867578995819272,1.155411560953571
96,2048,1,3,1,False,4,0.7304640114307404,10,False,128,3456,3456,26.181818181818183,42,43,6.103515625e-05,1.1592672551402359,1.025784950452473,1.0,1.025784950452473,1.0
96,2048,2,3,2,True,4,0.5684559941291809,11,False,128,1728,1728,13.090909090909092,42,43,6.103515625e-05,1.4896544644713612,1.3181301587304917,0.8905456045432636,1.2569293273255029,1.1423118368469942
96,2048,6,2,3,True,4,0.9051360189914703,12,False,128,384,384,2.909090909090909,64,64,6.103515625e-05,0.9355533220891745,0.8278302642377309,0.5659182468990075,1.0367193067803264,0.9803730657124772
96,2048,1,1,2,True,4,0.594184011220932,13,True,128,1152,1152,8.727272727272727,128,128,6.103515625e-05,1.4251528037081065,1.2610554569335073,1.0,1.0,1.2610554569335073
96,2048,6,3,1,False,4,0.8807689845561981,14,True,128,576,576,4.363636363636363,42,43,6.103515625e-05,0.9614360000843211,0.850732715287827,0.8293480177424806,1.1447837179659008,1.0
96,2048,1,32,2,True,4,0.5262679755687714,15,False,128,36864,36864,279.27272727272725,4,4,6.103515625e-05,1.6090718964893242,1.4237974274664564,1.0,1.1290521916686256,1.3644512372227438
96,2048,3,16,2,True,4,0.6089499890804291,16,False,128,6144,6144,46.54545454545455,8,8,6.103515625e-05,1.3905953275223657,1.2304770559308287,0.8322013475181852,1.0095722252040586,1.1578356373138297
96,2048,3,8,3,True,4,0.6217830181121826,17,False,128,3072,3072,23.272727272727273,16,16,6.103515625e-05,1.361894720253134,1.205081142369841,0.7906632832262313,1.019226953231795,1.1473938599979217
96,2048,3,2,3,True,4,0.6284599900245667,18,True,128,768,768,5.818181818181818,64,64,6.103515625e-05,1.3474254892136228,1.192277951924205,0.8150606199334605,1.0083983406755566,1.1587738359069288
96,2048,1,3,2,True,4,0.5062359869480133,19,False,128,3456,3456,26.181818181818183,42,43,6.103515625e-05,1.672743604450627,1.4801377402862197,1.0,1.173729301235849,1.4429318149319037
96,2048,3,32,2,True,4,0.6269980072975159,20,False,128,12288,12288,93.0909090909091,4,4,6.103515625e-05,1.3505673058833583,1.1950580082421982,0.8393455313153056,0.9805118809926268,1.1565889816994146
96,2048,2,16,1,False,4,0.6016019880771637,21,False,128,9216,9216,69.81818181818181,8,8,6.103515625e-05,1.4075801381850257,1.245506172889656,1.1740769397713204,1.4104890254648015,1.0
96,2048,2,3,1,False,4,0.6493540108203888,22,False,128,1728,1728,13.090909090909092,42,43,6.103515625e-05,1.3040698839146245,1.1539144708233005,1.1249087543293648,1.3067648582143823,1.0
96,2048,2,8,1,False,4,0.6009460091590881,23,False,128,4608,4608,34.90909090909091,16,16,6.103515625e-05,1.4091166204680903,1.2468657389393447,1.1645238971133387,1.4120286830226851,1.0
96,2048,6,8,3,True,4,0.7124029994010925,24,False,128,1536,1536,11.636363636363637,16,16,6.103515625e-05,1.1886572771618535,1.0517908970101502,0.6900883389994042,1.3171926380708925,1.034950731413013
96,2048,6,3,2,True,4,0.9135860204696655,25,True,128,576,576,4.363636363636363,42,43,6.103515625e-05,0.9269001391622731,0.8201734406877083,0.5541196730306386,1.029079891410367,0.9640788768893416
96,2048,6,4,1,False,4,0.7483580112457275,26,False,128,768,768,5.818181818181818,32,32,6.103515625e-05,1.13154799813052,1.0012573908649722,0.9475424607363037,1.3473364053802024,1.0
96,2048,1,1,3,True,4,0.5290960073471069,27,True,128,1152,1152,8.727272727272727,128,128,6.103515625e-05,1.6004713657846705,1.4161871935677417,1.0,1.0,1.4161871935677417
96,2048,2,8,2,True,4,0.5270319879055023,28,False,128,4608,4608,34.90909090909091,16,16,6.103515625e-05,1.6067393041461335,1.4217334184033383,0.9166255990709026,1.3557222838683827,1.1402457971238715
96,2048,3,3,3,True,4,0.6277720034122467,29,False,128,1152,1152,8.727272727272727,42,43,6.103515625e-05,1.3489021570048574,1.1935845907431226,0.8073822951593562,1.0095034625263233,1.1512364408933253
96,2048,1,16,3,True,4,0.4997220039367676,30,False,128,18432,18432,139.63636363636363,8,8,6.103515625e-05,1.6945481744629973,1.4994316517381319,1.0,1.0587806884206288,1.413439903701647
96,2048,1,2,2,True,4,0.513276994228363,31,False,128,2304,2304,17.454545454545453,64,64,6.103515625e-05,1.6497973200281164,1.4598335756295842,1.0,1.1576283720142198,1.4269488126090202
96,2048,2,1,1,False,4,0.8485530018806458,32,True,128,576,576,4.363636363636363,128,128,6.103515625e-05,0.9979376746452762,0.8830314524986975,0.8830314524986975,1.0,1.0
96,2048,3,2,1,False,4,0.7282429933547974,33,True,128,768,768,5.818181818181818,64,64,6.103515625e-05,1.1628028243829336,1.028913421220849,1.0057357285095871,0.9911142185762026,1.0
96,2048,2,4,1,False,4,0.6228929758071899,34,False,128,2304,2304,17.454545454545453,32,32,6.103515625e-05,1.3594679060438777,1.2029337604936075,1.1383994025114803,1.3622773651942843,1.0
96,2048,2,2,1,False,4,0.6640679836273193,35,False,128,1152,1152,8.727272727272727,64,64,6.103515625e-05,1.2751751784276253,1.1283468082287635,1.1029292414505711,1.2778104392951144,1.0
96,2048,1,8,3,True,4,0.4916210025548935,36,False,128,9216,9216,69.81818181818181,16,16,6.103515625e-05,1.72247118229146,1.524139501524106,1.0,1.0762274284407307,1.4234867609475437
96,2048,1,32,1,False,4,0.7180669903755188,37,False,128,36864,36864,279.27272727272725,4,4,6.103515625e-05,1.1792813495955272,1.043494548302443,1.0,1.043494548302443,1.0
96,2048,1,4,1,False,4,0.709100991487503,38,False,128,4608,4608,34.90909090909091,32,32,6.103515625e-05,1.194192392445645,1.0566886787183432,1.0,1.0566886787183432,1.0
96,2048,3,32,3,True,4,0.6506940126419067,39,False,128,12288,12288,93.0909090909091,4,4,6.103515625e-05,1.3013843574061856,1.151538165735597,0.8140677049774687,0.9739416666040722,1.1144700469018765
96,2048,2,32,2,True,4,0.5547949969768524,40,False,128,18432,18432,139.63636363636363,4,4,6.103515625e-05,1.5263349780087712,1.3505871427388871,0.9485809685315686,1.287879332381133,1.1398372707616438
96,2048,6,3,3,True,4,0.8936000168323517,41,True,128,576,576,4.363636363636363,42,43,6.103515625e-05,0.9476309238576357,0.8385172064218668,0.5672023180443354,1.050102919063384,0.9856411906507822
96,2048,3,2,2,True,4,0.6186079978942871,42,True,128,768,768,5.818181818181818,64,64,6.103515625e-05,1.3688846771986758,1.2112662499084648,0.8297289979688819,0.9938102927970462,1.1772285451104783
96,2048,3,4,2,True,4,0.612185001373291,43,False,128,1536,1536,11.636363636363637,32,32,6.103515625e-05,1.3832469067527622,1.2239747594141037,0.7955421994088071,1.004237271633258,1.1753603920255171
96,2048,6,8,2,True,4,0.7394619882106781,44,False,128,1536,1536,11.636363636363637,16,16,6.103515625e-05,1.1451609724512033,1.0133029171464536,0.6533006690612656,1.2714013941594198,0.9970789804558857
96,2048,3,3,1,False,4,0.7227140069007874,45,False,128,1152,1152,8.727272727272727,42,43,6.103515625e-05,1.1716986268764646,1.0367849282263306,1.0107234735399515,0.9986965499501077,1.0
96,2048,2,1,2,True,4,0.7145090103149414,46,True,128,576,576,4.363636363636363,128,128,6.103515625e-05,1.1851537171473685,1.0486907498094677,0.8315976462760455,1.0,1.1876029408035322
96,2048,2,32,3,True,4,0.5558919906616211,47,False,128,18432,18432,139.63636363636363,4,4,6.103515625e-05,1.5233229183643708,1.3479219027440619,0.9528991070432925,1.1998212049339934,1.1375879232108699
96,2048,3,8,2,True,4,0.6102670133113861,48,False,128,3072,3072,23.272727272727273,16,16,6.103515625e-05,1.3875942678192286,1.227821549303485,0.7916059710029167,1.0073934558219808,1.1690456827442357
96,2048,2,16,3,True,4,0.5245940089225769,49,False,128,9216,9216,69.81818181818181,8,8,6.103515625e-05,1.6142064055386822,1.4283407302186388,0.9525880880018207,1.271404146262788,1.1467953843253902
96,2048,1,4,2,True,4,0.48701900243759155,50,False,128,4608,4608,34.90909090909091,32,32,6.103515625e-05,1.738747369757,1.5385415887726366,1.0,1.2200427668057428,1.4560027184532085
96,2048,1,8,1,False,4,0.6998159885406494,51,False,128,9216,9216,69.81818181818181,16,16,6.103515625e-05,1.2100366716055002,1.0707085891754715,1.0,1.0707085891754715,1.0
96,2048,3,4,1,False,4,0.719538003206253,52,False,128,1536,1536,11.636363636363637,32,32,6.103515625e-05,1.176870444280491,1.0413612435117103,0.9854948429794635,1.0031047450950847,1.0
96,2048,3,3,2,True,4,0.6140120029449463,54,False,128,1152,1152,8.727272727272727,42,43,6.103515625e-05,1.3791310356289022,1.2203328048620907,0.8244724606684987,1.0012491491457676,1.1770356335616903
96,2048,1,16,1,False,4,0.7063270211219788,55,False,128,18432,18432,139.63636363636363,8,8,6.103515625e-05,1.1988823649489153,1.0608386305008666,1.0,1.0608386305008666,1.0
96,2048,3,4,3,True,4,0.6239109933376312,56,False,128,1536,1536,11.636363636363637,32,32,6.103515625e-05,1.3572497015640665,1.2009709682536582,0.782709407064607,1.0157506725944172,1.1532702755517452
96,2048,6,4,3,True,4,0.7115010023117065,57,False,128,768,768,5.818181818181818,32,32,6.103515625e-05,1.1901641835482029,1.053124292640885,0.6863532195594104,1.3188624936604707,1.0518017667076651
96,2048,6,4,2,True,4,0.7412710189819336,58,False,128,768,768,5.818181818181818,32,32,6.103515625e-05,1.1423662706698625,1.0108300076291783,0.6570053191968392,1.2682986096369515,1.009560595358938
96,2048,1,4,3,True,4,0.48834100365638733,59,False,128,4608,4608,34.90909090909091,32,32,6.103515625e-05,1.7340403594408764,1.5343765609738311,1.0,1.0834560345856112,1.452061133876134
96,2048,1,1,1,False,4,0.7492989897727966,60,True,128,1152,1152,8.727272727272727,128,128,6.103515625e-05,1.130126986781083,1.0,1.0,1.0,1.0
96,2048,1,2,1,False,4,0.7324199974536896,61,False,128,2304,2304,17.454545454545453,64,64,6.103515625e-05,1.1561713394691726,1.0230455099229787,1.0,1.0230455099229787,1.0
96,2048,3,1,2,True,4,0.614778995513916,62,False,128,384,384,2.909090909090909,128,128,6.103515625e-05,1.3774104445487227,1.2188103289807917,0.9665001822715691,1.0,1.1740348817367765
96,2048,6,2,1,False,4,0.8873709738254547,63,False,128,384,384,2.909090909090909,64,64,6.103515625e-05,0.9542829712577525,0.844403312565623,0.8253819643167144,1.1362665926095816,1.0
96,2048,2,4,2,True,4,0.5445189774036407,64,False,128,2304,2304,17.454545454545453,32,32,6.103515625e-05,1.555139572082026,1.3760750696799988,0.8944022571256949,1.3121838539436075,1.1439325379939003
96,2048,6,32,3,True,4,0.6828649938106537,65,False,128,6144,6144,46.54545454545455,4,4,6.103515625e-05,1.2400738318485889,1.0972871600745198,0.775715531349753,1.3741691178431317,1.0906562943972733
96,2048,1,2,3,True,4,0.5122329890727997,66,False,128,2304,2304,17.454545454545453,64,64,6.103515625e-05,1.6531598463481445,1.462808928275224,1.0,1.0329206018238521,1.4298571413361205
96,2048,3,16,1,False,4,0.7050639986991882,67,False,128,6144,6144,46.54545454545455,8,8,6.103515625e-05,1.201029993124531,1.062738972852422,1.0017913585506006,1.0236971205792267,1.0
96,2048,2,16,2,True,4,0.5359410047531128,68,False,128,9216,9216,69.81818181818181,8,8,6.103515625e-05,1.5800302682570995,1.3980997593531206,0.9455686297363383,1.3331859364709142,1.122515319301419
96,2048,6,32,2,True,4,0.7177579998970032,69,False,128,6144,6144,46.54545454545455,4,4,6.103515625e-05,1.179789023085155,1.0439437663952467,0.7332108811664791,1.3098467768716793,1.0376352528707693
96,2048,6,16,3,True,4,0.7100650072097778,70,False,128,3072,3072,23.272727272727273,8,8,6.103515625e-05,1.1925711039297353,1.0552540713380454,0.7037693716247763,1.3215296861876111,1.0324787033634255
96,2048,3,1,1,False,4,0.7217719852924347,71,False,128,384,384,2.909090909090909,128,128,6.103515625e-05,1.173227870803198,1.038138089370716,1.038138089370716,1.0,1.0
96,2048,3,16,3,True,4,0.6124610006809235,72,False,128,6144,6144,46.54545454545455,8,8,6.103515625e-05,1.3826235606325619,1.223423187663768,0.8159246113322896,1.0347401882196108,1.151198195338659
96,2048,6,1,1,False,4,1.0082899928092957,73,False,128,192,192,1.4545454545454546,128,128,6.103515625e-05,0.8398407358488993,0.7431383779631703,0.7431383779631703,1.0,1.0
96,2048,6,2,2,True,4,0.9175989925861359,74,False,128,384,384,2.909090909090909,64,64,6.103515625e-05,0.9228464899720888,0.8165865436065844,0.5593696139331596,1.024579375451635,0.9670574848001006
96,2048,6,1,3,True,4,0.9383719861507416,75,False,128,192,192,1.4545454545454546,128,128,6.103515625e-05,0.9024171885007749,0.7985095472068239,0.5638446321458195,1.0,1.0745099040577308
96,2048,6,8,1,False,4,0.7373020052909851,76,False,128,1536,1536,11.636363636363637,16,16,6.103515625e-05,1.148515809577704,1.0162714659606504,0.949157853252357,1.3675400115199223,1.0
96,2048,1,16,2,True,4,0.5067690014839172,77,False,128,18432,18432,139.63636363636363,8,8,6.103515625e-05,1.6709842295610782,1.4785809463063149,1.0,1.1724947845686038,1.3937849770876223
96,2048,6,16,2,True,4,0.6981349885463715,78,False,128,3072,3072,23.272727272727273,8,8,6.103515625e-05,1.2129502508866077,1.0732866881990213,0.7258897058563004,1.3466636369228555,1.0501221253416626
96,2048,1,32,3,True,4,0.529708981513977,79,False,128,36864,36864,279.27272727272725,4,4,6.103515625e-05,1.5986193156283046,1.414548395292832,1.0,0.9988428095647574,1.3555877197384687
96,2048,6,1,2,True,4,0.9401530027389526,80,False,128,192,192,1.4545454545454546,128,128,6.103515625e-05,0.9007076582673721,0.7969968585856344,0.6320077790422332,1.0,1.0724743630790299
96,2048,2,4,3,True,4,0.5363239943981171,81,False,128,2304,2304,17.454545454545453,32,32,6.103515625e-05,1.578901966637451,1.3971013745407532,0.9105335744010893,1.2435971633103649,1.1614117255861802
96,2048,2,2,3,True,4,0.5735790133476257,82,False,128,1152,1152,8.727272727272727,64,64,6.103515625e-05,1.4763493604268663,1.306357053406822,0.8930469510786538,1.1628232249225532,1.1577619964711845
96,2048,3,8,1,False,4,0.7134300172328949,83,False,128,3072,3072,23.272727272727273,16,16,6.103515625e-05,1.1869461461608317,1.0502767919396256,0.9809174994555895,1.011692762931247,1.0
96,2048,2,1,3,True,4,0.6669709980487823,84,True,128,576,576,4.363636363636363,128,128,6.103515625e-05,1.2696249341985706,1.1234356395778289,0.7932818801641639,1.0,1.2722487250016565
96,8192,1,2,2,True,4,2.0348020792007446,0,False,512,2304,2304,17.454545454545453,256,256,3.0517578125e-05,1.648962804665749,1.4683413480818062,1.0,1.1499580207739608,1.4426616967668644
96,8192,6,1,3,True,4,3.7223140001296997,1,False,512,192,192,1.4545454545454546,512,512,3.0517578125e-05,0.901405132221958,0.8026684551462283,0.5619149866070597,1.0,1.0751973264527854
96,8192,3,2,3,True,4,2.4722360372543335,2,True,512,768,768,5.818181818181818,256,256,3.0517578125e-05,1.3571976513961705,1.2085351006255527,0.8199055588031199,1.010605768879789,1.18114412536341
96,8192,3,2,1,False,4,2.920067071914673,3,True,512,768,768,5.818181818181818,256,256,3.0517578125e-05,1.1490533815918467,1.0231902057284628,1.005295751045772,0.99635656606423,1.0
96,8192,3,1,2,True,4,2.52476704120636,4,False,512,384,384,2.909090909090909,512,512,3.0517578125e-05,1.328959420293824,1.1833899838242856,0.9267932183344656,1.0,1.1523550303714276
96,8192,3,32,3,True,4,2.4750559329986572,5,False,512,12288,12288,93.0909090909091,16,16,3.0517578125e-05,1.3556513607324516,1.207158185081268,0.7865999889992782,1.009454359382792,1.1146410552138941
96,8192,1,8,2,True,4,1.9601660370826721,6,False,512,9216,9216,69.81818181818181,64,64,3.0517578125e-05,1.7117493518315883,1.5242504826274932,1.0,1.1937442682901354,1.4188874585999465
96,8192,2,3,2,True,4,2.2439709901809692,7,False,512,1728,1728,13.090909090909092,170,171,3.0517578125e-05,1.4952568273567395,1.3314717708593586,0.8987691800478257,1.266341645384647,1.1516570013280534
96,8192,6,3,2,True,4,3.62439501285553,8,True,512,576,576,4.363636363636363,170,171,3.0517578125e-05,0.9257580731563327,0.8243538624945068,0.5564547903146694,1.0306271991412603,0.9648890268987298
96,8192,3,3,2,True,4,2.4303380250930786,9,False,512,1152,1152,8.727272727272727,170,171,3.0517578125e-05,1.380595171871227,1.2293697408363002,0.8298483363518192,1.0388542725901944,1.1864983305908383
96,8192,6,1,2,True,4,3.735400080680847,10,False,512,192,192,1.4545454545454546,512,512,3.0517578125e-05,0.8982472749872051,0.7998564982385243,0.6264220488098108,1.0,1.0714306298423986
96,8192,2,8,3,True,4,2.0278269052505493,11,False,512,4608,4608,34.90909090909091,64,64,3.0517578125e-05,1.6546347889806647,1.473392043629151,0.9675105794048374,1.3088489002033727,1.1658751328947257
96,8192,1,32,3,True,4,1.946878969669342,12,False,512,36864,36864,279.27272727272725,16,16,3.0517578125e-05,1.723431705684521,1.534653193444649,1.0,1.074347226569196,1.4271365070100737
96,8192,6,32,3,True,4,2.623803973197937,13,False,512,6144,6144,46.54545454545455,16,16,3.0517578125e-05,1.2787971120300745,1.1387222744432852,0.7420062586826762,1.4186707689114748,1.0891705307704027
96,8192,3,8,2,True,4,2.410477042198181,14,False,512,3072,3072,23.272727272727273,64,64,3.0517578125e-05,1.3919705040620316,1.2394990600402649,0.8131859390351804,1.0474138508715911,1.1846717104141644
96,8192,2,32,2,True,4,2.0690499544143677,15,False,512,18432,18432,139.63636363636363,16,16,3.0517578125e-05,1.621668406941996,1.4440366805445053,0.9457412918967468,1.3734003424317958,1.1422846343742317
96,8192,6,16,2,True,4,2.726619005203247,16,False,512,3072,3072,23.272727272727273,32,32,3.0517578125e-05,1.2305763794118518,1.0957834674927636,0.7247946860991116,1.3699750766618028,1.0536906748171104
96,8192,2,1,2,True,4,2.841633915901184,17,True,512,576,576,4.363636363636363,512,512,3.0517578125e-05,1.1807688966136467,1.0514317172716283,0.8234477208941782,1.0,1.2236213895057895
96,8192,1,1,2,True,4,2.3399369716644287,18,True,512,1152,1152,8.727272727272727,512,512,3.0517578125e-05,1.433933043534877,1.2768651738204866,1.0,1.0,1.2768651738204866
96,8192,3,3,1,False,4,2.8835920095443726,19,False,512,1152,1152,8.727272727272727,170,171,3.0517578125e-05,1.1635879598614645,1.0361327185552072,1.0083788206887807,1.0089596554645204,1.0
96,8192,3,3,3,True,4,2.4656410217285156,20,False,512,1152,1152,8.727272727272727,170,171,3.0517578125e-05,1.3608278390446087,1.2117676505717463,0.816999282899592,1.0133089039580538,1.1695100722824834
96,8192,3,4,3,True,4,2.4664000272750854,21,False,512,1536,1536,11.636363636363637,128,128,3.0517578125e-05,1.3604090603119054,1.2113947433556553,0.7997522482603994,1.012997070082775,1.1721934765201347
96,8192,1,8,3,True,4,1.9619439840316772,22,False,512,9216,9216,69.81818181818181,64,64,3.0517578125e-05,1.7101981355061882,1.5228691809607973,1.0,1.0660977268229592,1.41760163869452
96,8192,1,4,3,True,4,1.97250896692276,23,False,512,4608,4608,34.90909090909091,128,128,3.0517578125e-05,1.701038119331371,1.514712520021857,1.0,1.0603875858639156,1.431417605950514
96,8192,1,8,1,False,4,2.781255006790161,24,False,512,9216,9216,69.81818181818181,64,64,3.0517578125e-05,1.2064024820690264,1.0742574919447883,1.0,1.0742574919447883,1.0
96,8192,1,1,3,True,4,2.0916240215301514,25,True,512,1152,1152,8.727272727272727,512,512,3.0517578125e-05,1.604166384073147,1.4284517663301344,1.0,1.0,1.4284517663301344
96,8192,2,4,3,True,4,2.0974819660186768,26,False,512,2304,2304,17.454545454545453,128,128,3.0517578125e-05,1.5996861941213374,1.4244623202765976,0.9404176049565119,1.2653834730116373,1.1720167611691397
96,8192,6,4,3,True,4,2.791993021965027,27,False,512,768,768,5.818181818181818,128,128,3.0517578125e-05,1.2017626537966994,1.0701258937783653,0.7064877853937087,1.3332103521913194,1.0561190661260962
96,8192,2,4,1,False,4,2.458284020423889,28,False,512,2304,2304,17.454545454545453,128,128,3.0517578125e-05,1.364900440950672,1.2153941543085371,1.1485589295990448,1.41443544023128,1.0
96,8192,1,32,1,False,4,2.778462052345276,29,False,512,36864,36864,279.27272727272725,16,16,3.0517578125e-05,1.207615177117991,1.0753373527384766,1.0,1.0753373527384766,1.0
96,8192,1,1,1,False,4,2.9877840280532837,30,True,512,1152,1152,8.727272727272727,512,512,3.0517578125e-05,1.1230105362216358,1.0,1.0,1.0,1.0
96,8192,6,32,2,True,4,2.7440420389175415,32,False,512,6144,6144,46.54545454545455,16,16,3.0517578125e-05,1.2227629518322347,1.0888258946761227,0.7131034981004352,1.361276550323687,1.0414454026560065
96,8192,3,16,3,True,4,2.3877090215682983,33,False,512,6144,6144,46.54545454545455,32,32,3.0517578125e-05,1.4052436511944475,1.2513183143609532,0.8041310703108482,1.0463821088386636,1.1541008275021587
96,8192,2,1,1,False,4,3.4770840406417847,34,True,512,576,576,4.363636363636363,512,512,3.0517578125e-05,0.964978960600345,0.8592786349512024,0.8592786349512024,1.0,1.0
96,8192,3,2,2,True,4,2.442228078842163,35,True,512,768,768,5.818181818181818,256,256,3.0517578125e-05,1.3738737067707774,1.223384520855138,0.8331744675400771,1.033796582341862,1.1956569892927644
96,8192,6,3,3,True,4,3.540015935897827,36,True,512,576,576,4.363636363636363,170,171,3.0517578125e-05,0.9478242483130446,0.844002988166073,0.5690445984190495,1.0514963964945083,0.9878879192570156
96,8192,3,16,2,True,4,2.38372802734375,37,False,512,6144,6144,46.54545454545455,32,32,3.0517578125e-05,1.4075905073774164,1.2534081043560363,0.8290538783446422,1.0591674101427475,1.1560282574254257
96,8192,2,2,3,True,4,2.268265962600708,38,False,512,1152,1152,8.727272727272727,256,256,3.0517578125e-05,1.4792414111841992,1.3172106257890515,0.8936342135532217,1.1701092634202728,1.1619426502373342
96,8192,6,2,2,True,4,3.6366820335388184,39,False,512,384,384,2.909090909090909,256,256,3.0517578125e-05,0.9226302746609761,0.8215686717999653,0.559521580505266,1.0271450861614007,0.9564652682853275
96,8192,1,16,3,True,4,1.9200310111045837,40,False,512,18432,18432,139.63636363636363,32,32,3.0517578125e-05,1.7475305992731145,1.556112380879946,1.0,1.0893699161279957,1.457510816748945
96,8192,2,3,3,True,4,2.2175869941711426,41,False,512,1728,1728,13.090909090909092,170,171,3.0517578125e-05,1.5130468172287677,1.3473131092067998,0.9083868871592737,1.1968500093643488,1.165358972798663
96,8192,1,4,2,True,4,1.962361991405487,42,False,512,4608,4608,34.90909090909091,128,128,3.0517578125e-05,1.709833842152338,1.5225447909910683,1.0,1.1924084251084144,1.4388191758271147
96,8192,6,2,3,True,4,3.5663399696350098,43,False,512,384,384,2.909090909090909,256,256,3.0517578125e-05,0.9408281240786897,0.8377731942249641,0.568369837670208,1.0437350425990524,0.9753304750789428
96,8192,2,16,1,False,4,2.3673830032348633,44,False,512,9216,9216,69.81818181818181,32,32,3.0517578125e-05,1.4173088760347425,1.262061957854173,1.1820926159199574,1.4687458834884735,1.0
96,8192,6,4,2,True,4,2.9403109550476074,45,False,512,768,768,5.818181818181818,128,128,3.0517578125e-05,1.1411422107238418,1.0161455960717962,0.6673994762481555,1.2704098776587955,1.0028453140054157
96,8192,3,4,1,False,4,2.8910980224609375,46,False,512,1536,1536,11.636363636363637,128,128,3.0517578125e-05,1.1605669947511756,1.033442659100865,0.9766130519314301,1.00634014407218,1.0
96,8192,6,4,1,False,4,2.9486770629882812,47,False,512,768,768,5.818181818181818,128,128,3.0517578125e-05,1.1379045150702867,1.013262545958617,0.9575426548362308,1.357294127387843,1.0
96,8192,1,3,2,True,4,2.016811966896057,48,False,512,3456,3456,26.181818181818183,170,171,3.0517578125e-05,1.6636716751648886,1.481439061793939,1.0,1.1602157315962738,1.4417571680750574
96,8192,6,8,3,True,4,2.7875159978866577,49,False,512,1536,1536,11.636363636363637,64,64,3.0517578125e-05,1.203692802481626,1.071844620916421,0.7038323674264528,1.335351618771607,1.0390304583439374
96,8192,3,8,1,False,4,2.855623960494995,50,False,512,3072,3072,23.272727272727273,64,64,3.0517578125e-05,1.1749841680404396,1.0462806270666605,0.9739570213957923,1.0188414303491882,1.0
96,8192,6,16,1,False,4,2.8730130195617676,51,False,512,3072,3072,23.272727272727273,32,32,3.0517578125e-05,1.1678725159311518,1.0399479597586447,0.9740526576538822,1.3930400015269342,1.0
96,8192,6,2,1,False,4,3.4783600568771362,52,False,512,384,384,2.909090909090909,256,256,3.0517578125e-05,0.9646249636591531,0.858963413562111,0.8439411021756048,1.150606031495892,1.0
96,8192,2,2,2,True,4,2.303676962852478,53,False,512,1152,1152,8.727272727272727,256,256,3.0517578125e-05,1.456503232685851,1.296963105605625,0.8832844674025803,1.2335210021732355,1.1440818337497878
96,8192,2,3,1,False,4,2.5842849016189575,54,False,512,1728,1728,13.090909090909092,170,171,3.0517578125e-05,1.2983525699339804,1.1561356978023394,1.125167394705726,1.3454724122961528,1.0
96,8192,2,16,2,True,4,2.0717469453811646,55,False,512,9216,9216,69.81818181818181,32,32,3.0517578125e-05,1.6195573262164213,1.4421568400109719,0.9538997851036128,1.3716124559693144,1.1426989230092996
96,8192,2,2,1,False,4,2.635594964027405,56,False,512,1152,1152,8.727272727272727,256,256,3.0517578125e-05,1.2730760944888757,1.1336279165929597,1.1138020296103306,1.3192786024027439,1.0
96,8192,3,1,3,True,4,2.4984560012817383,57,False,512,384,384,2.909090909090909,512,512,3.0517578125e-05,1.3429545854468683,1.195852168907723,0.8371666423011344,1.0,1.164490388847177
96,8192,6,3,1,False,4,3.4971389770507812,58,True,512,576,576,4.363636363636363,170,171,3.0517578125e-05,0.9594451251371687,0.8543509559271081,0.83146627257694,1.1444275127242423,1.0
96,8192,1,16,1,False,4,2.7984659671783447,59,False,512,18432,18432,139.63636363636363,32,32,3.0517578125e-05,1.1989829366557112,1.067650656858202,1.0,1.067650656858202,1.0
96,8192,2,4,2,True,4,2.146685004234314,60,False,512,2304,2304,17.454545454545453,128,128,3.0517578125e-05,1.563020628010275,1.391812968441998,0.9141359759511751,1.3237311996385546,1.145153581254329
96,8192,1,2,3,True,4,2.027000069618225,61,False,512,2304,2304,17.454545454545453,256,256,3.0517578125e-05,1.6553097327177264,1.4739930564560944,1.0,1.0318815736025593,1.4482145630697396
96,8192,3,8,3,True,4,2.42959201335907,62,False,512,3072,3072,23.272727272727273,64,64,3.0517578125e-05,1.3810190867476624,1.2297472216014067,0.8075199347231807,1.0283438484914427,1.1753512296687658
96,8192,1,32,2,True,4,1.9567859768867493,63,False,512,36864,36864,279.27272727272725,16,16,3.0517578125e-05,1.7147061472695482,1.5268834013246837,1.0,1.1958062860749203,1.4199110608743297
96,8192,3,16,1,False,4,2.7556569576263428,64,False,512,6144,6144,46.54545454545455,32,32,3.0517578125e-05,1.2176090838058247,1.0842365628219883,1.0155349559870024,1.0558019540125365,1.0
96,8192,1,3,3,True,4,2.0144269466400146,65,False,512,3456,3456,26.181818181818183,170,171,3.0517578125e-05,1.6656414118442409,1.4831930405998544,1.0,1.038322101984834,1.44346416472534
96,8192,2,8,1,False,4,2.3641929626464844,66,False,512,4608,4608,34.90909090909091,64,64,3.0517578125e-05,1.4192212718976247,1.2637648767504788,1.1764077851229269,1.4707276840675165,1.0
96,8192,6,8,1,False,4,2.896314024925232,67,False,512,1536,1536,11.636363636363637,64,64,3.0517578125e-05,1.1584769174140825,1.031581521320159,0.9602739837100223,1.381832918224585,1.0
96,8192,3,32,1,False,4,2.7587989568710327,68,False,512,12288,12288,93.0909090909091,16,16,3.0517578125e-05,1.2162223474464688,1.0830017245772634,1.0071274115227826,1.054599499975867,1.0
96,8192,3,32,2,True,4,2.3790420293807983,69,False,512,12288,12288,93.0909090909091,16,16,3.0517578125e-05,1.410363037735763,1.2558769417078877,0.822510049305875,1.0612536516908404,1.159625985081514
96,8192,2,8,2,True,4,2.0577560663223267,70,False,512,4608,4608,34.90909090909091,64,64,3.0517578125e-05,1.6305688503959834,1.4519622014251312,0.952574539403949,1.3809381794120152,1.1489179895223585
96,8192,2,32,1,False,4,2.363443970680237,71,False,512,18432,18432,139.63636363636363,16,16,3.0517578125e-05,1.4196710330699502,1.2641653727011568,1.1755988662365413,1.4711937679830103,1.0
96,8192,6,16,3,True,4,2.7544740438461304,72,False,512,3072,3072,23.272727272727273,32,32,3.0517578125e-05,1.2181319881938197,1.0847021901434866,0.6970590321568628,1.3513701493923516,1.0430350672501232
96,8192,3,1,1,False,4,2.9094280004501343,73,False,512,384,384,2.909090909090909,512,512,3.0517578125e-05,1.1532551906902104,1.026931763766289,1.026931763766289,1.0,1.0
96,8192,1,3,1,False,4,2.907753109931946,74,False,512,3456,3456,26.181818181818183,170,171,3.0517578125e-05,1.1539194754870665,1.0275232851950113,1.0,1.0275232851950113,1.0
96,8192,2,1,3,True,4,2.6541190147399902,75,True,512,576,576,4.363636363636363,512,512,3.0517578125e-05,1.2641908387771599,1.1257159198439264,0.7880671552082062,1.0,1.310070882779315
96,8192,2,32,3,True,4,2.0360320806503296,76,False,512,18432,18432,139.63636363636363,16,16,3.0517578125e-05,1.6479666383188007,1.4674542982146699,0.956212325027555,1.3035742609184415,1.160808807062278
96,8192,2,16,3,True,4,2.019426941871643,77,False,512,9216,9216,69.81818181818181,32,32,3.0517578125e-05,1.6615173710363544,1.4795207323935913,0.9507801303893978,1.3142931589691986,1.1723043573147183
96,8192,3,4,2,True,4,2.4224720001220703,78,False,512,1536,1536,11.636363636363637,128,128,3.0517578125e-05,1.38507811165185,1.2333616355122894,0.8100659125499086,1.0422275432199566,1.193449510382474
96,8192,1,4,1,False,4,2.8234840631484985,79,False,512,4608,4608,34.90909090909091,128,128,3.0517578125e-05,1.1883590870057932,1.0581905054996388,1.0,1.0581905054996388,1.0
96,8192,6,1,1,False,4,4.002222061157227,80,False,512,192,192,1.4545454545454546,512,512,3.0517578125e-05,0.838362512670869,0.746531297463634,0.746531297463634,1.0,1.0
96,8192,1,16,2,True,4,1.9762389659881592,81,False,512,18432,18432,139.63636363636363,32,32,3.0517578125e-05,1.6978275406996812,1.5118536166294705,1.0,1.1840354390008767,1.416056466521019
96,8192,6,32,1,False,4,2.8577699661254883,82,False,512,6144,6144,46.54545454545455,16,16,3.0517578125e-05,1.1741018287793221,1.0454949360756514,0.9722483213413652,1.4004703347706342,1.0
96,8192,1,2,1,False,4,2.9355310201644897,83,False,512,2304,2304,17.454545454545453,256,256,3.0517578125e-05,1.1430003363652228,1.0178001893115292,1.0,1.0178001893115292,1.0
96,8192,6,8,2,True,4,2.9129589796066284,84,False,512,1536,1536,11.636363636363637,64,64,3.0517578125e-05,1.1518572581861983,1.025686955762336,0.6729123378686839,1.2823387170337988,0.9942858945841921
96,16384,1,8,2,True,4,3.9346799850463867,0,False,1024,9216,9216,69.81818181818181,128,128,3.0517578125e-05,1.7159060364132046,1.5283224922324363,1.0,1.1941551006577857,1.4231485034093903
96,16384,6,32,1,False,4,5.660696029663086,1,False,1024,6144,6144,46.54545454545455,32,32,3.0517578125e-05,1.1927051200622676,1.0623181123613679,0.9859803526813317,1.4156992386706135,1.0
96,16384,6,8,2,True,4,5.830518007278442,2,False,1024,1536,1536,11.636363636363637,128,128,3.0517578125e-05,1.1579659181683555,1.031376614114966,0.6748422661819389,1.279514241790982,0.9976485756573359
96,16384,1,1,3,True,4,4.230674982070923,3,True,1024,1152,1152,8.727272727272727,1024,1024,3.0517578125e-05,1.5958543651562713,1.421394918391859,1.0,1.0,1.421394918391859
96,16384,2,8,2,True,4,4.100334167480469,4,False,1024,4608,4608,34.90909090909091,128,128,3.0517578125e-05,1.646583147110649,1.4665780093182668,0.9595998336555405,1.3849671195242623,1.1588721580495647
96,16384,3,16,2,True,4,4.760823965072632,5,False,1024,6144,6144,46.54545454545455,64,64,3.0517578125e-05,1.4181455116230726,1.2631132688375795,0.8753990754265389,1.0633136159570176,1.1655093765166193
96,16384,3,16,1,False,4,5.548784971237183,6,False,1024,6144,6144,46.54545454545455,64,64,3.0517578125e-05,1.2167602768340755,1.0837435496337842,1.00658200853502,1.0476792903934387,1.0
96,16384,2,3,2,True,4,4.481346845626831,7,False,1024,1728,1728,13.090909090909092,341,342,3.0517578125e-05,1.5065874993103634,1.3418867425429202,0.9080022372689358,1.2672145666573615,1.1526919023920401
96,16384,3,8,3,True,4,4.877482891082764,8,False,1024,3072,3072,23.272727272727273,128,128,3.0517578125e-05,1.3842265136467802,1.232902309483701,0.8188775238363202,1.028973372596241,1.1709029474847692
96,16384,2,32,2,True,4,4.1568520069122314,9,False,1024,18432,18432,139.63636363636363,32,32,3.0517578125e-05,1.6241956957978048,1.4466379632673192,0.9610726659971743,1.366136680252096,1.13476853389034
96,16384,6,1,2,True,4,7.460230827331543,10,False,1024,192,192,1.4545454545454546,1024,1024,3.0517578125e-05,0.9050043214427291,0.8060688817901013,0.6298220902743698,1.0,1.0742084588294534
96,16384,3,3,2,True,4,4.877152919769287,11,False,1024,1152,1152,8.727272727272727,341,342,3.0517578125e-05,1.3843201656294781,1.2329857233936483,0.8343131799934905,1.0379516550971042,1.191156184839635
96,16384,3,32,3,True,4,4.894298791885376,12,False,1024,12288,12288,93.0909090909091,32,32,3.0517578125e-05,1.3794705686725128,1.2286662863438873,0.8228913361376414,1.025438011373343,1.1294796902813142
96,16384,6,2,2,True,4,7.267271995544434,13,False,1024,384,384,2.909090909090909,512,512,3.0517578125e-05,0.9290337752370744,0.8274714259449808,0.5646509442492127,1.026551755859064,0.9557711540260885
96,16384,3,4,3,True,4,4.922430992126465,14,False,1024,1536,1536,11.636363636363637,256,256,3.0517578125e-05,1.3715867522560599,1.2216443319371746,0.8066758089586776,1.0195775274951695,1.174782133947155
96,16384,2,1,1,False,4,6.991672039031982,15,True,1024,576,576,4.363636363636363,1024,1024,3.0517578125e-05,0.9656547246501115,0.8600889583081417,0.8600889583081417,1.0,1.0
96,16384,6,32,2,True,4,5.453001022338867,16,False,1024,6144,6144,46.54545454545455,32,32,3.0517578125e-05,1.2381331142313785,1.1027798997741474,0.7326308621752865,1.368096355890971,1.0380882025279972
96,16384,2,32,1,False,4,4.71706485748291,17,False,1024,18432,18432,139.63636363636363,32,32,3.0517578125e-05,1.431301315898808,1.2748308752515314,1.1832220324244809,1.4822081633965138,1.0
96,16384,3,1,3,True,4,5.0188000202178955,18,False,1024,384,384,2.909090909090909,1024,1024,3.0517578125e-05,1.3452500817918998,1.1981867969750464,0.8429654429401322,1.0,1.158314154338263
96,16384,1,4,1,False,4,5.640005111694336,19,False,1024,4608,4608,34.90909090909091,256,256,3.0517578125e-05,1.1970806770540419,1.0662153316872884,1.0,1.0662153316872884,1.0
96,16384,6,16,2,True,4,5.426610231399536,20,False,1024,3072,3072,23.272727272727273,64,64,3.0517578125e-05,1.24415442602261,1.1081429593170344,0.7679970957151737,1.3747497073154509,1.055609251551337
96,16384,1,4,3,True,4,3.9708060026168823,21,False,1024,4608,4608,34.90909090909091,256,256,3.0517578125e-05,1.7002948855335267,1.514417958701615,1.0,1.0654448943823442,1.4203678316133803
96,16384,2,16,2,True,4,4.163654088973999,22,False,1024,9216,9216,69.81818181818181,64,64,3.0517578125e-05,1.6215422783497888,1.4442746184914237,1.0009527228329549,1.3639048488828012,1.1349331075536353
96,16384,6,16,1,False,4,5.728379964828491,23,False,1024,3072,3072,23.272727272727273,64,64,3.0517578125e-05,1.178612658229534,1.0497662441746256,0.9750238558841968,1.3989719796423683,1.0
96,16384,3,8,2,True,4,4.806218862533569,24,False,1024,3072,3072,23.272727272727273,128,128,3.0517578125e-05,1.4047510799656506,1.2511831218841374,0.81866433834689,1.0532705833890537,1.1882644666882256
96,16384,1,1,2,True,4,4.698618173599243,25,True,1024,1152,1152,8.727272727272727,1024,1024,3.0517578125e-05,1.4369205771243774,1.2798358365597386,1.0,1.0,1.2798358365597386
96,16384,3,1,1,False,4,5.813347101211548,26,False,1024,384,384,2.909090909090909,1024,1024,3.0517578125e-05,1.1613862066292648,1.0344229952534445,1.0344229952534445,1.0,1.0
96,16384,3,1,2,True,4,5.062248945236206,27,False,1024,384,384,2.909090909090909,1024,1024,3.0517578125e-05,1.3337038953899734,1.1879028443557884,0.9281681372111984,1.0,1.1483724257935117
96,16384,2,16,3,True,4,4.012971878051758,28,False,1024,9216,9216,69.81818181818181,64,64,3.0517578125e-05,1.6824292177629443,1.4985053729812405,0.9809916737683779,1.321527857323809,1.177548464723309
96,16384,1,8,3,True,4,3.9940611124038696,29,False,1024,9216,9216,69.81818181818181,128,128,3.0517578125e-05,1.6903950509740255,1.5056003780733118,1.0,1.0592414244569845,1.4019900483554308
96,16384,1,16,2,True,4,4.167620897293091,30,False,1024,18432,18432,139.63636363636363,64,64,3.0517578125e-05,1.6199988684384663,1.4428999347778915,1.0,1.1274101674293455,1.3401667903394392
96,16384,2,2,1,False,4,5.26371693611145,31,False,1024,1152,1152,8.727272727272727,512,512,3.0517578125e-05,1.282656575124077,1.142436037855333,1.1138087790133624,1.328276600716499,1.0
96,16384,2,1,3,True,4,5.303254127502441,32,True,1024,576,576,4.363636363636363,1024,1024,3.0517578125e-05,1.2730940240412238,1.133918868737148,0.7977507546038252,1.0,1.3183739400255177
96,16384,2,32,3,True,4,4.0258948802948,33,False,1024,18432,18432,139.63636363636363,32,32,3.0517578125e-05,1.677028670257015,1.4936952155200927,1.0003927554155327,1.3172857923985601,1.1716810790493115
96,16384,6,3,1,False,4,6.983504056930542,34,True,1024,576,576,4.363636363636363,341,342,3.0517578125e-05,0.9667841648914021,0.8610949276839504,0.8315404296188661,1.1475389710107962,1.0
96,16384,6,1,1,False,4,8.013843059539795,35,False,1024,192,192,1.4545454545454546,1024,1024,3.0517578125e-05,0.8424848212691388,0.7503840387446407,0.7503840387446407,1.0,1.0
96,16384,3,2,1,False,4,5.840618848800659,36,True,1024,768,768,5.818181818181818,512,512,3.0517578125e-05,1.155963316983389,1.029592938104155,1.0037933111978607,0.9953306750029217,1.0
96,16384,2,4,3,True,4,4.212368965148926,37,False,1024,2304,2304,17.454545454545453,256,256,3.0517578125e-05,1.6027895926387863,1.4275719839918097,0.9426538927309984,1.2589718923909479,1.1740749750565374
96,16384,6,8,1,False,4,5.816807985305786,38,False,1024,1536,1536,11.636363636363637,128,128,3.0517578125e-05,1.1606952051281074,1.033807534316788,0.9626643936432566,1.3777045898341636,1.0
96,16384,2,3,3,True,4,4.42692494392395,39,False,1024,1728,1728,13.090909090909092,341,342,3.0517578125e-05,1.5251085625388676,1.3583830756238102,0.9220772723030306,1.1979543802253236,1.1668623900782582
96,16384,2,4,1,False,4,4.945636987686157,40,False,1024,2304,2304,17.454545454545453,256,256,3.0517578125e-05,1.3651509713522376,1.2159121132132684,1.1404001397063803,1.4137050609335307,1.0
96,16384,3,32,2,True,4,4.760027885437012,41,False,1024,12288,12288,93.0909090909091,32,32,3.0517578125e-05,1.4183826860240047,1.2633245152367614,0.8392885370821864,1.063491447334546,1.1613400628419608
96,16384,2,3,1,False,4,5.16561222076416,42,False,1024,1728,1728,13.090909090909092,341,342,3.0517578125e-05,1.307016641813764,1.1641330521696795,1.124177680314932,1.3535030777044448,1.0
96,16384,6,16,3,True,4,5.475701093673706,43,False,1024,3072,3072,23.272727272727273,64,64,3.0517578125e-05,1.2330003084893795,1.0982082144386527,0.718938439496568,1.356943329608384,1.046145482894732
96,16384,1,8,1,False,4,5.5996339321136475,44,False,1024,9216,9216,69.81818181818181,128,128,3.0517578125e-05,1.2057111624700196,1.0739023289355145,1.0,1.0739023289355145,1.0
96,16384,2,1,2,True,4,5.678828001022339,45,True,1024,576,576,4.363636363636363,1024,1024,3.0517578125e-05,1.1888969231820117,1.0589262291093509,0.8273922317691904,1.0,1.23118221537495
96,16384,1,2,2,True,4,4.103471994400024,46,False,1024,2304,2304,17.454545454545453,512,512,3.0517578125e-05,1.6453240443480757,1.4654565521806167,1.0,1.1450347851798208,1.4287350179757854
96,16384,1,2,1,False,4,5.862774133682251,47,False,1024,2304,2304,17.454545454545453,512,512,3.0517578125e-05,1.1515949589302787,1.0257021307260026,1.0,1.0257021307260026,1.0
96,16384,2,16,1,False,4,4.725468873977661,48,False,1024,9216,9216,69.81818181818181,64,64,3.0517578125e-05,1.4287558161423686,1.2725636505613784,1.1819582924425076,1.4795721282884562,1.0
96,16384,3,8,1,False,4,5.711059093475342,49,False,1024,3072,3072,23.272727272727273,128,128,3.0517578125e-05,1.1821872313330954,1.052950043496016,0.9804895800344645,1.01791051468073,1.0
96,16384,3,32,1,False,4,5.528011083602905,50,False,1024,12288,12288,93.0909090909091,32,32,3.0517578125e-05,1.221332778749598,1.0878161837844724,1.0096461427699173,1.0516163975240573,1.0
96,16384,1,32,2,True,4,3.9950368404388428,51,False,1024,36864,36864,279.27272727272725,32,32,3.0517578125e-05,1.6899821972489435,1.5052326576849835,1.0,1.176113853579161,1.3970672338370553
96,16384,3,4,1,False,4,5.7827839851379395,52,False,1024,1536,1536,11.636363636363637,256,256,3.0517578125e-05,1.1675243541946456,1.0398901180362414,0.9753096650660732,1.0052851906888027,1.0
96,16384,3,2,2,True,4,4.900912046432495,53,True,1024,768,768,5.818181818181818,512,512,3.0517578125e-05,1.377609121267528,1.2270083331245532,0.8372874182443351,1.0329197702948276,1.1917412092820971
96,16384,6,8,3,True,4,5.553148031234741,55,False,1024,1536,1536,11.636363636363637,128,128,3.0517578125e-05,1.215804278891897,1.0828920617745692,0.7192426871998568,1.338018729592152,1.047479367124384
96,16384,1,3,1,False,4,5.807065963745117,56,False,1024,3456,3456,26.181818181818183,341,342,3.0517578125e-05,1.162642404933365,1.0355418654492006,1.0,1.0355418654492006,1.0
96,16384,6,1,3,True,4,7.430216073989868,57,False,1024,192,192,1.4545454545454546,1024,1024,3.0517578125e-05,0.9086601345726246,0.8093250399451813,0.5693878805060295,1.0,1.0785477810790678
96,16384,6,3,3,True,4,7.0743279457092285,58,True,1024,576,576,4.363636363636363,341,342,3.0517578125e-05,0.9543720887000022,0.8500397446983646,0.5770112593464749,1.0503069876053026,0.9871614817017673
96,16384,3,2,3,True,4,4.933264970779419,59,True,1024,768,768,5.818181818181818,512,512,3.0517578125e-05,1.368574600733157,1.2189614700410258,0.8398557425175118,1.0173384259603153,1.1839256320906446
96,16384,3,4,2,True,4,4.843078851699829,60,False,1024,1536,1536,11.636363636363637,256,256,3.0517578125e-05,1.3940597178849667,1.241660543844453,0.8144467836291857,1.0452542897292396,1.1940305252532264
96,16384,1,3,3,True,4,4.081966876983643,61,False,1024,3456,3456,26.181818181818183,341,342,3.0517578125e-05,1.6539921418187362,1.4731770497184453,1.0,1.0364305026397391,1.422614670513013
96,16384,3,3,1,False,4,5.80945086479187,62,False,1024,1152,1152,8.727272727272727,341,342,3.0517578125e-05,1.1621651159170607,1.0351167538618329,0.9995894790915254,1.000670672067009,1.0
96,16384,1,32,1,False,4,5.581335067749023,63,False,1024,36864,36864,279.27272727272725,32,32,3.0517578125e-05,1.2096641853143997,1.07742320571849,1.0,1.07742320571849,1.0
96,16384,6,4,2,True,4,5.863800048828125,64,False,1024,768,768,5.818181818181818,256,256,3.0517578125e-05,1.151393478883135,1.0255226765593692,0.6726747093666242,1.272251912618075,1.0035777017356684
96,16384,6,32,3,True,4,5.21190619468689,65,False,1024,6144,6144,46.54545454545455,32,32,3.0517578125e-05,1.2954072628125874,1.1537928151917636,0.7727453108072211,1.4256235236091477,1.0861085787448939
96,16384,1,3,2,True,4,4.069072961807251,66,False,1024,3456,3456,26.181818181818183,341,342,3.0517578125e-05,1.6592332457702261,1.477845194059224,1.0,1.1547146531165624,1.4271225948148023
96,16384,6,2,1,False,4,6.9458489418029785,67,False,1024,384,384,2.909090909090909,512,512,3.0517578125e-05,0.9720253340181009,0.8657631300749576,0.8440687643518509,1.1537600553489131,1.0
96,16384,1,2,3,True,4,4.14323091506958,68,False,1024,2304,2304,17.454545454545453,512,512,3.0517578125e-05,1.6295353254724227,1.451393862459194,1.0,1.0211052844492192,1.4150247123225554
96,16384,1,1,1,False,4,6.013459920883179,69,True,1024,1152,1152,8.727272727272727,1024,1024,3.0517578125e-05,1.1227381950695257,1.0,1.0,1.0,1.0
96,16384,3,3,3,True,4,4.919899940490723,70,False,1024,1152,1152,8.727272727272727,341,342,3.0517578125e-05,1.3722923676008536,1.222272809126151,0.8296849379779251,1.0201020510423853,1.180806710514609
96,16384,2,2,3,True,4,4.527055025100708,71,False,1024,1152,1152,8.727272727272727,512,512,3.0517578125e-05,1.4913759828985333,1.328338155277758,0.9152154970719426,1.1714578457955602,1.1627243112633372
96,16384,2,4,2,True,4,4.280571222305298,72,False,1024,2304,2304,17.454545454545453,256,256,3.0517578125e-05,1.577252377559852,1.4048265076277915,0.9214728102351691,1.3266519130509902,1.155368461553757
96,16384,2,8,1,False,4,4.751763105392456,73,False,1024,4608,4608,34.90909090909091,128,128,3.0517578125e-05,1.4208496905145467,1.2655218257953365,1.1784328906798827,1.471384806851504,1.0
96,16384,2,8,3,True,4,4.037736177444458,74,False,1024,4608,4608,34.90909090909091,128,128,3.0517578125e-05,1.6721105196051866,1.4893147190932086,0.9891832791640609,1.3134226443836032,1.1768384303899508
96,16384,3,16,3,True,4,4.752003908157349,75,False,1024,6144,6144,46.54545454545455,64,64,3.0517578125e-05,1.4207776904613933,1.26545769681721,0.8284277697410245,1.0561439168016173,1.167672644736691
96,16384,6,4,1,False,4,5.88477897644043,76,False,1024,768,768,5.818181818181818,256,256,3.0517578125e-05,1.1472888216745172,1.0218667421423846,0.9584055976059526,1.3617916818325755,1.0
96,16384,1,4,2,True,4,3.9444299936294556,77,False,1024,4608,4608,34.90909090909091,256,256,3.0517578125e-05,1.711664587430769,1.524544720173855,1.0,1.191203337665482,1.4298656892892911
96,16384,1,32,3,True,4,4.027476072311401,78,False,1024,36864,36864,279.27272727272725,32,32,3.0517578125e-05,1.6763702667563083,1.49310878895725,1.0,1.0504531637460242,1.3858145815242173
96,16384,6,4,3,True,4,5.615093946456909,79,False,1024,768,768,5.818181818181818,256,256,3.0517578125e-05,1.2023914830410798,1.0709455582088054,0.707166441110471,1.3232576595941534,1.0480285873317738
96,16384,2,2,2,True,4,4.597743034362793,80,False,1024,1152,1152,8.727272727272727,512,512,3.0517578125e-05,1.4684468199365164,1.307915617714941,0.8924970281573663,1.2351338381853205,1.1448480040687954
96,16384,1,16,1,False,4,5.5853071212768555,81,False,1024,18432,18432,139.63636363636363,64,64,3.0517578125e-05,1.208803919121254,1.0766569841746578,1.0,1.0766569841746578,1.0
96,16384,6,3,2,True,4,7.24439001083374,82,True,1024,576,576,4.363636363636363,341,342,3.0517578125e-05,0.931968202650411,0.83008506056276,0.5616860709765887,1.0297942016063493,0.963987864607917
96,16384,1,16,3,True,4,3.936691999435425,83,False,1024,18432,18432,139.63636363636363,64,64,3.0517578125e-05,1.7150290494312421,1.5275413778232056,1.0,1.0746776691388757,1.4187818407124215
96,16384,6,2,3,True,4,7.138108015060425,84,False,1024,384,384,2.909090909090909,512,512,3.0517578125e-05,0.9458446304609696,0.8424445116542936,0.5804382486686855,1.0409223366070022,0.9730658218043484
128,512,3,3,2,True,4,0.21660900115966797,0,False,32,1536,1536,11.636363636363637,10,11,0.0001220703125,1.2779293667531073,1.1577773399491924,0.774898557990763,1.259744514179042,1.14391828806944
128,512,6,8,2,True,4,0.2567170113325119,1,False,32,2048,2048,15.515151515151516,4,4,0.0001220703125,1.0782729288105453,0.9768927733692857,0.6623635715536585,1.017790006458677,0.998293822719973
128,512,3,4,3,True,4,0.2160329967737198,2,False,32,2048,2048,15.515151515151516,8,8,0.0001220703125,1.2813366838351028,1.1608642981255892,0.8003916337517414,1.13520158915924,1.1509491934909253
128,512,1,2,3,True,4,0.17601600289344788,3,False,32,3072,3072,23.272727272727273,16,16,0.0001220703125,1.5726467999194733,1.4247851845806645,1.0,1.0010339703734281,1.4040087167253883
128,512,3,1,3,True,4,0.24524100124835968,4,False,32,512,512,3.878787878787879,32,32,0.0001220703125,1.128730523346161,1.0226063011287323,0.7184687606427208,1.0,1.160670488754755
128,512,6,2,1,False,4,0.25595399737358093,5,False,32,512,512,3.878787878787879,16,16,0.0001220703125,1.0814873239935163,0.979804948330834,0.9655172604507642,1.002605901384788,1.0
128,512,2,16,3,True,4,0.19376499950885773,6,False,32,12288,12288,93.0909090909091,2,2,0.0001220703125,1.428591357503363,1.2942739597314508,0.9874796485120871,0.9715996240660771,1.0891698746222993
128,512,2,16,1,False,4,0.21104300022125244,7,False,32,12288,12288,93.0909090909091,2,2,0.0001220703125,1.3116331903678184,1.188312300852314,1.1613368094683727,1.0667210059891874,1.0
128,512,1,2,2,True,4,0.17238499969244003,8,False,32,3072,3072,23.272727272727273,16,16,0.0001220703125,1.6057719881594612,1.4547959139085702,1.0,1.0641935040929678,1.4335818243262137
128,512,6,2,2,True,4,0.258433997631073,9,False,32,512,512,3.878787878787879,16,16,0.0001220703125,1.0711090886740011,0.9704024836921789,0.6670368499214563,1.0110280033479382,0.9904037383617291
128,512,1,3,2,True,4,0.16785000264644623,10,False,32,4608,4608,34.90909090909091,10,11,0.0001220703125,1.6491569813559266,1.4941018124374845,1.0,1.0929460469665773,1.4287041813714092
128,512,3,8,3,True,4,0.21534600108861923,11,False,32,4096,4096,31.03030303030303,4,4,0.0001220703125,1.2854243974146715,1.1645676813310724,0.8281370147600351,1.1388231033249512,1.1414560943334713
128,512,6,4,3,True,4,0.2445259988307953,12,False,32,1024,1024,7.757575757575758,8,8,0.0001220703125,1.1320309701568483,1.025596437069367,0.7071272750496013,1.0318657158725648,1.049303522479348
128,512,2,4,2,True,4,0.18766500055789948,13,False,32,3072,3072,23.272727272727273,8,8,0.0001220703125,1.4750273245521572,1.3363439769064358,0.8955958737444899,1.0591959177337436,1.1252923915662914
128,512,6,4,2,True,4,0.25406499207019806,14,False,32,1024,1024,7.757575757575758,8,8,0.0001220703125,1.089528318834713,0.9870899218669218,0.6615315190668769,1.0284140545816594,1.009906913267456
128,512,6,3,2,True,4,0.2552400082349777,15,True,32,768,768,5.818181818181818,10,11,0.0001220703125,1.0845125950245278,0.9825457807571277,0.657616350223281,1.0236796747852617,1.0033575484006034
128,512,2,8,2,True,4,0.19394999742507935,16,False,32,6144,6144,46.54545454545455,4,4,0.0001220703125,1.427228705130179,1.2930394251155752,0.8767207979493175,1.0248724162484815,1.1038463435569361
128,512,3,4,2,True,4,0.2230750024318695,17,False,32,2048,2048,15.515151515151516,8,8,0.0001220703125,1.240887596850032,1.1242182693611555,0.7534326944465412,1.2232298462757285,1.1146161635931386
128,512,1,3,1,False,4,0.23980800062417984,18,False,32,4608,4608,34.90909090909091,10,11,0.0001220703125,1.154302621115664,1.0457740880993995,1.0,1.0457740880993995,1.0
128,512,1,4,3,True,4,0.17291100323200226,19,False,32,6144,6144,46.54545454545455,8,8,0.0001220703125,1.6008871529915776,1.4503703551774707,1.0,1.0190097502891495,1.3944803802803223
128,512,2,2,1,False,4,0.2136550024151802,20,False,32,1536,1536,11.636363636363637,16,16,0.0001220703125,1.295598046176756,1.1737847948177673,1.156668458739553,1.0536799932515675,1.0
128,512,1,16,1,False,4,0.2450920045375824,21,False,32,24576,24576,186.1818181818182,2,2,0.0001220703125,1.1294167029530797,1.0232279655342105,1.0,1.0232279655342105,1.0
128,512,6,8,3,True,4,0.24858500063419342,22,False,32,2048,2048,15.515151515151516,4,4,0.0001220703125,1.1135466861588332,1.0088500614754945,0.7174044854961772,1.0150169728232816,1.0309512076213667
128,512,1,32,2,True,4,0.21739700436592102,23,False,32,49152,49152,372.3636363636364,1,1,0.0001220703125,1.273297230991607,1.153580721607242,1.0,0.8438524597467755,1.1828268125346402
128,512,2,2,3,True,4,0.1865749955177307,24,False,32,1536,1536,11.636363636363637,16,16,0.0001220703125,1.4836447023185992,1.344151141345514,0.9434061751148246,1.0090419681241731,1.145142744462111
128,512,2,8,1,False,4,0.214090995490551,25,False,32,6144,6144,46.54545454545455,4,4,0.0001220703125,1.292959580344493,1.1713943998301433,1.1316823182421236,1.0515341898764101,1.0
128,512,2,3,1,False,4,0.2121950015425682,26,False,32,2304,2304,17.454545454545453,10,11,0.0001220703125,1.304512366797984,1.181860983287027,1.130130299398557,1.0609298045026232,1.0
128,512,6,3,1,False,4,0.2560969889163971,27,True,32,768,768,5.818181818181818,10,11,0.0001220703125,1.0808834764369781,0.9792578750449921,0.9363952369719786,1.0020460972055891,1.0
128,512,2,16,2,True,4,0.19497400522232056,28,False,32,12288,12288,93.0909090909091,2,2,0.0001220703125,1.419732868334739,1.2862483533932252,0.9581328541499994,1.0194897636009184,1.0824160891633174
128,512,3,32,3,True,4,0.25455500185489655,29,False,32,16384,16384,124.12121212121212,1,1,0.0001220703125,1.08743101360384,0.9851898070918533,0.9116261720713998,0.9634106556985036,1.0336586938386387
128,512,1,32,1,False,4,0.2571430057287216,30,False,32,49152,49152,372.3636363636364,1,1,0.0001220703125,1.0764866145222909,0.9752744098988356,1.0,0.9752744098988356,1.0
128,512,3,8,2,True,4,0.2196580022573471,31,False,32,4096,4096,31.03030303030303,4,4,0.0001220703125,1.2601908459528421,1.1417066102507707,0.7741124600849644,1.2422584113871793,1.1190487157620728
128,512,6,16,2,True,4,0.25101201236248016,32,False,32,4096,4096,31.03030303030303,2,2,0.0001220703125,1.1027799071434945,0.9990955843560967,0.7442313152684892,1.0409223294256365,1.0299188531095425
128,512,1,1,1,False,4,0.2507849931716919,33,True,32,1536,1536,11.636363636363637,32,32,0.0001220703125,1.10377818139815,1.0,1.0,1.0,1.0
128,512,1,8,1,False,4,0.24228299409151077,34,False,32,12288,12288,93.0909090909091,4,4,0.0001220703125,1.14251107356072,1.0350911920667858,1.0,1.0350911920667858,1.0
128,512,2,32,1,False,4,0.23071199655532837,35,False,32,24576,24576,186.1818181818182,1,1,0.0001220703125,1.1998119205674418,1.0870045637680992,1.1145627863657912,0.9757793476898912,1.0
128,512,1,16,3,True,4,0.19133899360895157,36,False,32,24576,24576,186.1818181818182,2,2,0.0001220703125,1.4467046076908354,1.3106841864352694,1.0,0.9208682187687942,1.2809307706430628
128,512,2,1,3,True,4,0.1882620006799698,37,True,32,768,768,5.818181818181818,32,32,0.0001220703125,1.4703498458807625,1.3321062788342835,0.9359190786738282,1.0,1.1958015993130944
128,512,2,32,3,True,4,0.2271289974451065,38,False,32,24576,24576,186.1818181818182,1,1,0.0001220703125,1.2187391605596216,1.1041522482495996,1.0217057466591972,0.8288769941207957,1.0157751724813906
128,512,2,4,3,True,4,0.1852720007300377,39,False,32,3072,3072,23.272727272727273,8,8,0.0001220703125,1.494078989778615,1.3536043880538327,0.9332818912230196,1.016138433968168,1.139826830060514
128,512,6,16,3,True,4,0.2570919990539551,40,False,32,4096,4096,31.03030303030303,2,2,0.0001220703125,1.0767001878845095,0.9754679029084077,0.7442432837779439,0.9814307553773363,1.0055622300203464
128,512,3,16,1,False,4,0.2468400001525879,41,False,32,8192,8192,62.06060606060606,2,2,0.0001220703125,1.121418747017836,1.0159819843488307,0.9929185074788327,1.1531518092921815,1.0
128,512,1,4,1,False,4,0.24112100154161453,42,False,32,6144,6144,46.54545454545455,8,8,0.0001220703125,1.1480169786754282,1.0400794272099498,1.0,1.0400794272099498,1.0
128,512,6,32,2,True,4,0.27289900183677673,43,False,32,8192,8192,62.06060606060606,1,1,0.0001220703125,1.0143349804209274,0.9189663263103051,0.7966207384516124,0.9574384913963362,1.0324698527493426
128,512,3,4,1,False,4,0.24864300340414047,44,False,32,2048,2048,15.515151515151516,8,8,0.0001220703125,1.1132869209879728,1.0086147196511694,0.9697477839330159,1.1447898749798449,1.0
128,512,6,8,1,False,4,0.25627900660037994,45,False,32,2048,2048,15.515151515151516,4,4,0.0001220703125,1.080115797844626,0.9785623742593362,0.9453875965318791,1.001334411483544,1.0
128,512,3,3,3,True,4,0.2178579941391945,46,False,32,1536,1536,11.636363636363637,10,11,0.0001220703125,1.2706029208555765,1.1511397328456976,0.796169991489516,1.125692000504097,1.1373601357436738
128,512,1,8,3,True,4,0.1783359944820404,47,False,32,12288,12288,93.0909090909091,4,4,0.0001220703125,1.5521880733554,1.4062500052222917,1.0,0.988011414843307,1.3585759554328796
128,512,2,32,2,True,4,0.22200799733400345,48,False,32,24576,24576,186.1818181818182,1,1,0.0001220703125,1.2468514963834607,1.1296214378907912,0.9792305096057178,0.8953461356321283,1.0392057913491741
128,512,6,4,1,False,4,0.25658199191093445,49,False,32,1024,1024,7.757575757575758,8,8,0.0001220703125,1.0788403411455512,0.9774068371047068,0.9397424961347763,1.0001519839274529,1.0
128,512,2,2,2,True,4,0.1884710043668747,50,False,32,1536,1536,11.636363636363637,16,16,0.0001220703125,1.4687193110414036,1.3306290482939103,0.9146499763798048,1.0546662239115439,1.1336226658997515
128,512,3,2,3,True,4,0.22034800052642822,51,True,32,1024,1024,7.757575757575758,16,16,0.0001220703125,1.2562446812481842,1.1381314673722809,0.7988091676481393,1.1129713029501525,1.14598726042286
128,512,2,3,3,True,4,0.18668200075626373,52,False,32,2304,2304,17.454545454545453,10,11,0.0001220703125,1.4827942842031585,1.3433806802784511,0.9291308033825305,1.0084635900478105,1.1366655632731022
128,512,6,1,3,True,4,0.25231799483299255,53,False,32,256,256,1.9393939393939394,32,32,0.0001220703125,1.0970719859604812,0.993924326870482,0.6983172101629657,1.0,1.0170538507157776
128,512,1,16,2,True,4,0.18681100010871887,54,False,32,24576,24576,186.1818181818182,2,2,0.0001220703125,1.4817703642927942,1.3424530302056192,1.0,0.9820138898084133,1.3119784402146852
128,512,1,32,3,True,4,0.23205900192260742,55,False,32,49152,49152,372.3636363636364,1,1,0.0001220703125,1.192847514604562,1.080694957290774,1.0,0.7592810309700964,1.108093215942038
128,512,1,4,2,True,4,0.16807200014591217,56,False,32,6144,6144,46.54545454545455,8,8,0.0001220703125,1.6469786963008908,1.4921283316315164,1.0,1.0915024317941089,1.434629214457403
128,512,2,1,2,True,4,0.19877400249242783,57,True,32,768,768,5.818181818181818,32,32,0.0001220703125,1.3925915875017032,1.261658919310866,0.9229124260490322,1.0,1.1325626021519926
128,512,3,32,1,False,4,0.2631229907274246,58,False,32,16384,16384,124.12121212121212,1,1,0.0001220703125,1.0520213491026813,0.9531093899410943,0.9772730426095764,1.0817906561289758,1.0
128,512,2,1,1,False,4,0.22512400150299072,59,True,32,768,768,5.818181818181818,32,32,0.0001220703125,1.2295934766481138,1.1139860321306534,1.1139860321306534,1.0,1.0
128,512,2,8,3,True,4,0.18823999911546707,60,False,32,6144,6144,46.54545454545455,4,4,0.0001220703125,1.4705217009441267,1.332261975935622,0.9473862904804228,1.00011688038996,1.1373299856383172
128,512,1,1,2,True,4,0.18345099687576294,61,True,32,1536,1536,11.636363636363637,32,32,0.0001220703125,1.5089097818991961,1.3670407762435275,1.0,1.0,1.3670407762435275
128,512,3,32,2,True,4,0.24148700386285782,62,False,32,16384,16384,124.12121212121212,1,1,0.0001220703125,1.1462770221879124,1.038503062939629,0.9002430809460137,1.129965573996932,1.0895948291977404
128,512,6,2,3,True,4,0.255173996090889,63,False,32,512,512,3.878787878787879,16,16,0.0001220703125,1.084793152615762,0.9827999600804395,0.6897881664664363,0.9888076320406913,1.0030567428289758
128,512,6,32,3,True,4,0.27415500581264496,64,False,32,8192,8192,62.06060606060606,1,1,0.0001220703125,1.0096879422809726,0.91475620672444,0.8464518137640515,0.920347939973142,1.0277397321514226
128,512,1,1,3,True,4,0.17619799822568893,65,True,32,1536,1536,11.636363636363637,32,32,0.0001220703125,1.5710224092922735,1.4233135205682972,1.0,1.0,1.4233135205682972
128,512,6,3,3,True,4,0.25079798698425293,66,True,32,768,768,5.818181818181818,10,11,0.0001220703125,1.1037209947876414,0.9999481901241821,0.6916004367715127,1.0060606860007815,1.021128566444502
128,512,3,8,1,False,4,0.24580800533294678,67,False,32,4096,4096,31.03030303030303,4,4,0.0001220703125,1.126126886347974,1.0202474603380138,0.9856594937310468,1.1579931759996547,1.0
128,512,3,2,2,True,4,0.23374900221824646,68,True,32,1024,1024,7.757575757575758,16,16,0.0001220703125,1.1842232525405394,1.0728815558217413,0.7374790825052927,1.1673718319358588,1.0802869704965312
128,512,1,8,2,True,4,0.17003999650478363,69,False,32,12288,12288,93.0909090909091,4,4,0.0001220703125,1.6279170158487402,1.474858846898628,1.0,1.0788696815257934,1.4248588512802913
128,512,3,16,3,True,4,0.22169700264930725,70,False,32,8192,8192,62.06060606060606,2,2,0.0001220703125,1.2486005691419866,1.1312060613124195,0.8630653158248708,1.1061989937513754,1.1134115355770202
128,512,1,3,3,True,4,0.1734519973397255,71,False,32,4608,4608,34.90909090909091,10,11,0.0001220703125,1.5958940106226143,1.4458466723822208,1.0,1.015831474575557,1.382561194464014
128,512,2,4,1,False,4,0.2111779972910881,72,False,32,3072,3072,23.272727272727273,8,8,0.0001220703125,1.3107947193165244,1.1875526635760705,1.1417903599552226,1.0660390968320408,1.0
128,512,6,32,1,False,4,0.28175999224185944,74,False,32,8192,8192,62.06060606060606,1,1,0.0001220703125,0.982435446148743,0.8900660139017218,0.9126313628941085,0.9107786602630878,1.0
128,512,3,1,1,False,4,0.2846439927816391,75,False,32,512,512,3.878787878787879,32,32,0.0001220703125,0.9724814529894171,0.881047903807611,0.881047903807611,1.0,1.0
128,512,3,2,1,False,4,0.2525160014629364,76,True,32,1024,1024,7.757575757575758,16,16,0.0001220703125,1.0962117334398989,0.9931449560375738,0.9786627418216692,1.127231506647385,1.0
128,512,3,3,1,False,4,0.24778299778699875,77,False,32,1536,1536,11.636363636363637,10,11,0.0001220703125,1.1171509189785171,1.0121154212012309,0.9678145908555258,1.148763213472488,1.0
128,512,1,2,1,False,4,0.24712800234556198,78,False,32,3072,3072,23.272727272727273,16,16,0.0001220703125,1.1201118491539033,1.0147979621549172,1.0,1.0147979621549172,1.0
128,512,6,1,1,False,4,0.25662098824977875,79,False,32,256,256,1.9393939393939394,32,32,0.0001220703125,1.0786763996698785,0.9772583095486856,0.9772583095486856,1.0,1.0
128,512,2,3,2,True,4,0.18904999643564224,80,False,32,2304,2304,17.454545454545453,10,11,0.0001220703125,1.464221152626319,1.3265538106321304,0.8878603851420168,1.0514361610162521,1.122427958441169
128,512,3,1,2,True,4,0.2728720009326935,81,False,32,512,512,3.878787878787879,32,32,0.0001220703125,1.014435349683516,0.9190572587678222,0.672296887363731,1.0,1.0431410764340359
128,512,6,1,2,True,4,0.2612840086221695,82,False,32,256,256,1.9393939393939394,32,32,0.0001220703125,1.0594257380874805,0.9598176118552294,0.7021133740375317,1.0,0.9821534413951306
128,512,3,16,2,True,4,0.22231800109148026,83,False,32,8192,8192,62.06060606060606,2,2,0.0001220703125,1.2451128668213165,1.128046275787168,0.8402873325217114,1.2273949909274826,1.110301455305984
128,512,6,16,1,False,4,0.25852200388908386,84,False,32,4096,4096,31.03030303030303,2,2,0.0001220703125,1.0707444608999719,0.9700721385375326,0.9480508461582888,0.9926466002479204,1.0
128,2048,6,8,3,True,4,0.9406999945640564,0,False,128,2048,2048,15.515151515151516,16,16,6.103515625e-05,1.1805931406693069,1.0578856337218205,0.6952354681283691,1.0256032586322663,1.0443520781187716
128,2048,2,4,3,True,4,0.7069219946861267,1,False,128,3072,3072,23.272727272727273,32,32,6.103515625e-05,1.5710134489493122,1.4077267610457613,0.9340011869968616,1.0415151688637518,1.1667199401560668
128,2048,3,3,3,True,4,0.830363005399704,2,False,128,1536,1536,11.636363636363637,42,43,6.103515625e-05,1.3374680155402492,1.1984553784552125,0.7976716185445748,1.1633671075733394,1.1654746103874407
128,2048,1,3,3,True,4,0.6623570024967194,3,False,128,4608,4608,34.90909090909091,42,43,6.103515625e-05,1.6767150597392226,1.5024420458156762,1.0,1.0403422936130566,1.4262701218667453
128,2048,6,1,3,True,4,0.9647849798202515,4,False,128,256,256,1.9393939393939394,128,128,6.103515625e-05,1.1511206996784833,1.0314764747653062,0.7142296134175802,1.0,1.0326632422293127
128,2048,2,32,2,True,4,0.7352650165557861,5,False,128,24576,24576,186.1818181818182,4,4,6.103515625e-05,1.5104539669414787,1.3534616600598264,0.9484893034039414,1.0602857154437932,1.14440372252892
128,2048,1,3,2,True,4,0.6552570164203644,6,False,128,4608,4608,34.90909090909091,42,43,6.103515625e-05,1.6948829744350433,1.5187216389196105,1.0,1.1080064167658588,1.4417243600551368
128,2048,3,2,2,True,4,0.9073930084705353,7,True,128,1024,1024,7.757575757575758,64,64,6.103515625e-05,1.2239282765490274,1.0967166383273101,0.7444877513120562,1.2264751236876523,1.0923436705229015
128,2048,1,2,3,True,4,0.6752600073814392,8,False,128,3072,3072,23.272727272727273,64,64,6.103515625e-05,1.6446760490328214,1.4737330791298742,1.0,1.0204632225152073,1.444800517398605
128,2048,1,8,1,False,4,0.9431740045547485,9,False,128,12288,12288,93.0909090909091,16,16,6.103515625e-05,1.177496364029097,1.0551107272738074,1.0,1.0551107272738074,1.0
128,2048,1,2,1,False,4,0.9756160080432892,10,False,128,3072,3072,23.272727272727273,64,64,6.103515625e-05,1.1383412652662228,1.0200252985674194,1.0,1.0200252985674194,1.0
128,2048,6,32,1,False,4,0.9833000004291534,11,False,128,8192,8192,62.06060606060606,4,4,6.103515625e-05,1.1294457037783725,1.0120543165434592,0.9680260451627175,1.0132187378017865,1.0
128,2048,3,16,1,False,4,0.936367005109787,12,False,128,8192,8192,62.06060606060606,8,8,6.103515625e-05,1.1860562738215725,1.0627809442888587,1.0045847351670851,1.2026064392407931,1.0
128,2048,3,8,1,False,4,0.9521990120410919,13,False,128,4096,4096,31.03030303030303,16,16,6.103515625e-05,1.1663359728019254,1.0451103154983787,0.9905219314741802,1.1826109622019338,1.0
128,2048,1,8,3,True,4,0.6540080010890961,14,False,128,12288,12288,93.0909090909091,16,16,6.103515625e-05,1.6981198382291403,1.5216220722595402,1.0,1.0536232003593369,1.4421444431629502
128,2048,6,1,2,True,4,1.0108739733695984,15,False,128,256,256,1.9393939393939394,128,128,6.103515625e-05,1.0986374071023042,0.9844481469577411,0.7182190836356244,1.0,0.9855808058786115
128,2048,3,3,2,True,4,0.8170849978923798,16,False,128,1536,1536,11.636363636363637,42,43,6.103515625e-05,1.3592024867359722,1.2179308302789131,0.8019447402786238,1.3620308231920233,1.18441410954143
128,2048,3,32,2,True,4,0.8491970002651215,17,False,128,16384,16384,124.12121212121212,4,4,6.103515625e-05,1.3078048564270153,1.171875324077712,0.8212358300283182,1.3105262406129108,1.1223650058294068
128,2048,2,8,3,True,4,0.691305011510849,18,False,128,6144,6144,46.54545454545455,16,16,6.103515625e-05,1.6065035585128986,1.4395281291489561,0.9460484015004604,1.065043603632934,1.1604096541580449
128,2048,6,16,3,True,4,0.9395619928836823,19,False,128,4096,4096,31.03030303030303,8,8,6.103515625e-05,1.1820230803519418,1.0591669495242235,0.7062333241315416,1.026845473877839,1.0314370124989258
128,2048,3,16,2,True,4,0.8226799964904785,20,False,128,8192,8192,62.06060606060606,8,8,6.103515625e-05,1.3499586300234454,1.209647753849364,0.8180483586769722,1.3527677311284803,1.1381910452475967
128,2048,3,2,3,True,4,0.8389849960803986,22,True,128,1024,1024,7.757575757575758,64,64,6.103515625e-05,1.3237232682329803,1.186139221250324,0.804853496231928,1.1514115417329667,1.1814096963714225
128,2048,6,1,1,False,4,0.9962979853153229,23,False,128,256,256,1.9393939393939394,128,128,6.103515625e-05,1.1147106361541879,0.9988507701102592,0.9988507701102592,1.0,1.0
128,2048,2,32,3,True,4,0.7359679937362671,24,False,128,24576,24576,186.1818181818182,4,4,6.103515625e-05,1.509011221224323,1.3521688692458567,0.9521351458036749,1.0004103261763075,1.1433106183327564
128,2048,2,2,3,True,4,0.7190819978713989,25,False,128,1536,1536,11.636363636363637,64,64,6.103515625e-05,1.5444468979858912,1.3839214621382911,0.9390584236294609,1.023902674310443,1.1685301562624075
128,2048,6,4,2,True,4,0.9859319925308228,26,False,128,1024,1024,7.757575757575758,32,32,6.103515625e-05,1.1264305950344333,1.009352589661907,0.6633956412094556,1.0252978714837635,1.002606673980125
128,2048,6,8,2,True,4,0.9810760021209717,27,False,128,2048,2048,15.515151515151516,16,16,6.103515625e-05,1.1320060409275392,1.0143485395016345,0.6546373438582567,1.0303727450107911,1.0013719549610918
128,2048,6,2,1,False,4,0.9956589937210083,28,False,128,512,512,3.878787878787879,64,64,6.103515625e-05,1.1154260324204672,0.9994918101150201,0.9798696282521249,1.0006417775547092,1.0
128,2048,2,16,3,True,4,0.6986340284347534,29,False,128,12288,12288,93.0909090909091,8,8,6.103515625e-05,1.5896505406388153,1.4244267662156238,0.9497819494257126,1.0538707688181024,1.1484997526689824
128,2048,6,3,2,True,4,0.9847150146961212,30,True,128,768,768,5.818181818181818,42,43,6.103515625e-05,1.1278227146284558,1.0106000162885806,0.6654280747639192,1.0265650043749457,1.0066333746479774
128,2048,2,3,3,True,4,0.7142190039157867,31,False,128,2304,2304,17.454545454545453,42,43,6.103515625e-05,1.5549627704122637,1.393344344571442,0.9273864163026634,1.0308742509403108,1.164583932552571
128,2048,3,1,1,False,4,1.1260809898376465,32,False,128,512,512,3.878787878787879,128,128,6.103515625e-05,0.9862380868094562,0.8837312936390009,0.8837312936390009,1.0,1.0
128,2048,1,32,1,False,4,0.9518600106239319,33,False,128,49152,49152,372.3636363636364,4,4,6.103515625e-05,1.166751359038611,1.045482527666227,1.0,1.045482527666227,1.0
128,2048,2,3,1,False,4,0.8317679762840271,34,False,128,2304,2304,17.454545454545453,42,43,6.103515625e-05,1.3352088475100703,1.1964310219508754,1.1357734724181034,1.0653692065161178,1.0
128,2048,1,16,2,True,4,0.6729920208454132,35,False,128,24576,24576,186.1818181818182,8,8,6.103515625e-05,1.6502186156900682,1.4786995671083853,1.0,1.0788077069808006,1.3977283098628037
128,2048,3,4,1,False,4,0.9766809940338135,36,False,128,2048,2048,15.515151515151516,32,32,6.103515625e-05,1.1371000027584544,1.0189130493687655,0.9706413796958718,1.1529670350057621,1.0
128,2048,1,32,3,True,4,0.7007409930229187,37,False,128,49152,49152,372.3636363636364,4,4,6.103515625e-05,1.5848708325440526,1.42014384744145,1.0,0.983356204402286,1.35836210540176
128,2048,2,32,1,False,4,0.8414400219917297,38,False,128,24576,24576,186.1818181818182,4,4,6.103515625e-05,1.319861109507452,1.1826784843629545,1.1312274027218632,1.05312317662487,1.0
128,2048,1,3,1,False,4,0.9447000026702881,39,False,128,4608,4608,34.90909090909091,42,43,6.103515625e-05,1.1755943239873015,1.0534063798863254,1.0,1.0534063798863254,1.0
128,2048,1,1,3,True,4,0.6890780031681061,40,True,128,1536,1536,11.636363636363637,128,128,6.103515625e-05,1.6116955640783144,1.444180492362538,1.0,1.0,1.444180492362538
128,2048,2,1,3,True,4,0.7362699806690216,41,True,128,768,768,5.818181818181818,128,128,6.103515625e-05,1.5083922883842584,1.3516142665320279,0.9359039771551817,1.0,1.2035530609220655
128,2048,3,16,3,True,4,0.8151429891586304,42,False,128,8192,8192,62.06060606060606,8,8,6.103515625e-05,1.3624406708770145,1.2208324467326663,0.8140289474203759,1.1850890220191388,1.1487150322868886
128,2048,6,16,1,False,4,0.9690990149974823,43,False,128,4096,4096,31.03030303030303,8,8,6.103515625e-05,1.1459963778962923,1.0268847604742384,0.9706541697907473,1.0280662449315474,1.0
128,2048,6,3,3,True,4,0.9502760171890259,44,True,128,768,768,5.818181818181818,42,43,6.103515625e-05,1.168696190287064,1.0472252186635553,0.6970153834419726,1.015268156165978,1.0431148217780535
128,2048,3,1,2,True,4,1.1128949522972107,45,False,128,512,512,3.878787878787879,128,128,6.103515625e-05,0.9979234416667438,0.8942021058118194,0.6523787149236,1.0,1.0118484116701378
128,2048,6,32,3,True,4,0.9056330025196075,46,False,128,8192,8192,62.06060606060606,4,4,6.103515625e-05,1.2263068571045526,1.0988479959573516,0.7737582343767857,1.0653156158577197,1.0857599024035836
128,2048,6,32,2,True,4,0.9457510113716125,47,False,128,8192,8192,62.06060606060606,4,4,6.103515625e-05,1.1742878914814072,1.0522357342745532,0.7373938753275731,1.0688584640301242,1.0397028272833502
128,2048,1,16,1,False,4,0.9406599998474121,48,False,128,24576,24576,186.1818181818182,8,8,6.103515625e-05,1.1806433367955809,1.0579306126049128,1.0,1.0579306126049128,1.0
128,2048,1,2,2,True,4,0.6755429804325104,49,False,128,3072,3072,23.272727272727273,64,64,6.103515625e-05,1.6439871232159615,1.4731157583109993,1.0,1.0747339545439165,1.4441953159200318
128,2048,2,3,2,True,4,0.7234620153903961,50,False,128,2304,2304,17.454545454545453,42,43,6.103515625e-05,1.5350964354509802,1.37554286019357,0.9057241465079174,1.0775838641631512,1.1497051104130003
128,2048,2,8,2,True,4,0.7014050185680389,51,False,128,6144,6144,46.54545454545455,16,16,6.103515625e-05,1.5833704230934988,1.4187993862991963,0.9156606684433777,1.1114705105920495,1.1437001277275738
128,2048,1,4,1,False,4,0.9480069875717163,52,False,128,6144,6144,46.54545454545455,32,32,6.103515625e-05,1.1714934336662408,1.0497317244892428,1.0,1.0497317244892428,1.0
128,2048,3,4,2,True,4,0.8683129847049713,53,False,128,2048,2048,15.515151515151516,32,32,6.103515625e-05,1.2790134209352229,1.1460763888376442,0.7532571755749269,1.2816748936160864,1.1248029353904716
128,2048,2,16,2,True,4,0.7106980085372925,54,False,128,12288,12288,93.0909090909091,8,8,6.103515625e-05,1.5626664879724417,1.40024735954961,0.9469451338839643,1.0969370741929365,1.129004161014679
128,2048,3,8,2,True,4,0.8407929837703705,55,False,128,4096,4096,31.03030303030303,16,16,6.103515625e-05,1.3208768180126627,1.1835886230031825,0.7638610223309801,1.3236254033741488,1.1325011393067805
128,2048,1,4,3,True,4,0.6602659821510315,56,False,128,6144,6144,46.54545454545455,32,32,6.103515625e-05,1.682025109626109,1.507200184158322,1.0,1.043636991448825,1.4357955932899569
128,2048,1,1,2,True,4,0.7260289788246155,57,True,128,1536,1536,11.636363636363637,128,128,6.103515625e-05,1.52966891598174,1.3706794617242213,1.0,1.0,1.3706794617242213
128,2048,1,1,1,False,4,0.99515300989151,58,True,128,1536,1536,11.636363636363637,128,128,6.103515625e-05,1.1159931688605889,1.0,1.0,1.0,1.0
128,2048,3,2,1,False,4,0.9911850094795227,59,True,128,1024,1024,7.757575757575758,64,64,6.103515625e-05,1.1204608124502948,1.0040032893698332,0.9842925374301121,1.1360956623314535,1.0
128,2048,1,32,2,True,4,0.697391003370285,60,False,128,49152,49152,372.3636363636364,4,4,6.103515625e-05,1.5924839231404686,1.4269656549657639,1.0,1.041064446366431,1.3648871379525591
128,2048,6,16,2,True,4,0.9244329929351807,61,False,128,4096,4096,31.03030303030303,8,8,6.103515625e-05,1.2013677243212058,1.0765009659940685,0.7280051945231708,1.0935070265719937,1.0483172089309383
128,2048,3,4,3,True,4,0.8339049816131592,62,False,128,2048,2048,15.515151515151516,32,32,6.103515625e-05,1.3317871765936624,1.1933649898174519,0.7917760376892949,1.1584257548852073,1.1712137660389788
128,2048,6,4,1,False,4,0.9885019958019257,63,False,128,1024,1024,7.757575757575758,32,32,6.103515625e-05,1.1235019916262428,1.0067283769965367,0.9590339641172321,1.007886670483728,1.0
128,2048,2,2,1,False,4,0.84026899933815,64,False,128,1536,1536,11.636363636363637,64,64,6.103515625e-05,1.3217005052962167,1.1843266985636227,1.1610758088323467,1.0545908388828005,1.0
128,2048,2,8,1,False,4,0.8021970093250275,65,False,128,6144,6144,46.54545454545455,16,16,6.103515625e-05,1.3844279498678635,1.2405344302253591,1.1757386198040551,1.1046413519352727,1.0
128,2048,3,3,1,False,4,0.9677670001983643,66,False,128,1536,1536,11.636363636363637,42,43,6.103515625e-05,1.1475737039828198,1.0282981437551935,0.9761647198929617,1.1635868856933873,1.0
128,2048,2,16,1,False,4,0.8023810088634491,67,False,128,12288,12288,93.0909090909091,8,8,6.103515625e-05,1.3841104771199548,1.2402499546956092,1.1723358223293836,1.1043880389871443,1.0
128,2048,6,4,3,True,4,0.9463030099868774,68,False,128,1024,1024,7.757575757575758,32,32,6.103515625e-05,1.17360290444958,1.0516219428545515,0.6977320955157773,1.0195307101830209,1.044593523818162
128,2048,3,32,3,True,4,0.8589479923248291,69,False,128,16384,16384,124.12121212121212,4,4,6.103515625e-05,1.292958329181342,1.1585719028203656,0.815813063520054,1.1246513368209134,1.1096236380659001
128,2048,6,2,3,True,4,0.957874983549118,70,False,128,512,512,3.878787878787879,64,64,6.103515625e-05,1.1594247475751418,1.038917423445249,0.7049563032531303,1.0072138811325153,1.0394456592152486
128,2048,1,4,2,True,4,0.6540629863739014,71,False,128,6144,6144,46.54545454545455,32,32,6.103515625e-05,1.6979770819428441,1.5214941536572768,1.0,1.1100291469628798,1.4494123766694529
128,2048,2,4,1,False,4,0.8247799873352051,72,False,128,3072,3072,23.272727272727273,32,32,6.103515625e-05,1.3465214700446149,1.2065678425427924,1.1494059047609138,1.0743955994401306,1.0
128,2048,3,1,3,True,4,0.9660170078277588,73,False,128,512,512,3.878787878787879,128,128,6.103515625e-05,1.1496525961869988,1.0301609617922443,0.7133187072115907,1.0,1.1656947866475111
128,2048,2,1,2,True,4,0.7795909941196442,74,True,128,768,768,5.818181818181818,128,128,6.103515625e-05,1.4245725891999432,1.2765065494571164,0.9312947228751485,1.0,1.1366729420725386
128,2048,2,2,2,True,4,0.727063000202179,75,False,128,1536,1536,11.636363636363637,64,64,6.103515625e-05,1.5274934368839457,1.36873009576169,0.9291395384508054,1.072246825794819,1.1557031496644599
128,2048,3,32,1,False,4,0.9531089961528778,76,False,128,16384,16384,124.12121212121212,4,4,6.103515625e-05,1.1652224094964294,1.0441124928086276,0.9986895669498584,1.1814818602939974,1.0
128,2048,3,8,3,True,4,0.8232350051403046,77,False,128,4096,4096,31.03030303030303,16,16,6.103515625e-05,1.3490485147928102,1.2088322334178505,0.794436578869278,1.173440149891488,1.1566551544765857
128,2048,1,8,2,True,4,0.6422489881515503,78,False,128,12288,12288,93.0909090909091,16,16,6.103515625e-05,1.72921091585732,1.5494816313461994,1.0,1.1304478359930024,1.4685488369071429
128,2048,6,8,1,False,4,0.9824219942092896,79,False,128,2048,2048,15.515151515151516,16,16,6.103515625e-05,1.130455107434603,1.0129588056428511,0.9600497648812005,1.0141242675630462,1.0
128,2048,6,2,2,True,4,0.9869189858436584,80,False,128,512,512,3.878787878787879,64,64,6.103515625e-05,1.1253040796054876,1.0083431610557303,0.684496893992802,1.0242724963948913,1.0088558513948118
128,2048,2,1,1,False,4,0.886139988899231,81,True,128,768,768,5.818181818181818,128,128,6.103515625e-05,1.253282748687997,1.1230200897802793,1.1230200897802793,1.0,1.0
128,2048,6,3,1,False,4,0.9912469983100891,82,True,128,768,768,5.818181818181818,42,43,6.103515625e-05,1.120390743077497,1.0039405028091686,0.953041980738246,1.0050955887017512,1.0
128,2048,2,4,2,True,4,0.7170269787311554,83,False,128,3072,3072,23.272727272727273,32,32,6.103515625e-05,1.548873325485268,1.3878878193014772,0.9121874152229605,1.087254757832406,1.1502774816014991
128,2048,1,16,3,True,4,0.6635499894618988,84,False,128,24576,24576,186.1818181818182,8,8,6.103515625e-05,1.6737005178925548,1.4997408269096988,1.0,1.0384718771933206,1.4176173834472272
128,8192,3,1,3,True,4,3.8356579542160034,0,False,512,512,512,3.878787878787879,512,512,3.0517578125e-05,1.1567657724209206,1.0345064902908023,0.7354978026830138,1.0,1.1712861122374743
128,8192,3,16,1,False,4,3.718048930168152,1,False,512,8192,8192,62.06060606060606,32,32,3.0517578125e-05,1.193356494087467,1.0672299162003067,1.0031554456815337,1.208336140122616,1.0
128,8192,3,4,2,True,4,3.4998159408569336,2,False,512,2048,2048,15.515151515151516,128,128,3.0517578125e-05,1.2677689087457351,1.1337776372320953,0.7518495442423245,1.370362344450945,1.10949380256214
128,8192,2,3,3,True,4,2.8244649171829224,3,False,512,2304,2304,17.454545454545453,170,171,3.0517578125e-05,1.5709020880940792,1.4048724854156205,0.9754212251051763,1.0377193935052351,1.1689474281980383
128,8192,2,32,3,True,4,2.709515929222107,4,False,512,24576,24576,186.1818181818182,16,16,3.0517578125e-05,1.637546318993208,1.4644730467819027,0.9537423159516403,1.081743786491544,1.1653380228937686
128,8192,6,1,1,False,4,3.9521210193634033,5,False,512,256,256,1.9393939393939394,512,512,3.0517578125e-05,1.122677624094066,1.004021139213787,1.004021139213787,1.0,1.0
128,8192,2,32,2,True,4,2.78711998462677,6,False,512,24576,24576,186.1818181818182,16,16,3.0517578125e-05,1.5919507809583184,1.4236965290546555,0.9456675832740699,1.112387707181381,1.1328905656645747
128,8192,1,1,1,False,4,3.968013048171997,7,True,512,1536,1536,11.636363636363637,512,512,3.0517578125e-05,1.1181812615750246,1.0,1.0,1.0,1.0
128,8192,2,1,3,True,4,2.9310020208358765,8,True,512,768,768,5.818181818181818,512,512,3.0517578125e-05,1.5138023804179335,1.3538076807740929,0.9625097414176996,1.0,1.2059817968231783
128,8192,2,2,3,True,4,2.848438024520874,9,False,512,1536,1536,11.636363636363637,256,256,3.0517578125e-05,1.5576810160359549,1.393048756551213,0.9952801971003284,1.0289857092217727,1.1728849359453228
128,8192,1,4,3,True,4,2.7263519763946533,10,False,512,6144,6144,46.54545454545455,128,128,3.0517578125e-05,1.6274339757182001,1.4554294832537817,1.0,1.0347592759831987,1.383691852200614
128,8192,1,32,1,False,4,3.72460401058197,11,False,512,49152,49152,372.3636363636364,16,16,3.0517578125e-05,1.1912562579928725,1.065351655343354,1.0,1.065351655343354,1.0
128,8192,1,2,1,False,4,3.884320020675659,12,False,512,3072,3072,23.272727272727273,256,256,3.0517578125e-05,1.1422740177261026,1.021546378014904,1.0,1.021546378014904,1.0
128,8192,3,4,3,True,4,3.300897002220154,13,False,512,2048,2048,15.515151515151516,128,128,3.0517578125e-05,1.3441673076036196,1.2021014425785315,0.8259427587594927,1.1620047373899198,1.176354213378141
128,8192,6,8,1,False,4,3.870935082435608,14,False,512,2048,2048,15.515151515151516,64,64,3.0517578125e-05,1.1462237784053386,1.0250786860717145,0.9686948876834721,1.0209732106581113,1.0
128,8192,6,4,2,True,4,3.926939010620117,15,False,512,1024,1024,7.757575757575758,128,128,3.0517578125e-05,1.129876940831446,1.0104595557610643,0.6700728004557891,0.9998596908852382,0.9959698923717983
128,8192,2,1,1,False,4,3.534735083580017,16,True,512,768,768,5.818181818181818,512,512,3.0517578125e-05,1.2552448008797663,1.1225772099880118,1.1225772099880118,1.0,1.0
128,8192,1,8,3,True,4,2.6264690160751343,17,False,512,12288,12288,93.0909090909091,64,64,3.0517578125e-05,1.689324263486456,1.5107785486468825,1.0,1.0741105186861233,1.4276791395443234
128,8192,2,8,2,True,4,2.7469810247421265,18,False,512,6144,6144,46.54545454545455,64,64,3.0517578125e-05,1.6152124081627552,1.444499620649726,0.9542038749839595,1.128641945981198,1.1584069796805125
128,8192,1,1,3,True,4,2.8211179971694946,19,True,512,1536,1536,11.636363636363637,512,512,3.0517578125e-05,1.5727657760514964,1.406539199052721,1.0,1.0,1.406539199052721
128,8192,1,2,3,True,4,2.8349939584732056,20,False,512,3072,3072,23.272727272727273,256,256,3.0517578125e-05,1.5650678277073506,1.3996548515782314,1.0,0.9951054705911317,1.3701334385797321
128,8192,3,3,3,True,4,3.2740299701690674,21,False,512,1536,1536,11.636363636363637,170,171,3.0517578125e-05,1.3551976849869836,1.2119660126284957,0.8414837539324324,1.1715402696872486,1.177861836023261
128,8192,2,32,1,False,4,3.1575019359588623,22,False,512,24576,24576,186.1818181818182,16,16,3.0517578125e-05,1.4052114380742948,1.2566937815564634,1.179604664106371,1.119472024173628,1.0
128,8192,6,2,2,True,4,3.935562014579773,23,False,512,512,512,3.878787878787879,256,256,3.0517578125e-05,1.1274013265993186,1.0082455907115693,0.6845090976412441,0.997668950644921,0.9996091947609804
128,8192,6,2,1,False,4,3.9340239763259888,24,False,512,512,512,3.878787878787879,256,256,3.0517578125e-05,1.1278420931981272,1.0086397724189142,0.9873656195413562,1.0046001354202003,1.0
128,8192,2,16,1,False,4,3.1719800233840942,25,False,512,12288,12288,93.0909090909091,32,32,3.0517578125e-05,1.398797534486822,1.250957767362809,1.1758526233180326,1.114362340721462,1.0
128,8192,1,3,1,False,4,3.7592949867248535,26,False,512,4608,4608,34.90909090909091,170,171,3.0517578125e-05,1.1802632812320637,1.0555205330212678,1.0,1.0555205330212678,1.0
128,8192,6,8,2,True,4,3.884029984474182,27,False,512,2048,2048,15.515151515151516,64,64,3.0517578125e-05,1.1423593159391625,1.0216226610076453,0.6748608915981886,1.0109056935654337,0.9966285270477007
128,8192,6,16,3,True,4,3.6456990242004395,28,False,512,4096,4096,31.03030303030303,32,32,3.0517578125e-05,1.217038983936481,1.0884093892095896,0.7405208038364625,1.0501141181479245,1.044614506280422
128,8192,1,32,3,True,4,2.584179997444153,29,False,512,49152,49152,372.3636363636364,16,16,3.0517578125e-05,1.7169693444494711,1.5355018040912418,1.0,1.0916878855032088,1.4413098214001105
128,8192,6,3,2,True,4,3.926602005958557,30,True,512,768,768,5.818181818181818,170,171,3.0517578125e-05,1.1299739136836657,1.0105462794932105,0.6799316609856635,0.9999455048730636,0.9984816352181209
128,8192,6,8,3,True,4,3.6951760053634644,31,False,512,2048,2048,15.515151515151516,64,64,3.0517578125e-05,1.200743301458707,1.0738360073816555,0.7107831974073424,1.0360534952257099,1.0475644669745185
128,8192,1,4,2,True,4,2.6313350200653076,32,False,512,6144,6144,46.54545454545455,128,128,3.0517578125e-05,1.6862002756460108,1.5079847369923707,1.0,1.0892072110127204,1.4336566751103756
128,8192,3,32,2,True,4,3.199318051338196,33,False,512,16384,16384,124.12121212121212,16,16,3.0517578125e-05,1.386844872861344,1.2402683898564806,0.8238283840065281,1.4990744592752951,1.155046170842831
128,8192,6,32,3,True,4,3.467285990715027,34,False,512,8192,8192,62.06060606060606,16,16,3.0517578125e-05,1.279663070203254,1.1444146974890035,0.7453033884035741,1.104148900922216,1.0945523304009535
128,8192,2,4,2,True,4,2.833901047706604,35,False,512,3072,3072,23.272727272727273,128,128,3.0517578125e-05,1.5656714054083956,1.4001946367828184,0.9285204302368895,1.0940247937899634,1.1583315332831212
128,8192,6,1,3,True,4,3.8284000158309937,36,False,512,256,256,1.9393939393939394,512,512,3.0517578125e-05,1.158958786386912,1.0364677232691681,0.736892170489959,1.0,1.0323166343696597
128,8192,6,4,1,False,4,3.9111130237579346,37,False,512,1024,1024,7.757575757575758,128,128,3.0517578125e-05,1.134448891964758,1.014548294582239,0.9645415494394582,1.010484993748932,1.0
128,8192,2,4,1,False,4,3.2825969457626343,38,False,512,3072,3072,23.272727272727273,128,128,3.0517578125e-05,1.3516608677402824,1.2088030037602202,1.1492215091584712,1.076810568578289,1.0
128,8192,3,8,2,True,4,3.3023120164871216,39,False,512,4096,4096,31.03030303030303,64,64,3.0517578125e-05,1.3435913426711859,1.201586351732149,0.7937408473911136,1.4523206631944254,1.1482328170648544
128,8192,1,3,2,True,4,2.66982102394104,40,False,512,4608,4608,34.90909090909091,170,171,3.0517578125e-05,1.6618933615263598,1.4862468354956013,1.0,1.0735060712851472,1.4080700365358547
128,8192,6,3,3,True,4,3.7502330541610718,41,True,512,768,768,5.818181818181818,170,171,3.0517578125e-05,1.1831152283264357,1.058071056082578,0.7346324855006805,1.0208432277517239,1.0454390260920203
128,8192,3,3,1,False,4,3.8563549518585205,42,False,512,1536,1536,11.636363636363637,170,171,3.0517578125e-05,1.1505574283334028,1.0289543098878033,0.9748311640537938,1.1649998377097601,1.0
128,8192,3,1,1,False,4,4.492652893066406,43,False,512,512,512,3.878787878787879,512,512,3.0517578125e-05,0.987603080353428,0.8832227066319556,0.8832227066319556,1.0,1.0
128,8192,2,8,3,True,4,2.7070640325546265,44,False,512,6144,6144,46.54545454545455,64,64,3.0517578125e-05,1.6390295104929657,1.4657994788647193,0.9702278869246268,1.0827235653047786,1.1754882610250903
128,8192,1,8,1,False,4,3.749755024909973,45,False,512,12288,12288,93.0909090909091,64,64,3.0517578125e-05,1.1832660551625367,1.058205941938104,1.0,1.058205941938104,1.0
128,8192,1,3,3,True,4,2.7550430297851562,46,False,512,4608,4608,34.90909090909091,170,171,3.0517578125e-05,1.610485857455782,1.4402726219784054,1.0,1.0239832796330195,1.364514073313044
128,8192,1,8,2,True,4,2.621179938316345,48,False,512,12288,12288,93.0909090909091,64,64,3.0517578125e-05,1.6927330212213898,1.5138270326915286,1.0,1.0934270618164383,1.430559943671224
128,8192,3,16,3,True,4,3.1883620023727417,49,False,512,8192,8192,62.06060606060606,32,32,3.0517578125e-05,1.3916104359696895,1.2445302776846068,0.8467407308008373,1.203018337115281,1.166131363816663
128,8192,6,32,1,False,4,3.795125961303711,50,False,512,8192,8192,62.06060606060606,16,16,3.0517578125e-05,1.1691200453928883,1.0455550325947272,0.9814177575551366,1.0413675487086498,1.0
128,8192,3,3,2,True,4,3.230892062187195,51,False,512,1536,1536,11.636363636363637,170,171,3.0517578125e-05,1.3732918806168555,1.2281478216532553,0.8263417571844445,1.4844246992927306,1.1935882962453133
128,8192,3,16,2,True,4,3.1974090337753296,52,False,512,8192,8192,62.06060606060606,32,32,3.0517578125e-05,1.3876728905441917,1.2410088938438943,0.8870629205462673,1.4999694837906359,1.1628318087842764
128,8192,3,8,1,False,4,3.7918230295181274,53,False,512,4096,4096,31.03030303030303,64,64,3.0517578125e-05,1.1701384272448445,1.0464657810457627,0.9889055991588562,1.1848266277441069,1.0
128,8192,2,16,3,True,4,2.700773000717163,54,False,512,12288,12288,93.0909090909091,32,32,3.0517578125e-05,1.6428473755376456,1.4692138314172762,0.9996086199135706,1.085245601928625,1.1744711690104304
128,8192,6,1,2,True,4,3.9263880252838135,55,False,512,256,256,1.9393939393939394,512,512,3.0517578125e-05,1.1300354951114144,1.0106013523421886,0.7299505448747045,1.0,1.0065538591483785
128,8192,3,2,1,False,4,3.949846029281616,56,True,512,1024,1024,7.757575757575758,256,256,3.0517578125e-05,1.1233242519476387,1.004599424573946,0.9834104904038817,1.1374248159955527,1.0
128,8192,3,8,3,True,4,3.2439080476760864,57,False,512,4096,4096,31.03030303030303,64,64,3.0517578125e-05,1.3677816297319925,1.2232199525552687,0.8096619810036597,1.1824188287223008,1.1689058301866984
128,8192,1,2,2,True,4,2.6939280033111572,58,False,512,3072,3072,23.272727272727273,256,256,3.0517578125e-05,1.6470216838377179,1.4729469545195113,1.0,1.0638996569034864,1.4418796700956258
128,8192,6,3,1,False,4,3.920639991760254,59,True,512,768,768,5.818181818181818,170,171,3.0517578125e-05,1.1316922353176981,1.0120829906625715,0.9588472786650933,1.0080295634563008,1.0
128,8192,3,2,2,True,4,3.5999200344085693,60,True,512,1024,1024,7.757575757575758,256,256,3.0517578125e-05,1.2325156652764568,1.1022503306309974,0.7483299566552017,1.3322562534774287,1.0972038243984317
128,8192,6,2,3,True,4,3.7613500356674194,61,False,512,512,512,3.878787878787879,256,256,3.0517578125e-05,1.1796184332958053,1.0549438394578736,0.7537171312401293,1.0178260410564732,1.0459074372289656
128,8192,3,2,3,True,4,3.3201669454574585,62,True,512,1024,1024,7.757575757575758,256,256,3.0517578125e-05,1.3363658843184438,1.1951245564928294,0.8538709062060719,1.1552605688891104,1.1896528379952893
128,8192,6,16,1,False,4,3.808350086212158,63,False,512,4096,4096,31.03030303030303,32,32,3.0517578125e-05,1.165060389856172,1.041924444535151,0.9793692667887782,1.037751501279191,1.0
128,8192,3,32,1,False,4,3.6953600645065308,64,False,512,16384,16384,124.12121212121212,16,16,3.0517578125e-05,1.2006834946254752,1.0737825215692143,1.007913693270738,1.2157551130721396,1.0
128,8192,3,1,2,True,4,4.796015977859497,65,False,512,512,512,3.878787878787879,512,512,3.0517578125e-05,0.9251340814196735,0.8273560944104601,0.5975937302286857,1.0,0.9367468569342664
128,8192,1,1,2,True,4,2.8660690784454346,66,True,512,1536,1536,11.636363636363637,512,512,3.0517578125e-05,1.548098707571188,1.3844792081299941,1.0,1.0,1.3844792081299941
128,8192,2,2,1,False,4,3.340890049934387,67,False,512,1536,1536,11.636363636363637,256,256,3.0517578125e-05,1.3280765813404312,1.187711355017483,1.1626602380260747,1.0580219734107792,1.0
128,8192,6,32,2,True,4,3.641658902168274,68,False,512,8192,8192,62.06060606060606,16,16,3.0517578125e-05,1.2183891889241252,1.0896168902061116,0.7237605418199792,1.078186653600646,1.0421420740542342
128,8192,3,4,1,False,4,3.8830240964889526,69,False,512,2048,2048,15.515151515151516,128,128,3.0517578125e-05,1.142655241352491,1.021887309883009,0.9715188271376867,1.156998458270883,1.0
128,8192,6,16,2,True,4,3.6199640035629272,70,False,512,4096,4096,31.03030303030303,32,32,3.0517578125e-05,1.2256911482501138,1.0961471009840167,0.7835169059388848,1.084648361535996,1.0520408718053034
128,8192,1,4,1,False,4,3.7724310159683228,71,False,512,6144,6144,46.54545454545455,128,128,3.0517578125e-05,1.1761534716923716,1.0518450917659714,1.0,1.0518450917659714,1.0
128,8192,2,2,2,True,4,2.8817648887634277,72,False,512,1536,1536,11.636363636363637,256,256,3.0517578125e-05,1.5396668386972514,1.3769385086354775,0.9348188028160508,1.0758539051632174,1.1593208255681022
128,8192,2,8,1,False,4,3.182121992111206,73,False,512,6144,6144,46.54545454545455,64,64,3.0517578125e-05,1.394339326760815,1.2469707503386396,1.1783819206824833,1.1108106767568853,1.0
128,8192,1,16,3,True,4,2.6997159719467163,74,False,512,24576,24576,186.1818181818182,32,32,3.0517578125e-05,1.6434906050326892,1.4697890775934976,1.0,1.04496844352676,1.3815457145734868
128,8192,2,16,2,True,4,2.7974270582199097,75,False,512,12288,12288,93.0909090909091,32,32,3.0517578125e-05,1.5860852647126742,1.4184509428091998,1.0138970334713897,1.1082891331262212,1.1338919504848588
128,8192,3,32,3,True,4,3.2861390113830566,76,False,512,16384,16384,124.12121212121212,16,16,3.0517578125e-05,1.3502039386592215,1.2075000584050022,0.7863879125297666,1.1672232796389423,1.124529440691933
128,8192,2,4,3,True,4,2.7908600568771362,77,False,512,3072,3072,23.272727272727273,128,128,3.0517578125e-05,1.5898173845075938,1.4217886125798973,0.9768859494321385,1.0502146152450058,1.1761954662233163
128,8192,2,3,2,True,4,2.8586210012435913,78,False,512,2304,2304,17.454545454545453,170,171,3.0517578125e-05,1.5521322463596625,1.388086439736427,0.9339541767794971,1.0845642035056848,1.1549803207701332
128,8192,1,16,1,False,4,3.7297810316085815,79,False,512,24576,24576,186.1818181818182,32,32,3.0517578125e-05,1.1896027671730505,1.0638729229797896,1.0,1.0638729229797896,1.0
128,8192,1,16,2,True,4,2.8363029956817627,80,False,512,24576,24576,186.1818181818182,32,32,3.0517578125e-05,1.5643455028980817,1.399008869719931,1.0,1.0104946766297502,1.3150150168325205
128,8192,2,3,1,False,4,3.3016510009765625,81,False,512,2304,2304,17.454545454545453,170,171,3.0517578125e-05,1.3438603398235487,1.2018269184109216,1.1386106483128984,1.07059622065885,1.0
128,8192,6,4,3,True,4,3.7290889024734497,82,False,512,1024,1024,7.757575757575758,128,128,3.0517578125e-05,1.1898235607116137,1.0640703807141934,0.7311040438285888,1.0266314684242772,1.048811955425292
128,8192,2,1,2,True,4,3.100358009338379,83,True,512,768,768,5.818181818181818,512,512,3.0517578125e-05,1.4311114467383645,1.2798564024606878,0.9244316526713178,1.0,1.140105456509629
128,8192,1,32,2,True,4,2.6356890201568604,84,False,512,49152,49152,372.3636363636364,16,16,3.0517578125e-05,1.6834147739808325,1.5054936367021952,1.0,1.0874079060642987,1.4131424390728402
128,16384,1,32,3,True,4,5.407677888870239,0,False,1024,49152,49152,372.3636363636364,32,32,3.0517578125e-05,1.6399397833779992,1.4550860846828761,1.0,1.03722985903235,1.3743607164358356
128,16384,3,2,2,True,4,7.186883926391602,1,True,1024,1024,1024,7.757575757575758,512,512,3.0517578125e-05,1.2339514866917356,1.0948607111417552,0.7663265456421542,1.3320504236070252,1.0983306913460917
128,16384,3,3,2,True,4,6.443228006362915,2,False,1024,1536,1536,11.636363636363637,341,342,3.0517578125e-05,1.3763700581283371,1.2212258884478093,0.8413124628189522,1.4857912476650663,1.196372694960051
128,16384,6,1,1,False,4,7.8905298709869385,3,False,1024,256,256,1.9393939393939394,1024,1024,1.52587890625e-05,1.123912620654286,0.9972254050358418,0.9972254050358418,1.0,1.0
128,16384,6,8,3,True,4,7.365437030792236,4,False,1024,2048,2048,15.515151515151516,128,128,3.0517578125e-05,1.2040380046121952,1.0683190710403776,0.7369379457701616,1.0390103131200255,1.0487404833255765
128,16384,2,1,2,True,4,6.201641798019409,5,True,1024,768,768,5.818181818181818,1024,1024,1.52587890625e-05,1.429986831629662,1.2687989894958671,0.9350894646078854,1.0,1.1391195095444255
128,16384,1,1,1,False,4,7.868636846542358,6,True,1024,1536,1536,11.636363636363637,1024,1024,1.52587890625e-05,1.127039699328449,1.0,1.0,1.0,1.0
128,16384,1,4,2,True,4,5.441595077514648,7,False,1024,6144,6144,46.54545454545455,256,256,3.0517578125e-05,1.6297181211253002,1.4460166062441049,1.0,1.0656966984850487,1.3846043131298933
128,16384,2,16,1,False,4,6.323261976242065,8,False,1024,12288,12288,93.0909090909091,64,64,3.0517578125e-05,1.4024827911562023,1.2443951992036102,1.1777451302769888,1.11720994478367,1.0
128,16384,1,32,2,True,4,5.604779005050659,9,False,1024,49152,49152,372.3636363636364,32,32,3.0517578125e-05,1.582268649247429,1.403915629760185,1.0,1.0346687895051874,1.3260290996138488
128,16384,6,32,1,False,4,7.52435302734375,10,False,1024,8192,8192,62.06060606060606,32,32,3.0517578125e-05,1.17860845622531,1.045755936483505,0.9877394150159394,1.0486655586616536,1.0
128,16384,1,3,3,True,4,5.465753078460693,12,False,1024,4608,4608,34.90909090909091,341,342,3.0517578125e-05,1.6225149541789041,1.4396253788980864,1.0,1.026208995146353,1.3740772858312509
128,16384,2,32,3,True,4,5.364151954650879,13,False,1024,24576,24576,186.1818181818182,32,32,3.0517578125e-05,1.6532466232547356,1.4668929801140358,1.0081142246877668,1.0920960346299844,1.1739756958611813
128,16384,3,1,3,True,4,7.662817001342773,14,False,1024,512,512,3.878787878787879,1024,1024,1.52587890625e-05,1.1573114827220654,1.0268595537598664,0.7319768922293662,1.0,1.1710620573920796
128,16384,2,3,3,True,4,5.635202884674072,15,False,1024,2304,2304,17.454545454545453,341,342,3.0517578125e-05,1.57372614387508,1.3963360339593989,0.9699301321210231,1.0395666666694872,1.1714894731092564
128,16384,6,8,2,True,4,7.719338893890381,16,False,1024,2048,2048,15.515151515151516,128,128,3.0517578125e-05,1.1488375141387839,1.019340769294394,0.7113685737524251,1.0134242391278767,1.0006597841805855
128,16384,6,16,2,True,4,7.217932939529419,17,False,1024,4096,4096,31.03030303030303,64,64,3.0517578125e-05,1.2286434606623031,1.0901510047910423,0.7691272487584727,1.083823472821169,1.0528666566141043
128,16384,2,4,1,False,4,6.553214073181152,18,False,1024,3072,3072,23.272727272727273,256,256,3.0517578125e-05,1.3532697095834225,1.200729406772249,1.1497344555655113,1.0780070793415686,1.0
128,16384,3,3,3,True,4,6.535275936126709,19,False,1024,1536,1536,11.636363636363637,341,342,3.0517578125e-05,1.356984187404924,1.204025189364215,0.8363461821476058,1.1725315160731116,1.1795220476617105
128,16384,6,32,2,True,4,7.238917112350464,20,False,1024,8192,8192,62.06060606060606,32,32,3.0517578125e-05,1.225081869016227,1.0869908750740518,0.7742565521973213,1.0806816853537615,1.0394307477987692
128,16384,1,16,2,True,4,5.551508903503418,21,False,1024,24576,24576,186.1818181818182,64,64,3.0517578125e-05,1.5974514784719727,1.4173870533787056,1.0,1.044597065302407,1.341471504312099
128,16384,2,3,1,False,4,6.601580858230591,22,False,1024,2304,2304,17.454545454545453,341,342,3.0517578125e-05,1.3433549169658736,1.191932207682051,1.1376619201310612,1.0701090110139981,1.0
128,16384,6,1,3,True,4,7.6527650356292725,23,False,1024,256,256,1.9393939393939394,1024,1024,1.52587890625e-05,1.1588316202527489,1.028208341678863,0.7329383495052016,1.0,1.0310691409249721
128,16384,3,16,3,True,4,6.350848913192749,24,False,1024,8192,8192,62.06060606060606,64,64,3.0517578125e-05,1.3963906600312321,1.2389897719337453,0.852361479395636,1.2065815304509364,1.1675182453116373
128,16384,6,2,1,False,4,7.8568339347839355,25,False,1024,512,512,3.878787878787879,512,512,3.0517578125e-05,1.128732792275281,1.0015022478337194,0.9874850207638235,1.0042887423207234,1.0
128,16384,1,1,3,True,4,5.609004974365234,26,True,1024,1536,1536,11.636363636363637,1024,1024,1.52587890625e-05,1.581076527152745,1.4028578834399847,1.0,1.0,1.4028578834399847
128,16384,2,2,3,True,4,5.688045978546143,27,False,1024,1536,1536,11.636363636363637,512,512,3.0517578125e-05,1.5591059107293948,1.383363790697341,0.9764933252978092,1.0299088827555936,1.1734168451089
128,16384,2,32,1,False,4,6.297384023666382,28,False,1024,24576,24576,186.1818181818182,32,32,3.0517578125e-05,1.4082460387239792,1.2495088146079396,1.180188476623172,1.1218009155517765,1.0
128,16384,6,3,1,False,4,7.834457159042358,29,True,1024,768,768,5.818181818181818,341,342,3.0517578125e-05,1.1319566787618842,1.004362738452217,0.958632742845083,1.0071571917244913,1.0
128,16384,3,2,1,False,4,7.893575191497803,30,True,1024,1024,1024,7.757575757575758,512,512,3.0517578125e-05,1.123479018126526,0.9968406781020714,0.9828886953005453,1.1368276130031683,1.0
128,16384,3,4,1,False,4,7.757199048995972,31,False,1024,2048,2048,15.515151515151516,256,256,3.0517578125e-05,1.143230443055305,1.0143657261909258,0.9712856363545779,1.1568137141166885,1.0
128,16384,3,32,1,False,4,7.355121850967407,32,False,1024,16384,16384,124.12121212121212,32,32,3.0517578125e-05,1.2057266059413314,1.0698173335506889,1.010465932202659,1.220052423989575,1.0
128,16384,3,32,2,True,4,6.36101508140564,33,False,1024,16384,16384,124.12121212121212,32,32,3.0517578125e-05,1.394158949815313,1.237009619666484,0.8811139312394353,1.5049943532674306,1.1562811527467864
128,16384,3,32,3,True,4,6.498545169830322,34,False,1024,16384,16384,124.12121212121212,32,32,3.0517578125e-05,1.3646540685479926,1.2108305229719298,0.8321366932979916,1.1791588426464459,1.1318105297034429
128,16384,2,8,2,True,4,5.479390859603882,35,False,1024,6144,6144,46.54545454545455,128,128,3.0517578125e-05,1.6184766396265011,1.4360422623895825,1.0021725480002355,1.1318122683563663,1.1591699256699666
128,16384,6,3,3,True,4,7.47746205329895,36,True,1024,768,768,5.818181818181818,341,342,3.0517578125e-05,1.1859994798287612,1.052313845320128,0.7309636664821697,1.023444182141049,1.047742817442438
128,16384,3,16,2,True,4,6.392261028289795,37,False,1024,8192,8192,62.06060606060606,64,64,3.0517578125e-05,1.387344175465328,1.2309630053777008,0.8684734366970439,1.497637805495831,1.1599545053863167
128,16384,6,16,1,False,4,7.599520921707153,38,False,1024,4096,4096,31.03030303030303,64,64,3.0517578125e-05,1.1669506797883376,1.0354122223766116,0.9799553256985846,1.0382930650863202,1.0
128,16384,2,16,2,True,4,5.57416296005249,39,False,1024,12288,12288,93.0909090909091,64,64,3.0517578125e-05,1.5909592470128189,1.4116266250077951,0.9959358819052432,1.1125691592556186,1.134387713735323
128,16384,3,4,2,True,4,7.003583908081055,40,False,1024,2048,2048,15.515151515151516,256,256,3.0517578125e-05,1.2662468561873366,1.1235157527652615,0.7769729254240658,1.366913269578787,1.107604213900452
128,16384,1,8,3,True,4,5.427870035171509,41,False,1024,12288,12288,93.0909090909091,128,128,3.0517578125e-05,1.6338390654505857,1.4496730385132972,1.0,1.033371274186745,1.3802716288670318
128,16384,1,8,2,True,4,5.491295099258423,42,False,1024,12288,12288,93.0909090909091,128,128,3.0517578125e-05,1.6149680440319951,1.4329291550193661,1.0,1.0560514056844255,1.3643293393094986
128,16384,1,4,3,True,4,5.553475856781006,43,False,1024,6144,6144,46.54545454545455,256,256,3.0517578125e-05,1.596885686434265,1.4168850373112638,1.0,1.0099989842427108,1.3567099612818736
128,16384,1,1,2,True,4,5.7990899085998535,44,True,1024,1536,1536,11.636363636363637,1024,1024,1.52587890625e-05,1.5292513558895713,1.356874435568491,1.0,1.0,1.356874435568491
128,16384,1,4,1,False,4,7.534456014633179,45,False,1024,6144,6144,46.54545454545455,256,256,3.0517578125e-05,1.177028054637016,1.0443536774599447,1.0,1.0443536774599447,1.0
128,16384,6,4,2,True,4,7.790884017944336,46,False,1024,1024,1024,7.757575757575758,256,256,3.0517578125e-05,1.1382875274777602,1.0099799751118022,0.6984566918184518,1.0041177775324157,1.0026616918833287
128,16384,3,8,3,True,4,6.469249963760376,47,False,1024,4096,4096,31.03030303030303,128,128,3.0517578125e-05,1.3708337373467334,1.216313620685722,0.8390261723658078,1.1844985190352135,1.1708228727492123
128,16384,3,1,1,False,4,8.973634243011475,48,False,1024,512,512,3.878787878787879,1024,1024,1.52587890625e-05,0.9882580307480575,0.8768617745558696,0.8768617745558696,1.0,1.0
128,16384,2,4,2,True,4,5.656847953796387,49,False,1024,3072,3072,23.272727272727273,256,256,3.0517578125e-05,1.5677045199173583,1.390993166302377,0.9619482655288129,1.0963069625828292,1.158456816712424
128,16384,1,3,1,False,4,7.510367155075073,50,False,1024,4608,4608,34.90909090909091,341,342,3.0517578125e-05,1.1808032713366339,1.047703352455304,1.0,1.047703352455304,1.0
128,16384,3,8,1,False,4,7.574345827102661,51,False,1024,4096,4096,31.03030303030303,128,128,3.0517578125e-05,1.1708293109510877,1.0388536549766,0.9891197452216869,1.1847404974436015,1.0
128,16384,2,8,1,False,4,6.351545095443726,52,False,1024,6144,6144,46.54545454545455,128,128,3.0517578125e-05,1.3962376039829265,1.2388539683339281,1.1795452763295444,1.1122350636221927,1.0
128,16384,6,3,2,True,4,7.812618017196655,53,True,1024,768,768,5.818181818181818,341,342,3.0517578125e-05,1.1351209141585539,1.007170301840228,0.6938478254799313,1.0013244123662073,1.0027953679288597
128,16384,1,2,2,True,4,5.507499933242798,54,False,1024,3072,3072,23.272727272727273,512,512,3.0517578125e-05,1.6102162892683414,1.428713017143757,1.0,1.0529441632122487,1.4087164621461639
128,16384,2,2,1,False,4,6.6744489669799805,55,False,1024,1536,1536,11.636363636363637,512,512,3.0517578125e-05,1.3286888774676664,1.1789193213507658,1.1624189292046614,1.058426126003709,1.0
128,16384,6,32,3,True,4,6.883633852005005,56,False,1024,8192,8192,62.06060606060606,32,32,3.0517578125e-05,1.2883117109822428,1.1430934613482457,0.7855847660019188,1.11173330833107,1.093078625202025
128,16384,2,3,2,True,4,5.712313890457153,57,False,1024,2304,2304,17.454545454545453,341,342,3.0517578125e-05,1.5524822822616515,1.377486776363516,0.9489618614258977,1.0856619431190073,1.1556754381545846
128,16384,1,8,1,False,4,7.4919350147247314,58,False,1024,12288,12288,93.0909090909091,128,128,3.0517578125e-05,1.1837083594855091,1.0502809796237225,1.0,1.0502809796237225,1.0
128,16384,2,2,2,True,4,5.75324010848999,59,False,1024,1536,1536,11.636363636363637,512,512,3.0517578125e-05,1.541438552610564,1.3676878938062573,0.9572866470696128,1.077938984133083,1.160120009093758
128,16384,2,8,3,True,4,5.395143032073975,60,False,1024,6144,6144,46.54545454545455,128,128,3.0517578125e-05,1.6437499530467055,1.4584667727553342,1.006066012134057,1.085822756505296,1.1772709375236148
128,16384,6,4,1,False,4,7.8116209506988525,61,False,1024,1024,1024,7.757575757575758,256,256,3.0517578125e-05,1.135265799713243,1.0072988559229061,0.9645188959097052,1.0101014783981583,1.0
128,16384,6,8,1,False,4,7.724431991577148,62,False,1024,2048,2048,15.515151515151516,128,128,3.0517578125e-05,1.1480800290975393,1.018668667822107,0.9699010908367197,1.0215029246928327,1.0
128,16384,6,4,3,True,4,7.4143290519714355,63,False,1024,1024,1024,7.757575757575758,256,256,3.0517578125e-05,1.1960982637119166,1.061274296215667,0.7490193405031521,1.0321588078956974,1.053584335944974
128,16384,2,16,3,True,4,5.368431091308594,64,False,1024,12288,12288,93.0909090909091,64,64,3.0517578125e-05,1.651928832617306,1.4657237305851907,1.0083428254916145,1.0912255329701799,1.1778603224467812
128,16384,1,2,1,False,4,7.758505821228027,65,False,1024,3072,3072,23.272727272727273,512,512,3.0517578125e-05,1.1430378877060858,1.0141948756438388,1.0,1.0141948756438388,1.0
128,16384,1,32,1,False,4,7.432100057601929,66,False,1024,49152,49152,372.3636363636364,32,32,3.0517578125e-05,1.1932382552601595,1.05873666736953,1.0,1.05873666736953,1.0
128,16384,1,16,1,False,4,7.447190999984741,67,False,1024,24576,24576,186.1818181818182,64,64,3.0517578125e-05,1.1908202845435314,1.0565912498495715,1.0,1.0565912498495715,1.0
128,16384,6,2,3,True,4,7.495085954666138,68,False,1024,512,512,3.878787878787879,512,512,3.0517578125e-05,1.1832107275742223,1.049839440686289,0.7410640739322605,1.0210376614647054,1.048264687330582
128,16384,3,3,1,False,4,7.7085020542144775,69,False,1024,1536,1536,11.636363636363637,341,342,3.0517578125e-05,1.1504525838198745,1.0207737886299622,0.9742965756841074,1.16412166461126,1.0
128,16384,3,1,2,True,4,9.573291778564453,70,False,1024,512,512,3.878787878787879,1024,1024,1.52587890625e-05,0.9263549373381453,0.8219363859943154,0.6057571463124721,1.0,0.937361406147082
128,16384,1,2,3,True,4,5.5543389320373535,71,False,1024,3072,3072,23.272727272727273,512,512,3.0517578125e-05,1.596637550240194,1.4166648709815248,1.0,1.0098420429499841,1.396836944262992
128,16384,6,1,2,True,4,7.822965145111084,72,False,1024,256,256,1.9393939393939394,1024,1024,1.52587890625e-05,1.1336195344285824,1.0058381573462354,0.7412905210531279,1.0,1.008636715698277
128,16384,3,2,3,True,4,6.632997035980225,73,True,1024,1024,1024,7.757575757575758,512,512,3.0517578125e-05,1.336992321502116,1.1862868027619329,0.8373799810113337,1.1552571122490125,1.1900465428643585
128,16384,2,32,2,True,4,5.55481481552124,74,False,1024,24576,24576,186.1818181818182,32,32,3.0517578125e-05,1.5965007655830727,1.4165435046647903,1.0089947534146069,1.116444382752564,1.1336802814866587
128,16384,3,8,2,True,4,6.587341070175171,75,False,1024,4096,4096,31.03030303030303,128,128,3.0517578125e-05,1.3462588335988546,1.194508795387623,0.8336132956771887,1.4532861858191106,1.1498335590055069
128,16384,6,16,3,True,4,7.261596918106079,76,False,1024,4096,4096,31.03030303030303,64,64,3.0517578125e-05,1.2212556281580027,1.083595927353484,0.745458476436472,1.0538680571139736,1.0465357699431779
128,16384,1,3,2,True,4,5.4207680225372314,77,False,1024,4608,4608,34.90909090909091,341,342,3.0517578125e-05,1.6359796377158005,1.451572325882225,1.0,1.0697911964669438,1.3854802721404391
128,16384,2,1,1,False,4,7.064411163330078,78,True,1024,768,768,5.818181818181818,1024,1024,1.52587890625e-05,1.2553439912565143,1.1138418566839445,1.1138418566839445,1.0,1.0
128,16384,2,1,3,True,4,5.858169078826904,79,True,1024,768,768,5.818181818181818,1024,1024,1.52587890625e-05,1.5138289773342837,1.3431904645739672,0.9574672391477705,1.0,1.2059076937302606
128,16384,6,2,2,True,4,7.8379130363464355,80,False,1024,512,512,3.878787878787879,512,512,3.0517578125e-05,1.1314575786344407,1.003919896795671,0.7026742843028613,0.9980928735537082,1.0024140225018776
128,16384,2,4,3,True,4,5.5712010860443115,81,False,1024,3072,3072,23.272727272727273,256,256,3.0517578125e-05,1.591805064776174,1.4123771023546525,0.9968184186875417,1.0515091787839859,1.176265938344382
128,16384,3,4,3,True,4,6.5896100997924805,82,False,1024,2048,2048,15.515151515151516,256,256,3.0517578125e-05,1.3457952703349072,1.1940974848861174,0.8427624355128227,1.162863490449016,1.1771863481331408
128,16384,1,16,3,True,4,5.413218975067139,83,False,1024,24576,24576,186.1818181818182,64,64,3.0517578125e-05,1.6382611060994192,1.453596627586041,1.0,1.0361681284647584,1.3757416860995126
128,16384,3,16,1,False,4,7.414731979370117,84,False,1024,8192,8192,62.06060606060606,64,64,3.0517578125e-05,1.1960332659799278,1.061216625015595,1.0043776390980732,1.2102439127912734,1.0
256,512,6,1,1,False,4,0.4942940026521683,0,False,32,512,512,3.878787878787879,32,32,0.0001220703125,1.1046016628305935,0.989457699979823,0.989457699979823,1.0,1.0
256,512,3,32,3,True,4,0.503631979227066,1,False,32,32768,32768,248.24242424242425,1,1,0.0001220703125,1.0841209450097447,0.9711118974784729,0.9129364400498607,0.8447358836292024,1.0348449634995032
256,512,1,16,1,False,4,0.4841260015964508,3,False,32,49152,49152,372.3636363636364,2,2,0.0001220703125,1.1278013894240249,1.0102390810764925,1.0,1.0102390810764925,1.0
256,512,6,32,3,True,4,0.5392870008945465,4,False,32,16384,16384,124.12121212121212,1,1,0.0001220703125,1.012444164890117,0.906906723445521,0.8525775430302469,0.8875533704044919,1.0375811204451235
256,512,1,32,2,True,4,0.43080300092697144,5,False,32,98304,98304,744.7272727272727,1,1,0.0001220703125,1.2673959468293745,1.1352822657355235,1.0,0.8239079302818679,1.1919694092498625
256,512,1,8,1,False,4,0.4776659905910492,6,False,32,24576,24576,186.1818181818182,4,4,0.0001220703125,1.1430539079853137,1.0239016731604833,1.0,1.0239016731604833,1.0
256,512,6,32,1,False,4,0.5595540106296539,7,False,32,16384,16384,124.12121212121212,1,1,0.0001220703125,0.9757735033341559,0.8740586211287817,0.91770229283167,0.8833713873231827,1.0
256,512,3,16,3,True,4,0.4349150061607361,8,False,32,16384,16384,124.12121212121212,2,2,0.0001220703125,1.255413056626022,1.1245484751043044,0.8681029602161975,0.9782049342281534,1.1140981500721632
256,512,2,8,2,True,4,0.3815460056066513,9,False,32,12288,12288,93.0909090909091,4,4,0.0001220703125,1.4310147904409272,1.281845438796828,0.8722748759730428,0.9638051281855007,1.1118659124372747
256,512,1,1,3,True,4,0.33922699093818665,10,True,32,3072,3072,23.272727272727273,32,32,0.0001220703125,1.6095357735147486,1.4417573484509516,1.0,1.0,1.4417573484509516
256,512,3,4,3,True,4,0.42061498761177063,11,False,32,4096,4096,31.03030303030303,8,8,0.0001220703125,1.298094441087138,1.1627807410169144,0.7998954121717672,1.0114618297647988,1.1495334572289206
256,512,3,8,3,True,4,0.4191250056028366,12,False,32,8192,8192,62.06060606060606,4,4,0.0001220703125,1.3027091439496772,1.1669144060602545,0.8333671383332237,1.0150575587452386,1.1360214595205895
256,512,2,4,1,False,4,0.41018499433994293,13,False,32,6144,6144,46.54545454545455,8,8,0.0001220703125,1.3311017828318612,1.1923473889264338,1.1608274464872714,1.0385094675422708,1.0
256,512,3,4,2,True,4,0.4247159957885742,14,False,32,4096,4096,31.03030303030303,8,8,0.0001220703125,1.2855601923893054,1.1515530656431952,0.7756124016777928,1.0802677813592547,1.138433696084177
256,512,2,32,3,True,4,0.44861800968647003,15,False,32,49152,49152,372.3636363636364,1,1,0.0001220703125,1.2170665587820733,1.0901992261074074,1.0248897197242632,0.7903784082006906,1.016236498440772
256,512,2,2,1,False,4,0.41945600509643555,16,False,32,3072,3072,23.272727272727273,16,16,0.0001220703125,1.30168115516965,1.1659935750963721,1.1390634467403995,1.0155558506496238,1.0
256,512,6,4,3,True,4,0.479981005191803,17,False,32,2048,2048,15.515151515151516,8,8,0.0001220703125,1.1375408013044,1.018963254145015,0.7009610697966967,0.9972186192410166,1.0419974803622865
256,512,6,8,3,True,4,0.4836159944534302,18,False,32,4096,4096,31.03030303030303,4,4,0.0001220703125,1.1289907354570585,1.0113044493716208,0.722236258786033,0.9897232530537743,1.0355199150082637
256,512,2,1,1,False,4,0.42598100006580353,19,True,32,1536,1536,11.636363636363637,32,32,0.0001220703125,1.2817425593452096,1.1481333836543972,1.1481333836543972,1.0,1.0
256,512,1,2,3,True,4,0.3369169980287552,20,False,32,6144,6144,46.54545454545455,16,16,0.0001220703125,1.620571180591414,1.4516424218415145,1.0,1.0068562670418733,1.4181148642441788
256,512,1,32,1,False,4,0.5135039985179901,21,False,32,98304,98304,744.7272727272727,1,1,0.0001220703125,1.0632789205781548,0.9524424510608761,1.0,0.9524424510608761,1.0
256,512,2,8,1,False,4,0.4242279976606369,22,False,32,12288,12288,93.0909090909091,4,4,0.0001220703125,1.2870389985282122,1.1528777206479406,1.125965266849644,1.0041322176160776,1.0
256,512,2,1,3,True,4,0.3545779883861542,23,True,32,1536,1536,11.636363636363637,32,32,0.0001220703125,1.5398529946595394,1.3793383204752059,0.956706287612954,1.0,1.2013746313036433
256,512,6,8,1,False,4,0.500793993473053,24,False,32,4096,4096,31.03030303030303,4,4,0.0001220703125,1.0902646285156659,0.9766151618277183,0.9538173317103728,0.9870206294292656,1.0
256,512,6,8,2,True,4,0.49663999676704407,25,False,32,4096,4096,31.03030303030303,4,4,0.0001220703125,1.0993838208985067,0.984783767239444,0.6701292624135189,0.99686092683519,1.008364200896122
256,512,1,1,2,True,4,0.3549420088529587,26,True,32,3072,3072,23.272727272727273,32,32,0.0001220703125,1.5382737563841442,1.3779237024058393,1.0,1.0,1.3779237024058393
256,512,3,32,2,True,4,0.47755999863147736,27,False,32,32768,32768,248.24242424242425,1,1,0.0001220703125,1.1433076028591533,1.024128922815099,0.9020918882684995,0.9607316521339573,1.0913414411884184
256,512,6,16,1,False,4,0.5062440037727356,28,False,32,8192,8192,62.06060606060606,2,2,0.0001220703125,1.0785272974845659,0.9661013332171642,0.9563096016714223,0.9763947799252711,1.0
256,512,3,16,1,False,4,0.4845380038022995,29,False,32,16384,16384,124.12121212121212,2,2,0.0001220703125,1.1268424209704555,1.0093800757423972,0.9991497009468492,1.0181657509603883,1.0
256,512,2,32,1,False,4,0.45590199530124664,30,False,32,49152,49152,372.3636363636364,1,1,0.0001220703125,1.1976213810952845,1.0727810187688767,1.126347337389216,0.9343696769397287,1.0
256,512,2,2,3,True,4,0.3623160123825073,31,False,32,3072,3072,23.272727272727273,16,16,0.0001220703125,1.506966180341898,1.3498796361826155,0.9298981731811022,0.9786428870601945,1.1577076109283404
256,512,2,4,3,True,4,0.3559200018644333,32,False,32,6144,6144,46.54545454545455,8,8,0.0001220703125,1.5340469049130332,1.374137459024633,0.945291068551663,0.9962294519238897,1.1524640149225969
256,512,3,8,2,True,4,0.4251039922237396,33,False,32,8192,8192,62.06060606060606,4,4,0.0001220703125,1.2843868494403756,1.1505020322665473,0.7828978339572646,1.079281810735928,1.1200435876779806
256,512,6,16,2,True,4,0.4890659898519516,34,False,32,8192,8192,62.06060606060606,2,2,0.0001220703125,1.1164096228037808,1.000034795153285,0.7526285194177826,1.012298989816263,1.0351241228734471
256,512,1,8,3,True,4,0.3492850065231323,35,False,32,24576,24576,186.1818181818182,4,4,0.0001220703125,1.56318756047324,1.4002404851169703,1.0,0.9712039870103054,1.3675536644010355
256,512,3,4,1,False,4,0.4835110008716583,36,False,32,4096,4096,31.03030303030303,8,8,0.0001220703125,1.1292358938523985,1.0115240523924618,0.9847842111319836,1.020328388849143,1.0
256,512,1,2,1,False,4,0.47778700292110443,37,False,32,6144,6144,46.54545454545455,16,16,0.0001220703125,1.1427643990285226,1.0236423426921804,1.0,1.0236423426921804,1.0
256,512,6,1,2,True,4,0.49508100748062134,38,False,32,512,512,3.878787878787879,32,32,0.0001220703125,1.102845734348124,0.9878848099362383,0.7169372355025192,1.0,0.9984103514039895
256,512,2,1,2,True,4,0.36773599684238434,39,True,32,1536,1536,11.636363636363637,32,32,0.0001220703125,1.484755318883823,1.3299840406639911,0.9652087690645381,1.0,1.1583880928806207
256,512,2,16,2,True,4,0.38093000650405884,40,False,32,24576,24576,186.1818181818182,2,2,0.0001220703125,1.4333288738989305,1.2839183015970252,0.9662799085268298,0.9653636903462633,1.0897015230142022
256,512,6,4,1,False,4,0.5001389980316162,41,False,32,2048,2048,15.515151515151516,8,8,0.0001220703125,1.0916924683051006,0.9778941632284345,0.952043334834953,0.9883132581093418,1.0
256,512,3,8,1,False,4,0.4761350005865097,42,False,32,8192,8192,62.06060606060606,4,4,0.0001220703125,1.1467293447955034,1.0271939814875524,1.0032154536059177,1.0361347094889322,1.0
256,512,6,32,2,True,4,0.5353700220584869,43,False,32,16384,16384,124.12121212121212,1,1,0.0001220703125,1.0198516068520678,0.9135420117426835,0.8046827113526875,0.9247454789811443,1.0451724743163244
256,512,3,2,1,False,4,0.4959550052881241,44,False,32,2048,2048,15.515151515151516,16,16,0.0001220703125,1.100902242007979,0.9861439077399837,0.9633676398598598,0.994727334637163,1.0
256,512,2,16,3,True,4,0.3791690021753311,45,False,32,24576,24576,186.1818181818182,2,2,0.0001220703125,1.4399857955801476,1.289881304041512,0.9957327791157301,0.9351449784974621,1.0947625092447217
256,512,1,4,3,True,4,0.33644799888134,46,False,32,12288,12288,93.0909090909091,8,8,0.0001220703125,1.6228302117182154,1.453665970979744,1.0,1.0082597966582845,1.415238019397357
256,512,1,32,3,True,4,0.45978398621082306,47,False,32,98304,98304,744.7272727272727,1,1,0.0001220703125,1.1875097733534818,1.0637234476317265,1.0,0.7377964459654803,1.116837501779662
256,512,6,2,2,True,4,0.499984011054039,48,True,32,1024,1024,7.757575757575758,16,16,0.0001220703125,1.0920308753588575,0.9781972946434364,0.6725715300217782,0.9901936792677002,1.0052421279192942
256,512,1,1,1,False,4,0.489083006978035,49,True,32,3072,3072,23.272727272727273,32,32,0.0001220703125,1.1163707785114194,1.0,1.0,1.0,1.0
256,512,1,16,3,True,4,0.37755100429058075,50,False,32,49152,49152,372.3636363636364,2,2,0.0001220703125,1.4461568663622189,1.2954091008101625,1.0,0.8984931494900801,1.2822797346443953
256,512,2,4,2,True,4,0.3607040047645569,51,False,32,6144,6144,46.54545454545455,8,8,0.0001220703125,1.5137009016940783,1.3559123284402546,0.913255714306724,1.0194951871477487,1.1371789304299071
256,512,1,4,2,True,4,0.3294149935245514,52,False,32,12288,12288,93.0909090909091,8,8,0.0001220703125,1.657477613313559,1.4847017184771327,1.0,1.0774919655455961,1.4454533306831523
256,512,1,16,2,True,4,0.36808501183986664,53,False,32,49152,49152,372.3636363636364,2,2,0.0001220703125,1.483347486841731,1.3287229613978628,1.0,0.9642935665290665,1.3152559490987021
256,512,1,2,2,True,4,0.33627501130104065,54,False,32,6144,6144,46.54545454545455,16,16,0.0001220703125,1.6236650328084763,1.4544137701037718,1.0,1.0555111052697488,1.4208222046370826
256,512,3,2,2,True,4,0.4434940069913864,55,False,32,2048,2048,15.515151515151516,16,16,0.0001220703125,1.2311281971108559,1.102795075622147,0.7582402602963964,1.0345280866156565,1.118290207916511
256,512,6,1,3,True,4,0.478645995259285,56,False,32,512,512,3.878787878787879,32,32,0.0001220703125,1.1407135600518397,1.0218052837005274,0.7087220916878781,1.0,1.0326922350711547
256,512,6,4,2,True,4,0.4994879961013794,57,False,32,2048,2048,15.515151515151516,8,8,0.0001220703125,1.0931153131174658,0.9791686903297822,0.6595053256448853,0.9911769879253243,1.0013033384892491
256,512,2,2,2,True,4,0.36561599373817444,58,False,32,3072,3072,23.272727272727273,16,16,0.0001220703125,1.4933645863637353,1.3376958758764748,0.9197491823671545,1.0057984419186214,1.1472583592631813
256,512,2,16,1,False,4,0.41510000824928284,59,False,32,24576,24576,186.1818181818182,2,2,0.0001220703125,1.3153408007857301,1.1782293357226883,1.166287622200468,1.0262129404969471,1.0
256,512,3,32,1,False,4,0.5211810171604156,60,False,32,32768,32768,248.24242424242425,1,1,0.0001220703125,1.0476167766653726,0.9384129330779115,0.9852699572899781,0.9465809081038908,1.0
256,512,1,4,1,False,4,0.47615399956703186,61,False,32,12288,12288,93.0909090909091,8,8,0.0001220703125,1.1466835892447662,1.0271529955072507,1.0,1.0271529955072507,1.0
256,512,3,1,3,True,4,0.42543600499629974,62,True,32,1024,1024,7.757575757575758,32,32,0.0001220703125,1.2833845063525446,1.1496041736812774,0.7973631449955372,1.0,1.1596103637596602
256,512,6,16,3,True,4,0.5074909925460815,63,False,32,8192,8192,62.06060606060606,2,2,0.0001220703125,1.0758771786618397,0.9637274634655214,0.7439560698336889,0.9431615581153839,0.997542835652925
256,512,3,1,2,True,4,0.45880700647830963,64,True,32,1024,1024,7.757575757575758,32,32,0.0001220703125,1.1900384465523355,1.0659885312827206,0.7736194169688182,1.0,1.0752669282384613
256,512,3,2,3,True,4,0.4306800067424774,65,False,32,2048,2048,15.515151515151516,16,16,0.0001220703125,1.2677578914947198,1.1356064811953979,0.7822907791264448,0.9878239025167628,1.151562639369692
256,512,3,16,2,True,4,0.4373520016670227,66,False,32,16384,16384,124.12121212121212,2,2,0.0001220703125,1.2484176937012619,1.1182823106189819,0.8416218753700997,1.0490566059592925,1.1078902164741933
256,512,3,1,1,False,4,0.49334000051021576,67,True,32,1024,1024,7.757575757575758,32,32,0.0001220703125,1.1067376995421006,0.9913710756724,0.9913710756724,1.0,1.0
256,512,2,32,2,True,4,0.4389140009880066,68,False,32,49152,49152,372.3636363636364,1,1,0.0001220703125,1.2439748470719083,1.1143025874706587,0.9815202977285366,0.8378315478991357,1.038704607907243
256,512,1,8,2,True,4,0.33281299471855164,69,False,32,24576,24576,186.1818181818182,4,4,0.0001220703125,1.6405548639064,1.4695430008423662,1.0,1.0664908356511764,1.435238401658549
256,512,6,2,3,True,4,0.4860759973526001,70,True,32,1024,1024,7.757575757575758,16,16,0.0001220703125,1.1232769777370992,1.0061862952332814,0.6931364639763423,0.9847143201191122,1.0340049579386983
256,512,6,2,1,False,4,0.5026049911975861,71,True,32,1024,1024,7.757575757575758,16,16,0.0001220703125,1.0863361622330767,0.9730961998858557,0.9506212856793436,0.9834641742701068,1.0
256,512,2,8,3,True,4,0.3709210008382797,72,False,32,12288,12288,93.0909090909091,4,4,0.0001220703125,1.4720061037871193,1.3185638070443833,0.9416695353828709,0.9559393714155024,1.1437152296631456
256,2048,3,16,1,False,4,1.8770959973335266,0,False,128,16384,16384,124.12121212121212,8,8,6.103515625e-05,1.1628840504444795,1.0360322610708694,0.9971583660779594,1.0400155338843968,1.0
256,2048,2,1,2,True,4,1.450285017490387,1,True,128,1536,1536,11.636363636363637,128,128,6.103515625e-05,1.5051144913774166,1.3409309114492198,0.9695080233661827,1.0,1.1630968925574388
256,2048,6,8,2,True,4,1.902110993862152,2,False,128,4096,4096,31.03030303030303,16,16,6.103515625e-05,1.1475907575825328,1.0224072184220123,0.6962238211197893,1.019764367320298,1.0157114879869964
256,2048,3,8,3,True,4,1.60829496383667,3,False,128,8192,8192,62.06060606060606,16,16,6.103515625e-05,1.3572417035025983,1.2091886464192332,0.828632829791164,1.0407083617095272,1.166151126691787
256,2048,6,1,1,False,4,1.941234052181244,4,False,128,512,512,3.878787878787879,128,128,6.103515625e-05,1.1244625520552787,1.001801925007115,1.001801925007115,1.0,1.0
256,2048,2,2,1,False,4,1.6488269567489624,5,False,128,3072,3072,23.272727272727273,64,64,6.103515625e-05,1.323877552776252,1.1794639834121916,1.1457163332348375,1.0230436797877405,1.0
256,2048,6,1,3,True,4,1.8871859908103943,6,False,128,512,512,3.878787878787879,128,128,6.103515625e-05,1.1566665962346274,1.0304930302759543,0.7297584872739253,1.0,1.028639499039329
256,2048,2,4,1,False,4,1.6010070443153381,7,False,128,6144,6144,46.54545454545455,32,32,6.103515625e-05,1.3634199825684172,1.2146929754429572,1.1747587092855252,1.0536006091634906,1.0
256,2048,2,8,3,True,4,1.36797696352005,8,False,128,12288,12288,93.0909090909091,16,16,6.103515625e-05,1.5956737976314161,1.4216116661499827,0.9742020827555586,1.0223797860165933,1.1679882374701236
256,2048,2,2,2,True,4,1.4253219962120056,9,False,128,3072,3072,23.272727272727273,64,64,6.103515625e-05,1.5314749946002029,1.3644159113049068,0.92911564389733,1.0175139521769285,1.1568101531660584
256,2048,3,1,3,True,4,1.673766016960144,10,True,128,1024,1024,7.757575757575758,128,128,6.103515625e-05,1.3041518195098531,1.1618900077183492,0.8228091500863177,1.0,1.166357170618537
256,2048,6,16,2,True,4,1.822367012500763,11,False,128,8192,8192,62.06060606060606,8,8,6.103515625e-05,1.1978075664664818,1.0671461879107726,0.7479058599811704,1.064387689704194,1.0483332621950272
256,2048,2,16,2,True,4,1.4351999759674072,12,False,128,24576,24576,186.1818181818182,8,8,6.103515625e-05,1.5209343875448218,1.3550251135237592,0.9496648484591751,1.0105107593196632,1.1182336973901372
256,2048,3,2,3,True,4,1.6715999841690063,13,False,128,2048,2048,15.515151515151516,64,64,6.103515625e-05,1.3058417187874511,1.1633955663928215,0.8002638208003953,1.0012957841658598,1.1661085476327622
256,2048,2,8,1,False,4,1.597781002521515,14,False,128,12288,12288,93.0909090909091,16,16,6.103515625e-05,1.3661728315754829,1.2171455332711316,1.1705897158494396,1.055727909208863,1.0
256,2048,6,1,2,True,4,1.9397050142288208,15,False,128,512,512,3.878787878787879,128,128,6.103515625e-05,1.125348947618294,1.0025916291904367,0.724884944004597,1.0,1.0007882837551105
256,2048,2,32,1,False,4,1.695032000541687,16,False,128,49152,49152,372.3636363636364,4,4,6.103515625e-05,1.2877898445308127,1.1473128588386816,1.1184968955884886,0.9951564316346928,1.0
256,2048,2,1,3,True,4,1.3985919952392578,17,True,128,1536,1536,11.636363636363637,128,128,6.103515625e-05,1.560744665980239,1.3904927362549693,0.9846974661275255,1.0,1.2060858369757181
256,2048,2,4,3,True,4,1.3642579913139343,18,False,128,6144,6144,46.54545454545455,32,32,6.103515625e-05,1.6000236101604255,1.4254869846806146,0.9699822412621981,1.0251667970016844,1.1735368636348524
256,2048,3,4,3,True,4,1.6297900080680847,19,False,128,4096,4096,31.03030303030303,32,32,6.103515625e-05,1.3393412560185134,1.1932408474327147,0.8119487894291184,1.0269826227148044,1.1694015862510427
256,2048,1,1,2,True,4,1.4060629606246948,20,True,128,3072,3072,23.272727272727273,128,128,6.103515625e-05,1.5524518158721163,1.38310450159395,1.0,1.0,1.38310450159395
256,2048,1,1,1,False,4,1.9447320103645325,21,True,128,3072,3072,23.272727272727273,128,128,6.103515625e-05,1.122439999351461,1.0,1.0,1.0,1.0
256,2048,1,16,1,False,4,1.871761977672577,22,False,128,49152,49152,372.3636363636364,8,8,6.103515625e-05,1.1661979581220938,1.0389846751683083,1.0,1.0389846751683083,1.0
256,2048,2,4,2,True,4,1.3845170140266418,23,False,128,6144,6144,46.54545454545455,32,32,6.103515625e-05,1.5766111751157776,1.404628466578823,0.9615959658935608,1.0475024884471948,1.156365019783376
256,2048,6,4,2,True,4,1.9473580121994019,24,False,128,2048,2048,15.515151515151516,32,32,6.103515625e-05,1.1209263950325004,0.9986515053634624,0.6836678037929744,0.9960700611173507,0.9993991964677441
256,2048,3,32,2,True,4,1.6635429859161377,25,False,128,32768,32768,248.24242424242425,4,4,6.103515625e-05,1.3121662709847,1.169030212521704,0.8349967502244746,1.0905350556546451,1.131193473791474
256,2048,1,32,3,True,4,1.3926779627799988,26,False,128,98304,98304,744.7272727272727,4,4,6.103515625e-05,1.5673723967707784,1.3963974891097932,1.0,0.988879001940445,1.3613255046734127
256,2048,3,1,2,True,4,1.81415194272995,27,True,128,1024,1024,7.757575757575758,128,128,6.103515625e-05,1.2032316285302815,1.0719785727749378,0.7750524790712074,1.0,1.0761000497463253
256,2048,2,1,1,False,4,1.68682199716568,28,True,128,1536,1536,11.636363636363637,128,128,6.103515625e-05,1.2940577014765668,1.1528969942484812,1.1528969942484812,1.0,1.0
256,2048,1,4,2,True,4,1.3313459753990173,29,False,128,12288,12288,93.0909090909091,32,32,6.103515625e-05,1.6395775679557012,1.4607262471963214,1.0,1.056121388884872,1.4127033871666808
256,2048,6,8,1,False,4,1.9319959878921509,30,False,128,4096,4096,31.03030303030303,16,16,6.103515625e-05,1.129839300977981,1.0065921578265165,0.9680900071494871,1.0047816167046868,1.0
256,2048,1,32,2,True,4,1.3890529870986938,31,False,128,98304,98304,744.7272727272727,4,4,6.103515625e-05,1.571462728006961,1.400041631548183,1.0,1.0122457340965298,1.3648781206604303
256,2048,1,2,3,True,4,1.3377209901809692,32,False,128,6144,6144,46.54545454545455,64,64,6.103515625e-05,1.6317640318681346,1.4537650411700915,1.0,1.029504660513721,1.4121688968711015
256,2048,1,2,1,False,4,1.889087975025177,33,False,128,6144,6144,46.54545454545455,64,64,6.103515625e-05,1.1555020334207777,1.0294555023773384,1.0,1.0294555023773384,1.0
256,2048,6,16,1,False,4,1.9104479551315308,34,False,128,8192,8192,62.06060606060606,8,8,6.103515625e-05,1.1425828118421821,1.017945558339296,0.9797503107294591,1.0161145960385995,1.0
256,2048,2,32,3,True,4,1.4719949960708618,35,False,128,49152,49152,372.3636363636364,4,4,6.103515625e-05,1.4829160440619116,1.321153954704689,0.9461159626883373,0.9501336614407415,1.1515202192033052
256,2048,6,2,2,True,4,1.9639250040054321,36,True,128,1024,1024,7.757575757575758,64,64,6.103515625e-05,1.11147064781008,0.9902272268025737,0.6743072986853639,0.9876675587269297,0.9990733005487176
256,2048,1,4,3,True,4,1.3233060240745544,37,False,128,12288,12288,93.0909090909091,32,32,6.103515625e-05,1.6495390761777045,1.4696011164345513,1.0,1.0407192053867256,1.4212864860584635
256,2048,1,16,2,True,4,1.3629589676856995,38,False,128,49152,49152,372.3636363636364,8,8,6.103515625e-05,1.6015485779141219,1.426845603185459,1.0,1.0316253049144875,1.3733076505236423
256,2048,3,16,3,True,4,1.6116360425949097,40,False,128,16384,16384,124.12121212121212,8,8,6.103515625e-05,1.354428009029702,1.2066818803787125,0.8154570367597397,1.0385508717372678,1.1647145805396593
256,2048,3,32,3,True,4,1.7080379724502563,41,False,128,32768,32768,248.24242424242425,4,4,6.103515625e-05,1.2779838807218926,1.1385765666408036,0.8153670967760397,0.9799348983787827,1.1017254881871315
256,2048,3,2,2,True,4,1.733506977558136,42,False,128,2048,2048,15.515151515151516,64,64,6.103515625e-05,1.2592075051968612,1.121848389156145,0.7639363333495052,1.0465212809731015,1.1244644844222418
256,2048,6,8,3,True,4,1.8348900079727173,43,False,128,4096,4096,31.03030303030303,16,16,6.103515625e-05,1.1896326139265716,1.0598629901054257,0.7263029398123318,1.028500881584426,1.052921962350605
256,2048,6,4,1,False,4,1.9461880326271057,44,False,128,2048,2048,15.515151515151516,32,32,6.103515625e-05,1.1216002564283416,0.9992518594102093,0.9664004389124128,0.9974545211650621,1.0
256,2048,2,16,3,True,4,1.3846880197525024,45,False,128,24576,24576,186.1818181818182,8,8,6.103515625e-05,1.576416467329941,1.4044549982545034,0.9491090649174106,1.0100412333236193,1.159025681400151
256,2048,6,32,1,False,4,1.9410669803619385,46,False,128,16384,16384,124.12121212121212,4,4,6.103515625e-05,1.1245593369711075,1.0018881522583578,0.9767246827183202,1.000086072155673,1.0
256,2048,6,2,1,False,4,1.9621050357818604,47,True,128,1024,1024,7.757575757575758,64,64,6.103515625e-05,1.112501602434607,0.9911457209983638,0.9627863649370904,0.9893629631339793,1.0
256,2048,3,4,1,False,4,1.905879020690918,48,False,128,4096,4096,31.03030303030303,32,32,6.103515625e-05,1.1453219080301371,1.0203858635578713,0.9868396411935396,1.0243089800691432,1.0
256,2048,1,4,1,False,4,1.8807969689369202,49,False,128,12288,12288,93.0909090909091,32,32,6.103515625e-05,1.1605957647231522,1.0339935902085966,1.0,1.0339935902085966,1.0
256,2048,3,2,1,False,4,1.949267029762268,50,False,128,2048,2048,15.515151515151516,64,64,6.103515625e-05,1.1198286141014506,0.9976734745273516,0.9691273418068173,1.0015092678488398,1.0
256,2048,1,16,3,True,4,1.3142199516296387,51,False,128,49152,49152,372.3636363636364,8,8,6.103515625e-05,1.660943431687819,1.4797614417229445,1.0,1.0479143861349964,1.4242379864584946
256,2048,6,32,2,True,4,1.864329993724823,52,False,128,16384,16384,124.12121212121212,4,4,6.103515625e-05,1.1708469014603655,1.0431264941884408,0.7450681970327832,1.0404300852090047,1.041160624404159
256,2048,2,2,3,True,4,1.4093480110168457,53,False,128,3072,3072,23.272727272727273,64,64,6.103515625e-05,1.5488332047081879,1.3798806222186433,0.9491771937974373,0.9923680909941985,1.1699217963626545
256,2048,3,16,2,True,4,1.6379719972610474,54,False,128,16384,16384,124.12121212121212,8,8,6.103515625e-05,1.3326509855494475,1.1872803769639757,0.8321015072081733,1.107559803075696,1.145987843792405
256,2048,2,32,2,True,4,1.4722999930381775,55,False,128,49152,49152,372.3636363636364,4,4,6.103515625e-05,1.4826088479073498,1.3208802686682513,0.9434578507551993,0.9850472215907837,1.151281673950082
256,2048,3,4,2,True,4,1.6643490195274353,56,False,128,4096,4096,31.03030303030303,32,32,6.103515625e-05,1.3115307972315293,1.168464058648412,0.7999199445420596,1.0900069164850104,1.145119802595288
256,2048,6,32,3,True,4,1.7864400148391724,57,False,128,16384,16384,124.12121212121212,4,4,6.103515625e-05,1.2218966090774932,1.0886075066671694,0.7795828302163156,1.0563948272174657,1.086555923646105
256,2048,3,1,1,False,4,1.9522089958190918,58,True,128,1024,1024,7.757575757575758,128,128,6.103515625e-05,1.1181410397796427,0.996169987193701,0.996169987193701,1.0,1.0
256,2048,3,8,2,True,4,1.6115210056304932,59,False,128,8192,8192,62.06060606060606,16,16,6.103515625e-05,1.3545246936438864,1.2067680182695935,0.8217671254136394,1.1257389363163648,1.1638166536942414
256,2048,1,32,1,False,4,1.8958880305290222,60,False,128,98304,98304,744.7272727272727,4,4,6.103515625e-05,1.1513575492341908,1.0257631141971402,1.0,1.0257631141971402,1.0
256,2048,3,32,1,False,4,1.881788969039917,61,False,128,32768,32768,248.24242424242425,4,4,6.103515625e-05,1.1599839473849252,1.0334485122190555,1.0074923712069046,1.0374218511946656,1.0
256,2048,2,8,2,True,4,1.3868849873542786,62,False,128,12288,12288,93.0909090909091,16,16,6.103515625e-05,1.5739192624880045,1.402230197959272,0.9548700839764572,1.0457139782420277,1.152064531010287
256,2048,1,8,2,True,4,1.3242949843406677,63,False,128,24576,24576,186.1818181818182,16,16,6.103515625e-05,1.648307229328603,1.4685036440976662,1.0,1.0617445336959705,1.4123333787770025
256,2048,1,1,3,True,4,1.3771899938583374,64,True,128,3072,3072,23.272727272727273,128,128,6.103515625e-05,1.584999169458725,1.4121014667817682,1.0,1.0,1.4121014667817682
256,2048,1,2,2,True,4,1.3242889642715454,65,False,128,6144,6144,46.54545454545455,64,64,6.103515625e-05,1.6483147223484218,1.4685103197505505,1.0,1.0617493602675538,1.4264922732058798
256,2048,2,16,1,False,4,1.6048889756202698,66,False,128,24576,24576,186.1818181818182,8,8,6.103515625e-05,1.360122120353334,1.211754856508325,1.166287516523792,1.0510521430392057,1.0
256,2048,6,4,3,True,4,1.859270989894867,67,False,128,2048,2048,15.515151515151516,32,32,6.103515625e-05,1.1740327302023688,1.045964800684863,0.7117338092546591,1.015013949589514,1.0467479152875685
256,2048,6,16,3,True,4,1.8460649847984314,68,False,128,8192,8192,62.06060606060606,8,8,6.103515625e-05,1.1824312873204041,1.0534472114354492,0.7119034066794436,1.0222749504218849,1.0348757876148813
256,2048,1,8,3,True,4,1.3326860070228577,69,False,128,24576,24576,186.1818181818182,16,16,6.103515625e-05,1.63792895321883,1.4592574695887666,1.0,1.0333942028361947,1.4034408704489485
256,2048,3,8,1,False,4,1.8755149841308594,70,False,128,8192,8192,62.06060606060606,16,16,6.103515625e-05,1.1638643332214662,1.0369056108958519,0.9972439706196419,1.0408922415108155,1.0
256,2048,1,8,1,False,4,1.8703460097312927,71,False,128,24576,24576,186.1818181818182,16,16,6.103515625e-05,1.1670808423121317,1.039771251012494,1.0,1.039771251012494,1.0
256,2048,6,2,3,True,4,1.8807049989700317,72,True,128,1024,1024,7.757575757575758,64,64,6.103515625e-05,1.1606525200112547,1.0340441544152672,0.7112869859513173,1.0034460438207544,1.0432816613219018
256,8192,1,16,2,True,4,5.6273839473724365,0,False,512,49152,49152,372.3636363636364,32,32,3.0517578125e-05,1.5485938013110983,1.378761112113104,1.0,1.028944548859319,1.3203339038973885
256,8192,3,8,3,True,4,6.348910093307495,1,False,512,8192,8192,62.06060606060606,64,64,3.0517578125e-05,1.3726028200784708,1.222070880755638,0.8738935995177335,1.0504491319116316,1.169555863345653
256,8192,1,16,1,False,4,7.430025815963745,2,False,512,49152,49152,372.3636363636364,32,32,3.0517578125e-05,1.17288043330549,1.0442518426916472,1.0,1.0442518426916472,1.0
256,8192,2,16,1,False,4,6.299729108810425,3,False,512,24576,24576,186.1818181818182,32,32,3.0517578125e-05,1.3833185122691882,1.231611394006709,1.1794198905430004,1.0678319427949436,1.0
256,8192,2,32,2,True,4,5.620975017547607,4,False,512,49152,49152,372.3636363636364,16,16,3.0517578125e-05,1.550359478790323,1.3803331495594815,1.0193116089962038,1.0270138230794792,1.124593836175805
256,8192,1,4,1,False,4,7.491958856582642,5,False,512,12288,12288,93.0909090909091,128,128,3.0517578125e-05,1.1631846977965858,1.0356194285222935,1.0,1.0356194285222935,1.0
256,8192,1,1,2,True,4,5.790266036987305,6,True,512,3072,3072,23.272727272727273,512,512,3.0517578125e-05,1.5050313479262407,1.3399761081795802,1.0,1.0,1.3399761081795802
256,8192,2,1,2,True,4,5.7728190422058105,7,True,512,1536,1536,11.636363636363637,512,512,3.0517578125e-05,1.509579953015241,1.344025872427483,1.0030222660114472,1.0,1.165297565047608
256,8192,6,4,3,True,4,7.362310171127319,8,False,512,2048,2048,15.515151515151516,128,128,3.0517578125e-05,1.1836681280658627,1.0538564620646262,0.7346884450261558,1.024834416658649,1.049304614247899
256,8192,3,4,2,True,4,6.592020034790039,9,False,512,4096,4096,31.03030303030303,128,128,3.0517578125e-05,1.3219820104469844,1.1770016032443347,0.819128265912294,1.0951136419860785,1.1509156446381879
256,8192,3,8,1,False,4,7.425405025482178,10,False,512,8192,8192,62.06060606060606,64,64,3.0517578125e-05,1.173610310628496,1.044901675119442,1.0017320285382871,1.047862174671111,1.0
256,8192,1,8,2,True,4,5.379688024520874,11,False,512,24576,24576,186.1818181818182,64,64,3.0517578125e-05,1.6198954026287926,1.4422431401600964,1.0,1.0763200413471927,1.3826575082032049
256,8192,6,1,1,False,4,7.701401948928833,12,False,512,512,512,3.878787878787879,512,512,3.0517578125e-05,1.131551366399025,1.007455292038848,1.007455292038848,1.0,1.0
256,8192,2,1,3,True,4,5.5702431201934814,13,True,512,1536,1536,11.636363636363637,512,512,3.0517578125e-05,1.5644796305041417,1.3929047587598204,0.9939831683829844,1.0,1.2076765462813825
256,8192,2,8,3,True,4,5.371546983718872,14,False,512,12288,12288,93.0909090909091,64,64,3.0517578125e-05,1.6223504932400723,1.4444289835095148,1.032900188953338,1.0369904865538468,1.1770439648181321
256,8192,3,1,3,True,4,6.6692070960998535,15,True,512,1024,1024,7.757575757575758,512,512,3.0517578125e-05,1.3066818548182115,1.1633793999445603,0.8301928288463724,1.0,1.1666755801249233
256,8192,3,16,2,True,4,6.377022981643677,16,False,512,16384,16384,124.12121212121212,32,32,3.0517578125e-05,1.366551747356627,1.2166834229546428,0.8824468664408011,1.1320346639998178,1.1538395104409727
256,8192,3,1,2,True,4,7.219011068344116,17,True,512,1024,1024,7.757575757575758,512,512,3.0517578125e-05,1.2071642245725853,1.0747757658371833,0.8020857680047117,1.0,1.0778209070678566
256,8192,3,32,1,False,4,7.405711889266968,18,False,512,32768,32768,248.24242424242425,16,16,3.0517578125e-05,1.1767311541147623,1.047680258910887,1.0051761637692231,1.0506486309698595,1.0
256,8192,1,2,1,False,4,7.5278098583221436,19,False,512,6144,6144,46.54545454545455,256,256,6.103515625e-05,1.1576450604506763,1.0306873175056517,1.0,1.0306873175056517,1.0
256,8192,3,4,1,False,4,7.5868589878082275,20,False,512,4096,4096,31.03030303030303,128,128,3.0517578125e-05,1.1486350164807904,1.0226653957895822,0.9874915124456528,1.0255628937243966,1.0
256,8192,6,16,2,True,4,7.148694038391113,21,False,512,8192,8192,62.06060606060606,32,32,3.0517578125e-05,1.21903830989245,1.0853476324345324,0.7871904878221557,1.0783403142150514,1.0515022847674125
256,8192,3,1,1,False,4,7.780801057815552,22,True,512,1024,1024,7.757575757575758,512,512,3.0517578125e-05,1.1200044614615976,0.9971747242879548,0.9971747242879548,1.0,1.0
256,8192,3,4,3,True,4,6.469645023345947,23,False,512,4096,4096,31.03030303030303,128,128,3.0517578125e-05,1.3469876426066396,1.1992648934475811,0.8360588860605481,1.0308459076245728,1.1726855121773718
256,8192,6,1,2,True,4,7.7087249755859375,24,False,512,512,512,3.878787878787879,512,512,3.0517578125e-05,1.1304764310697368,1.0064982437613692,0.751131484820833,1.0,0.9990500339965044
256,8192,6,4,1,False,4,7.725306034088135,25,False,512,2048,2048,15.515151515151516,128,128,3.0517578125e-05,1.1280500552399364,1.0043379660728833,0.9697944422556412,0.996905742626399,1.0
256,8192,1,4,2,True,4,5.399709939956665,26,False,512,12288,12288,93.0909090909091,128,128,3.0517578125e-05,1.613888893181635,1.4368953584252933,1.0,1.0723290882979863,1.3874743161931338
256,8192,2,2,1,False,4,6.559432029724121,27,False,512,3072,3072,23.272727272727273,256,256,6.103515625e-05,1.3285497675726436,1.1828490812020769,1.147631353478443,1.0255540331631159,1.0
256,8192,2,32,1,False,4,6.321313858032227,28,False,512,49152,49152,372.3636363636364,16,16,3.0517578125e-05,1.3785950348637328,1.2274059355094111,1.177610419924754,1.0641857253765552,1.0
256,8192,2,4,2,True,4,5.480242013931274,29,False,512,6144,6144,46.54545454545455,128,128,3.0517578125e-05,1.5901728201684162,1.415780202743424,0.985305015039502,1.0533876108994418,1.1596914547376442
256,8192,6,8,2,True,4,7.508861780166626,30,False,512,4096,4096,31.03030303030303,64,64,3.0517578125e-05,1.1605662953493805,1.0332881835780012,0.7164452059472448,1.0266169762169834,1.0183685702836078
256,8192,6,32,3,True,4,6.862248182296753,31,False,512,16384,16384,124.12121212121212,16,16,3.0517578125e-05,1.2699237432100328,1.1306525126244882,0.7993980687125845,1.0995155886306036,1.104047948821422
256,8192,1,8,1,False,4,7.438266038894653,33,False,512,24576,24576,186.1818181818182,64,64,3.0517578125e-05,1.171581098730577,1.0430950048029786,1.0,1.0430950048029786,1.0
256,8192,1,8,3,True,4,5.548271894454956,34,False,512,24576,24576,186.1818181818182,64,64,3.0517578125e-05,1.570674989307571,1.3984206789362565,1.0,0.9979193540977948,1.3406455524158056
256,8192,2,16,3,True,4,5.351478099822998,35,False,512,24576,24576,186.1818181818182,32,32,3.0517578125e-05,1.628434562553245,1.4498458191996106,1.0201862038233915,1.040879363848601,1.1771942239694095
256,8192,2,32,3,True,4,5.403058052062988,36,False,512,49152,49152,372.3636363636364,16,16,3.0517578125e-05,1.6128888149130962,1.4360049577117147,1.0152894696106287,1.0309426747814896,1.1699511271433833
256,8192,2,8,2,True,4,5.448976039886475,37,False,512,12288,12288,93.0909090909091,64,64,3.0517578125e-05,1.5992971587153642,1.4239038844678604,0.9872842136103347,1.0594319005899102,1.1603183630543301
256,8192,2,4,3,True,4,5.395900011062622,38,False,512,6144,6144,46.54545454545455,128,128,3.0517578125e-05,1.6150284254030072,1.4379099193201499,1.0024285476632802,1.0323102927729244,1.1778183102764244
256,8192,6,16,3,True,4,7.189535140991211,39,False,512,8192,8192,62.06060606060606,32,32,3.0517578125e-05,1.2121134019934807,1.0791821720613988,0.7593681678214521,1.0494626845160764,1.0455290873555834
256,8192,1,32,3,True,4,5.485667943954468,40,False,512,98304,98304,744.7272727272727,16,16,3.0517578125e-05,1.588599964039469,1.4143798401281888,1.0,1.0093078840791376,1.356998845516575
256,8192,6,2,1,False,4,7.795202970504761,41,True,512,1024,1024,7.757575757575758,256,256,6.103515625e-05,1.1179352136785023,0.9953324087806588,0.9656977357492331,0.9879668275565308,1.0
256,8192,1,1,3,True,4,5.5367279052734375,42,True,512,3072,3072,23.272727272727273,512,512,3.0517578125e-05,1.5739498215540644,1.4013363636989982,1.0,1.0,1.4013363636989982
256,8192,3,8,2,True,4,6.340472936630249,43,False,512,8192,8192,62.06060606060606,64,64,3.0517578125e-05,1.3744293186952738,1.2236970691480002,0.8484679421059086,1.1385603472318866,1.1711121709208863
256,8192,3,32,3,True,4,6.540278911590576,44,False,512,32768,32768,248.24242424242425,16,16,3.0517578125e-05,1.332440407557357,1.1863130387018508,0.8387513771366625,1.0197129489815477,1.1323235582725204
256,8192,2,2,3,True,4,5.591907978057861,45,False,512,3072,3072,23.272727272727273,256,256,6.103515625e-05,1.5584183310407764,1.3875081957735262,0.9919016931834955,0.996125676969401,1.1730221697965588
256,8192,6,32,1,False,4,7.576251029968262,46,False,512,16384,16384,124.12121212121212,16,16,3.0517578125e-05,1.1502432884058016,1.0240972901869585,0.9825499494919298,1.0165188453320158,1.0
256,8192,6,2,3,True,4,7.4687488079071045,47,True,512,1024,1024,7.757575757575758,256,256,6.103515625e-05,1.1667994362419218,1.038837742320702,0.7426442010862281,1.010229295902858,1.0437093509226125
256,8192,1,4,3,True,4,5.409004211425781,48,False,512,12288,12288,93.0909090909091,128,128,3.0517578125e-05,1.6111157540033485,1.4344263465680447,1.0,1.0236131622116058,1.3850902243257464
256,8192,2,2,2,True,4,5.660948991775513,49,False,512,3072,3072,23.272727272727273,256,256,6.103515625e-05,1.5394118391031977,1.370586126255336,0.9795271099023528,1.01976171320265,1.1587159748752314
256,8192,1,2,2,True,4,5.545053005218506,50,False,512,6144,6144,46.54545454545455,256,256,6.103515625e-05,1.5715867621638964,1.399232458601342,1.0,1.044221945495927,1.3575722091813451
256,8192,6,4,2,True,4,7.75670599937439,51,False,512,2048,2048,15.515151515151516,128,128,3.0517578125e-05,1.123483589451682,1.000272299890241,0.6961344081356409,0.9938142526231725,0.9959518943622735
256,8192,6,8,1,False,4,7.646788835525513,52,False,512,4096,4096,31.03030303030303,64,64,3.0517578125e-05,1.1396328688994906,1.0146505044732856,0.9727306715124521,1.007141966984834,1.0
256,8192,6,16,1,False,4,7.5168681144714355,53,False,512,8192,8192,62.06060606060606,32,32,3.0517578125e-05,1.1593301579578552,1.0321876121026274,0.9884470104855901,1.0245492978787447,1.0
256,8192,6,2,2,True,4,7.8354880809783936,54,True,512,1024,1024,7.757575757575758,256,256,6.103515625e-05,1.112187499800316,0.9902150407709931,0.7076844413406487,0.9838219260775612,0.9948586341964543
256,8192,3,16,3,True,4,6.30578088760376,55,False,512,16384,16384,124.12121212121212,32,32,3.0517578125e-05,1.3819909149761336,1.2304293929431245,0.8657935035825659,1.0576338149031688,1.1668754760691797
256,8192,1,16,3,True,4,5.459504127502441,56,False,512,49152,49152,372.3636363636364,32,32,3.0517578125e-05,1.5962130799753,1.4211580334707203,1.0,1.014144833663918,1.360934187875183
256,8192,1,32,2,True,4,5.729525089263916,57,False,512,98304,98304,744.7272727272727,16,16,3.0517578125e-05,1.52098677686707,1.3541817216413379,1.0,1.0106013930957745,1.2992429478635634
256,8192,6,32,2,True,4,7.207876205444336,58,False,512,16384,16384,124.12121212121212,16,16,3.0517578125e-05,1.2090290745998349,1.0764360996802596,0.7948978209331933,1.0694863168936357,1.0511072629473965
256,8192,3,2,2,True,4,6.867553949356079,59,False,512,2048,2048,15.515151515151516,256,256,6.103515625e-05,1.2689426195648064,1.1297789878001816,0.8074276585389512,1.0511764627667746,1.130084182014066
256,8192,2,8,1,False,4,6.32254695892334,60,False,512,12288,12288,93.0909090909091,64,64,3.0517578125e-05,1.3783261642998574,1.227166551703697,1.1764667130540867,1.063978174784239,1.0
256,8192,1,2,3,True,4,5.54662299156189,61,False,512,6144,6144,46.54545454545455,256,256,6.103515625e-05,1.5711419203641575,1.398836402144185,1.0,0.9982160160689656,1.3571879447682391
256,8192,2,1,1,False,4,6.7270519733428955,62,True,512,1536,1536,11.636363636363637,512,512,3.0517578125e-05,1.2954459000809526,1.1533756808052482,1.1533756808052482,1.0,1.0
256,8192,2,4,1,False,4,6.355389833450317,63,False,512,6144,6144,46.54545454545455,128,128,3.0517578125e-05,1.3712033607492253,1.2208248986914492,1.1788354535154117,1.058479833595165,1.0
256,8192,3,16,1,False,4,7.358061075210571,64,False,512,16384,16384,124.12121212121212,32,32,3.0517578125e-05,1.184351666753343,1.0544650377673863,1.0097803945927581,1.0574526330080622,1.0
256,8192,3,2,3,True,4,6.631924152374268,65,False,512,2048,2048,15.515151515151516,256,256,6.103515625e-05,1.3140276785853593,1.1699196147755924,0.8363519944021324,1.0056217385586712,1.1702356524263142
256,8192,1,32,1,False,4,7.444045066833496,66,False,512,98304,98304,744.7272727272727,16,16,3.0517578125e-05,1.1706715663672722,1.0422852199183488,1.0,1.0422852199183488,1.0
256,8192,6,8,3,True,4,7.2381432056427,67,False,512,4096,4096,31.03030303030303,64,64,3.0517578125e-05,1.2039734018670527,1.0719348773754633,0.7665324844816062,1.0424149723378324,1.056457245770468
256,8192,3,32,2,True,4,6.437207937240601,68,False,512,32768,32768,248.24242424242425,16,16,3.0517578125e-05,1.3537751123562651,1.2053079883718307,0.8900636961123175,1.1214506566706692,1.1504540417940157
256,8192,2,16,2,True,4,5.56613302230835,69,False,512,24576,24576,186.1818181818182,32,32,3.0517578125e-05,1.5656348606064219,1.393933295965134,1.0110042151020469,1.0371327848380716,1.1317963626743945
256,8192,1,1,1,False,4,7.75881814956665,70,True,512,3072,3072,23.272727272727273,512,512,3.0517578125e-05,1.1231777482741059,1.0,1.0,1.0,1.0
256,8192,3,2,1,False,4,7.760914087295532,71,False,512,2048,2048,15.515151515151516,256,256,6.103515625e-05,1.1228744192342055,0.9997299367438801,0.969964333279378,1.0025624520895773,1.0
256,8192,6,1,3,True,4,7.545148849487305,72,False,512,512,512,3.878787878787879,512,512,3.0517578125e-05,1.1549847554154866,1.0283187653870958,0.7338129460030016,1.0,1.020709081100785
256,16384,3,2,3,True,4,13.246665954589844,0,False,1024,2048,2048,15.515151515151516,512,512,3.0517578125e-05,1.316555575841734,1.1705848668436363,0.8345565514981279,1.00613384922941,1.1714809703807076
256,16384,2,1,2,True,4,11.535567283630371,1,True,1024,1536,1536,11.636363636363637,1024,1024,3.0517578125e-05,1.5118434572850563,1.3442205590166403,1.0010857380906735,1.0,1.1655924613913171
256,16384,6,32,2,True,4,14.335291862487793,2,False,1024,16384,16384,124.12121212121212,32,32,3.0517578125e-05,1.216575992391517,1.0816903381752747,0.7859082004542018,1.075876668970917,1.0480972372747277
256,16384,2,8,2,True,4,10.869563102722168,3,False,1024,12288,12288,93.0909090909091,128,128,3.0517578125e-05,1.6044777291426247,1.426584174178287,1.0008872510728828,1.0612723965640725,1.1622253809871461
256,16384,3,8,1,False,4,14.826917171478271,4,False,1024,8192,8192,62.06060606060606,128,128,3.0517578125e-05,1.1762372259943856,1.045824059259223,1.0022699981112293,1.0503023399884333,1.0
256,16384,6,16,1,False,4,14.996246814727783,5,False,1024,8192,8192,62.06060606060606,64,64,3.0517578125e-05,1.162955780822463,1.034015170205583,0.9893513420236292,1.0275224249842023,1.0
256,16384,6,4,2,True,4,15.504687786102295,6,False,1024,2048,2048,15.515151515151516,256,256,3.0517578125e-05,1.124819291070184,1.0001069945100654,0.7047135125885545,0.994731804374916,0.9955453809110661
256,16384,1,2,1,False,4,15.044482231140137,7,False,1024,6144,6144,46.54545454545455,512,512,3.0517578125e-05,1.159227127652797,1.0306999246859787,1.0,1.0306999246859787,1.0
256,16384,3,8,3,True,4,12.673287868499756,8,False,1024,8192,8192,62.06060606060606,128,128,3.0517578125e-05,1.3761205540967991,1.2235456862869556,0.8627192435073001,1.0516544044955396,1.1699345367457086
256,16384,1,32,1,False,4,14.843092918395996,9,False,1024,98304,98304,744.7272727272727,32,32,3.0517578125e-05,1.174955382931926,1.0446843382188677,1.0,1.0446843382188677,1.0
256,16384,1,8,3,True,4,10.933489322662354,10,False,1024,24576,24576,186.1818181818182,128,128,3.0517578125e-05,1.5950966255282732,1.418243183393883,1.0,1.0262403524171744,1.3591794720694221
256,16384,1,16,1,False,4,14.836556911468506,11,False,1024,49152,49152,372.3636363636364,64,64,3.0517578125e-05,1.1754729906604682,1.0451445571303297,1.0,1.0451445571303297,1.0
256,16384,1,1,1,False,4,15.506346702575684,12,True,1024,3072,3072,23.272727272727273,1024,1024,3.0517578125e-05,1.124698954456581,1.0,1.0,1.0,1.0
256,16384,3,8,2,True,4,12.638330936431885,13,False,1024,8192,8192,62.06060606060606,128,128,3.0517578125e-05,1.3799268282772046,1.2269299467286707,0.8608104336693605,1.1406076650905443,1.1731705116802613
256,16384,2,4,3,True,4,10.769200325012207,14,False,1024,6144,6144,46.54545454545455,256,256,3.0517578125e-05,1.6194305424259396,1.4398791214386764,1.018531126229541,1.0330308417442822,1.1796477696134322
256,16384,6,4,1,False,4,15.435620307922363,15,False,1024,2048,2048,15.515151515151516,256,256,3.0517578125e-05,1.1298523529292195,1.0045820247740236,0.969946008818677,0.9982740949401316,1.0
256,16384,6,2,2,True,4,15.600789070129395,16,True,1024,1024,1024,7.757575757575758,512,512,3.0517578125e-05,1.1178903737132238,0.9939463082842048,0.7048910259078811,0.9886042294661535,0.9980104670243132
256,16384,2,32,3,True,4,10.684794902801514,17,False,1024,49152,49152,372.3636363636364,32,32,3.0517578125e-05,1.6322233681112053,1.4512535658040546,1.028890013802882,1.0411913544305136,1.17504097598145
256,16384,6,8,1,False,4,15.269957065582275,18,False,1024,4096,4096,31.03030303030303,128,128,3.0517578125e-05,1.1421100824924357,1.0154807008283093,0.9731903096799058,1.0091043364792287,1.0
256,16384,6,8,3,True,4,14.466012001037598,19,False,1024,4096,4096,31.03030303030303,128,128,3.0517578125e-05,1.2055825698594205,1.0719157914056388,0.7558053540864014,1.0504963077619043,1.0555747544303857
256,16384,3,16,2,True,4,12.694204807281494,20,False,1024,16384,16384,124.12121212121212,64,64,3.0517578125e-05,1.3738530446447832,1.2215295828283095,0.8881634691909154,1.1355872509459115,1.156202631411988
256,16384,6,2,1,False,4,15.569750785827637,21,True,1024,1024,1024,7.757575757575758,512,512,3.0517578125e-05,1.12011888717595,0.9959277393630689,0.9662635220105369,0.9896741511596149,1.0
256,16384,1,8,2,True,4,10.879207134246826,22,False,1024,24576,24576,186.1818181818182,128,128,3.0517578125e-05,1.6030554165044404,1.4253195578713647,1.0,1.0614828586244411,1.3659611460722212
256,16384,2,32,1,False,4,12.555071830749512,23,False,1024,49152,49152,372.3636363636364,32,32,3.0517578125e-05,1.38907782917774,1.235066347019855,1.1822387891117223,1.070943316368839,1.0
256,16384,3,4,1,False,4,15.162444114685059,24,False,1024,4096,4096,31.03030303030303,256,256,3.0517578125e-05,1.1502084882830497,1.0226812105811853,0.9874211702326723,1.0270603922579915,1.0
256,16384,1,16,2,True,4,11.274528980255127,25,False,1024,49152,49152,372.3636363636364,64,64,3.0517578125e-05,1.5468470527123948,1.375343194357091,1.0,1.024263799281699,1.3159358530588277
256,16384,6,16,2,True,4,14.243544101715088,26,False,1024,8192,8192,62.06060606060606,64,64,3.0517578125e-05,1.224412393382357,1.0886578924348287,0.7915536259615009,1.082806775308271,1.0528451842910405
256,16384,3,16,1,False,4,14.677073001861572,27,False,1024,16384,16384,124.12121212121212,64,64,3.0517578125e-05,1.1882459071789122,1.0565012997216086,1.010866193115392,1.061025301028559,1.0
256,16384,3,1,3,True,4,13.327919006347656,28,True,1024,1024,1024,7.757575757575758,1024,1024,3.0517578125e-05,1.308529254681247,1.1634484494684063,0.8418709575211645,1.0,1.1684304048217518
256,16384,1,1,2,True,4,11.548091888427734,29,True,1024,3072,3072,23.272727272727273,1024,1024,3.0517578125e-05,1.5102037715256322,1.3427626704386106,1.0,1.0,1.3427626704386106
256,16384,2,16,2,True,4,11.07275104522705,30,False,1024,24576,24576,186.1818181818182,64,64,3.0517578125e-05,1.575035133779666,1.4004059731172003,1.0182229270940806,1.0417977643056302,1.1354621772599416
256,16384,1,4,3,True,4,10.96876573562622,31,False,1024,12288,12288,93.0909090909091,256,256,3.0517578125e-05,1.5899666693749892,1.4136820018146194,1.0,1.022939882761371,1.3649410218218194
256,16384,3,32,2,True,4,12.68677806854248,32,False,1024,32768,32768,248.24242424242425,32,32,3.0517578125e-05,1.3746572872644027,1.222244656507744,0.8880287311534775,1.1362520146694168,1.1541959058865519
256,16384,2,1,3,True,4,11.124916076660156,33,True,1024,1536,1536,11.636363636363637,1024,1024,3.0517578125e-05,1.5676497515713241,1.3938394317515508,1.0085818048711908,1.0,1.208617680440828
256,16384,1,4,1,False,4,14.971718311309814,34,False,1024,12288,12288,93.0909090909091,256,256,3.0517578125e-05,1.1648610774792472,1.0357092205549983,1.0,1.0357092205549983,1.0
256,16384,6,4,3,True,4,14.743567943572998,35,False,1024,2048,2048,15.515151515151516,256,256,3.0517578125e-05,1.182886801252918,1.0517363749346165,0.7439695586310039,1.0307201250938607,1.0469392732476974
256,16384,1,32,2,True,4,11.266223430633545,36,False,1024,98304,98304,744.7272727272727,32,32,3.0517578125e-05,1.5479874006765908,1.3763571083112898,1.0,1.0250188947103402,1.3174861132290991
256,16384,2,1,1,False,4,13.445770263671875,37,True,1024,1536,1536,11.636363636363637,1024,1024,3.0517578125e-05,1.2970600852037377,1.1532509033321152,1.1532509033321152,1.0,1.0
256,16384,1,8,1,False,4,14.86057424545288,38,False,1024,24576,24576,186.1818181818182,128,128,3.0517578125e-05,1.1735732170083872,1.0434554174324993,1.0,1.0434554174324993,1.0
256,16384,3,1,2,True,4,14.415377140045166,39,True,1024,1024,1024,7.757575757575758,1024,1024,3.0517578125e-05,1.2098172496216413,1.0756809587381422,0.8010953703283792,1.0,1.0802870884840075
256,16384,1,32,3,True,4,10.993478775024414,40,False,1024,98304,98304,744.7272727272727,32,32,3.0517578125e-05,1.5863924678191226,1.4105040833665727,1.0,1.0206403419024666,1.350172517921929
256,16384,1,1,3,True,4,11.220387935638428,41,True,1024,3072,3072,23.272727272727273,1024,1024,3.0517578125e-05,1.5543109582187373,1.3819795528926504,1.0,1.0,1.3819795528926504
256,16384,2,4,2,True,4,10.959656238555908,42,False,1024,6144,6144,46.54545454545455,256,256,3.0517578125e-05,1.5912882251246678,1.4148570324701049,0.9969621996805178,1.0525482763819194,1.159147957508822
256,16384,6,8,2,True,4,15.007692813873291,43,False,1024,4096,4096,31.03030303030303,128,128,3.0517578125e-05,1.162068822977667,1.033226552201377,0.7249087031012493,1.0276733571919894,1.0174753211543979
256,16384,3,2,1,False,4,15.518217086791992,44,False,1024,2048,2048,15.515151515151516,512,512,3.0517578125e-05,1.1238386359907153,0.9992350677819547,0.9694723399600419,1.0035138516829185,1.0
256,16384,2,4,1,False,4,12.703863143920898,45,False,1024,6144,6144,46.54545454545455,256,256,3.0517578125e-05,1.3728085485692254,1.2206008933586348,1.1785169709163734,1.0584001190304066,1.0
256,16384,6,32,3,True,4,13.642168045043945,46,False,1024,16384,16384,124.12121212121212,32,32,3.0517578125e-05,1.2783871204521544,1.1366482696428135,0.8058454300464528,1.1139352737008776,1.1013483888331579
256,16384,2,8,3,True,4,10.712763786315918,47,False,1024,12288,12288,93.0909090909091,128,128,3.0517578125e-05,1.6279619593689996,1.4474646330186902,1.020603976784066,1.038473012059755,1.1792365042494326
256,16384,3,2,2,True,4,13.74427318572998,48,False,1024,2048,2048,15.515151515151516,512,512,3.0517578125e-05,1.2688900815748636,1.1282041977072443,0.8001046009499778,1.0488278969172382,1.1290678580882554
256,16384,2,2,3,True,4,11.188656330108643,49,False,1024,3072,3072,23.272727272727273,512,512,3.0517578125e-05,1.558719064137953,1.3858989180718821,0.9880625100764723,0.994303136000615,1.17201586085218
256,16384,3,4,2,True,4,13.046474933624268,50,False,1024,4096,4096,31.03030303030303,256,256,3.0517578125e-05,1.3367574009497873,1.1885468512733401,0.8374954190248615,1.104925063159618,1.1621870422337126
256,16384,2,16,3,True,4,10.66022777557373,51,False,1024,24576,24576,186.1818181818182,64,64,3.0517578125e-05,1.6359849236795045,1.4545980657285849,1.0246354935145716,1.0435908416658026,1.1794016295673515
256,16384,6,1,3,True,4,15.196492195129395,52,False,1024,512,512,3.878787878787879,1024,1024,3.0517578125e-05,1.1476314204548985,1.0203898704692915,0.7383538116273082,1.0,1.0139826806655698
256,16384,6,16,3,True,4,14.345589637756348,54,False,1024,8192,8192,62.06060606060606,64,64,3.0517578125e-05,1.2157026908066317,1.0809138623179575,0.7614080720010802,1.0593145753405315,1.0453559033404218
256,16384,1,4,2,True,4,10.926362991333008,55,False,1024,12288,12288,93.0909090909091,256,256,3.0517578125e-05,1.596136970523662,1.4191681820268651,1.0,1.0569017245343115,1.370238049311162
256,16384,2,8,1,False,4,12.632882118225098,56,False,1024,12288,12288,93.0909090909091,128,128,3.0517578125e-05,1.38052201869817,1.2274591464924003,1.1763407674020765,1.0643470063156883,1.0
256,16384,3,16,3,True,4,12.568395614624023,57,False,1024,16384,16384,124.12121212121212,64,64,3.0517578125e-05,1.3876052647114125,1.2337570504649926,0.869072559674474,1.0604312129417606,1.1677761785906855
256,16384,2,32,2,True,4,11.096518993377686,58,False,1024,49152,49152,372.3636363636364,32,32,3.0517578125e-05,1.5716615214407474,1.3974064039208827,1.0152934841419312,1.0395663081831974,1.131442377401623
256,16384,1,2,2,True,4,10.996856212615967,59,False,1024,6144,6144,46.54545454545455,512,512,3.0517578125e-05,1.585905242974842,1.4100708786922462,1.0,1.0501266603067312,1.3680711960096918
256,16384,1,2,3,True,4,11.055091857910156,60,False,1024,6144,6144,46.54545454545455,512,512,3.0517578125e-05,1.5775510640691284,1.4026429542039995,1.0,1.0149520311411975,1.3608645160533412
256,16384,3,1,1,False,4,15.57274580001831,61,True,1024,1024,1024,7.757575757575758,1024,1024,3.0517578125e-05,1.1199034613284202,0.9957361984652348,0.9957361984652348,1.0,1.0
256,16384,2,2,2,True,4,11.32682991027832,62,False,1024,3072,3072,23.272727272727273,512,512,3.0517578125e-05,1.53970458300981,1.3689926330141797,0.9708679568532299,1.0184285784288714,1.1577186895524998
256,16384,3,32,1,False,4,14.643027305603027,63,False,1024,32768,32768,248.24242424242425,32,32,3.0517578125e-05,1.1910086322897773,1.0589577127020937,1.0136628586847212,1.0634922325153033,1.0
256,16384,6,1,1,False,4,15.408979892730713,64,False,1024,512,512,3.878787878787879,1024,1024,3.0517578125e-05,1.1318057421864471,1.00631883554413,1.00631883554413,1.0,1.0
256,16384,3,32,3,True,4,12.924931049346924,65,False,1024,32768,32768,248.24242424242425,32,32,3.0517578125e-05,1.349328043394811,1.1997237465618198,0.8505638237489783,1.031179118516156,1.132928852749502
256,16384,6,32,1,False,4,15.024779796600342,66,False,1024,16384,16384,124.12121212121212,32,32,3.0517578125e-05,1.1607472561943484,1.0320515117355866,0.9879075180692195,1.0255710966371236,1.0
256,16384,2,2,1,False,4,13.113282680511475,67,False,1024,3072,3072,23.272727272727273,512,512,3.0517578125e-05,1.3299470734163943,1.1824916064396829,1.1472704888379128,1.025355022938271,1.0
256,16384,6,1,2,True,4,15.423006057739258,68,False,1024,512,512,3.878787878787879,1024,1024,3.0517578125e-05,1.130776442577921,1.0054036576607972,0.7487575278901552,1.0,0.9990905686637199
256,16384,6,2,3,True,4,14.931839942932129,69,True,1024,1024,1024,7.757575757575758,512,512,3.0517578125e-05,1.1679720644262064,1.0384752824728405,0.7403703696370653,1.0177240215009495,1.0427215162587822
256,16384,3,4,3,True,4,12.926400661468506,70,False,1024,4096,4096,31.03030303030303,256,256,3.0517578125e-05,1.3491746372842859,1.1995873490752593,0.8485552956997785,1.0310618829939266,1.1729826818599112
256,16384,2,16,1,False,4,12.5726900100708,71,False,1024,24576,24576,186.1818181818182,64,64,3.0517578125e-05,1.3871313068133073,1.2333356417882733,1.1800622539475907,1.069442597638352,1.0
256,16384,1,16,3,True,4,10.922847747802734,72,False,1024,49152,49152,372.3636363636364,64,64,3.0517578125e-05,1.5966506470198114,1.4196249055741874,1.0,1.027240166182445,1.3583048353350033
