max_prefill_attention_pairs,repetition,iteration,iteration_type,iteration_latency_ms,decode_count,decode_context_lengths,decode_context_min,decode_context_mean,decode_context_max,prefill_tokens,prefill_attention_pairs,prefill_prefix_lengths,prefill_prefix_min,prefill_prefix_mean,prefill_prefix_max,total_scheduled_tokens
,0,0,prefill_only,18.01440119743347,0,[],,,,2048,2098176,[0],0,0.0,0,2048
,0,1,prefill_only,20.45255433768034,0,[],,,,2048,6292480,[2048],2048,2048.0,2048,2048
,0,2,prefill_only,23.577515967190266,0,[],,,,2048,10486784,[4096],4096,4096.0,4096,2048
,0,3,prefill_only,57.07545764744282,0,[],,,,6144,18877440,"[6144,0,0]",0,2048.0,6144,6144
,0,4,mixed,80.24151250720024,1,[8192],8192,8192.0,8192,6144,14683136,"[2048,2048,0]",0,1365.3333333333333,2048,6145
,0,5,mixed,117.82521475106478,1,[8193],8193,8193.0,8193,10240,31462400,"[4096,4096,2048,0,0]",0,2048.0,4096,10241
,0,6,mixed,173.90865553170443,1,[8194],8194,8194.0,8194,16383,58726400,"[6144,6144,4096,2048,2048,0,0,0]",0,2560.0,6144,16384
,0,7,mixed,175.63701886683702,3,"[8195,8192,8192]",8192,8193.0,8195,16381,58720259,"[6144,4096,4096,2048,2048,2047,0,0]",0,2559.875,6144,16384
,0,8,mixed,185.7863236218691,4,"[8196,8193,8193,8192]",8192,8193.5,8196,16380,75489286,"[6144,6144,4096,4096,4095,2048,2045,0]",0,3583.5,6144,16384
,0,9,mixed,185.62659993767738,6,"[8197,8194,8194,8193,8192,8192]",8192,8193.666666666666,8197,16378,75477007,"[6144,6144,6143,4096,4093,2044,0,0]",0,3583.0,6144,16384
,0,10,mixed,163.86331245303154,8,"[8198,8195,8195,8194,8193,8193,8192,8192]",8192,8194.0,8198,14337,56611840,"[8191,6144,6141,4092,2048,2042,0,0]",0,3582.25,8191,14345
,0,11,mixed,131.58757891505957,10,"[8199,8196,8196,8195,8194,8194,8193,8193,8192,8192]",8192,8194.4,8199,10243,48243709,"[8189,6140,4096,4090,2048,2048]",2048,4435.166666666667,8189,10253
,0,12,mixed,122.53896053880453,11,"[8200,8197,8197,8196,8195,8195,8194,8194,8193,8193,8192]",8192,8195.09090909091,8200,8196,50356218,"[8188,6144,6138,4096,4096]",4096,5732.4,8188,8207
,0,13,mixed,79.63017094880342,13,"[8201,8198,8198,8197,8196,8196,8195,8195,8194,8194,8193,8192,8192]",8192,8195.461538461539,8201,4102,29411313,"[8186,6144,6144]",6144,6824.666666666667,8186,4115
,0,14,decode_only,32.83966425806284,16,"[8202,8199,8199,8198,8197,8197,8196,8196,8195,8195,8194,8193,8193,8192,8192,8192]",8192,8195.625,8202,0,0,[],,,,16
,0,15,decode_only,32.85259008407593,16,"[8203,8200,8200,8199,8198,8198,8197,8197,8196,8196,8195,8194,8194,8193,8193,8193]",8193,8196.625,8203,0,0,[],,,,16
,0,16,decode_only,32.93790016323328,16,"[8204,8201,8201,8200,8199,8199,8198,8198,8197,8197,8196,8195,8195,8194,8194,8194]",8194,8197.625,8204,0,0,[],,,,16
,0,17,decode_only,32.70441014319658,16,"[8205,8202,8202,8201,8200,8200,8199,8199,8198,8198,8197,8196,8196,8195,8195,8195]",8195,8198.625,8205,0,0,[],,,,16
,0,18,decode_only,32.65579883009195,16,"[8206,8203,8203,8202,8201,8201,8200,8200,8199,8199,8198,8197,8197,8196,8196,8196]",8196,8199.625,8206,0,0,[],,,,16
,0,19,decode_only,32.5846029445529,16,"[8207,8204,8204,8203,8202,8202,8201,8201,8200,8200,8199,8198,8198,8197,8197,8197]",8197,8200.625,8207,0,0,[],,,,16
,0,20,decode_only,32.691446132957935,16,"[8208,8205,8205,8204,8203,8203,8202,8202,8201,8201,8200,8199,8199,8198,8198,8198]",8198,8201.625,8208,0,0,[],,,,16
,0,21,decode_only,32.67133980989456,16,"[8209,8206,8206,8205,8204,8204,8203,8203,8202,8202,8201,8200,8200,8199,8199,8199]",8199,8202.625,8209,0,0,[],,,,16
,0,22,decode_only,32.57370367646217,16,"[8210,8207,8207,8206,8205,8205,8204,8204,8203,8203,8202,8201,8201,8200,8200,8200]",8200,8203.625,8210,0,0,[],,,,16
,0,23,decode_only,32.63508062809706,16,"[8211,8208,8208,8207,8206,8206,8205,8205,8204,8204,8203,8202,8202,8201,8201,8201]",8201,8204.625,8211,0,0,[],,,,16
,0,24,decode_only,32.61359687894583,16,"[8212,8209,8209,8208,8207,8207,8206,8206,8205,8205,8204,8203,8203,8202,8202,8202]",8202,8205.625,8212,0,0,[],,,,16
,0,25,decode_only,32.52262528985739,16,"[8213,8210,8210,8209,8208,8208,8207,8207,8206,8206,8205,8204,8204,8203,8203,8203]",8203,8206.625,8213,0,0,[],,,,16
,0,26,decode_only,32.720706425607204,16,"[8214,8211,8211,8210,8209,8209,8208,8208,8207,8207,8206,8205,8205,8204,8204,8204]",8204,8207.625,8214,0,0,[],,,,16
,0,27,decode_only,32.68746566027403,16,"[8215,8212,8212,8211,8210,8210,8209,8209,8208,8208,8207,8206,8206,8205,8205,8205]",8205,8208.625,8215,0,0,[],,,,16
,0,28,decode_only,32.67363645136356,16,"[8216,8213,8213,8212,8211,8211,8210,8210,8209,8209,8208,8207,8207,8206,8206,8206]",8206,8209.625,8216,0,0,[],,,,16
,0,29,decode_only,32.76138287037611,16,"[8217,8214,8214,8213,8212,8212,8211,8211,8210,8210,8209,8208,8208,8207,8207,8207]",8207,8210.625,8217,0,0,[],,,,16
,0,30,decode_only,32.61927980929613,16,"[8218,8215,8215,8214,8213,8213,8212,8212,8211,8211,8210,8209,8209,8208,8208,8208]",8208,8211.625,8218,0,0,[],,,,16
,0,31,decode_only,32.51673839986324,16,"[8219,8216,8216,8215,8214,8214,8213,8213,8212,8212,8211,8210,8210,8209,8209,8209]",8209,8212.625,8219,0,0,[],,,,16
,0,32,decode_only,32.63629972934723,16,"[8220,8217,8217,8216,8215,8215,8214,8214,8213,8213,8212,8211,8211,8210,8210,8210]",8210,8213.625,8220,0,0,[],,,,16
,0,33,decode_only,32.71593153476715,16,"[8221,8218,8218,8217,8216,8216,8215,8215,8214,8214,8213,8212,8212,8211,8211,8211]",8211,8214.625,8221,0,0,[],,,,16
,0,34,decode_only,32.72413648664951,16,"[8222,8219,8219,8218,8217,8217,8216,8216,8215,8215,8214,8213,8213,8212,8212,8212]",8212,8215.625,8222,0,0,[],,,,16
,0,35,decode_only,32.73081313818693,16,"[8223,8220,8220,8219,8218,8218,8217,8217,8216,8216,8215,8214,8214,8213,8213,8213]",8213,8216.625,8223,0,0,[],,,,16
,0,36,decode_only,32.70409349352121,16,"[8224,8221,8221,8220,8219,8219,8218,8218,8217,8217,8216,8215,8215,8214,8214,8214]",8214,8217.625,8224,0,0,[],,,,16
,0,37,decode_only,32.605718821287155,16,"[8225,8222,8222,8221,8220,8220,8219,8219,8218,8218,8217,8216,8216,8215,8215,8215]",8215,8218.625,8225,0,0,[],,,,16
,0,38,decode_only,32.63596445322037,16,"[8226,8223,8223,8222,8221,8221,8220,8220,8219,8219,8218,8217,8217,8216,8216,8216]",8216,8219.625,8226,0,0,[],,,,16
,0,39,decode_only,32.59492386132479,16,"[8227,8224,8224,8223,8222,8222,8221,8221,8220,8220,8219,8218,8218,8217,8217,8217]",8217,8220.625,8227,0,0,[],,,,16
,0,40,decode_only,32.62683004140854,16,"[8228,8225,8225,8224,8223,8223,8222,8222,8221,8221,8220,8219,8219,8218,8218,8218]",8218,8221.625,8228,0,0,[],,,,16
,0,41,decode_only,32.721913419663906,16,"[8229,8226,8226,8225,8224,8224,8223,8223,8222,8222,8221,8220,8220,8219,8219,8219]",8219,8222.625,8229,0,0,[],,,,16
,0,42,decode_only,32.63122867792845,16,"[8230,8227,8227,8226,8225,8225,8224,8224,8223,8223,8222,8221,8221,8220,8220,8220]",8220,8223.625,8230,0,0,[],,,,16
,0,43,decode_only,32.672811299562454,16,"[8231,8228,8228,8227,8226,8226,8225,8225,8224,8224,8223,8222,8222,8221,8221,8221]",8221,8224.625,8231,0,0,[],,,,16
,0,44,decode_only,32.66602661460638,16,"[8232,8229,8229,8228,8227,8227,8226,8226,8225,8225,8224,8223,8223,8222,8222,8222]",8222,8225.625,8232,0,0,[],,,,16
,0,45,decode_only,32.674903981387615,16,"[8233,8230,8230,8229,8228,8228,8227,8227,8226,8226,8225,8224,8224,8223,8223,8223]",8223,8226.625,8233,0,0,[],,,,16
,0,46,decode_only,32.746315002441406,16,"[8234,8231,8231,8230,8229,8229,8228,8228,8227,8227,8226,8225,8225,8224,8224,8224]",8224,8227.625,8234,0,0,[],,,,16
,0,47,decode_only,32.815223559737206,16,"[8235,8232,8232,8231,8230,8230,8229,8229,8228,8228,8227,8226,8226,8225,8225,8225]",8225,8228.625,8235,0,0,[],,,,16
,0,48,decode_only,32.75010082870722,16,"[8236,8233,8233,8232,8231,8231,8230,8230,8229,8229,8228,8227,8227,8226,8226,8226]",8226,8229.625,8236,0,0,[],,,,16
,0,49,decode_only,32.6189398765564,16,"[8237,8234,8234,8233,8232,8232,8231,8231,8230,8230,8229,8228,8228,8227,8227,8227]",8227,8230.625,8237,0,0,[],,,,16
,0,50,decode_only,32.70162921398878,16,"[8238,8235,8235,8234,8233,8233,8232,8232,8231,8231,8230,8229,8229,8228,8228,8228]",8228,8231.625,8238,0,0,[],,,,16
,0,51,decode_only,32.742676325142384,16,"[8239,8236,8236,8235,8234,8234,8233,8233,8232,8232,8231,8230,8230,8229,8229,8229]",8229,8232.625,8239,0,0,[],,,,16
,0,52,decode_only,32.724655233323574,16,"[8240,8237,8237,8236,8235,8235,8234,8234,8233,8233,8232,8231,8231,8230,8230,8230]",8230,8233.625,8240,0,0,[],,,,16
,0,53,decode_only,32.686175778508186,16,"[8241,8238,8238,8237,8236,8236,8235,8235,8234,8234,8233,8232,8232,8231,8231,8231]",8231,8234.625,8241,0,0,[],,,,16
,0,54,decode_only,32.64636732637882,16,"[8242,8239,8239,8238,8237,8237,8236,8236,8235,8235,8234,8233,8233,8232,8232,8232]",8232,8235.625,8242,0,0,[],,,,16
,0,55,decode_only,32.60744456201792,16,"[8243,8240,8240,8239,8238,8238,8237,8237,8236,8236,8235,8234,8234,8233,8233,8233]",8233,8236.625,8243,0,0,[],,,,16
,0,56,decode_only,32.68539905548096,16,"[8244,8241,8241,8240,8239,8239,8238,8238,8237,8237,8236,8235,8235,8234,8234,8234]",8234,8237.625,8244,0,0,[],,,,16
,0,57,decode_only,32.759832218289375,16,"[8245,8242,8242,8241,8240,8240,8239,8239,8238,8238,8237,8236,8236,8235,8235,8235]",8235,8238.625,8245,0,0,[],,,,16
,0,58,decode_only,32.70981088280678,16,"[8246,8243,8243,8242,8241,8241,8240,8240,8239,8239,8238,8237,8237,8236,8236,8236]",8236,8239.625,8246,0,0,[],,,,16
,0,59,decode_only,32.74360112845898,16,"[8247,8244,8244,8243,8242,8242,8241,8241,8240,8240,8239,8238,8238,8237,8237,8237]",8237,8240.625,8247,0,0,[],,,,16
,0,60,decode_only,32.715157605707645,16,"[8248,8245,8245,8244,8243,8243,8242,8242,8241,8241,8240,8239,8239,8238,8238,8238]",8238,8241.625,8248,0,0,[],,,,16
,0,61,decode_only,32.65197388827801,16,"[8249,8246,8246,8245,8244,8244,8243,8243,8242,8242,8241,8240,8240,8239,8239,8239]",8239,8242.625,8249,0,0,[],,,,16
,0,62,decode_only,32.73012302815914,16,"[8250,8247,8247,8246,8245,8245,8244,8244,8243,8243,8242,8241,8241,8240,8240,8240]",8240,8243.625,8250,0,0,[],,,,16
,0,63,decode_only,32.6822130009532,16,"[8251,8248,8248,8247,8246,8246,8245,8245,8244,8244,8243,8242,8242,8241,8241,8241]",8241,8244.625,8251,0,0,[],,,,16
,0,64,decode_only,32.68221952021122,16,"[8252,8249,8249,8248,8247,8247,8246,8246,8245,8245,8244,8243,8243,8242,8242,8242]",8242,8245.625,8252,0,0,[],,,,16
,0,65,decode_only,32.69488364458084,16,"[8253,8250,8250,8249,8248,8248,8247,8247,8246,8246,8245,8244,8244,8243,8243,8243]",8243,8246.625,8253,0,0,[],,,,16
,0,66,decode_only,32.81252458691597,16,"[8254,8251,8251,8250,8249,8249,8248,8248,8247,8247,8246,8245,8245,8244,8244,8244]",8244,8247.625,8254,0,0,[],,,,16
,0,67,decode_only,31.462916173040867,15,"[8252,8252,8251,8250,8250,8249,8249,8248,8248,8247,8246,8246,8245,8245,8245]",8245,8248.2,8252,0,0,[],,,,15
,0,68,decode_only,31.479635275900364,15,"[8253,8253,8252,8251,8251,8250,8250,8249,8249,8248,8247,8247,8246,8246,8246]",8246,8249.2,8253,0,0,[],,,,15
,0,69,decode_only,31.616338528692722,15,"[8254,8254,8253,8252,8252,8251,8251,8250,8250,8249,8248,8248,8247,8247,8247]",8247,8250.2,8254,0,0,[],,,,15
,0,70,decode_only,31.04585874825716,13,"[8254,8253,8253,8252,8252,8251,8251,8250,8249,8249,8248,8248,8248]",8248,8250.615384615385,8254,0,0,[],,,,13
,0,71,decode_only,30.772856436669827,12,"[8254,8254,8253,8253,8252,8252,8251,8250,8250,8249,8249,8249]",8249,8251.333333333334,8254,0,0,[],,,,12
,0,72,decode_only,29.955247417092323,10,"[8254,8254,8253,8253,8252,8251,8251,8250,8250,8250]",8250,8251.8,8254,0,0,[],,,,10
,0,73,decode_only,29.897183179855347,8,"[8254,8254,8253,8252,8252,8251,8251,8251]",8251,8252.25,8254,0,0,[],,,,8
,0,74,decode_only,30.68485204130411,6,"[8254,8253,8253,8252,8252,8252]",8252,8252.666666666666,8254,0,0,[],,,,6
,0,75,decode_only,29.744718223810196,5,"[8254,8254,8253,8253,8253]",8253,8253.4,8254,0,0,[],,,,5
,0,76,decode_only,29.607047326862812,3,"[8254,8254,8254]",8254,8254.0,8254,0,0,[],,,,3
,1,0,prefill_only,17.367090098559856,0,[],,,,2048,2098176,[0],0,0.0,0,2048
,1,1,prefill_only,20.566077902913094,0,[],,,,2048,6292480,[2048],2048,2048.0,2048,2048
,1,2,prefill_only,24.03820399194956,0,[],,,,2048,10486784,[4096],4096,4096.0,4096,2048
,1,3,prefill_only,58.37100092321634,0,[],,,,6144,18877440,"[6144,0,0]",0,2048.0,6144,6144
,1,4,mixed,79.88077774643898,1,[8192],8192,8192.0,8192,6144,14683136,"[2048,2048,0]",0,1365.3333333333333,2048,6145
,1,5,mixed,117.47636552900076,1,[8193],8193,8193.0,8193,10240,31462400,"[4096,4096,2048,0,0]",0,2048.0,4096,10241
,1,6,mixed,173.5113551840186,1,[8194],8194,8194.0,8194,16383,58726400,"[6144,6144,4096,2048,2048,0,0,0]",0,2560.0,6144,16384
,1,7,mixed,172.83090204000473,3,"[8195,8192,8192]",8192,8193.0,8195,16381,58720259,"[6144,4096,4096,2048,2048,2047,0,0]",0,2559.875,6144,16384
,1,8,mixed,186.17760110646486,4,"[8196,8193,8193,8192]",8192,8193.5,8196,16380,75489286,"[6144,6144,4096,4096,4095,2048,2045,0]",0,3583.5,6144,16384
,1,9,mixed,185.2334951981902,6,"[8197,8194,8194,8193,8192,8192]",8192,8193.666666666666,8197,16378,75477007,"[6144,6144,6143,4096,4093,2044,0,0]",0,3583.0,6144,16384
,1,10,mixed,164.0469841659069,8,"[8198,8195,8195,8194,8193,8193,8192,8192]",8192,8194.0,8198,14337,56611840,"[8191,6144,6141,4092,2048,2042,0,0]",0,3582.25,8191,14345
,1,11,mixed,131.2853517010808,10,"[8199,8196,8196,8195,8194,8194,8193,8193,8192,8192]",8192,8194.4,8199,10243,48243709,"[8189,6140,4096,4090,2048,2048]",2048,4435.166666666667,8189,10253
,1,12,mixed,122.26071208715439,11,"[8200,8197,8197,8196,8195,8195,8194,8194,8193,8193,8192]",8192,8195.09090909091,8200,8196,50356218,"[8188,6144,6138,4096,4096]",4096,5732.4,8188,8207
,1,13,mixed,79.60859686136246,13,"[8201,8198,8198,8197,8196,8196,8195,8195,8194,8194,8193,8192,8192]",8192,8195.461538461539,8201,4102,29411313,"[8186,6144,6144]",6144,6824.666666666667,8186,4115
,1,14,decode_only,32.90487267076969,16,"[8202,8199,8199,8198,8197,8197,8196,8196,8195,8195,8194,8193,8193,8192,8192,8192]",8192,8195.625,8202,0,0,[],,,,16
,1,15,decode_only,32.60103706270456,16,"[8203,8200,8200,8199,8198,8198,8197,8197,8196,8196,8195,8194,8194,8193,8193,8193]",8193,8196.625,8203,0,0,[],,,,16
,1,16,decode_only,32.59409498423338,16,"[8204,8201,8201,8200,8199,8199,8198,8198,8197,8197,8196,8195,8195,8194,8194,8194]",8194,8197.625,8204,0,0,[],,,,16
,1,17,decode_only,32.63148572295904,16,"[8205,8202,8202,8201,8200,8200,8199,8199,8198,8198,8197,8196,8196,8195,8195,8195]",8195,8198.625,8205,0,0,[],,,,16
,1,18,decode_only,32.62714855372906,16,"[8206,8203,8203,8202,8201,8201,8200,8200,8199,8199,8198,8197,8197,8196,8196,8196]",8196,8199.625,8206,0,0,[],,,,16
,1,19,decode_only,32.5597794726491,16,"[8207,8204,8204,8203,8202,8202,8201,8201,8200,8200,8199,8198,8198,8197,8197,8197]",8197,8200.625,8207,0,0,[],,,,16
,1,20,decode_only,32.64180198311806,16,"[8208,8205,8205,8204,8203,8203,8202,8202,8201,8201,8200,8199,8199,8198,8198,8198]",8198,8201.625,8208,0,0,[],,,,16
,1,21,decode_only,32.64775685966015,16,"[8209,8206,8206,8205,8204,8204,8203,8203,8202,8202,8201,8200,8200,8199,8199,8199]",8199,8202.625,8209,0,0,[],,,,16
,1,22,decode_only,32.551079988479614,16,"[8210,8207,8207,8206,8205,8205,8204,8204,8203,8203,8202,8201,8201,8200,8200,8200]",8200,8203.625,8210,0,0,[],,,,16
,1,23,decode_only,32.54998475313187,16,"[8211,8208,8208,8207,8206,8206,8205,8205,8204,8204,8203,8202,8202,8201,8201,8201]",8201,8204.625,8211,0,0,[],,,,16
,1,24,decode_only,32.548122107982635,16,"[8212,8209,8209,8208,8207,8207,8206,8206,8205,8205,8204,8203,8203,8202,8202,8202]",8202,8205.625,8212,0,0,[],,,,16
,1,25,decode_only,32.55523834377527,16,"[8213,8210,8210,8209,8208,8208,8207,8207,8206,8206,8205,8204,8204,8203,8203,8203]",8203,8206.625,8213,0,0,[],,,,16
,1,26,decode_only,32.58075937628746,16,"[8214,8211,8211,8210,8209,8209,8208,8208,8207,8207,8206,8205,8205,8204,8204,8204]",8204,8207.625,8214,0,0,[],,,,16
,1,27,decode_only,32.652861438691616,16,"[8215,8212,8212,8211,8210,8210,8209,8209,8208,8208,8207,8206,8206,8205,8205,8205]",8205,8208.625,8215,0,0,[],,,,16
,1,28,decode_only,32.57732093334198,16,"[8216,8213,8213,8212,8211,8211,8210,8210,8209,8209,8208,8207,8207,8206,8206,8206]",8206,8209.625,8216,0,0,[],,,,16
,1,29,decode_only,32.5214434415102,16,"[8217,8214,8214,8213,8212,8212,8211,8211,8210,8210,8209,8208,8208,8207,8207,8207]",8207,8210.625,8217,0,0,[],,,,16
,1,30,decode_only,33.75952411442995,16,"[8218,8215,8215,8214,8213,8213,8212,8212,8211,8211,8210,8209,8209,8208,8208,8208]",8208,8211.625,8218,0,0,[],,,,16
,1,31,decode_only,32.630039379000664,16,"[8219,8216,8216,8215,8214,8214,8213,8213,8212,8212,8211,8210,8210,8209,8209,8209]",8209,8212.625,8219,0,0,[],,,,16
,1,32,decode_only,32.684504985809326,16,"[8220,8217,8217,8216,8215,8215,8214,8214,8213,8213,8212,8211,8211,8210,8210,8210]",8210,8213.625,8220,0,0,[],,,,16
,1,33,decode_only,32.74803515523672,16,"[8221,8218,8218,8217,8216,8216,8215,8215,8214,8214,8213,8212,8212,8211,8211,8211]",8211,8214.625,8221,0,0,[],,,,16
,1,34,decode_only,32.66713675111532,16,"[8222,8219,8219,8218,8217,8217,8216,8216,8215,8215,8214,8213,8213,8212,8212,8212]",8212,8215.625,8222,0,0,[],,,,16
,1,35,decode_only,32.57768042385578,16,"[8223,8220,8220,8219,8218,8218,8217,8217,8216,8216,8215,8214,8214,8213,8213,8213]",8213,8216.625,8223,0,0,[],,,,16
,1,36,decode_only,32.65749383717775,16,"[8224,8221,8221,8220,8219,8219,8218,8218,8217,8217,8216,8215,8215,8214,8214,8214]",8214,8217.625,8224,0,0,[],,,,16
,1,37,decode_only,32.672371715307236,16,"[8225,8222,8222,8221,8220,8220,8219,8219,8218,8218,8217,8216,8216,8215,8215,8215]",8215,8218.625,8225,0,0,[],,,,16
,1,38,decode_only,32.59498346596956,16,"[8226,8223,8223,8222,8221,8221,8220,8220,8219,8219,8218,8217,8217,8216,8216,8216]",8216,8219.625,8226,0,0,[],,,,16
,1,39,decode_only,32.64717198908329,16,"[8227,8224,8224,8223,8222,8222,8221,8221,8220,8220,8219,8218,8218,8217,8217,8217]",8217,8220.625,8227,0,0,[],,,,16
,1,40,decode_only,32.6179675757885,16,"[8228,8225,8225,8224,8223,8223,8222,8222,8221,8221,8220,8219,8219,8218,8218,8218]",8218,8221.625,8228,0,0,[],,,,16
,1,41,decode_only,32.5598381459713,16,"[8229,8226,8226,8225,8224,8224,8223,8223,8222,8222,8221,8220,8220,8219,8219,8219]",8219,8222.625,8229,0,0,[],,,,16
,1,42,decode_only,32.59034175425768,16,"[8230,8227,8227,8226,8225,8225,8224,8224,8223,8223,8222,8221,8221,8220,8220,8220]",8220,8223.625,8230,0,0,[],,,,16
,1,43,decode_only,32.54066500812769,16,"[8231,8228,8228,8227,8226,8226,8225,8225,8224,8224,8223,8222,8222,8221,8221,8221]",8221,8224.625,8231,0,0,[],,,,16
,1,44,decode_only,32.54156280308962,16,"[8232,8229,8229,8228,8227,8227,8226,8226,8225,8225,8224,8223,8223,8222,8222,8222]",8222,8225.625,8232,0,0,[],,,,16
,1,45,decode_only,32.66122657805681,16,"[8233,8230,8230,8229,8228,8228,8227,8227,8226,8226,8225,8224,8224,8223,8223,8223]",8223,8226.625,8233,0,0,[],,,,16
,1,46,decode_only,32.654112204909325,16,"[8234,8231,8231,8230,8229,8229,8228,8228,8227,8227,8226,8225,8225,8224,8224,8224]",8224,8227.625,8234,0,0,[],,,,16
,1,47,decode_only,32.635658979415894,16,"[8235,8232,8232,8231,8230,8230,8229,8229,8228,8228,8227,8226,8226,8225,8225,8225]",8225,8228.625,8235,0,0,[],,,,16
,1,48,decode_only,32.75616839528084,16,"[8236,8233,8233,8232,8231,8231,8230,8230,8229,8229,8228,8227,8227,8226,8226,8226]",8226,8229.625,8236,0,0,[],,,,16
,1,49,decode_only,32.68630988895893,16,"[8237,8234,8234,8233,8232,8232,8231,8231,8230,8230,8229,8228,8228,8227,8227,8227]",8227,8230.625,8237,0,0,[],,,,16
,1,50,decode_only,32.66462218016386,16,"[8238,8235,8235,8234,8233,8233,8232,8232,8231,8231,8230,8229,8229,8228,8228,8228]",8228,8231.625,8238,0,0,[],,,,16
,1,51,decode_only,32.6819121837616,16,"[8239,8236,8236,8235,8234,8234,8233,8233,8232,8232,8231,8230,8230,8229,8229,8229]",8229,8232.625,8239,0,0,[],,,,16
,1,52,decode_only,32.67698176205158,16,"[8240,8237,8237,8236,8235,8235,8234,8234,8233,8233,8232,8231,8231,8230,8230,8230]",8230,8233.625,8240,0,0,[],,,,16
,1,53,decode_only,32.67222084105015,16,"[8241,8238,8238,8237,8236,8236,8235,8235,8234,8234,8233,8232,8232,8231,8231,8231]",8231,8234.625,8241,0,0,[],,,,16
,1,54,decode_only,32.759372144937515,16,"[8242,8239,8239,8238,8237,8237,8236,8236,8235,8235,8234,8233,8233,8232,8232,8232]",8232,8235.625,8242,0,0,[],,,,16
,1,55,decode_only,32.82791655510664,16,"[8243,8240,8240,8239,8238,8238,8237,8237,8236,8236,8235,8234,8234,8233,8233,8233]",8233,8236.625,8243,0,0,[],,,,16
,1,56,decode_only,32.77862537652254,16,"[8244,8241,8241,8240,8239,8239,8238,8238,8237,8237,8236,8235,8235,8234,8234,8234]",8234,8237.625,8244,0,0,[],,,,16
,1,57,decode_only,32.85420686006546,16,"[8245,8242,8242,8241,8240,8240,8239,8239,8238,8238,8237,8236,8236,8235,8235,8235]",8235,8238.625,8245,0,0,[],,,,16
,1,58,decode_only,32.76476729661226,16,"[8246,8243,8243,8242,8241,8241,8240,8240,8239,8239,8238,8237,8237,8236,8236,8236]",8236,8239.625,8246,0,0,[],,,,16
,1,59,decode_only,32.68349729478359,16,"[8247,8244,8244,8243,8242,8242,8241,8241,8240,8240,8239,8238,8238,8237,8237,8237]",8237,8240.625,8247,0,0,[],,,,16
,1,60,decode_only,32.70656615495682,16,"[8248,8245,8245,8244,8243,8243,8242,8242,8241,8241,8240,8239,8239,8238,8238,8238]",8238,8241.625,8248,0,0,[],,,,16
,1,61,decode_only,32.80799463391304,16,"[8249,8246,8246,8245,8244,8244,8243,8243,8242,8242,8241,8240,8240,8239,8239,8239]",8239,8242.625,8249,0,0,[],,,,16
,1,62,decode_only,32.701944932341576,16,"[8250,8247,8247,8246,8245,8245,8244,8244,8243,8243,8242,8241,8241,8240,8240,8240]",8240,8243.625,8250,0,0,[],,,,16
,1,63,decode_only,32.8034944832325,16,"[8251,8248,8248,8247,8246,8246,8245,8245,8244,8244,8243,8242,8242,8241,8241,8241]",8241,8244.625,8251,0,0,[],,,,16
,1,64,decode_only,32.86048769950867,16,"[8252,8249,8249,8248,8247,8247,8246,8246,8245,8245,8244,8243,8243,8242,8242,8242]",8242,8245.625,8252,0,0,[],,,,16
,1,65,decode_only,32.81813208013773,16,"[8253,8250,8250,8249,8248,8248,8247,8247,8246,8246,8245,8244,8244,8243,8243,8243]",8243,8246.625,8253,0,0,[],,,,16
,1,66,decode_only,32.938347198069096,16,"[8254,8251,8251,8250,8249,8249,8248,8248,8247,8247,8246,8245,8245,8244,8244,8244]",8244,8247.625,8254,0,0,[],,,,16
,1,67,decode_only,31.661142595112324,15,"[8252,8252,8251,8250,8250,8249,8249,8248,8248,8247,8246,8246,8245,8245,8245]",8245,8248.2,8252,0,0,[],,,,15
,1,68,decode_only,31.522315926849842,15,"[8253,8253,8252,8251,8251,8250,8250,8249,8249,8248,8247,8247,8246,8246,8246]",8246,8249.2,8253,0,0,[],,,,15
,1,69,decode_only,31.635569408535957,15,"[8254,8254,8253,8252,8252,8251,8251,8250,8250,8249,8248,8248,8247,8247,8247]",8247,8250.2,8254,0,0,[],,,,15
,1,70,decode_only,31.063788570463657,13,"[8254,8253,8253,8252,8252,8251,8251,8250,8249,8249,8248,8248,8248]",8248,8250.615384615385,8254,0,0,[],,,,13
,1,71,decode_only,30.95420077443123,12,"[8254,8254,8253,8253,8252,8252,8251,8250,8250,8249,8249,8249]",8249,8251.333333333334,8254,0,0,[],,,,12
,1,72,decode_only,29.87623680382967,10,"[8254,8254,8253,8253,8252,8251,8251,8250,8250,8250]",8250,8251.8,8254,0,0,[],,,,10
,1,73,decode_only,30.1402872428298,8,"[8254,8254,8253,8252,8252,8251,8251,8251]",8251,8252.25,8254,0,0,[],,,,8
,1,74,decode_only,30.709758400917053,6,"[8254,8253,8253,8252,8252,8252]",8252,8252.666666666666,8254,0,0,[],,,,6
,1,75,decode_only,29.578791931271553,5,"[8254,8254,8253,8253,8253]",8253,8253.4,8254,0,0,[],,,,5
,1,76,decode_only,29.603750444948673,3,"[8254,8254,8254]",8254,8254.0,8254,0,0,[],,,,3
,2,0,prefill_only,17.424137331545353,0,[],,,,2048,2098176,[0],0,0.0,0,2048
,2,1,prefill_only,20.418780855834484,0,[],,,,2048,6292480,[2048],2048,2048.0,2048,2048
,2,2,prefill_only,23.769723251461983,0,[],,,,2048,10486784,[4096],4096,4096.0,4096,2048
,2,3,prefill_only,57.491373270750046,0,[],,,,6144,18877440,"[6144,0,0]",0,2048.0,6144,6144
,2,4,mixed,79.8159996047616,1,[8192],8192,8192.0,8192,6144,14683136,"[2048,2048,0]",0,1365.3333333333333,2048,6145
,2,5,mixed,116.88907444477081,1,[8193],8193,8193.0,8193,10240,31462400,"[4096,4096,2048,0,0]",0,2048.0,4096,10241
,2,6,mixed,172.85732552409172,1,[8194],8194,8194.0,8194,16383,58726400,"[6144,6144,4096,2048,2048,0,0,0]",0,2560.0,6144,16384
,2,7,mixed,172.04544693231583,3,"[8195,8192,8192]",8192,8193.0,8195,16381,58720259,"[6144,4096,4096,2048,2048,2047,0,0]",0,2559.875,6144,16384
,2,8,mixed,184.83457248657942,4,"[8196,8193,8193,8192]",8192,8193.5,8196,16380,75489286,"[6144,6144,4096,4096,4095,2048,2045,0]",0,3583.5,6144,16384
,2,9,mixed,185.0276356562972,6,"[8197,8194,8194,8193,8192,8192]",8192,8193.666666666666,8197,16378,75477007,"[6144,6144,6143,4096,4093,2044,0,0]",0,3583.0,6144,16384
,2,10,mixed,163.95017132163048,8,"[8198,8195,8195,8194,8193,8193,8192,8192]",8192,8194.0,8198,14337,56611840,"[8191,6144,6141,4092,2048,2042,0,0]",0,3582.25,8191,14345
,2,11,mixed,131.2972502782941,10,"[8199,8196,8196,8195,8194,8194,8193,8193,8192,8192]",8192,8194.4,8199,10243,48243709,"[8189,6140,4096,4090,2048,2048]",2048,4435.166666666667,8189,10253
,2,12,mixed,121.97873368859291,11,"[8200,8197,8197,8196,8195,8195,8194,8194,8193,8193,8192]",8192,8195.09090909091,8200,8196,50356218,"[8188,6144,6138,4096,4096]",4096,5732.4,8188,8207
,2,13,mixed,79.51721362769604,13,"[8201,8198,8198,8197,8196,8196,8195,8195,8194,8194,8193,8192,8192]",8192,8195.461538461539,8201,4102,29411313,"[8186,6144,6144]",6144,6824.666666666667,8186,4115
,2,14,decode_only,32.592213712632656,16,"[8202,8199,8199,8198,8197,8197,8196,8196,8195,8195,8194,8193,8193,8192,8192,8192]",8192,8195.625,8202,0,0,[],,,,16
,2,15,decode_only,32.58833661675453,16,"[8203,8200,8200,8199,8198,8198,8197,8197,8196,8196,8195,8194,8194,8193,8193,8193]",8193,8196.625,8203,0,0,[],,,,16
,2,16,decode_only,32.624333165585995,16,"[8204,8201,8201,8200,8199,8199,8198,8198,8197,8197,8196,8195,8195,8194,8194,8194]",8194,8197.625,8204,0,0,[],,,,16
,2,17,decode_only,32.47784450650215,16,"[8205,8202,8202,8201,8200,8200,8199,8199,8198,8198,8197,8196,8196,8195,8195,8195]",8195,8198.625,8205,0,0,[],,,,16
,2,18,decode_only,32.48849604278803,16,"[8206,8203,8203,8202,8201,8201,8200,8200,8199,8199,8198,8197,8197,8196,8196,8196]",8196,8199.625,8206,0,0,[],,,,16
,2,19,decode_only,32.533952966332436,16,"[8207,8204,8204,8203,8202,8202,8201,8201,8200,8200,8199,8198,8198,8197,8197,8197]",8197,8200.625,8207,0,0,[],,,,16
,2,20,decode_only,32.495410181581974,16,"[8208,8205,8205,8204,8203,8203,8202,8202,8201,8201,8200,8199,8199,8198,8198,8198]",8198,8201.625,8208,0,0,[],,,,16
,2,21,decode_only,32.503969967365265,16,"[8209,8206,8206,8205,8204,8204,8203,8203,8202,8202,8201,8200,8200,8199,8199,8199]",8199,8202.625,8209,0,0,[],,,,16
,2,22,decode_only,32.576652243733406,16,"[8210,8207,8207,8206,8205,8205,8204,8204,8203,8203,8202,8201,8201,8200,8200,8200]",8200,8203.625,8210,0,0,[],,,,16
,2,23,decode_only,32.515669241547585,16,"[8211,8208,8208,8207,8206,8206,8205,8205,8204,8204,8203,8202,8202,8201,8201,8201]",8201,8204.625,8211,0,0,[],,,,16
,2,24,decode_only,32.59357996284962,16,"[8212,8209,8209,8208,8207,8207,8206,8206,8205,8205,8204,8203,8203,8202,8202,8202]",8202,8205.625,8212,0,0,[],,,,16
,2,25,decode_only,32.69077092409134,16,"[8213,8210,8210,8209,8208,8208,8207,8207,8206,8206,8205,8204,8204,8203,8203,8203]",8203,8206.625,8213,0,0,[],,,,16
,2,26,decode_only,32.68188796937466,16,"[8214,8211,8211,8210,8209,8209,8208,8208,8207,8207,8206,8205,8205,8204,8204,8204]",8204,8207.625,8214,0,0,[],,,,16
,2,27,decode_only,32.713606022298336,16,"[8215,8212,8212,8211,8210,8210,8209,8209,8208,8208,8207,8206,8206,8205,8205,8205]",8205,8208.625,8215,0,0,[],,,,16
,2,28,decode_only,32.70702064037323,16,"[8216,8213,8213,8212,8211,8211,8210,8210,8209,8209,8208,8207,8207,8206,8206,8206]",8206,8209.625,8216,0,0,[],,,,16
,2,29,decode_only,32.61047787964344,16,"[8217,8214,8214,8213,8212,8212,8211,8211,8210,8210,8209,8208,8208,8207,8207,8207]",8207,8210.625,8217,0,0,[],,,,16
,2,30,decode_only,32.6369721442461,16,"[8218,8215,8215,8214,8213,8213,8212,8212,8211,8211,8210,8209,8209,8208,8208,8208]",8208,8211.625,8218,0,0,[],,,,16
,2,31,decode_only,32.672363333404064,16,"[8219,8216,8216,8215,8214,8214,8213,8213,8212,8212,8211,8210,8210,8209,8209,8209]",8209,8212.625,8219,0,0,[],,,,16
,2,32,decode_only,32.61168301105499,16,"[8220,8217,8217,8216,8215,8215,8214,8214,8213,8213,8212,8211,8211,8210,8210,8210]",8210,8213.625,8220,0,0,[],,,,16
,2,33,decode_only,32.54585713148117,16,"[8221,8218,8218,8217,8216,8216,8215,8215,8214,8214,8213,8212,8212,8211,8211,8211]",8211,8214.625,8221,0,0,[],,,,16
,2,34,decode_only,32.533387653529644,16,"[8222,8219,8219,8218,8217,8217,8216,8216,8215,8215,8214,8213,8213,8212,8212,8212]",8212,8215.625,8222,0,0,[],,,,16
,2,35,decode_only,32.65892527997494,16,"[8223,8220,8220,8219,8218,8218,8217,8217,8216,8216,8215,8214,8214,8213,8213,8213]",8213,8216.625,8223,0,0,[],,,,16
,2,36,decode_only,33.642723225057125,16,"[8224,8221,8221,8220,8219,8219,8218,8218,8217,8217,8216,8215,8215,8214,8214,8214]",8214,8217.625,8224,0,0,[],,,,16
,2,37,decode_only,32.60474652051926,16,"[8225,8222,8222,8221,8220,8220,8219,8219,8218,8218,8217,8216,8216,8215,8215,8215]",8215,8218.625,8225,0,0,[],,,,16
,2,38,decode_only,32.543099485337734,16,"[8226,8223,8223,8222,8221,8221,8220,8220,8219,8219,8218,8217,8217,8216,8216,8216]",8216,8219.625,8226,0,0,[],,,,16
,2,39,decode_only,32.53461979329586,16,"[8227,8224,8224,8223,8222,8222,8221,8221,8220,8220,8219,8218,8218,8217,8217,8217]",8217,8220.625,8227,0,0,[],,,,16
,2,40,decode_only,32.67348650842905,16,"[8228,8225,8225,8224,8223,8223,8222,8222,8221,8221,8220,8219,8219,8218,8218,8218]",8218,8221.625,8228,0,0,[],,,,16
,2,41,decode_only,32.57722593843937,16,"[8229,8226,8226,8225,8224,8224,8223,8223,8222,8222,8221,8220,8220,8219,8219,8219]",8219,8222.625,8229,0,0,[],,,,16
,2,42,decode_only,32.46093261986971,16,"[8230,8227,8227,8226,8225,8225,8224,8224,8223,8223,8222,8221,8221,8220,8220,8220]",8220,8223.625,8230,0,0,[],,,,16
,2,43,decode_only,32.641041092574596,16,"[8231,8228,8228,8227,8226,8226,8225,8225,8224,8224,8223,8222,8222,8221,8221,8221]",8221,8224.625,8231,0,0,[],,,,16
,2,44,decode_only,32.538674771785736,16,"[8232,8229,8229,8228,8227,8227,8226,8226,8225,8225,8224,8223,8223,8222,8222,8222]",8222,8225.625,8232,0,0,[],,,,16
,2,45,decode_only,32.47481491416693,16,"[8233,8230,8230,8229,8228,8228,8227,8227,8226,8226,8225,8224,8224,8223,8223,8223]",8223,8226.625,8233,0,0,[],,,,16
,2,46,decode_only,32.65397343784571,16,"[8234,8231,8231,8230,8229,8229,8228,8228,8227,8227,8226,8225,8225,8224,8224,8224]",8224,8227.625,8234,0,0,[],,,,16
,2,47,decode_only,32.56918676197529,16,"[8235,8232,8232,8231,8230,8230,8229,8229,8228,8228,8227,8226,8226,8225,8225,8225]",8225,8228.625,8235,0,0,[],,,,16
,2,48,decode_only,32.5312539935112,16,"[8236,8233,8233,8232,8231,8231,8230,8230,8229,8229,8228,8227,8227,8226,8226,8226]",8226,8229.625,8236,0,0,[],,,,16
,2,49,decode_only,32.56376553326845,16,"[8237,8234,8234,8233,8232,8232,8231,8231,8230,8230,8229,8228,8228,8227,8227,8227]",8227,8230.625,8237,0,0,[],,,,16
,2,50,decode_only,32.50586427748203,16,"[8238,8235,8235,8234,8233,8233,8232,8232,8231,8231,8230,8229,8229,8228,8228,8228]",8228,8231.625,8238,0,0,[],,,,16
,2,51,decode_only,32.52772707492113,16,"[8239,8236,8236,8235,8234,8234,8233,8233,8232,8232,8231,8230,8230,8229,8229,8229]",8229,8232.625,8239,0,0,[],,,,16
,2,52,decode_only,32.644269056618214,16,"[8240,8237,8237,8236,8235,8235,8234,8234,8233,8233,8232,8231,8231,8230,8230,8230]",8230,8233.625,8240,0,0,[],,,,16
,2,53,decode_only,32.569545321166515,16,"[8241,8238,8238,8237,8236,8236,8235,8235,8234,8234,8233,8232,8232,8231,8231,8231]",8231,8234.625,8241,0,0,[],,,,16
,2,54,decode_only,32.57961105555296,16,"[8242,8239,8239,8238,8237,8237,8236,8236,8235,8235,8234,8233,8233,8232,8232,8232]",8232,8235.625,8242,0,0,[],,,,16
,2,55,decode_only,32.6445484533906,16,"[8243,8240,8240,8239,8238,8238,8237,8237,8236,8236,8235,8234,8234,8233,8233,8233]",8233,8236.625,8243,0,0,[],,,,16
,2,56,decode_only,32.53717254847288,16,"[8244,8241,8241,8240,8239,8239,8238,8238,8237,8237,8236,8235,8235,8234,8234,8234]",8234,8237.625,8244,0,0,[],,,,16
,2,57,decode_only,32.99804776906967,16,"[8245,8242,8242,8241,8240,8240,8239,8239,8238,8238,8237,8236,8236,8235,8235,8235]",8235,8238.625,8245,0,0,[],,,,16
,2,58,decode_only,32.617040909826756,16,"[8246,8243,8243,8242,8241,8241,8240,8240,8239,8239,8238,8237,8237,8236,8236,8236]",8236,8239.625,8246,0,0,[],,,,16
,2,59,decode_only,32.97209274023771,16,"[8247,8244,8244,8243,8242,8242,8241,8241,8240,8240,8239,8238,8238,8237,8237,8237]",8237,8240.625,8247,0,0,[],,,,16
,2,60,decode_only,33.056166023015976,16,"[8248,8245,8245,8244,8243,8243,8242,8242,8241,8241,8240,8239,8239,8238,8238,8238]",8238,8241.625,8248,0,0,[],,,,16
,2,61,decode_only,33.08621887117624,16,"[8249,8246,8246,8245,8244,8244,8243,8243,8242,8242,8241,8240,8240,8239,8239,8239]",8239,8242.625,8249,0,0,[],,,,16
,2,62,decode_only,32.82587230205536,16,"[8250,8247,8247,8246,8245,8245,8244,8244,8243,8243,8242,8241,8241,8240,8240,8240]",8240,8243.625,8250,0,0,[],,,,16
,2,63,decode_only,32.77715481817722,16,"[8251,8248,8248,8247,8246,8246,8245,8245,8244,8244,8243,8242,8242,8241,8241,8241]",8241,8244.625,8251,0,0,[],,,,16
,2,64,decode_only,32.95170608907938,16,"[8252,8249,8249,8248,8247,8247,8246,8246,8245,8245,8244,8243,8243,8242,8242,8242]",8242,8245.625,8252,0,0,[],,,,16
,2,65,decode_only,32.806084491312504,16,"[8253,8250,8250,8249,8248,8248,8247,8247,8246,8246,8245,8244,8244,8243,8243,8243]",8243,8246.625,8253,0,0,[],,,,16
,2,66,decode_only,33.77500083297491,16,"[8254,8251,8251,8250,8249,8249,8248,8248,8247,8247,8246,8245,8245,8244,8244,8244]",8244,8247.625,8254,0,0,[],,,,16
,2,67,decode_only,32.69170504063368,15,"[8252,8252,8251,8250,8250,8249,8249,8248,8248,8247,8246,8246,8245,8245,8245]",8245,8248.2,8252,0,0,[],,,,15
,2,68,decode_only,31.530563719570637,15,"[8253,8253,8252,8251,8251,8250,8250,8249,8249,8248,8247,8247,8246,8246,8246]",8246,8249.2,8253,0,0,[],,,,15
,2,69,decode_only,31.71791508793831,15,"[8254,8254,8253,8252,8252,8251,8251,8250,8250,8249,8248,8248,8247,8247,8247]",8247,8250.2,8254,0,0,[],,,,15
,2,70,decode_only,33.48007705062628,13,"[8254,8253,8253,8252,8252,8251,8251,8250,8249,8249,8248,8248,8248]",8248,8250.615384615385,8254,0,0,[],,,,13
,2,71,decode_only,31.289292499423027,12,"[8254,8254,8253,8253,8252,8252,8251,8250,8250,8249,8249,8249]",8249,8251.333333333334,8254,0,0,[],,,,12
,2,72,decode_only,30.831155367195606,10,"[8254,8254,8253,8253,8252,8251,8251,8250,8250,8250]",8250,8251.8,8254,0,0,[],,,,10
,2,73,decode_only,30.67740425467491,8,"[8254,8254,8253,8252,8252,8251,8251,8251]",8251,8252.25,8254,0,0,[],,,,8
,2,74,decode_only,30.71729652583599,6,"[8254,8253,8253,8252,8252,8252]",8252,8252.666666666666,8254,0,0,[],,,,6
,2,75,decode_only,29.897037893533707,5,"[8254,8254,8253,8253,8253]",8253,8253.4,8254,0,0,[],,,,5
,2,76,decode_only,29.42278701812029,3,"[8254,8254,8254]",8254,8254.0,8254,0,0,[],,,,3
67108864,0,0,prefill_only,18.420792184770107,0,[],,,,2048,2098176,[0],0,0.0,0,2048
67108864,0,1,prefill_only,20.34262102097273,0,[],,,,2048,6292480,[2048],2048,2048.0,2048,2048
67108864,0,2,prefill_only,23.53327814489603,0,[],,,,2048,10486784,[4096],4096,4096.0,4096,2048
67108864,0,3,prefill_only,57.01790191233158,0,[],,,,6144,18877440,"[6144,0,0]",0,2048.0,6144,6144
67108864,0,4,mixed,78.79167143255472,1,[8192],8192,8192.0,8192,6144,14683136,"[2048,2048,0]",0,1365.3333333333333,2048,6145
67108864,0,5,mixed,117.94746667146683,1,[8193],8193,8193.0,8193,10240,31462400,"[4096,4096,2048,0,0]",0,2048.0,4096,10241
67108864,0,6,mixed,174.059946089983,1,[8194],8194,8194.0,8194,16383,58726400,"[6144,6144,4096,2048,2048,0,0,0]",0,2560.0,6144,16384
67108864,0,7,mixed,172.46319819241762,3,"[8195,8192,8192]",8192,8193.0,8195,16381,58720259,"[6144,4096,4096,2048,2048,2047,0,0]",0,2559.875,6144,16384
67108864,0,8,mixed,159.12095457315445,4,"[8196,8193,8193,8192]",8192,8193.5,8196,12287,67108864,"[6144,6144,4096,4096,4095,2048]",2048,4437.166666666667,6144,12291
67108864,0,9,mixed,178.93305700272322,6,"[8197,8194,8194,8193,8192,8192]",8192,8193.666666666666,8197,16378,67094543,"[6144,6144,6143,4095,2045,0,0,0]",0,3071.375,6144,16384
67108864,0,10,mixed,157.16759953647852,8,"[8198,8195,8195,8194,8193,8193,8192,8192]",8192,8194.0,8198,14337,48229376,"[8191,6143,4093,2048,2048,2042,0,0]",0,3070.625,8191,14345
67108864,0,11,mixed,153.78184523433447,9,"[8199,8196,8196,8195,8194,8194,8193,8193,8192]",8192,8194.666666666666,8199,12289,58716160,"[8191,6141,4096,4096,4090,2048,2048]",2048,4387.142857142857,8191,12298
67108864,0,12,mixed,143.78317911177874,10,"[8200,8197,8197,8196,8195,8195,8194,8194,8193,8192]",8192,8195.3,8200,10243,65029117,"[8189,6144,6144,6138,4096,4096]",4096,5801.166666666667,8189,10253
67108864,0,13,mixed,80.5605174973607,13,"[8201,8198,8198,8197,8196,8196,8195,8195,8194,8193,8192,8192,8192]",8192,8195.307692307691,8201,4102,29411313,"[8186,6144,6144]",6144,6824.666666666667,8186,4115
67108864,0,14,decode_only,33.70572719722986,16,"[8202,8199,8199,8198,8197,8197,8196,8196,8195,8194,8193,8193,8193,8192,8192,8192]",8192,8195.5,8202,0,0,[],,,,16
67108864,0,15,decode_only,33.508830703794956,16,"[8203,8200,8200,8199,8198,8198,8197,8197,8196,8195,8194,8194,8194,8193,8193,8193]",8193,8196.5,8203,0,0,[],,,,16
67108864,0,16,decode_only,33.64920895546675,16,"[8204,8201,8201,8200,8199,8199,8198,8198,8197,8196,8195,8195,8195,8194,8194,8194]",8194,8197.5,8204,0,0,[],,,,16
67108864,0,17,decode_only,32.6650058850646,16,"[8205,8202,8202,8201,8200,8200,8199,8199,8198,8197,8196,8196,8196,8195,8195,8195]",8195,8198.5,8205,0,0,[],,,,16
67108864,0,18,decode_only,38.99115417152643,16,"[8206,8203,8203,8202,8201,8201,8200,8200,8199,8198,8197,8197,8197,8196,8196,8196]",8196,8199.5,8206,0,0,[],,,,16
67108864,0,19,decode_only,32.58649352937937,16,"[8207,8204,8204,8203,8202,8202,8201,8201,8200,8199,8198,8198,8198,8197,8197,8197]",8197,8200.5,8207,0,0,[],,,,16
67108864,0,20,decode_only,32.635923475027084,16,"[8208,8205,8205,8204,8203,8203,8202,8202,8201,8200,8199,8199,8199,8198,8198,8198]",8198,8201.5,8208,0,0,[],,,,16
67108864,0,21,decode_only,32.67864789813757,16,"[8209,8206,8206,8205,8204,8204,8203,8203,8202,8201,8200,8200,8200,8199,8199,8199]",8199,8202.5,8209,0,0,[],,,,16
67108864,0,22,decode_only,32.60585945099592,16,"[8210,8207,8207,8206,8205,8205,8204,8204,8203,8202,8201,8201,8201,8200,8200,8200]",8200,8203.5,8210,0,0,[],,,,16
67108864,0,23,decode_only,34.836750477552414,16,"[8211,8208,8208,8207,8206,8206,8205,8205,8204,8203,8202,8202,8202,8201,8201,8201]",8201,8204.5,8211,0,0,[],,,,16
67108864,0,24,decode_only,33.12751371413469,16,"[8212,8209,8209,8208,8207,8207,8206,8206,8205,8204,8203,8203,8203,8202,8202,8202]",8202,8205.5,8212,0,0,[],,,,16
67108864,0,25,decode_only,32.643421553075314,16,"[8213,8210,8210,8209,8208,8208,8207,8207,8206,8205,8204,8204,8204,8203,8203,8203]",8203,8206.5,8213,0,0,[],,,,16
67108864,0,26,decode_only,32.708391547203064,16,"[8214,8211,8211,8210,8209,8209,8208,8208,8207,8206,8205,8205,8205,8204,8204,8204]",8204,8207.5,8214,0,0,[],,,,16
67108864,0,27,decode_only,32.714881002902985,16,"[8215,8212,8212,8211,8210,8210,8209,8209,8208,8207,8206,8206,8206,8205,8205,8205]",8205,8208.5,8215,0,0,[],,,,16
67108864,0,28,decode_only,32.67077077180147,16,"[8216,8213,8213,8212,8211,8211,8210,8210,8209,8208,8207,8207,8207,8206,8206,8206]",8206,8209.5,8216,0,0,[],,,,16
67108864,0,29,decode_only,32.70374424755573,16,"[8217,8214,8214,8213,8212,8212,8211,8211,8210,8209,8208,8208,8208,8207,8207,8207]",8207,8210.5,8217,0,0,[],,,,16
67108864,0,30,decode_only,32.656075432896614,16,"[8218,8215,8215,8214,8213,8213,8212,8212,8211,8210,8209,8209,8209,8208,8208,8208]",8208,8211.5,8218,0,0,[],,,,16
67108864,0,31,decode_only,32.571278512477875,16,"[8219,8216,8216,8215,8214,8214,8213,8213,8212,8211,8210,8210,8210,8209,8209,8209]",8209,8212.5,8219,0,0,[],,,,16
67108864,0,32,decode_only,33.031025901436806,16,"[8220,8217,8217,8216,8215,8215,8214,8214,8213,8212,8211,8211,8211,8210,8210,8210]",8210,8213.5,8220,0,0,[],,,,16
67108864,0,33,decode_only,32.69341681152582,16,"[8221,8218,8218,8217,8216,8216,8215,8215,8214,8213,8212,8212,8212,8211,8211,8211]",8211,8214.5,8221,0,0,[],,,,16
67108864,0,34,decode_only,32.96572249382734,16,"[8222,8219,8219,8218,8217,8217,8216,8216,8215,8214,8213,8213,8213,8212,8212,8212]",8212,8215.5,8222,0,0,[],,,,16
67108864,0,35,decode_only,33.17047469317913,16,"[8223,8220,8220,8219,8218,8218,8217,8217,8216,8215,8214,8214,8214,8213,8213,8213]",8213,8216.5,8223,0,0,[],,,,16
67108864,0,36,decode_only,32.78200700879097,16,"[8224,8221,8221,8220,8219,8219,8218,8218,8217,8216,8215,8215,8215,8214,8214,8214]",8214,8217.5,8224,0,0,[],,,,16
67108864,0,37,decode_only,32.6440529897809,16,"[8225,8222,8222,8221,8220,8220,8219,8219,8218,8217,8216,8216,8216,8215,8215,8215]",8215,8218.5,8225,0,0,[],,,,16
67108864,0,38,decode_only,32.53421280533075,16,"[8226,8223,8223,8222,8221,8221,8220,8220,8219,8218,8217,8217,8217,8216,8216,8216]",8216,8219.5,8226,0,0,[],,,,16
67108864,0,39,decode_only,32.65588078647852,16,"[8227,8224,8224,8223,8222,8222,8221,8221,8220,8219,8218,8218,8218,8217,8217,8217]",8217,8220.5,8227,0,0,[],,,,16
67108864,0,40,decode_only,32.664233818650246,16,"[8228,8225,8225,8224,8223,8223,8222,8222,8221,8220,8219,8219,8219,8218,8218,8218]",8218,8221.5,8228,0,0,[],,,,16
67108864,0,41,decode_only,32.57023822516203,16,"[8229,8226,8226,8225,8224,8224,8223,8223,8222,8221,8220,8220,8220,8219,8219,8219]",8219,8222.5,8229,0,0,[],,,,16
67108864,0,42,decode_only,32.76668768376112,16,"[8230,8227,8227,8226,8225,8225,8224,8224,8223,8222,8221,8221,8221,8220,8220,8220]",8220,8223.5,8230,0,0,[],,,,16
67108864,0,43,decode_only,32.613261602818966,16,"[8231,8228,8228,8227,8226,8226,8225,8225,8224,8223,8222,8222,8222,8221,8221,8221]",8221,8224.5,8231,0,0,[],,,,16
67108864,0,44,decode_only,32.506915740668774,16,"[8232,8229,8229,8228,8227,8227,8226,8226,8225,8224,8223,8223,8223,8222,8222,8222]",8222,8225.5,8232,0,0,[],,,,16
67108864,0,45,decode_only,32.66641218215227,16,"[8233,8230,8230,8229,8228,8228,8227,8227,8226,8225,8224,8224,8224,8223,8223,8223]",8223,8226.5,8233,0,0,[],,,,16
67108864,0,46,decode_only,32.63132832944393,16,"[8234,8231,8231,8230,8229,8229,8228,8228,8227,8226,8225,8225,8225,8224,8224,8224]",8224,8227.5,8234,0,0,[],,,,16
67108864,0,47,decode_only,32.535409554839134,16,"[8235,8232,8232,8231,8230,8230,8229,8229,8228,8227,8226,8226,8226,8225,8225,8225]",8225,8228.5,8235,0,0,[],,,,16
67108864,0,48,decode_only,32.706134021282196,16,"[8236,8233,8233,8232,8231,8231,8230,8230,8229,8228,8227,8227,8227,8226,8226,8226]",8226,8229.5,8236,0,0,[],,,,16
67108864,0,49,decode_only,32.66510274261236,16,"[8237,8234,8234,8233,8232,8232,8231,8231,8230,8229,8228,8228,8228,8227,8227,8227]",8227,8230.5,8237,0,0,[],,,,16
67108864,0,50,decode_only,32.618198543787,16,"[8238,8235,8235,8234,8233,8233,8232,8232,8231,8230,8229,8229,8229,8228,8228,8228]",8228,8231.5,8238,0,0,[],,,,16
67108864,0,51,decode_only,32.87548664957285,16,"[8239,8236,8236,8235,8234,8234,8233,8233,8232,8231,8230,8230,8230,8229,8229,8229]",8229,8232.5,8239,0,0,[],,,,16
67108864,0,52,decode_only,32.85463433712721,16,"[8240,8237,8237,8236,8235,8235,8234,8234,8233,8232,8231,8231,8231,8230,8230,8230]",8230,8233.5,8240,0,0,[],,,,16
67108864,0,53,decode_only,32.62469917535782,16,"[8241,8238,8238,8237,8236,8236,8235,8235,8234,8233,8232,8232,8232,8231,8231,8231]",8231,8234.5,8241,0,0,[],,,,16
67108864,0,54,decode_only,32.72498585283756,16,"[8242,8239,8239,8238,8237,8237,8236,8236,8235,8234,8233,8233,8233,8232,8232,8232]",8232,8235.5,8242,0,0,[],,,,16
67108864,0,55,decode_only,32.80199319124222,16,"[8243,8240,8240,8239,8238,8238,8237,8237,8236,8235,8234,8234,8234,8233,8233,8233]",8233,8236.5,8243,0,0,[],,,,16
67108864,0,56,decode_only,32.689228653907776,16,"[8244,8241,8241,8240,8239,8239,8238,8238,8237,8236,8235,8235,8235,8234,8234,8234]",8234,8237.5,8244,0,0,[],,,,16
67108864,0,57,decode_only,33.43746159225702,16,"[8245,8242,8242,8241,8240,8240,8239,8239,8238,8237,8236,8236,8236,8235,8235,8235]",8235,8238.5,8245,0,0,[],,,,16
67108864,0,58,decode_only,33.12478307634592,16,"[8246,8243,8243,8242,8241,8241,8240,8240,8239,8238,8237,8237,8237,8236,8236,8236]",8236,8239.5,8246,0,0,[],,,,16
67108864,0,59,decode_only,32.68050774931908,16,"[8247,8244,8244,8243,8242,8242,8241,8241,8240,8239,8238,8238,8238,8237,8237,8237]",8237,8240.5,8247,0,0,[],,,,16
67108864,0,60,decode_only,32.76328835636377,16,"[8248,8245,8245,8244,8243,8243,8242,8242,8241,8240,8239,8239,8239,8238,8238,8238]",8238,8241.5,8248,0,0,[],,,,16
67108864,0,61,decode_only,32.82592259347439,16,"[8249,8246,8246,8245,8244,8244,8243,8243,8242,8241,8240,8240,8240,8239,8239,8239]",8239,8242.5,8249,0,0,[],,,,16
67108864,0,62,decode_only,32.702019438147545,16,"[8250,8247,8247,8246,8245,8245,8244,8244,8243,8242,8241,8241,8241,8240,8240,8240]",8240,8243.5,8250,0,0,[],,,,16
67108864,0,63,decode_only,33.0895958468318,16,"[8251,8248,8248,8247,8246,8246,8245,8245,8244,8243,8242,8242,8242,8241,8241,8241]",8241,8244.5,8251,0,0,[],,,,16
67108864,0,64,decode_only,33.427937887609005,16,"[8252,8249,8249,8248,8247,8247,8246,8246,8245,8244,8243,8243,8243,8242,8242,8242]",8242,8245.5,8252,0,0,[],,,,16
67108864,0,65,decode_only,32.77174197137356,16,"[8253,8250,8250,8249,8248,8248,8247,8247,8246,8245,8244,8244,8244,8243,8243,8243]",8243,8246.5,8253,0,0,[],,,,16
67108864,0,66,decode_only,32.854657620191574,16,"[8254,8251,8251,8250,8249,8249,8248,8248,8247,8246,8245,8245,8245,8244,8244,8244]",8244,8247.5,8254,0,0,[],,,,16
67108864,0,67,decode_only,31.62398375570774,15,"[8252,8252,8251,8250,8250,8249,8249,8248,8247,8246,8246,8246,8245,8245,8245]",8245,8248.066666666668,8252,0,0,[],,,,15
67108864,0,68,decode_only,31.36992361396551,15,"[8253,8253,8252,8251,8251,8250,8250,8249,8248,8247,8247,8247,8246,8246,8246]",8246,8249.066666666668,8253,0,0,[],,,,15
67108864,0,69,decode_only,31.397826969623566,15,"[8254,8254,8253,8252,8252,8251,8251,8250,8249,8248,8248,8248,8247,8247,8247]",8247,8250.066666666668,8254,0,0,[],,,,15
67108864,0,70,decode_only,30.935383401811123,13,"[8254,8253,8253,8252,8252,8251,8250,8249,8249,8249,8248,8248,8248]",8248,8250.461538461539,8254,0,0,[],,,,13
67108864,0,71,decode_only,31.04365710169077,12,"[8254,8254,8253,8253,8252,8251,8250,8250,8250,8249,8249,8249]",8249,8251.166666666666,8254,0,0,[],,,,12
67108864,0,72,decode_only,29.705476947128773,10,"[8254,8254,8253,8252,8251,8251,8251,8250,8250,8250]",8250,8251.6,8254,0,0,[],,,,10
67108864,0,73,decode_only,30.068540014326572,8,"[8254,8253,8252,8252,8252,8251,8251,8251]",8251,8252.0,8254,0,0,[],,,,8
67108864,0,74,decode_only,29.80369608849287,7,"[8254,8253,8253,8253,8252,8252,8252]",8252,8252.714285714286,8254,0,0,[],,,,7
67108864,0,75,decode_only,30.512254685163498,6,"[8254,8254,8254,8253,8253,8253]",8253,8253.5,8254,0,0,[],,,,6
67108864,0,76,decode_only,29.50477134436369,3,"[8254,8254,8254]",8254,8254.0,8254,0,0,[],,,,3
67108864,1,0,prefill_only,17.57017243653536,0,[],,,,2048,2098176,[0],0,0.0,0,2048
67108864,1,1,prefill_only,20.391161553561687,0,[],,,,2048,6292480,[2048],2048,2048.0,2048,2048
67108864,1,2,prefill_only,23.702912963926792,0,[],,,,2048,10486784,[4096],4096,4096.0,4096,2048
67108864,1,3,prefill_only,57.058513164520264,0,[],,,,6144,18877440,"[6144,0,0]",0,2048.0,6144,6144
67108864,1,4,mixed,79.29976936429739,1,[8192],8192,8192.0,8192,6144,14683136,"[2048,2048,0]",0,1365.3333333333333,2048,6145
67108864,1,5,mixed,119.28987968713045,1,[8193],8193,8193.0,8193,10240,31462400,"[4096,4096,2048,0,0]",0,2048.0,4096,10241
67108864,1,6,mixed,173.95493295043707,1,[8194],8194,8194.0,8194,16383,58726400,"[6144,6144,4096,2048,2048,0,0,0]",0,2560.0,6144,16384
67108864,1,7,mixed,173.06292336434126,3,"[8195,8192,8192]",8192,8193.0,8195,16381,58720259,"[6144,4096,4096,2048,2048,2047,0,0]",0,2559.875,6144,16384
67108864,1,8,mixed,159.2405866831541,4,"[8196,8193,8193,8192]",8192,8193.5,8196,12287,67108864,"[6144,6144,4096,4096,4095,2048]",2048,4437.166666666667,6144,12291
67108864,1,9,mixed,179.0070915594697,6,"[8197,8194,8194,8193,8192,8192]",8192,8193.666666666666,8197,16378,67094543,"[6144,6144,6143,4095,2045,0,0,0]",0,3071.375,6144,16384
67108864,1,10,mixed,157.60722663253546,8,"[8198,8195,8195,8194,8193,8193,8192,8192]",8192,8194.0,8198,14337,48229376,"[8191,6143,4093,2048,2048,2042,0,0]",0,3070.625,8191,14345
67108864,1,11,mixed,153.18846888840199,9,"[8199,8196,8196,8195,8194,8194,8193,8193,8192]",8192,8194.666666666666,8199,12289,58716160,"[8191,6141,4096,4096,4090,2048,2048]",2048,4387.142857142857,8191,12298
67108864,1,12,mixed,144.94604524224997,10,"[8200,8197,8197,8196,8195,8195,8194,8194,8193,8192]",8192,8195.3,8200,10243,65029117,"[8189,6144,6144,6138,4096,4096]",4096,5801.166666666667,8189,10253
67108864,1,13,mixed,80.84431383758783,13,"[8201,8198,8198,8197,8196,8196,8195,8195,8194,8193,8192,8192,8192]",8192,8195.307692307691,8201,4102,29411313,"[8186,6144,6144]",6144,6824.666666666667,8186,4115
67108864,1,14,decode_only,32.98433683812618,16,"[8202,8199,8199,8198,8197,8197,8196,8196,8195,8194,8193,8193,8193,8192,8192,8192]",8192,8195.5,8202,0,0,[],,,,16
67108864,1,15,decode_only,32.798778265714645,16,"[8203,8200,8200,8199,8198,8198,8197,8197,8196,8195,8194,8194,8194,8193,8193,8193]",8193,8196.5,8203,0,0,[],,,,16
67108864,1,16,decode_only,32.61328395456076,16,"[8204,8201,8201,8200,8199,8199,8198,8198,8197,8196,8195,8195,8195,8194,8194,8194]",8194,8197.5,8204,0,0,[],,,,16
67108864,1,17,decode_only,32.65124838799238,16,"[8205,8202,8202,8201,8200,8200,8199,8199,8198,8197,8196,8196,8196,8195,8195,8195]",8195,8198.5,8205,0,0,[],,,,16
67108864,1,18,decode_only,33.136880956590176,16,"[8206,8203,8203,8202,8201,8201,8200,8200,8199,8198,8197,8197,8197,8196,8196,8196]",8196,8199.5,8206,0,0,[],,,,16
67108864,1,19,decode_only,32.65969641506672,16,"[8207,8204,8204,8203,8202,8202,8201,8201,8200,8199,8198,8198,8198,8197,8197,8197]",8197,8200.5,8207,0,0,[],,,,16
67108864,1,20,decode_only,32.64889772981405,16,"[8208,8205,8205,8204,8203,8203,8202,8202,8201,8200,8199,8199,8199,8198,8198,8198]",8198,8201.5,8208,0,0,[],,,,16
67108864,1,21,decode_only,33.013555221259594,16,"[8209,8206,8206,8205,8204,8204,8203,8203,8202,8201,8200,8200,8200,8199,8199,8199]",8199,8202.5,8209,0,0,[],,,,16
67108864,1,22,decode_only,33.38931500911713,16,"[8210,8207,8207,8206,8205,8205,8204,8204,8203,8202,8201,8201,8201,8200,8200,8200]",8200,8203.5,8210,0,0,[],,,,16
67108864,1,23,decode_only,32.663105987012386,16,"[8211,8208,8208,8207,8206,8206,8205,8205,8204,8203,8202,8202,8202,8201,8201,8201]",8201,8204.5,8211,0,0,[],,,,16
67108864,1,24,decode_only,32.75962173938751,16,"[8212,8209,8209,8208,8207,8207,8206,8206,8205,8204,8203,8203,8203,8202,8202,8202]",8202,8205.5,8212,0,0,[],,,,16
67108864,1,25,decode_only,32.56102930754423,16,"[8213,8210,8210,8209,8208,8208,8207,8207,8206,8205,8204,8204,8204,8203,8203,8203]",8203,8206.5,8213,0,0,[],,,,16
67108864,1,26,decode_only,32.521359622478485,16,"[8214,8211,8211,8210,8209,8209,8208,8208,8207,8206,8205,8205,8205,8204,8204,8204]",8204,8207.5,8214,0,0,[],,,,16
67108864,1,27,decode_only,32.614451833069324,16,"[8215,8212,8212,8211,8210,8210,8209,8209,8208,8207,8206,8206,8206,8205,8205,8205]",8205,8208.5,8215,0,0,[],,,,16
67108864,1,28,decode_only,32.73472469300032,16,"[8216,8213,8213,8212,8211,8211,8210,8210,8209,8208,8207,8207,8207,8206,8206,8206]",8206,8209.5,8216,0,0,[],,,,16
67108864,1,29,decode_only,32.57390018552542,16,"[8217,8214,8214,8213,8212,8212,8211,8211,8210,8209,8208,8208,8208,8207,8207,8207]",8207,8210.5,8217,0,0,[],,,,16
67108864,1,30,decode_only,32.641530968248844,16,"[8218,8215,8215,8214,8213,8213,8212,8212,8211,8210,8209,8209,8209,8208,8208,8208]",8208,8211.5,8218,0,0,[],,,,16
67108864,1,31,decode_only,32.64390677213669,16,"[8219,8216,8216,8215,8214,8214,8213,8213,8212,8211,8210,8210,8210,8209,8209,8209]",8209,8212.5,8219,0,0,[],,,,16
67108864,1,32,decode_only,32.70144946873188,16,"[8220,8217,8217,8216,8215,8215,8214,8214,8213,8212,8211,8211,8211,8210,8210,8210]",8210,8213.5,8220,0,0,[],,,,16
67108864,1,33,decode_only,32.65347704291344,16,"[8221,8218,8218,8217,8216,8216,8215,8215,8214,8213,8212,8212,8212,8211,8211,8211]",8211,8214.5,8221,0,0,[],,,,16
67108864,1,34,decode_only,32.76236169040203,16,"[8222,8219,8219,8218,8217,8217,8216,8216,8215,8214,8213,8213,8213,8212,8212,8212]",8212,8215.5,8222,0,0,[],,,,16
67108864,1,35,decode_only,32.782452180981636,16,"[8223,8220,8220,8219,8218,8218,8217,8217,8216,8215,8214,8214,8214,8213,8213,8213]",8213,8216.5,8223,0,0,[],,,,16
67108864,1,36,decode_only,33.04670099169016,16,"[8224,8221,8221,8220,8219,8219,8218,8218,8217,8216,8215,8215,8215,8214,8214,8214]",8214,8217.5,8224,0,0,[],,,,16
67108864,1,37,decode_only,32.633124850690365,16,"[8225,8222,8222,8221,8220,8220,8219,8219,8218,8217,8216,8216,8216,8215,8215,8215]",8215,8218.5,8225,0,0,[],,,,16
67108864,1,38,decode_only,32.56045375019312,16,"[8226,8223,8223,8222,8221,8221,8220,8220,8219,8218,8217,8217,8217,8216,8216,8216]",8216,8219.5,8226,0,0,[],,,,16
67108864,1,39,decode_only,32.89174474775791,16,"[8227,8224,8224,8223,8222,8222,8221,8221,8220,8219,8218,8218,8218,8217,8217,8217]",8217,8220.5,8227,0,0,[],,,,16
67108864,1,40,decode_only,32.78518281877041,16,"[8228,8225,8225,8224,8223,8223,8222,8222,8221,8220,8219,8219,8219,8218,8218,8218]",8218,8221.5,8228,0,0,[],,,,16
67108864,1,41,decode_only,32.51674398779869,16,"[8229,8226,8226,8225,8224,8224,8223,8223,8222,8221,8220,8220,8220,8219,8219,8219]",8219,8222.5,8229,0,0,[],,,,16
67108864,1,42,decode_only,32.613545656204224,16,"[8230,8227,8227,8226,8225,8225,8224,8224,8223,8222,8221,8221,8221,8220,8220,8220]",8220,8223.5,8230,0,0,[],,,,16
67108864,1,43,decode_only,32.61973895132542,16,"[8231,8228,8228,8227,8226,8226,8225,8225,8224,8223,8222,8222,8222,8221,8221,8221]",8221,8224.5,8231,0,0,[],,,,16
67108864,1,44,decode_only,32.55300782620907,16,"[8232,8229,8229,8228,8227,8227,8226,8226,8225,8224,8223,8223,8223,8222,8222,8222]",8222,8225.5,8232,0,0,[],,,,16
67108864,1,45,decode_only,32.681236974895,16,"[8233,8230,8230,8229,8228,8228,8227,8227,8226,8225,8224,8224,8224,8223,8223,8223]",8223,8226.5,8233,0,0,[],,,,16
67108864,1,46,decode_only,33.20937044918537,16,"[8234,8231,8231,8230,8229,8229,8228,8228,8227,8226,8225,8225,8225,8224,8224,8224]",8224,8227.5,8234,0,0,[],,,,16
67108864,1,47,decode_only,32.61225577443838,16,"[8235,8232,8232,8231,8230,8230,8229,8229,8228,8227,8226,8226,8226,8225,8225,8225]",8225,8228.5,8235,0,0,[],,,,16
67108864,1,48,decode_only,32.868413254618645,16,"[8236,8233,8233,8232,8231,8231,8230,8230,8229,8228,8227,8227,8227,8226,8226,8226]",8226,8229.5,8236,0,0,[],,,,16
67108864,1,49,decode_only,32.68097527325153,16,"[8237,8234,8234,8233,8232,8232,8231,8231,8230,8229,8228,8228,8228,8227,8227,8227]",8227,8230.5,8237,0,0,[],,,,16
67108864,1,50,decode_only,32.55487326532602,16,"[8238,8235,8235,8234,8233,8233,8232,8232,8231,8230,8229,8229,8229,8228,8228,8228]",8228,8231.5,8238,0,0,[],,,,16
67108864,1,51,decode_only,32.97336958348751,16,"[8239,8236,8236,8235,8234,8234,8233,8233,8232,8231,8230,8230,8230,8229,8229,8229]",8229,8232.5,8239,0,0,[],,,,16
67108864,1,52,decode_only,32.946811988949776,16,"[8240,8237,8237,8236,8235,8235,8234,8234,8233,8232,8231,8231,8231,8230,8230,8230]",8230,8233.5,8240,0,0,[],,,,16
67108864,1,53,decode_only,32.68117643892765,16,"[8241,8238,8238,8237,8236,8236,8235,8235,8234,8233,8232,8232,8232,8231,8231,8231]",8231,8234.5,8241,0,0,[],,,,16
67108864,1,54,decode_only,32.600292935967445,16,"[8242,8239,8239,8238,8237,8237,8236,8236,8235,8234,8233,8233,8233,8232,8232,8232]",8232,8235.5,8242,0,0,[],,,,16
67108864,1,55,decode_only,32.64735825359821,16,"[8243,8240,8240,8239,8238,8238,8237,8237,8236,8235,8234,8234,8234,8233,8233,8233]",8233,8236.5,8243,0,0,[],,,,16
67108864,1,56,decode_only,32.62772411108017,16,"[8244,8241,8241,8240,8239,8239,8238,8238,8237,8236,8235,8235,8235,8234,8234,8234]",8234,8237.5,8244,0,0,[],,,,16
67108864,1,57,decode_only,32.688687555491924,16,"[8245,8242,8242,8241,8240,8240,8239,8239,8238,8237,8236,8236,8236,8235,8235,8235]",8235,8238.5,8245,0,0,[],,,,16
67108864,1,58,decode_only,33.18939544260502,16,"[8246,8243,8243,8242,8241,8241,8240,8240,8239,8238,8237,8237,8237,8236,8236,8236]",8236,8239.5,8246,0,0,[],,,,16
67108864,1,59,decode_only,33.04438479244709,16,"[8247,8244,8244,8243,8242,8242,8241,8241,8240,8239,8238,8238,8238,8237,8237,8237]",8237,8240.5,8247,0,0,[],,,,16
67108864,1,60,decode_only,32.67574775964022,16,"[8248,8245,8245,8244,8243,8243,8242,8242,8241,8240,8239,8239,8239,8238,8238,8238]",8238,8241.5,8248,0,0,[],,,,16
67108864,1,61,decode_only,32.671673223376274,16,"[8249,8246,8246,8245,8244,8244,8243,8243,8242,8241,8240,8240,8240,8239,8239,8239]",8239,8242.5,8249,0,0,[],,,,16
67108864,1,62,decode_only,33.085620030760765,16,"[8250,8247,8247,8246,8245,8245,8244,8244,8243,8242,8241,8241,8241,8240,8240,8240]",8240,8243.5,8250,0,0,[],,,,16
67108864,1,63,decode_only,32.6714338734746,16,"[8251,8248,8248,8247,8246,8246,8245,8245,8244,8243,8242,8242,8242,8241,8241,8241]",8241,8244.5,8251,0,0,[],,,,16
67108864,1,64,decode_only,33.20776950567961,16,"[8252,8249,8249,8248,8247,8247,8246,8246,8245,8244,8243,8243,8243,8242,8242,8242]",8242,8245.5,8252,0,0,[],,,,16
67108864,1,65,decode_only,32.69473649561405,16,"[8253,8250,8250,8249,8248,8248,8247,8247,8246,8245,8244,8244,8244,8243,8243,8243]",8243,8246.5,8253,0,0,[],,,,16
67108864,1,66,decode_only,33.377679996192455,16,"[8254,8251,8251,8250,8249,8249,8248,8248,8247,8246,8245,8245,8245,8244,8244,8244]",8244,8247.5,8254,0,0,[],,,,16
67108864,1,67,decode_only,31.461024656891823,15,"[8252,8252,8251,8250,8250,8249,8249,8248,8247,8246,8246,8246,8245,8245,8245]",8245,8248.066666666668,8252,0,0,[],,,,15
67108864,1,68,decode_only,31.328818760812283,15,"[8253,8253,8252,8251,8251,8250,8250,8249,8248,8247,8247,8247,8246,8246,8246]",8246,8249.066666666668,8253,0,0,[],,,,15
67108864,1,69,decode_only,31.32779709994793,15,"[8254,8254,8253,8252,8252,8251,8251,8250,8249,8248,8248,8248,8247,8247,8247]",8247,8250.066666666668,8254,0,0,[],,,,15
67108864,1,70,decode_only,30.731583945453167,13,"[8254,8253,8253,8252,8252,8251,8250,8249,8249,8249,8248,8248,8248]",8248,8250.461538461539,8254,0,0,[],,,,13
67108864,1,71,decode_only,30.748844146728516,12,"[8254,8254,8253,8253,8252,8251,8250,8250,8250,8249,8249,8249]",8249,8251.166666666666,8254,0,0,[],,,,12
67108864,1,72,decode_only,29.595326632261276,10,"[8254,8254,8253,8252,8251,8251,8251,8250,8250,8250]",8250,8251.6,8254,0,0,[],,,,10
67108864,1,73,decode_only,30.180824920535088,8,"[8254,8253,8252,8252,8252,8251,8251,8251]",8251,8252.0,8254,0,0,[],,,,8
67108864,1,74,decode_only,30.107831582427025,7,"[8254,8253,8253,8253,8252,8252,8252]",8252,8252.714285714286,8254,0,0,[],,,,7
67108864,1,75,decode_only,30.715868808329105,6,"[8254,8254,8254,8253,8253,8253]",8253,8253.5,8254,0,0,[],,,,6
67108864,1,76,decode_only,29.439560137689114,3,"[8254,8254,8254]",8254,8254.0,8254,0,0,[],,,,3
67108864,2,0,prefill_only,17.73164328187704,0,[],,,,2048,2098176,[0],0,0.0,0,2048
67108864,2,1,prefill_only,20.35388443619013,0,[],,,,2048,6292480,[2048],2048,2048.0,2048,2048
67108864,2,2,prefill_only,23.637890815734863,0,[],,,,2048,10486784,[4096],4096,4096.0,4096,2048
67108864,2,3,prefill_only,57.86888021975756,0,[],,,,6144,18877440,"[6144,0,0]",0,2048.0,6144,6144
67108864,2,4,mixed,77.97100767493248,1,[8192],8192,8192.0,8192,6144,14683136,"[2048,2048,0]",0,1365.3333333333333,2048,6145
67108864,2,5,mixed,118.1942019611597,1,[8193],8193,8193.0,8193,10240,31462400,"[4096,4096,2048,0,0]",0,2048.0,4096,10241
67108864,2,6,mixed,173.6935544759035,1,[8194],8194,8194.0,8194,16383,58726400,"[6144,6144,4096,2048,2048,0,0,0]",0,2560.0,6144,16384
67108864,2,7,mixed,172.93255776166916,3,"[8195,8192,8192]",8192,8193.0,8195,16381,58720259,"[6144,4096,4096,2048,2048,2047,0,0]",0,2559.875,6144,16384
67108864,2,8,mixed,158.77857711166143,4,"[8196,8193,8193,8192]",8192,8193.5,8196,12287,67108864,"[6144,6144,4096,4096,4095,2048]",2048,4437.166666666667,6144,12291
67108864,2,9,mixed,178.67475375533104,6,"[8197,8194,8194,8193,8192,8192]",8192,8193.666666666666,8197,16378,67094543,"[6144,6144,6143,4095,2045,0,0,0]",0,3071.375,6144,16384
67108864,2,10,mixed,157.15099032968283,8,"[8198,8195,8195,8194,8193,8193,8192,8192]",8192,8194.0,8198,14337,48229376,"[8191,6143,4093,2048,2048,2042,0,0]",0,3070.625,8191,14345
67108864,2,11,mixed,153.04589178413153,9,"[8199,8196,8196,8195,8194,8194,8193,8193,8192]",8192,8194.666666666666,8199,12289,58716160,"[8191,6141,4096,4096,4090,2048,2048]",2048,4387.142857142857,8191,12298
67108864,2,12,mixed,144.0213629975915,10,"[8200,8197,8197,8196,8195,8195,8194,8194,8193,8192]",8192,8195.3,8200,10243,65029117,"[8189,6144,6144,6138,4096,4096]",4096,5801.166666666667,8189,10253
67108864,2,13,mixed,79.75210435688496,13,"[8201,8198,8198,8197,8196,8196,8195,8195,8194,8193,8192,8192,8192]",8192,8195.307692307691,8201,4102,29411313,"[8186,6144,6144]",6144,6824.666666666667,8186,4115
67108864,2,14,decode_only,32.743203453719616,16,"[8202,8199,8199,8198,8197,8197,8196,8196,8195,8194,8193,8193,8193,8192,8192,8192]",8192,8195.5,8202,0,0,[],,,,16
67108864,2,15,decode_only,32.75181446224451,16,"[8203,8200,8200,8199,8198,8198,8197,8197,8196,8195,8194,8194,8194,8193,8193,8193]",8193,8196.5,8203,0,0,[],,,,16
67108864,2,16,decode_only,32.78512321412563,16,"[8204,8201,8201,8200,8199,8199,8198,8198,8197,8196,8195,8195,8195,8194,8194,8194]",8194,8197.5,8204,0,0,[],,,,16
67108864,2,17,decode_only,32.58302342146635,16,"[8205,8202,8202,8201,8200,8200,8199,8199,8198,8197,8196,8196,8196,8195,8195,8195]",8195,8198.5,8205,0,0,[],,,,16
67108864,2,18,decode_only,32.638467848300934,16,"[8206,8203,8203,8202,8201,8201,8200,8200,8199,8198,8197,8197,8197,8196,8196,8196]",8196,8199.5,8206,0,0,[],,,,16
67108864,2,19,decode_only,32.567753456532955,16,"[8207,8204,8204,8203,8202,8202,8201,8201,8200,8199,8198,8198,8198,8197,8197,8197]",8197,8200.5,8207,0,0,[],,,,16
67108864,2,20,decode_only,32.51318912953138,16,"[8208,8205,8205,8204,8203,8203,8202,8202,8201,8200,8199,8199,8199,8198,8198,8198]",8198,8201.5,8208,0,0,[],,,,16
67108864,2,21,decode_only,32.609750516712666,16,"[8209,8206,8206,8205,8204,8204,8203,8203,8202,8201,8200,8200,8200,8199,8199,8199]",8199,8202.5,8209,0,0,[],,,,16
67108864,2,22,decode_only,32.6564135029912,16,"[8210,8207,8207,8206,8205,8205,8204,8204,8203,8202,8201,8201,8201,8200,8200,8200]",8200,8203.5,8210,0,0,[],,,,16
67108864,2,23,decode_only,32.51990303397179,16,"[8211,8208,8208,8207,8206,8206,8205,8205,8204,8203,8202,8202,8202,8201,8201,8201]",8201,8204.5,8211,0,0,[],,,,16
67108864,2,24,decode_only,32.60339982807636,16,"[8212,8209,8209,8208,8207,8207,8206,8206,8205,8204,8203,8203,8203,8202,8202,8202]",8202,8205.5,8212,0,0,[],,,,16
67108864,2,25,decode_only,32.54109341651201,16,"[8213,8210,8210,8209,8208,8208,8207,8207,8206,8205,8204,8204,8204,8203,8203,8203]",8203,8206.5,8213,0,0,[],,,,16
67108864,2,26,decode_only,32.51709509640932,16,"[8214,8211,8211,8210,8209,8209,8208,8208,8207,8206,8205,8205,8205,8204,8204,8204]",8204,8207.5,8214,0,0,[],,,,16
67108864,2,27,decode_only,32.5292032212019,16,"[8215,8212,8212,8211,8210,8210,8209,8209,8208,8207,8206,8206,8206,8205,8205,8205]",8205,8208.5,8215,0,0,[],,,,16
67108864,2,28,decode_only,32.548995688557625,16,"[8216,8213,8213,8212,8211,8211,8210,8210,8209,8208,8207,8207,8207,8206,8206,8206]",8206,8209.5,8216,0,0,[],,,,16
67108864,2,29,decode_only,32.4631929397583,16,"[8217,8214,8214,8213,8212,8212,8211,8211,8210,8209,8208,8208,8208,8207,8207,8207]",8207,8210.5,8217,0,0,[],,,,16
67108864,2,30,decode_only,32.465735450387,16,"[8218,8215,8215,8214,8213,8213,8212,8212,8211,8210,8209,8209,8209,8208,8208,8208]",8208,8211.5,8218,0,0,[],,,,16
67108864,2,31,decode_only,32.563984394073486,16,"[8219,8216,8216,8215,8214,8214,8213,8213,8212,8211,8210,8210,8210,8209,8209,8209]",8209,8212.5,8219,0,0,[],,,,16
67108864,2,32,decode_only,32.52926003187895,16,"[8220,8217,8217,8216,8215,8215,8214,8214,8213,8212,8211,8211,8211,8210,8210,8210]",8210,8213.5,8220,0,0,[],,,,16
67108864,2,33,decode_only,32.466390170156956,16,"[8221,8218,8218,8217,8216,8216,8215,8215,8214,8213,8212,8212,8212,8211,8211,8211]",8211,8214.5,8221,0,0,[],,,,16
67108864,2,34,decode_only,32.58371073752642,16,"[8222,8219,8219,8218,8217,8217,8216,8216,8215,8214,8213,8213,8213,8212,8212,8212]",8212,8215.5,8222,0,0,[],,,,16
67108864,2,35,decode_only,32.458364963531494,16,"[8223,8220,8220,8219,8218,8218,8217,8217,8216,8215,8214,8214,8214,8213,8213,8213]",8213,8216.5,8223,0,0,[],,,,16
67108864,2,36,decode_only,32.46698155999184,16,"[8224,8221,8221,8220,8219,8219,8218,8218,8217,8216,8215,8215,8215,8214,8214,8214]",8214,8217.5,8224,0,0,[],,,,16
67108864,2,37,decode_only,32.62738510966301,16,"[8225,8222,8222,8221,8220,8220,8219,8219,8218,8217,8216,8216,8216,8215,8215,8215]",8215,8218.5,8225,0,0,[],,,,16
67108864,2,38,decode_only,32.47049264609814,16,"[8226,8223,8223,8222,8221,8221,8220,8220,8219,8218,8217,8217,8217,8216,8216,8216]",8216,8219.5,8226,0,0,[],,,,16
67108864,2,39,decode_only,32.45715890079737,16,"[8227,8224,8224,8223,8222,8222,8221,8221,8220,8219,8218,8218,8218,8217,8217,8217]",8217,8220.5,8227,0,0,[],,,,16
67108864,2,40,decode_only,32.68407937139273,16,"[8228,8225,8225,8224,8223,8223,8222,8222,8221,8220,8219,8219,8219,8218,8218,8218]",8218,8221.5,8228,0,0,[],,,,16
67108864,2,41,decode_only,32.58426021784544,16,"[8229,8226,8226,8225,8224,8224,8223,8223,8222,8221,8220,8220,8220,8219,8219,8219]",8219,8222.5,8229,0,0,[],,,,16
67108864,2,42,decode_only,32.53753297030926,16,"[8230,8227,8227,8226,8225,8225,8224,8224,8223,8222,8221,8221,8221,8220,8220,8220]",8220,8223.5,8230,0,0,[],,,,16
67108864,2,43,decode_only,32.63435605913401,16,"[8231,8228,8228,8227,8226,8226,8225,8225,8224,8223,8222,8222,8222,8221,8221,8221]",8221,8224.5,8231,0,0,[],,,,16
67108864,2,44,decode_only,32.56204351782799,16,"[8232,8229,8229,8228,8227,8227,8226,8226,8225,8224,8223,8223,8223,8222,8222,8222]",8222,8225.5,8232,0,0,[],,,,16
67108864,2,45,decode_only,32.55676105618477,16,"[8233,8230,8230,8229,8228,8228,8227,8227,8226,8225,8224,8224,8224,8223,8223,8223]",8223,8226.5,8233,0,0,[],,,,16
67108864,2,46,decode_only,32.63093437999487,16,"[8234,8231,8231,8230,8229,8229,8228,8228,8227,8226,8225,8225,8225,8224,8224,8224]",8224,8227.5,8234,0,0,[],,,,16
67108864,2,47,decode_only,32.587554305791855,16,"[8235,8232,8232,8231,8230,8230,8229,8229,8228,8227,8226,8226,8226,8225,8225,8225]",8225,8228.5,8235,0,0,[],,,,16
67108864,2,48,decode_only,32.592943869531155,16,"[8236,8233,8233,8232,8231,8231,8230,8230,8229,8228,8227,8227,8227,8226,8226,8226]",8226,8229.5,8236,0,0,[],,,,16
67108864,2,49,decode_only,32.585437409579754,16,"[8237,8234,8234,8233,8232,8232,8231,8231,8230,8229,8228,8228,8228,8227,8227,8227]",8227,8230.5,8237,0,0,[],,,,16
67108864,2,50,decode_only,32.60670229792595,16,"[8238,8235,8235,8234,8233,8233,8232,8232,8231,8230,8229,8229,8229,8228,8228,8228]",8228,8231.5,8238,0,0,[],,,,16
67108864,2,51,decode_only,32.53966476768255,16,"[8239,8236,8236,8235,8234,8234,8233,8233,8232,8231,8230,8230,8230,8229,8229,8229]",8229,8232.5,8239,0,0,[],,,,16
67108864,2,52,decode_only,32.61933010071516,16,"[8240,8237,8237,8236,8235,8235,8234,8234,8233,8232,8231,8231,8231,8230,8230,8230]",8230,8233.5,8240,0,0,[],,,,16
67108864,2,53,decode_only,32.56767429411411,16,"[8241,8238,8238,8237,8236,8236,8235,8235,8234,8233,8232,8232,8232,8231,8231,8231]",8231,8234.5,8241,0,0,[],,,,16
67108864,2,54,decode_only,32.49743860214949,16,"[8242,8239,8239,8238,8237,8237,8236,8236,8235,8234,8233,8233,8233,8232,8232,8232]",8232,8235.5,8242,0,0,[],,,,16
67108864,2,55,decode_only,32.60940779000521,16,"[8243,8240,8240,8239,8238,8238,8237,8237,8236,8235,8234,8234,8234,8233,8233,8233]",8233,8236.5,8243,0,0,[],,,,16
67108864,2,56,decode_only,32.586755231022835,16,"[8244,8241,8241,8240,8239,8239,8238,8238,8237,8236,8235,8235,8235,8234,8234,8234]",8234,8237.5,8244,0,0,[],,,,16
67108864,2,57,decode_only,32.53471292555332,16,"[8245,8242,8242,8241,8240,8240,8239,8239,8238,8237,8236,8236,8236,8235,8235,8235]",8235,8238.5,8245,0,0,[],,,,16
67108864,2,58,decode_only,32.60799590498209,16,"[8246,8243,8243,8242,8241,8241,8240,8240,8239,8238,8237,8237,8237,8236,8236,8236]",8236,8239.5,8246,0,0,[],,,,16
67108864,2,59,decode_only,32.661596313118935,16,"[8247,8244,8244,8243,8242,8242,8241,8241,8240,8239,8238,8238,8238,8237,8237,8237]",8237,8240.5,8247,0,0,[],,,,16
67108864,2,60,decode_only,32.51602128148079,16,"[8248,8245,8245,8244,8243,8243,8242,8242,8241,8240,8239,8239,8239,8238,8238,8238]",8238,8241.5,8248,0,0,[],,,,16
67108864,2,61,decode_only,32.645950093865395,16,"[8249,8246,8246,8245,8244,8244,8243,8243,8242,8241,8240,8240,8240,8239,8239,8239]",8239,8242.5,8249,0,0,[],,,,16
67108864,2,62,decode_only,32.689159736037254,16,"[8250,8247,8247,8246,8245,8245,8244,8244,8243,8242,8241,8241,8241,8240,8240,8240]",8240,8243.5,8250,0,0,[],,,,16
67108864,2,63,decode_only,32.65381883829832,16,"[8251,8248,8248,8247,8246,8246,8245,8245,8244,8243,8242,8242,8242,8241,8241,8241]",8241,8244.5,8251,0,0,[],,,,16
67108864,2,64,decode_only,32.745542004704475,16,"[8252,8249,8249,8248,8247,8247,8246,8246,8245,8244,8243,8243,8243,8242,8242,8242]",8242,8245.5,8252,0,0,[],,,,16
67108864,2,65,decode_only,32.68632385879755,16,"[8253,8250,8250,8249,8248,8248,8247,8247,8246,8245,8244,8244,8244,8243,8243,8243]",8243,8246.5,8253,0,0,[],,,,16
67108864,2,66,decode_only,32.84585941582918,16,"[8254,8251,8251,8250,8249,8249,8248,8248,8247,8246,8245,8245,8245,8244,8244,8244]",8244,8247.5,8254,0,0,[],,,,16
67108864,2,67,decode_only,32.085394486784935,15,"[8252,8252,8251,8250,8250,8249,8249,8248,8247,8246,8246,8246,8245,8245,8245]",8245,8248.066666666668,8252,0,0,[],,,,15
67108864,2,68,decode_only,31.400888226926327,15,"[8253,8253,8252,8251,8251,8250,8250,8249,8248,8247,8247,8247,8246,8246,8246]",8246,8249.066666666668,8253,0,0,[],,,,15
67108864,2,69,decode_only,31.33424650877714,15,"[8254,8254,8253,8252,8252,8251,8251,8250,8249,8248,8248,8248,8247,8247,8247]",8247,8250.066666666668,8254,0,0,[],,,,15
67108864,2,70,decode_only,30.80205526202917,13,"[8254,8253,8253,8252,8252,8251,8250,8249,8249,8249,8248,8248,8248]",8248,8250.461538461539,8254,0,0,[],,,,13
67108864,2,71,decode_only,30.75125254690647,12,"[8254,8254,8253,8253,8252,8251,8250,8250,8250,8249,8249,8249]",8249,8251.166666666666,8254,0,0,[],,,,12
67108864,2,72,decode_only,29.77803349494934,10,"[8254,8254,8253,8252,8251,8251,8251,8250,8250,8250]",8250,8251.6,8254,0,0,[],,,,10
67108864,2,73,decode_only,30.11594619601965,8,"[8254,8253,8252,8252,8252,8251,8251,8251]",8251,8252.0,8254,0,0,[],,,,8
67108864,2,74,decode_only,29.97632697224617,7,"[8254,8253,8253,8253,8252,8252,8252]",8252,8252.714285714286,8254,0,0,[],,,,7
67108864,2,75,decode_only,30.530091375112534,6,"[8254,8254,8254,8253,8253,8253]",8253,8253.5,8254,0,0,[],,,,6
67108864,2,76,decode_only,29.44433130323887,3,"[8254,8254,8254]",8254,8254.0,8254,0,0,[],,,,3
50331648,0,0,prefill_only,17.28131528943777,0,[],,,,2048,2098176,[0],0,0.0,0,2048
50331648,0,1,prefill_only,20.461861975491047,0,[],,,,2048,6292480,[2048],2048,2048.0,2048,2048
50331648,0,2,prefill_only,23.675573989748955,0,[],,,,2048,10486784,[4096],4096,4096.0,4096,2048
50331648,0,3,prefill_only,56.817492470145226,0,[],,,,6144,18877440,"[6144,0,0]",0,2048.0,6144,6144
50331648,0,4,mixed,79.52943071722984,1,[8192],8192,8192.0,8192,6144,14683136,"[2048,2048,0]",0,1365.3333333333333,2048,6145
50331648,0,5,mixed,117.431809194386,1,[8193],8193,8193.0,8193,10240,31462400,"[4096,4096,2048,0,0]",0,2048.0,4096,10241
50331648,0,6,mixed,131.5375678241253,1,[8194],8194,8194.0,8194,9774,50331648,"[6144,6144,4096,2048,2048,0,0,0]",0,2560.0,6144,9775
50331648,0,7,mixed,161.57436277717352,3,"[8195,8192,8192]",8192,8193.0,8195,16381,45185027,"[6144,4096,3545,78,5,2,0,0]",0,1733.75,6144,16384
50331648,0,8,mixed,140.88924042880535,4,"[8196,8193,8193,8192]",8192,8193.5,8196,11399,50331100,"[6144,5593,2126,2053,2050,2048]",2048,3335.6666666666665,6144,11403
50331648,0,9,mixed,133.26256815344095,5,"[8197,8194,8194,8193,8192]",8192,8194.0,8197,10686,50331648,"[7641,4174,4101,4098,3207,2045,0,0,0]",0,2807.3333333333335,7641,10691
50331648,0,10,mixed,115.55442120879889,6,"[8198,8195,8195,8194,8193,8192]",8192,8194.5,8198,7269,50331648,"[6222,6149,6146,5255,3939,45,3,1,0,0]",0,2776.0,6222,7275
50331648,0,11,mixed,139.0977306291461,9,"[8199,8196,8196,8195,8194,8193,8192,8192,8192]",8192,8194.333333333334,8199,14059,33787289,"[6421,3940,78,9,3,1,1]",1,1493.2857142857142,6421,14068
50331648,0,12,mixed,142.63478014618158,10,"[8200,8197,8197,8196,8195,8194,8193,8193,8193,8192]",8192,8195.0,8200,12288,46012416,"[5988,2126,2057,2051,2049,2049]",2049,2720.0,5988,12298
50331648,0,13,mixed,128.7792455404997,10,"[8201,8198,8198,8197,8196,8195,8194,8194,8194,8193]",8193,8196.0,8201,9787,50331029,"[8036,4174,4105,4099,4097,4097]",4097,4768.0,8036,9797
50331648,0,14,mixed,114.16082922369242,11,"[8202,8199,8199,8198,8197,8196,8195,8195,8195,8194,8192]",8192,8196.545454545454,8202,7082,50331502,"[6222,6153,6147,6145,5536]",5536,6040.6,6222,7093
50331648,0,15,mixed,73.21844901889563,14,"[8203,8200,8200,8199,8198,8197,8196,8196,8196,8195,8193,8192,8192,8192]",8192,8196.357142857143,8203,3068,21274102,"[7172,5537]",5537,6354.5,7172,3082
50331648,0,16,mixed,47.29108512401581,15,"[8204,8201,8201,8200,8199,8198,8197,8197,8197,8196,8194,8193,8193,8193,8192]",8192,8197.0,8204,607,4788623,[7585],7585,7585.0,7585,622
50331648,0,17,decode_only,32.63071458786726,16,"[8205,8202,8202,8201,8200,8199,8198,8198,8198,8197,8195,8194,8194,8194,8193,8192]",8192,8197.625,8205,0,0,[],,,,16
50331648,0,18,decode_only,32.54311624914408,16,"[8206,8203,8203,8202,8201,8200,8199,8199,8199,8198,8196,8195,8195,8195,8194,8193]",8193,8198.625,8206,0,0,[],,,,16
50331648,0,19,decode_only,32.569169998168945,16,"[8207,8204,8204,8203,8202,8201,8200,8200,8200,8199,8197,8196,8196,8196,8195,8194]",8194,8199.625,8207,0,0,[],,,,16
50331648,0,20,decode_only,32.52357989549637,16,"[8208,8205,8205,8204,8203,8202,8201,8201,8201,8200,8198,8197,8197,8197,8196,8195]",8195,8200.625,8208,0,0,[],,,,16
50331648,0,21,decode_only,32.373618334531784,16,"[8209,8206,8206,8205,8204,8203,8202,8202,8202,8201,8199,8198,8198,8198,8197,8196]",8196,8201.625,8209,0,0,[],,,,16
50331648,0,22,decode_only,32.47775509953499,16,"[8210,8207,8207,8206,8205,8204,8203,8203,8203,8202,8200,8199,8199,8199,8198,8197]",8197,8202.625,8210,0,0,[],,,,16
50331648,0,23,decode_only,32.49732032418251,16,"[8211,8208,8208,8207,8206,8205,8204,8204,8204,8203,8201,8200,8200,8200,8199,8198]",8198,8203.625,8211,0,0,[],,,,16
50331648,0,24,decode_only,32.404775731265545,16,"[8212,8209,8209,8208,8207,8206,8205,8205,8205,8204,8202,8201,8201,8201,8200,8199]",8199,8204.625,8212,0,0,[],,,,16
50331648,0,25,decode_only,32.49108884483576,16,"[8213,8210,8210,8209,8208,8207,8206,8206,8206,8205,8203,8202,8202,8202,8201,8200]",8200,8205.625,8213,0,0,[],,,,16
50331648,0,26,decode_only,32.4893519282341,16,"[8214,8211,8211,8210,8209,8208,8207,8207,8207,8206,8204,8203,8203,8203,8202,8201]",8201,8206.625,8214,0,0,[],,,,16
50331648,0,27,decode_only,32.440817914903164,16,"[8215,8212,8212,8211,8210,8209,8208,8208,8208,8207,8205,8204,8204,8204,8203,8202]",8202,8207.625,8215,0,0,[],,,,16
50331648,0,28,decode_only,32.450830563902855,16,"[8216,8213,8213,8212,8211,8210,8209,8209,8209,8208,8206,8205,8205,8205,8204,8203]",8203,8208.625,8216,0,0,[],,,,16
50331648,0,29,decode_only,35.4998679831624,16,"[8217,8214,8214,8213,8212,8211,8210,8210,8210,8209,8207,8206,8206,8206,8205,8204]",8204,8209.625,8217,0,0,[],,,,16
50331648,0,30,decode_only,32.427771016955376,16,"[8218,8215,8215,8214,8213,8212,8211,8211,8211,8210,8208,8207,8207,8207,8206,8205]",8205,8210.625,8218,0,0,[],,,,16
50331648,0,31,decode_only,32.43522997945547,16,"[8219,8216,8216,8215,8214,8213,8212,8212,8212,8211,8209,8208,8208,8208,8207,8206]",8206,8211.625,8219,0,0,[],,,,16
50331648,0,32,decode_only,32.5870169326663,16,"[8220,8217,8217,8216,8215,8214,8213,8213,8213,8212,8210,8209,8209,8209,8208,8207]",8207,8212.625,8220,0,0,[],,,,16
50331648,0,33,decode_only,32.41956979036331,16,"[8221,8218,8218,8217,8216,8215,8214,8214,8214,8213,8211,8210,8210,8210,8209,8208]",8208,8213.625,8221,0,0,[],,,,16
50331648,0,34,decode_only,32.483805902302265,16,"[8222,8219,8219,8218,8217,8216,8215,8215,8215,8214,8212,8211,8211,8211,8210,8209]",8209,8214.625,8222,0,0,[],,,,16
50331648,0,35,decode_only,32.505800016224384,16,"[8223,8220,8220,8219,8218,8217,8216,8216,8216,8215,8213,8212,8212,8212,8211,8210]",8210,8215.625,8223,0,0,[],,,,16
50331648,0,36,decode_only,32.483370043337345,16,"[8224,8221,8221,8220,8219,8218,8217,8217,8217,8216,8214,8213,8213,8213,8212,8211]",8211,8216.625,8224,0,0,[],,,,16
50331648,0,37,decode_only,32.467241398990154,16,"[8225,8222,8222,8221,8220,8219,8218,8218,8218,8217,8215,8214,8214,8214,8213,8212]",8212,8217.625,8225,0,0,[],,,,16
50331648,0,38,decode_only,32.49243088066578,16,"[8226,8223,8223,8222,8221,8220,8219,8219,8219,8218,8216,8215,8215,8215,8214,8213]",8213,8218.625,8226,0,0,[],,,,16
50331648,0,39,decode_only,32.45371952652931,16,"[8227,8224,8224,8223,8222,8221,8220,8220,8220,8219,8217,8216,8216,8216,8215,8214]",8214,8219.625,8227,0,0,[],,,,16
50331648,0,40,decode_only,32.493616454303265,16,"[8228,8225,8225,8224,8223,8222,8221,8221,8221,8220,8218,8217,8217,8217,8216,8215]",8215,8220.625,8228,0,0,[],,,,16
50331648,0,41,decode_only,32.5649119913578,16,"[8229,8226,8226,8225,8224,8223,8222,8222,8222,8221,8219,8218,8218,8218,8217,8216]",8216,8221.625,8229,0,0,[],,,,16
50331648,0,42,decode_only,32.523236237466335,16,"[8230,8227,8227,8226,8225,8224,8223,8223,8223,8222,8220,8219,8219,8219,8218,8217]",8217,8222.625,8230,0,0,[],,,,16
50331648,0,43,decode_only,32.49330539256334,16,"[8231,8228,8228,8227,8226,8225,8224,8224,8224,8223,8221,8220,8220,8220,8219,8218]",8218,8223.625,8231,0,0,[],,,,16
50331648,0,44,decode_only,32.51347038894892,16,"[8232,8229,8229,8228,8227,8226,8225,8225,8225,8224,8222,8221,8221,8221,8220,8219]",8219,8224.625,8232,0,0,[],,,,16
50331648,0,45,decode_only,32.52490796148777,16,"[8233,8230,8230,8229,8228,8227,8226,8226,8226,8225,8223,8222,8222,8222,8221,8220]",8220,8225.625,8233,0,0,[],,,,16
50331648,0,46,decode_only,32.44958259165287,16,"[8234,8231,8231,8230,8229,8228,8227,8227,8227,8226,8224,8223,8223,8223,8222,8221]",8221,8226.625,8234,0,0,[],,,,16
50331648,0,47,decode_only,32.635695300996304,16,"[8235,8232,8232,8231,8230,8229,8228,8228,8228,8227,8225,8224,8224,8224,8223,8222]",8222,8227.625,8235,0,0,[],,,,16
50331648,0,48,decode_only,32.53839444369078,16,"[8236,8233,8233,8232,8231,8230,8229,8229,8229,8228,8226,8225,8225,8225,8224,8223]",8223,8228.625,8236,0,0,[],,,,16
50331648,0,49,decode_only,32.497115433216095,16,"[8237,8234,8234,8233,8232,8231,8230,8230,8230,8229,8227,8226,8226,8226,8225,8224]",8224,8229.625,8237,0,0,[],,,,16
50331648,0,50,decode_only,32.536786049604416,16,"[8238,8235,8235,8234,8233,8232,8231,8231,8231,8230,8228,8227,8227,8227,8226,8225]",8225,8230.625,8238,0,0,[],,,,16
50331648,0,51,decode_only,32.51646272838116,16,"[8239,8236,8236,8235,8234,8233,8232,8232,8232,8231,8229,8228,8228,8228,8227,8226]",8226,8231.625,8239,0,0,[],,,,16
50331648,0,52,decode_only,32.538123428821564,16,"[8240,8237,8237,8236,8235,8234,8233,8233,8233,8232,8230,8229,8229,8229,8228,8227]",8227,8232.625,8240,0,0,[],,,,16
50331648,0,53,decode_only,32.61782042682171,16,"[8241,8238,8238,8237,8236,8235,8234,8234,8234,8233,8231,8230,8230,8230,8229,8228]",8228,8233.625,8241,0,0,[],,,,16
50331648,0,54,decode_only,33.12972281128168,16,"[8242,8239,8239,8238,8237,8236,8235,8235,8235,8234,8232,8231,8231,8231,8230,8229]",8229,8234.625,8242,0,0,[],,,,16
50331648,0,55,decode_only,33.22737943381071,16,"[8243,8240,8240,8239,8238,8237,8236,8236,8236,8235,8233,8232,8232,8232,8231,8230]",8230,8235.625,8243,0,0,[],,,,16
50331648,0,56,decode_only,32.807071693241596,16,"[8244,8241,8241,8240,8239,8238,8237,8237,8237,8236,8234,8233,8233,8233,8232,8231]",8231,8236.625,8244,0,0,[],,,,16
50331648,0,57,decode_only,32.97255001962185,16,"[8245,8242,8242,8241,8240,8239,8238,8238,8238,8237,8235,8234,8234,8234,8233,8232]",8232,8237.625,8245,0,0,[],,,,16
50331648,0,58,decode_only,32.59428031742573,16,"[8246,8243,8243,8242,8241,8240,8239,8239,8239,8238,8236,8235,8235,8235,8234,8233]",8233,8238.625,8246,0,0,[],,,,16
50331648,0,59,decode_only,32.63510949909687,16,"[8247,8244,8244,8243,8242,8241,8240,8240,8240,8239,8237,8236,8236,8236,8235,8234]",8234,8239.625,8247,0,0,[],,,,16
50331648,0,60,decode_only,32.64846280217171,16,"[8248,8245,8245,8244,8243,8242,8241,8241,8241,8240,8238,8237,8237,8237,8236,8235]",8235,8240.625,8248,0,0,[],,,,16
50331648,0,61,decode_only,33.421680331230164,16,"[8249,8246,8246,8245,8244,8243,8242,8242,8242,8241,8239,8238,8238,8238,8237,8236]",8236,8241.625,8249,0,0,[],,,,16
50331648,0,62,decode_only,32.72321633994579,16,"[8250,8247,8247,8246,8245,8244,8243,8243,8243,8242,8240,8239,8239,8239,8238,8237]",8237,8242.625,8250,0,0,[],,,,16
50331648,0,63,decode_only,32.67247881740332,16,"[8251,8248,8248,8247,8246,8245,8244,8244,8244,8243,8241,8240,8240,8240,8239,8238]",8238,8243.625,8251,0,0,[],,,,16
50331648,0,64,decode_only,32.701452262699604,16,"[8252,8249,8249,8248,8247,8246,8245,8245,8245,8244,8242,8241,8241,8241,8240,8239]",8239,8244.625,8252,0,0,[],,,,16
50331648,0,65,decode_only,32.78637211769819,16,"[8253,8250,8250,8249,8248,8247,8246,8246,8246,8245,8243,8242,8242,8242,8241,8240]",8240,8245.625,8253,0,0,[],,,,16
50331648,0,66,decode_only,33.00545923411846,16,"[8254,8251,8251,8250,8249,8248,8247,8247,8247,8246,8244,8243,8243,8243,8242,8241]",8241,8246.625,8254,0,0,[],,,,16
50331648,0,67,decode_only,31.387110240757465,15,"[8252,8252,8251,8250,8249,8248,8248,8248,8247,8245,8244,8244,8244,8243,8242]",8242,8247.133333333333,8252,0,0,[],,,,15
50331648,0,68,decode_only,31.378446146845818,15,"[8253,8253,8252,8251,8250,8249,8249,8249,8248,8246,8245,8245,8245,8244,8243]",8243,8248.133333333333,8253,0,0,[],,,,15
50331648,0,69,decode_only,31.448161229491234,15,"[8254,8254,8253,8252,8251,8250,8250,8250,8249,8247,8246,8246,8246,8245,8244]",8244,8249.133333333333,8254,0,0,[],,,,15
50331648,0,70,decode_only,30.991291627287865,13,"[8254,8253,8252,8251,8251,8251,8250,8248,8247,8247,8247,8246,8245]",8245,8249.384615384615,8254,0,0,[],,,,13
50331648,0,71,decode_only,32.32910484075546,12,"[8254,8253,8252,8252,8252,8251,8249,8248,8248,8248,8247,8246]",8246,8250.0,8254,0,0,[],,,,12
50331648,0,72,decode_only,29.898352921009064,11,"[8254,8253,8253,8253,8252,8250,8249,8249,8249,8248,8247]",8247,8250.636363636364,8254,0,0,[],,,,11
50331648,0,73,decode_only,29.652446508407593,10,"[8254,8254,8254,8253,8251,8250,8250,8250,8249,8248]",8248,8251.3,8254,0,0,[],,,,10
50331648,0,74,decode_only,31.767550855875015,7,"[8254,8252,8251,8251,8251,8250,8249]",8249,8251.142857142857,8254,0,0,[],,,,7
50331648,0,75,decode_only,30.512596480548382,6,"[8253,8252,8252,8252,8251,8250]",8250,8251.666666666666,8253,0,0,[],,,,6
50331648,0,76,decode_only,30.43219354003668,6,"[8254,8253,8253,8253,8252,8251]",8251,8252.666666666666,8254,0,0,[],,,,6
50331648,0,77,decode_only,29.359659180045128,5,"[8254,8254,8254,8253,8252]",8252,8253.4,8254,0,0,[],,,,5
50331648,0,78,decode_only,29.576586559414864,2,"[8254,8253]",8253,8253.5,8254,0,0,[],,,,2
50331648,0,79,decode_only,30.263488180935383,1,[8254],8254,8254.0,8254,0,0,[],,,,1
50331648,1,0,prefill_only,17.317325808107853,0,[],,,,2048,2098176,[0],0,0.0,0,2048
50331648,1,1,prefill_only,20.38008254021406,0,[],,,,2048,6292480,[2048],2048,2048.0,2048,2048
50331648,1,2,prefill_only,23.65927305072546,0,[],,,,2048,10486784,[4096],4096,4096.0,4096,2048
50331648,1,3,prefill_only,56.76861386746168,0,[],,,,6144,18877440,"[6144,0,0]",0,2048.0,6144,6144
50331648,1,4,mixed,79.18629236519337,1,[8192],8192,8192.0,8192,6144,14683136,"[2048,2048,0]",0,1365.3333333333333,2048,6145
50331648,1,5,mixed,117.84620676189661,1,[8193],8193,8193.0,8193,10240,31462400,"[4096,4096,2048,0,0]",0,2048.0,4096,10241
50331648,1,6,mixed,131.66793063282967,1,[8194],8194,8194.0,8194,9774,50331648,"[6144,6144,4096,2048,2048,0,0,0]",0,2560.0,6144,9775
50331648,1,7,mixed,163.15438505262136,3,"[8195,8192,8192]",8192,8193.0,8195,16381,45185027,"[6144,4096,3545,78,5,2,0,0]",0,1733.75,6144,16384
50331648,1,8,mixed,140.99615719169378,4,"[8196,8193,8193,8192]",8192,8193.5,8196,11399,50331100,"[6144,5593,2126,2053,2050,2048]",2048,3335.6666666666665,6144,11403
50331648,1,9,mixed,134.4573274254799,5,"[8197,8194,8194,8193,8192]",8192,8194.0,8197,10686,50331648,"[7641,4174,4101,4098,3207,2045,0,0,0]",0,2807.3333333333335,7641,10691
50331648,1,10,mixed,117.8277675062418,6,"[8198,8195,8195,8194,8193,8192]",8192,8194.5,8198,7269,50331648,"[6222,6149,6146,5255,3939,45,3,1,0,0]",0,2776.0,6222,7275
50331648,1,11,mixed,139.77873977273703,9,"[8199,8196,8196,8195,8194,8193,8192,8192,8192]",8192,8194.333333333334,8199,14059,33787289,"[6421,3940,78,9,3,1,1]",1,1493.2857142857142,6421,14068
50331648,1,12,mixed,144.82411555945873,10,"[8200,8197,8197,8196,8195,8194,8193,8193,8193,8192]",8192,8195.0,8200,12288,46012416,"[5988,2126,2057,2051,2049,2049]",2049,2720.0,5988,12298
50331648,1,13,mixed,131.15335069596767,10,"[8201,8198,8198,8197,8196,8195,8194,8194,8194,8193]",8193,8196.0,8201,9787,50331029,"[8036,4174,4105,4099,4097,4097]",4097,4768.0,8036,9797
50331648,1,14,mixed,115.15527963638306,11,"[8202,8199,8199,8198,8197,8196,8195,8195,8195,8194,8192]",8192,8196.545454545454,8202,7082,50331502,"[6222,6153,6147,6145,5536]",5536,6040.6,6222,7093
50331648,1,15,mixed,73.2748955488205,14,"[8203,8200,8200,8199,8198,8197,8196,8196,8196,8195,8193,8192,8192,8192]",8192,8196.357142857143,8203,3068,21274102,"[7172,5537]",5537,6354.5,7172,3082
50331648,1,16,mixed,47.46112320572138,15,"[8204,8201,8201,8200,8199,8198,8197,8197,8197,8196,8194,8193,8193,8193,8192]",8192,8197.0,8204,607,4788623,[7585],7585,7585.0,7585,622
50331648,1,17,decode_only,32.839599065482616,16,"[8205,8202,8202,8201,8200,8199,8198,8198,8198,8197,8195,8194,8194,8194,8193,8192]",8192,8197.625,8205,0,0,[],,,,16
50331648,1,18,decode_only,33.85132737457752,16,"[8206,8203,8203,8202,8201,8200,8199,8199,8199,8198,8196,8195,8195,8195,8194,8193]",8193,8198.625,8206,0,0,[],,,,16
50331648,1,19,decode_only,33.14660117030144,16,"[8207,8204,8204,8203,8202,8201,8200,8200,8200,8199,8197,8196,8196,8196,8195,8194]",8194,8199.625,8207,0,0,[],,,,16
50331648,1,20,decode_only,32.67044387757778,16,"[8208,8205,8205,8204,8203,8202,8201,8201,8201,8200,8198,8197,8197,8197,8196,8195]",8195,8200.625,8208,0,0,[],,,,16
50331648,1,21,decode_only,32.58116636425257,16,"[8209,8206,8206,8205,8204,8203,8202,8202,8202,8201,8199,8198,8198,8198,8197,8196]",8196,8201.625,8209,0,0,[],,,,16
50331648,1,22,decode_only,32.541410997509956,16,"[8210,8207,8207,8206,8205,8204,8203,8203,8203,8202,8200,8199,8199,8199,8198,8197]",8197,8202.625,8210,0,0,[],,,,16
50331648,1,23,decode_only,32.48595166951418,16,"[8211,8208,8208,8207,8206,8205,8204,8204,8204,8203,8201,8200,8200,8200,8199,8198]",8198,8203.625,8211,0,0,[],,,,16
50331648,1,24,decode_only,33.864966593682766,16,"[8212,8209,8209,8208,8207,8206,8205,8205,8205,8204,8202,8201,8201,8201,8200,8199]",8199,8204.625,8212,0,0,[],,,,16
50331648,1,25,decode_only,33.56083948165178,16,"[8213,8210,8210,8209,8208,8207,8206,8206,8206,8205,8203,8202,8202,8202,8201,8200]",8200,8205.625,8213,0,0,[],,,,16
50331648,1,26,decode_only,32.49179199337959,16,"[8214,8211,8211,8210,8209,8208,8207,8207,8207,8206,8204,8203,8203,8203,8202,8201]",8201,8206.625,8214,0,0,[],,,,16
50331648,1,27,decode_only,32.45419356971979,16,"[8215,8212,8212,8211,8210,8209,8208,8208,8208,8207,8205,8204,8204,8204,8203,8202]",8202,8207.625,8215,0,0,[],,,,16
50331648,1,28,decode_only,32.41343889385462,16,"[8216,8213,8213,8212,8211,8210,8209,8209,8209,8208,8206,8205,8205,8205,8204,8203]",8203,8208.625,8216,0,0,[],,,,16
50331648,1,29,decode_only,32.48460590839386,16,"[8217,8214,8214,8213,8212,8211,8210,8210,8210,8209,8207,8206,8206,8206,8205,8204]",8204,8209.625,8217,0,0,[],,,,16
50331648,1,30,decode_only,32.43688400834799,16,"[8218,8215,8215,8214,8213,8212,8211,8211,8211,8210,8208,8207,8207,8207,8206,8205]",8205,8210.625,8218,0,0,[],,,,16
50331648,1,31,decode_only,32.484193332493305,16,"[8219,8216,8216,8215,8214,8213,8212,8212,8212,8211,8209,8208,8208,8208,8207,8206]",8206,8211.625,8219,0,0,[],,,,16
50331648,1,32,decode_only,33.47732312977314,16,"[8220,8217,8217,8216,8215,8214,8213,8213,8213,8212,8210,8209,8209,8209,8208,8207]",8207,8212.625,8220,0,0,[],,,,16
50331648,1,33,decode_only,32.83081017434597,16,"[8221,8218,8218,8217,8216,8215,8214,8214,8214,8213,8211,8210,8210,8210,8209,8208]",8208,8213.625,8221,0,0,[],,,,16
50331648,1,34,decode_only,32.49079082161188,16,"[8222,8219,8219,8218,8217,8216,8215,8215,8215,8214,8212,8211,8211,8211,8210,8209]",8209,8214.625,8222,0,0,[],,,,16
50331648,1,35,decode_only,32.56692737340927,16,"[8223,8220,8220,8219,8218,8217,8216,8216,8216,8215,8213,8212,8212,8212,8211,8210]",8210,8215.625,8223,0,0,[],,,,16
50331648,1,36,decode_only,32.982888631522655,16,"[8224,8221,8221,8220,8219,8218,8217,8217,8217,8216,8214,8213,8213,8213,8212,8211]",8211,8216.625,8224,0,0,[],,,,16
50331648,1,37,decode_only,37.872725166380405,16,"[8225,8222,8222,8221,8220,8219,8218,8218,8218,8217,8215,8214,8214,8214,8213,8212]",8212,8217.625,8225,0,0,[],,,,16
50331648,1,38,decode_only,32.555204816162586,16,"[8226,8223,8223,8222,8221,8220,8219,8219,8219,8218,8216,8215,8215,8215,8214,8213]",8213,8218.625,8226,0,0,[],,,,16
50331648,1,39,decode_only,32.478329725563526,16,"[8227,8224,8224,8223,8222,8221,8220,8220,8220,8219,8217,8216,8216,8216,8215,8214]",8214,8219.625,8227,0,0,[],,,,16
50331648,1,40,decode_only,33.39972160756588,16,"[8228,8225,8225,8224,8223,8222,8221,8221,8221,8220,8218,8217,8217,8217,8216,8215]",8215,8220.625,8228,0,0,[],,,,16
50331648,1,41,decode_only,32.52396546304226,16,"[8229,8226,8226,8225,8224,8223,8222,8222,8222,8221,8219,8218,8218,8218,8217,8216]",8216,8221.625,8229,0,0,[],,,,16
50331648,1,42,decode_only,32.50540234148502,16,"[8230,8227,8227,8226,8225,8224,8223,8223,8223,8222,8220,8219,8219,8219,8218,8217]",8217,8222.625,8230,0,0,[],,,,16
50331648,1,43,decode_only,33.93546771258116,16,"[8231,8228,8228,8227,8226,8225,8224,8224,8224,8223,8221,8220,8220,8220,8219,8218]",8218,8223.625,8231,0,0,[],,,,16
50331648,1,44,decode_only,32.55230374634266,16,"[8232,8229,8229,8228,8227,8226,8225,8225,8225,8224,8222,8221,8221,8221,8220,8219]",8219,8224.625,8232,0,0,[],,,,16
50331648,1,45,decode_only,32.462640665471554,16,"[8233,8230,8230,8229,8228,8227,8226,8226,8226,8225,8223,8222,8222,8222,8221,8220]",8220,8225.625,8233,0,0,[],,,,16
50331648,1,46,decode_only,32.468910329043865,16,"[8234,8231,8231,8230,8229,8228,8227,8227,8227,8226,8224,8223,8223,8223,8222,8221]",8221,8226.625,8234,0,0,[],,,,16
50331648,1,47,decode_only,32.54843223839998,16,"[8235,8232,8232,8231,8230,8229,8228,8228,8228,8227,8225,8224,8224,8224,8223,8222]",8222,8227.625,8235,0,0,[],,,,16
50331648,1,48,decode_only,33.08850433677435,16,"[8236,8233,8233,8232,8231,8230,8229,8229,8229,8228,8226,8225,8225,8225,8224,8223]",8223,8228.625,8236,0,0,[],,,,16
50331648,1,49,decode_only,32.72525127977133,16,"[8237,8234,8234,8233,8232,8231,8230,8230,8230,8229,8227,8226,8226,8226,8225,8224]",8224,8229.625,8237,0,0,[],,,,16
50331648,1,50,decode_only,32.949392683804035,16,"[8238,8235,8235,8234,8233,8232,8231,8231,8231,8230,8228,8227,8227,8227,8226,8225]",8225,8230.625,8238,0,0,[],,,,16
50331648,1,51,decode_only,32.872662879526615,16,"[8239,8236,8236,8235,8234,8233,8232,8232,8232,8231,8229,8228,8228,8228,8227,8226]",8226,8231.625,8239,0,0,[],,,,16
50331648,1,52,decode_only,33.33481587469578,16,"[8240,8237,8237,8236,8235,8234,8233,8233,8233,8232,8230,8229,8229,8229,8228,8227]",8227,8232.625,8240,0,0,[],,,,16
50331648,1,53,decode_only,32.57178422063589,16,"[8241,8238,8238,8237,8236,8235,8234,8234,8234,8233,8231,8230,8230,8230,8229,8228]",8228,8233.625,8241,0,0,[],,,,16
50331648,1,54,decode_only,32.541532069444656,16,"[8242,8239,8239,8238,8237,8236,8235,8235,8235,8234,8232,8231,8231,8231,8230,8229]",8229,8234.625,8242,0,0,[],,,,16
50331648,1,55,decode_only,32.4958274140954,16,"[8243,8240,8240,8239,8238,8237,8236,8236,8236,8235,8233,8232,8232,8232,8231,8230]",8230,8235.625,8243,0,0,[],,,,16
50331648,1,56,decode_only,32.63254929333925,16,"[8244,8241,8241,8240,8239,8238,8237,8237,8237,8236,8234,8233,8233,8233,8232,8231]",8231,8236.625,8244,0,0,[],,,,16
50331648,1,57,decode_only,33.09016115963459,16,"[8245,8242,8242,8241,8240,8239,8238,8238,8238,8237,8235,8234,8234,8234,8233,8232]",8232,8237.625,8245,0,0,[],,,,16
50331648,1,58,decode_only,32.54727739840746,16,"[8246,8243,8243,8242,8241,8240,8239,8239,8239,8238,8236,8235,8235,8235,8234,8233]",8233,8238.625,8246,0,0,[],,,,16
50331648,1,59,decode_only,32.67431538552046,16,"[8247,8244,8244,8243,8242,8241,8240,8240,8240,8239,8237,8236,8236,8236,8235,8234]",8234,8239.625,8247,0,0,[],,,,16
50331648,1,60,decode_only,32.60136488825083,16,"[8248,8245,8245,8244,8243,8242,8241,8241,8241,8240,8238,8237,8237,8237,8236,8235]",8235,8240.625,8248,0,0,[],,,,16
50331648,1,61,decode_only,32.57086221128702,16,"[8249,8246,8246,8245,8244,8243,8242,8242,8242,8241,8239,8238,8238,8238,8237,8236]",8236,8241.625,8249,0,0,[],,,,16
50331648,1,62,decode_only,33.03182404488325,16,"[8250,8247,8247,8246,8245,8244,8243,8243,8243,8242,8240,8239,8239,8239,8238,8237]",8237,8242.625,8250,0,0,[],,,,16
50331648,1,63,decode_only,32.52825327217579,16,"[8251,8248,8248,8247,8246,8245,8244,8244,8244,8243,8241,8240,8240,8240,8239,8238]",8238,8243.625,8251,0,0,[],,,,16
50331648,1,64,decode_only,34.14994291961193,16,"[8252,8249,8249,8248,8247,8246,8245,8245,8245,8244,8242,8241,8241,8241,8240,8239]",8239,8244.625,8252,0,0,[],,,,16
50331648,1,65,decode_only,32.70436078310013,16,"[8253,8250,8250,8249,8248,8247,8246,8246,8246,8245,8243,8242,8242,8242,8241,8240]",8240,8245.625,8253,0,0,[],,,,16
50331648,1,66,decode_only,32.998316921293736,16,"[8254,8251,8251,8250,8249,8248,8247,8247,8247,8246,8244,8243,8243,8243,8242,8241]",8241,8246.625,8254,0,0,[],,,,16
50331648,1,67,decode_only,31.324156560003757,15,"[8252,8252,8251,8250,8249,8248,8248,8248,8247,8245,8244,8244,8244,8243,8242]",8242,8247.133333333333,8252,0,0,[],,,,15
50331648,1,68,decode_only,31.422690488398075,15,"[8253,8253,8252,8251,8250,8249,8249,8249,8248,8246,8245,8245,8245,8244,8243]",8243,8248.133333333333,8253,0,0,[],,,,15
50331648,1,69,decode_only,31.756337732076645,15,"[8254,8254,8253,8252,8251,8250,8250,8250,8249,8247,8246,8246,8246,8245,8244]",8244,8249.133333333333,8254,0,0,[],,,,15
50331648,1,70,decode_only,30.68863321095705,13,"[8254,8253,8252,8251,8251,8251,8250,8248,8247,8247,8247,8246,8245]",8245,8249.384615384615,8254,0,0,[],,,,13
50331648,1,71,decode_only,33.26778765767813,12,"[8254,8253,8252,8252,8252,8251,8249,8248,8248,8248,8247,8246]",8246,8250.0,8254,0,0,[],,,,12
50331648,1,72,decode_only,30.52350226789713,11,"[8254,8253,8253,8253,8252,8250,8249,8249,8249,8248,8247]",8247,8250.636363636364,8254,0,0,[],,,,11
50331648,1,73,decode_only,30.38749471306801,10,"[8254,8254,8254,8253,8251,8250,8250,8250,8249,8248]",8248,8251.3,8254,0,0,[],,,,10
50331648,1,74,decode_only,30.37425596266985,7,"[8254,8252,8251,8251,8251,8250,8249]",8249,8251.142857142857,8254,0,0,[],,,,7
50331648,1,75,decode_only,30.54117225110531,6,"[8253,8252,8252,8252,8251,8250]",8250,8251.666666666666,8253,0,0,[],,,,6
50331648,1,76,decode_only,30.303191393613815,6,"[8254,8253,8253,8253,8252,8251]",8251,8252.666666666666,8254,0,0,[],,,,6
50331648,1,77,decode_only,31.734248623251915,5,"[8254,8254,8254,8253,8252]",8252,8253.4,8254,0,0,[],,,,5
50331648,1,78,decode_only,29.890883713960648,2,"[8254,8253]",8253,8253.5,8254,0,0,[],,,,2
50331648,1,79,decode_only,30.80526553094387,1,[8254],8254,8254.0,8254,0,0,[],,,,1
50331648,2,0,prefill_only,23.998080752789974,0,[],,,,2048,2098176,[0],0,0.0,0,2048
50331648,2,1,prefill_only,20.520531572401524,0,[],,,,2048,6292480,[2048],2048,2048.0,2048,2048
50331648,2,2,prefill_only,39.80558644980192,0,[],,,,4096,12584960,"[4096,0]",0,2048.0,4096,4096
50331648,2,3,prefill_only,59.48490183800459,0,[],,,,6144,23071744,"[6144,2048,0]",0,2730.6666666666665,6144,6144
50331648,2,4,mixed,86.10621653497219,1,[8192],8192,8192.0,8192,6144,18877440,"[4096,2048,0]",0,2048.0,4096,6145
50331648,2,5,mixed,152.4547291919589,1,[8193],8193,8193.0,8193,14336,39853056,"[6144,4096,2048,0,0,0,0]",0,1755.4285714285713,6144,14337
50331648,2,6,mixed,146.95497322827578,2,"[8194,8192]",8192,8193.0,8194,12358,50331648,"[6144,4096,2048,2048,2048,2048,0,0,0]",0,2048.0,6144,12360
50331648,2,7,mixed,126.22383330017328,3,"[8195,8193,8192]",8192,8193.333333333334,8195,9113,50331644,"[6144,4096,4096,4096,4094,63]",63,3764.8333333333335,6144,9116
50331648,2,8,mixed,114.63345028460026,4,"[8196,8194,8193,8192]",8192,8193.75,8196,7302,50331648,"[6144,6144,6144,5014,64,7,2]",2,3359.8571428571427,6144,7306
50331648,2,9,mixed,150.51579102873802,7,"[8197,8195,8194,8193,8192,8192,8192]",8192,8193.57142857143,8197,16377,29560853,"[6141,89,12,3,0,0,0,0]",0,780.625,6141,16384
50331648,2,10,mixed,160.11885181069374,7,"[8198,8196,8195,8194,8193,8193,8193]",8193,8194.57142857143,8198,16377,46348330,"[8189,2137,2060,2051,2048,2048,2048,2041,0]",0,2513.5555555555557,8189,16384
50331648,2,11,mixed,129.3958956375718,8,"[8199,8197,8196,8195,8194,8194,8194,8192]",8192,8195.125,8199,9851,50330704,"[4185,4108,4099,4096,4096,4096]",4096,4113.333333333333,4185,9859
50331648,2,12,mixed,114.62113074958324,8,"[8200,8198,8197,8196,8195,8195,8195,8193]",8193,8196.125,8200,7080,50331279,"[6233,6156,6147,6144]",6144,6170.0,6233,7088
50331648,2,13,mixed,125.23692287504673,11,"[8201,8199,8198,8197,8196,8196,8196,8194,8192,8192,8192]",8192,8195.727272727272,8201,9200,48865656,"[7184,5754,4097,4089,2038]",2038,4632.4,7184,9211
50331648,2,14,mixed,105.89607805013657,12,"[8202,8200,8199,8198,8197,8197,8197,8195,8193,8193,8193,8192]",8192,8196.333333333334,8202,6533,42927024,"[7802,6145,6137,4086]",4086,6042.5,7802,6545
50331648,2,15,mixed,57.851413264870644,14,"[8203,8201,8200,8199,8198,8198,8198,8196,8194,8194,8194,8193,8192,8192]",8192,8196.57142857143,8203,2055,14717931,"[8185,6134]",6134,7159.5,8185,2069
50331648,2,16,mixed,43.646092526614666,15,"[8204,8202,8201,8200,8199,8199,8199,8197,8195,8195,8195,8194,8193,8193,8192]",8192,8197.2,8204,10,81875,[8182],8182,8182.0,8182,25
50331648,2,17,decode_only,32.575422897934914,16,"[8205,8203,8202,8201,8200,8200,8200,8198,8196,8196,8196,8195,8194,8194,8193,8192]",8192,8197.8125,8205,0,0,[],,,,16
50331648,2,18,decode_only,32.50586334615946,16,"[8206,8204,8203,8202,8201,8201,8201,8199,8197,8197,8197,8196,8195,8195,8194,8193]",8193,8198.8125,8206,0,0,[],,,,16
50331648,2,19,decode_only,32.51237142831087,16,"[8207,8205,8204,8203,8202,8202,8202,8200,8198,8198,8198,8197,8196,8196,8195,8194]",8194,8199.8125,8207,0,0,[],,,,16
50331648,2,20,decode_only,32.446013763546944,16,"[8208,8206,8205,8204,8203,8203,8203,8201,8199,8199,8199,8198,8197,8197,8196,8195]",8195,8200.8125,8208,0,0,[],,,,16
50331648,2,21,decode_only,32.53951109945774,16,"[8209,8207,8206,8205,8204,8204,8204,8202,8200,8200,8200,8199,8198,8198,8197,8196]",8196,8201.8125,8209,0,0,[],,,,16
50331648,2,22,decode_only,33.676959574222565,16,"[8210,8208,8207,8206,8205,8205,8205,8203,8201,8201,8201,8200,8199,8199,8198,8197]",8197,8202.8125,8210,0,0,[],,,,16
50331648,2,23,decode_only,32.527114264667034,16,"[8211,8209,8208,8207,8206,8206,8206,8204,8202,8202,8202,8201,8200,8200,8199,8198]",8198,8203.8125,8211,0,0,[],,,,16
50331648,2,24,decode_only,32.498703338205814,16,"[8212,8210,8209,8208,8207,8207,8207,8205,8203,8203,8203,8202,8201,8201,8200,8199]",8199,8204.8125,8212,0,0,[],,,,16
50331648,2,25,decode_only,32.74321462959051,16,"[8213,8211,8210,8209,8208,8208,8208,8206,8204,8204,8204,8203,8202,8202,8201,8200]",8200,8205.8125,8213,0,0,[],,,,16
50331648,2,26,decode_only,33.516328781843185,16,"[8214,8212,8211,8210,8209,8209,8209,8207,8205,8205,8205,8204,8203,8203,8202,8201]",8201,8206.8125,8214,0,0,[],,,,16
50331648,2,27,decode_only,32.426418736577034,16,"[8215,8213,8212,8211,8210,8210,8210,8208,8206,8206,8206,8205,8204,8204,8203,8202]",8202,8207.8125,8215,0,0,[],,,,16
50331648,2,28,decode_only,32.514759339392185,16,"[8216,8214,8213,8212,8211,8211,8211,8209,8207,8207,8207,8206,8205,8205,8204,8203]",8203,8208.8125,8216,0,0,[],,,,16
50331648,2,29,decode_only,32.446364872157574,16,"[8217,8215,8214,8213,8212,8212,8212,8210,8208,8208,8208,8207,8206,8206,8205,8204]",8204,8209.8125,8217,0,0,[],,,,16
50331648,2,30,decode_only,32.43483044207096,16,"[8218,8216,8215,8214,8213,8213,8213,8211,8209,8209,8209,8208,8207,8207,8206,8205]",8205,8210.8125,8218,0,0,[],,,,16
50331648,2,31,decode_only,32.514505088329315,16,"[8219,8217,8216,8215,8214,8214,8214,8212,8210,8210,8210,8209,8208,8208,8207,8206]",8206,8211.8125,8219,0,0,[],,,,16
50331648,2,32,decode_only,32.52956550568342,16,"[8220,8218,8217,8216,8215,8215,8215,8213,8211,8211,8211,8210,8209,8209,8208,8207]",8207,8212.8125,8220,0,0,[],,,,16
50331648,2,33,decode_only,32.47527126222849,16,"[8221,8219,8218,8217,8216,8216,8216,8214,8212,8212,8212,8211,8210,8210,8209,8208]",8208,8213.8125,8221,0,0,[],,,,16
50331648,2,34,decode_only,32.469513826072216,16,"[8222,8220,8219,8218,8217,8217,8217,8215,8213,8213,8213,8212,8211,8211,8210,8209]",8209,8214.8125,8222,0,0,[],,,,16
50331648,2,35,decode_only,32.444778829813,16,"[8223,8221,8220,8219,8218,8218,8218,8216,8214,8214,8214,8213,8212,8212,8211,8210]",8210,8215.8125,8223,0,0,[],,,,16
50331648,2,36,decode_only,32.3930736631155,16,"[8224,8222,8221,8220,8219,8219,8219,8217,8215,8215,8215,8214,8213,8213,8212,8211]",8211,8216.8125,8224,0,0,[],,,,16
50331648,2,37,decode_only,32.401762902736664,16,"[8225,8223,8222,8221,8220,8220,8220,8218,8216,8216,8216,8215,8214,8214,8213,8212]",8212,8217.8125,8225,0,0,[],,,,16
50331648,2,38,decode_only,32.47438371181488,16,"[8226,8224,8223,8222,8221,8221,8221,8219,8217,8217,8217,8216,8215,8215,8214,8213]",8213,8218.8125,8226,0,0,[],,,,16
50331648,2,39,decode_only,32.40454290062189,16,"[8227,8225,8224,8223,8222,8222,8222,8220,8218,8218,8218,8217,8216,8216,8215,8214]",8214,8219.8125,8227,0,0,[],,,,16
50331648,2,40,decode_only,32.43902698159218,16,"[8228,8226,8225,8224,8223,8223,8223,8221,8219,8219,8219,8218,8217,8217,8216,8215]",8215,8220.8125,8228,0,0,[],,,,16
50331648,2,41,decode_only,32.434578984975815,16,"[8229,8227,8226,8225,8224,8224,8224,8222,8220,8220,8220,8219,8218,8218,8217,8216]",8216,8221.8125,8229,0,0,[],,,,16
50331648,2,42,decode_only,32.44462236762047,16,"[8230,8228,8227,8226,8225,8225,8225,8223,8221,8221,8221,8220,8219,8219,8218,8217]",8217,8222.8125,8230,0,0,[],,,,16
50331648,2,43,decode_only,32.43780601769686,16,"[8231,8229,8228,8227,8226,8226,8226,8224,8222,8222,8222,8221,8220,8220,8219,8218]",8218,8223.8125,8231,0,0,[],,,,16
50331648,2,44,decode_only,32.456470653414726,16,"[8232,8230,8229,8228,8227,8227,8227,8225,8223,8223,8223,8222,8221,8221,8220,8219]",8219,8224.8125,8232,0,0,[],,,,16
50331648,2,45,decode_only,32.444970682263374,16,"[8233,8231,8230,8229,8228,8228,8228,8226,8224,8224,8224,8223,8222,8222,8221,8220]",8220,8225.8125,8233,0,0,[],,,,16
50331648,2,46,decode_only,32.42276702076197,16,"[8234,8232,8231,8230,8229,8229,8229,8227,8225,8225,8225,8224,8223,8223,8222,8221]",8221,8226.8125,8234,0,0,[],,,,16
50331648,2,47,decode_only,32.538581639528275,16,"[8235,8233,8232,8231,8230,8230,8230,8228,8226,8226,8226,8225,8224,8224,8223,8222]",8222,8227.8125,8235,0,0,[],,,,16
50331648,2,48,decode_only,32.512638717889786,16,"[8236,8234,8233,8232,8231,8231,8231,8229,8227,8227,8227,8226,8225,8225,8224,8223]",8223,8228.8125,8236,0,0,[],,,,16
50331648,2,49,decode_only,32.53189753741026,16,"[8237,8235,8234,8233,8232,8232,8232,8230,8228,8228,8228,8227,8226,8226,8225,8224]",8224,8229.8125,8237,0,0,[],,,,16
50331648,2,50,decode_only,32.523684203624725,16,"[8238,8236,8235,8234,8233,8233,8233,8231,8229,8229,8229,8228,8227,8227,8226,8225]",8225,8230.8125,8238,0,0,[],,,,16
50331648,2,51,decode_only,32.51328878104687,16,"[8239,8237,8236,8235,8234,8234,8234,8232,8230,8230,8230,8229,8228,8228,8227,8226]",8226,8231.8125,8239,0,0,[],,,,16
50331648,2,52,decode_only,32.443953678011894,16,"[8240,8238,8237,8236,8235,8235,8235,8233,8231,8231,8231,8230,8229,8229,8228,8227]",8227,8232.8125,8240,0,0,[],,,,16
50331648,2,53,decode_only,32.50720165669918,16,"[8241,8239,8238,8237,8236,8236,8236,8234,8232,8232,8232,8231,8230,8230,8229,8228]",8228,8233.8125,8241,0,0,[],,,,16
50331648,2,54,decode_only,32.4651375412941,16,"[8242,8240,8239,8238,8237,8237,8237,8235,8233,8233,8233,8232,8231,8231,8230,8229]",8229,8234.8125,8242,0,0,[],,,,16
50331648,2,55,decode_only,32.45867323130369,16,"[8243,8241,8240,8239,8238,8238,8238,8236,8234,8234,8234,8233,8232,8232,8231,8230]",8230,8235.8125,8243,0,0,[],,,,16
50331648,2,56,decode_only,32.54424501210451,16,"[8244,8242,8241,8240,8239,8239,8239,8237,8235,8235,8235,8234,8233,8233,8232,8231]",8231,8236.8125,8244,0,0,[],,,,16
50331648,2,57,decode_only,32.47992880642414,16,"[8245,8243,8242,8241,8240,8240,8240,8238,8236,8236,8236,8235,8234,8234,8233,8232]",8232,8237.8125,8245,0,0,[],,,,16
50331648,2,58,decode_only,32.56969712674618,16,"[8246,8244,8243,8242,8241,8241,8241,8239,8237,8237,8237,8236,8235,8235,8234,8233]",8233,8238.8125,8246,0,0,[],,,,16
50331648,2,59,decode_only,32.56170358508825,16,"[8247,8245,8244,8243,8242,8242,8242,8240,8238,8238,8238,8237,8236,8236,8235,8234]",8234,8239.8125,8247,0,0,[],,,,16
50331648,2,60,decode_only,32.56176505237818,16,"[8248,8246,8245,8244,8243,8243,8243,8241,8239,8239,8239,8238,8237,8237,8236,8235]",8235,8240.8125,8248,0,0,[],,,,16
50331648,2,61,decode_only,32.499561086297035,16,"[8249,8247,8246,8245,8244,8244,8244,8242,8240,8240,8240,8239,8238,8238,8237,8236]",8236,8241.8125,8249,0,0,[],,,,16
50331648,2,62,decode_only,32.56978467106819,16,"[8250,8248,8247,8246,8245,8245,8245,8243,8241,8241,8241,8240,8239,8239,8238,8237]",8237,8242.8125,8250,0,0,[],,,,16
50331648,2,63,decode_only,32.5488056987524,16,"[8251,8249,8248,8247,8246,8246,8246,8244,8242,8242,8242,8241,8240,8240,8239,8238]",8238,8243.8125,8251,0,0,[],,,,16
50331648,2,64,decode_only,32.54811465740204,16,"[8252,8250,8249,8248,8247,8247,8247,8245,8243,8243,8243,8242,8241,8241,8240,8239]",8239,8244.8125,8252,0,0,[],,,,16
50331648,2,65,decode_only,32.551109790802,16,"[8253,8251,8250,8249,8248,8248,8248,8246,8244,8244,8244,8243,8242,8242,8241,8240]",8240,8245.8125,8253,0,0,[],,,,16
50331648,2,66,decode_only,32.57578890770674,16,"[8254,8252,8251,8250,8249,8249,8249,8247,8245,8245,8245,8244,8243,8243,8242,8241]",8241,8246.8125,8254,0,0,[],,,,16
50331648,2,67,decode_only,31.23576194047928,15,"[8253,8252,8251,8250,8250,8250,8248,8246,8246,8246,8245,8244,8244,8243,8242]",8242,8247.333333333334,8253,0,0,[],,,,15
50331648,2,68,decode_only,31.319033354520798,15,"[8254,8253,8252,8251,8251,8251,8249,8247,8247,8247,8246,8245,8245,8244,8243]",8243,8248.333333333334,8254,0,0,[],,,,15
50331648,2,69,decode_only,32.68843609839678,14,"[8254,8253,8252,8252,8252,8250,8248,8248,8248,8247,8246,8246,8245,8244]",8244,8248.92857142857,8254,0,0,[],,,,14
50331648,2,70,decode_only,31.516291201114655,13,"[8254,8253,8253,8253,8251,8249,8249,8249,8248,8247,8247,8246,8245]",8245,8249.538461538461,8254,0,0,[],,,,13
50331648,2,71,decode_only,31.061661429703236,12,"[8254,8254,8254,8252,8250,8250,8250,8249,8248,8248,8247,8246]",8246,8250.166666666666,8254,0,0,[],,,,12
50331648,2,72,decode_only,29.944773763418198,9,"[8253,8251,8251,8251,8250,8249,8249,8248,8247]",8247,8249.888888888889,8253,0,0,[],,,,9
50331648,2,73,decode_only,29.68231402337551,9,"[8254,8252,8252,8252,8251,8250,8250,8249,8248]",8248,8250.888888888889,8254,0,0,[],,,,9
50331648,2,74,decode_only,29.80947680771351,8,"[8253,8253,8253,8252,8251,8251,8250,8249]",8249,8251.5,8253,0,0,[],,,,8
50331648,2,75,decode_only,29.95290607213974,8,"[8254,8254,8254,8253,8252,8252,8251,8250]",8250,8252.5,8254,0,0,[],,,,8
50331648,2,76,decode_only,29.676186852157116,5,"[8254,8253,8253,8252,8251]",8251,8252.6,8254,0,0,[],,,,5
50331648,2,77,decode_only,30.185546725988388,4,"[8254,8254,8253,8252]",8252,8253.25,8254,0,0,[],,,,4
50331648,2,78,decode_only,29.423926025629044,2,"[8254,8253]",8253,8253.5,8254,0,0,[],,,,2
50331648,2,79,decode_only,30.668062157928944,1,[8254],8254,8254.0,8254,0,0,[],,,,1
33554432,0,0,prefill_only,19.3524407222867,0,[],,,,2048,2098176,[0],0,0.0,0,2048
33554432,0,1,prefill_only,20.533127710223198,0,[],,,,2048,6292480,[2048],2048,2048.0,2048,2048
33554432,0,2,prefill_only,23.840315639972687,0,[],,,,2048,10486784,[4096],4096,4096.0,4096,2048
33554432,0,3,prefill_only,59.90329198539257,0,[],,,,6144,18877440,"[6144,0,0]",0,2048.0,6144,6144
33554432,0,4,mixed,78.08080408722162,1,[8192],8192,8192.0,8192,6144,14683136,"[2048,2048,0]",0,1365.3333333333333,2048,6145
33554432,0,5,mixed,118.39929409325123,1,[8193],8193,8193.0,8193,10240,31462400,"[4096,4096,2048,0,0]",0,2048.0,4096,10241
33554432,0,6,mixed,91.82709455490112,1,[8194],8194,8194.0,8194,5016,33554156,"[6144,6144,4096]",4096,5461.333333333333,6144,5017
33554432,0,7,mixed,146.75886649638414,3,"[8195,8192,8192]",8192,8193.0,8195,14991,33554431,"[5016,2048,2048,0,0,0,0,0,0,0,0]",0,828.3636363636364,5016,14994
33554432,0,8,mixed,97.6192532107234,3,"[8196,8193,8193]",8193,8194.0,8196,6661,33553259,"[7064,4096,4096,2048,2048]",2048,3870.4,7064,6664
33554432,0,9,mixed,89.94125667959452,4,"[8197,8194,8194,8192]",8192,8194.25,8197,5142,33554021,"[6144,6144,3484]",3484,5257.333333333333,6144,5146
33554432,0,10,mixed,117.96171683818102,6,"[8198,8195,8195,8193,8192,8192]",8192,8194.166666666666,8198,10224,33554432,"[4530,2049,2048,2048,641,10,3,1]",1,1416.25,4530,10230
33554432,0,11,mixed,93.31463743001223,6,"[8199,8196,8196,8194,8193,8193]",8193,8195.166666666666,8199,5881,33554430,"[6578,4097,4096,4096,2647,31]",31,3590.8333333333335,6578,5887
33554432,0,12,mixed,90.6991008669138,7,"[8200,8197,8197,8195,8194,8194,8192]",8192,8195.57142857143,8200,4988,33553131,"[6145,6144,4253]",4253,5514.0,6145,4995
33554432,0,13,mixed,143.99496652185917,9,"[8201,8198,8198,8196,8195,8195,8193,8192,8192]",8192,8195.555555555555,8201,14336,30757888,"[5146,2648,44,6,3,0,0]",0,1121.0,5146,14345
33554432,0,14,mixed,106.39139916747808,9,"[8202,8199,8199,8197,8196,8196,8194,8193,8193]",8193,8196.555555555555,8202,7765,33553206,"[7194,4696,2092,2054,2051]",2051,3617.4,7194,7774
33554432,0,15,mixed,94.79297697544098,10,"[8203,8200,8200,8198,8197,8197,8195,8194,8194,8192]",8192,8197.0,8203,6107,33553396,"[6744,4140,4102,2674,2048]",2048,3941.6,6744,6117
33554432,0,16,mixed,91.88725426793098,11,"[8204,8201,8201,8199,8198,8198,8196,8195,8195,8193,8192]",8192,8197.454545454546,8204,5223,33553627,"[6188,6150,3236,2049]",2049,4405.75,6188,5234
33554432,0,17,mixed,89.34264071285725,13,"[8205,8202,8202,8200,8199,8199,8197,8196,8196,8194,8193,8192,8192]",8192,8197.461538461539,8205,6144,23723008,"[4412,2050,2048]",2048,2836.6666666666665,4412,6157
33554432,0,18,mixed,94.52737029641867,13,"[8206,8203,8203,8201,8200,8200,8198,8197,8197,8195,8194,8193,8193]",8193,8198.461538461539,8206,5809,33550597,"[6460,4098,4096]",4096,4884.666666666667,6460,5822
33554432,0,19,mixed,80.58700431138277,14,"[8207,8204,8204,8202,8201,8201,8199,8198,8198,8196,8195,8194,8194,8192]",8192,8198.92857142857,8207,4094,29310973,"[6146,6125]",6125,6135.5,6146,4108
33554432,0,20,mixed,44.10742875188589,15,"[8208,8205,8205,8203,8202,8202,8200,8199,8199,8197,8196,8195,8195,8193,8192]",8192,8199.4,8208,19,155477,[8173],8173,8173.0,8173,34
33554432,0,21,decode_only,32.894511707127094,16,"[8209,8206,8206,8204,8203,8203,8201,8200,8200,8198,8197,8196,8196,8194,8193,8192]",8192,8199.875,8209,0,0,[],,,,16
33554432,0,22,decode_only,32.701797783374786,16,"[8210,8207,8207,8205,8204,8204,8202,8201,8201,8199,8198,8197,8197,8195,8194,8193]",8193,8200.875,8210,0,0,[],,,,16
33554432,0,23,decode_only,32.70070254802704,16,"[8211,8208,8208,8206,8205,8205,8203,8202,8202,8200,8199,8198,8198,8196,8195,8194]",8194,8201.875,8211,0,0,[],,,,16
33554432,0,24,decode_only,33.061168156564236,16,"[8212,8209,8209,8207,8206,8206,8204,8203,8203,8201,8200,8199,8199,8197,8196,8195]",8195,8202.875,8212,0,0,[],,,,16
33554432,0,25,decode_only,32.78942499309778,16,"[8213,8210,8210,8208,8207,8207,8205,8204,8204,8202,8201,8200,8200,8198,8197,8196]",8196,8203.875,8213,0,0,[],,,,16
33554432,0,26,decode_only,32.67056215554476,16,"[8214,8211,8211,8209,8208,8208,8206,8205,8205,8203,8202,8201,8201,8199,8198,8197]",8197,8204.875,8214,0,0,[],,,,16
33554432,0,27,decode_only,32.819585874676704,16,"[8215,8212,8212,8210,8209,8209,8207,8206,8206,8204,8203,8202,8202,8200,8199,8198]",8198,8205.875,8215,0,0,[],,,,16
33554432,0,28,decode_only,32.62695204466581,16,"[8216,8213,8213,8211,8210,8210,8208,8207,8207,8205,8204,8203,8203,8201,8200,8199]",8199,8206.875,8216,0,0,[],,,,16
33554432,0,29,decode_only,32.59051963686943,16,"[8217,8214,8214,8212,8211,8211,8209,8208,8208,8206,8205,8204,8204,8202,8201,8200]",8200,8207.875,8217,0,0,[],,,,16
33554432,0,30,decode_only,32.70341269671917,16,"[8218,8215,8215,8213,8212,8212,8210,8209,8209,8207,8206,8205,8205,8203,8202,8201]",8201,8208.875,8218,0,0,[],,,,16
33554432,0,31,decode_only,32.564432360231876,16,"[8219,8216,8216,8214,8213,8213,8211,8210,8210,8208,8207,8206,8206,8204,8203,8202]",8202,8209.875,8219,0,0,[],,,,16
33554432,0,32,decode_only,32.80150890350342,16,"[8220,8217,8217,8215,8214,8214,8212,8211,8211,8209,8208,8207,8207,8205,8204,8203]",8203,8210.875,8220,0,0,[],,,,16
33554432,0,33,decode_only,32.70447067916393,16,"[8221,8218,8218,8216,8215,8215,8213,8212,8212,8210,8209,8208,8208,8206,8205,8204]",8204,8211.875,8221,0,0,[],,,,16
33554432,0,34,decode_only,32.55011886358261,16,"[8222,8219,8219,8217,8216,8216,8214,8213,8213,8211,8210,8209,8209,8207,8206,8205]",8205,8212.875,8222,0,0,[],,,,16
33554432,0,35,decode_only,32.47456159442663,16,"[8223,8220,8220,8218,8217,8217,8215,8214,8214,8212,8211,8210,8210,8208,8207,8206]",8206,8213.875,8223,0,0,[],,,,16
33554432,0,36,decode_only,32.70005341619253,16,"[8224,8221,8221,8219,8218,8218,8216,8215,8215,8213,8212,8211,8211,8209,8208,8207]",8207,8214.875,8224,0,0,[],,,,16
33554432,0,37,decode_only,32.862650230526924,16,"[8225,8222,8222,8220,8219,8219,8217,8216,8216,8214,8213,8212,8212,8210,8209,8208]",8208,8215.875,8225,0,0,[],,,,16
33554432,0,38,decode_only,32.51976706087589,16,"[8226,8223,8223,8221,8220,8220,8218,8217,8217,8215,8214,8213,8213,8211,8210,8209]",8209,8216.875,8226,0,0,[],,,,16
33554432,0,39,decode_only,32.67981857061386,16,"[8227,8224,8224,8222,8221,8221,8219,8218,8218,8216,8215,8214,8214,8212,8211,8210]",8210,8217.875,8227,0,0,[],,,,16
33554432,0,40,decode_only,32.60967135429382,16,"[8228,8225,8225,8223,8222,8222,8220,8219,8219,8217,8216,8215,8215,8213,8212,8211]",8211,8218.875,8228,0,0,[],,,,16
33554432,0,41,decode_only,32.58862812072039,16,"[8229,8226,8226,8224,8223,8223,8221,8220,8220,8218,8217,8216,8216,8214,8213,8212]",8212,8219.875,8229,0,0,[],,,,16
33554432,0,42,decode_only,32.78185985982418,16,"[8230,8227,8227,8225,8224,8224,8222,8221,8221,8219,8218,8217,8217,8215,8214,8213]",8213,8220.875,8230,0,0,[],,,,16
33554432,0,43,decode_only,33.22680480778217,16,"[8231,8228,8228,8226,8225,8225,8223,8222,8222,8220,8219,8218,8218,8216,8215,8214]",8214,8221.875,8231,0,0,[],,,,16
33554432,0,44,decode_only,32.488880679011345,16,"[8232,8229,8229,8227,8226,8226,8224,8223,8223,8221,8220,8219,8219,8217,8216,8215]",8215,8222.875,8232,0,0,[],,,,16
33554432,0,45,decode_only,32.697973772883415,16,"[8233,8230,8230,8228,8227,8227,8225,8224,8224,8222,8221,8220,8220,8218,8217,8216]",8216,8223.875,8233,0,0,[],,,,16
33554432,0,46,decode_only,32.86865819245577,16,"[8234,8231,8231,8229,8228,8228,8226,8225,8225,8223,8222,8221,8221,8219,8218,8217]",8217,8224.875,8234,0,0,[],,,,16
33554432,0,47,decode_only,32.539269886910915,16,"[8235,8232,8232,8230,8229,8229,8227,8226,8226,8224,8223,8222,8222,8220,8219,8218]",8218,8225.875,8235,0,0,[],,,,16
33554432,0,48,decode_only,33.65621529519558,16,"[8236,8233,8233,8231,8230,8230,8228,8227,8227,8225,8224,8223,8223,8221,8220,8219]",8219,8226.875,8236,0,0,[],,,,16
33554432,0,49,decode_only,34.96909886598587,16,"[8237,8234,8234,8232,8231,8231,8229,8228,8228,8226,8225,8224,8224,8222,8221,8220]",8220,8227.875,8237,0,0,[],,,,16
33554432,0,50,decode_only,32.93637465685606,16,"[8238,8235,8235,8233,8232,8232,8230,8229,8229,8227,8226,8225,8225,8223,8222,8221]",8221,8228.875,8238,0,0,[],,,,16
33554432,0,51,decode_only,32.69569296389818,16,"[8239,8236,8236,8234,8233,8233,8231,8230,8230,8228,8227,8226,8226,8224,8223,8222]",8222,8229.875,8239,0,0,[],,,,16
33554432,0,52,decode_only,32.91869442909956,16,"[8240,8237,8237,8235,8234,8234,8232,8231,8231,8229,8228,8227,8227,8225,8224,8223]",8223,8230.875,8240,0,0,[],,,,16
33554432,0,53,decode_only,32.555460929870605,16,"[8241,8238,8238,8236,8235,8235,8233,8232,8232,8230,8229,8228,8228,8226,8225,8224]",8224,8231.875,8241,0,0,[],,,,16
33554432,0,54,decode_only,33.99019222706556,16,"[8242,8239,8239,8237,8236,8236,8234,8233,8233,8231,8230,8229,8229,8227,8226,8225]",8225,8232.875,8242,0,0,[],,,,16
33554432,0,55,decode_only,33.9107858017087,16,"[8243,8240,8240,8238,8237,8237,8235,8234,8234,8232,8231,8230,8230,8228,8227,8226]",8226,8233.875,8243,0,0,[],,,,16
33554432,0,56,decode_only,32.60110504925251,16,"[8244,8241,8241,8239,8238,8238,8236,8235,8235,8233,8232,8231,8231,8229,8228,8227]",8227,8234.875,8244,0,0,[],,,,16
33554432,0,57,decode_only,32.60055463761091,16,"[8245,8242,8242,8240,8239,8239,8237,8236,8236,8234,8233,8232,8232,8230,8229,8228]",8228,8235.875,8245,0,0,[],,,,16
33554432,0,58,decode_only,32.64167066663504,16,"[8246,8243,8243,8241,8240,8240,8238,8237,8237,8235,8234,8233,8233,8231,8230,8229]",8229,8236.875,8246,0,0,[],,,,16
33554432,0,59,decode_only,32.92137011885643,16,"[8247,8244,8244,8242,8241,8241,8239,8238,8238,8236,8235,8234,8234,8232,8231,8230]",8230,8237.875,8247,0,0,[],,,,16
33554432,0,60,decode_only,32.89896436035633,16,"[8248,8245,8245,8243,8242,8242,8240,8239,8239,8237,8236,8235,8235,8233,8232,8231]",8231,8238.875,8248,0,0,[],,,,16
33554432,0,61,decode_only,32.73327276110649,16,"[8249,8246,8246,8244,8243,8243,8241,8240,8240,8238,8237,8236,8236,8234,8233,8232]",8232,8239.875,8249,0,0,[],,,,16
33554432,0,62,decode_only,32.576316967606544,16,"[8250,8247,8247,8245,8244,8244,8242,8241,8241,8239,8238,8237,8237,8235,8234,8233]",8233,8240.875,8250,0,0,[],,,,16
33554432,0,63,decode_only,32.677359879016876,16,"[8251,8248,8248,8246,8245,8245,8243,8242,8242,8240,8239,8238,8238,8236,8235,8234]",8234,8241.875,8251,0,0,[],,,,16
33554432,0,64,decode_only,32.70796500146389,16,"[8252,8249,8249,8247,8246,8246,8244,8243,8243,8241,8240,8239,8239,8237,8236,8235]",8235,8242.875,8252,0,0,[],,,,16
33554432,0,65,decode_only,32.599207013845444,16,"[8253,8250,8250,8248,8247,8247,8245,8244,8244,8242,8241,8240,8240,8238,8237,8236]",8236,8243.875,8253,0,0,[],,,,16
33554432,0,66,decode_only,32.74200577288866,16,"[8254,8251,8251,8249,8248,8248,8246,8245,8245,8243,8242,8241,8241,8239,8238,8237]",8237,8244.875,8254,0,0,[],,,,16
33554432,0,67,decode_only,33.50012004375458,15,"[8252,8252,8250,8249,8249,8247,8246,8246,8244,8243,8242,8242,8240,8239,8238]",8238,8245.266666666666,8252,0,0,[],,,,15
33554432,0,68,decode_only,31.704111024737358,15,"[8253,8253,8251,8250,8250,8248,8247,8247,8245,8244,8243,8243,8241,8240,8239]",8239,8246.266666666666,8253,0,0,[],,,,15
33554432,0,69,decode_only,31.611019745469093,15,"[8254,8254,8252,8251,8251,8249,8248,8248,8246,8245,8244,8244,8242,8241,8240]",8240,8247.266666666666,8254,0,0,[],,,,15
33554432,0,70,decode_only,30.84827121347189,13,"[8253,8252,8252,8250,8249,8249,8247,8246,8245,8245,8243,8242,8241]",8241,8247.23076923077,8253,0,0,[],,,,13
33554432,0,71,decode_only,30.775618739426136,13,"[8254,8253,8253,8251,8250,8250,8248,8247,8246,8246,8244,8243,8242]",8242,8248.23076923077,8254,0,0,[],,,,13
33554432,0,72,decode_only,31.086615286767483,12,"[8254,8254,8252,8251,8251,8249,8248,8247,8247,8245,8244,8243]",8243,8248.75,8254,0,0,[],,,,12
33554432,0,73,decode_only,29.795410111546516,10,"[8253,8252,8252,8250,8249,8248,8248,8246,8245,8244]",8244,8248.7,8253,0,0,[],,,,10
33554432,0,74,decode_only,29.665501788258553,10,"[8254,8253,8253,8251,8250,8249,8249,8247,8246,8245]",8245,8249.7,8254,0,0,[],,,,10
33554432,0,75,decode_only,30.37302941083908,9,"[8254,8254,8252,8251,8250,8250,8248,8247,8246]",8246,8250.222222222223,8254,0,0,[],,,,9
33554432,0,76,decode_only,29.804385267198086,7,"[8253,8252,8251,8251,8249,8248,8247]",8247,8250.142857142857,8253,0,0,[],,,,7
33554432,0,77,decode_only,30.005757696926594,7,"[8254,8253,8252,8252,8250,8249,8248]",8248,8251.142857142857,8254,0,0,[],,,,7
33554432,0,78,decode_only,30.482440255582333,6,"[8254,8253,8253,8251,8250,8249]",8249,8251.666666666666,8254,0,0,[],,,,6
33554432,0,79,decode_only,29.934799298644066,5,"[8254,8254,8252,8251,8250]",8250,8252.2,8254,0,0,[],,,,5
33554432,0,80,decode_only,29.404002241790295,3,"[8253,8252,8251]",8251,8252.0,8253,0,0,[],,,,3
33554432,0,81,decode_only,30.922535806894302,3,"[8254,8253,8252]",8252,8253.0,8254,0,0,[],,,,3
33554432,0,82,decode_only,30.497288331389427,2,"[8254,8253]",8253,8253.5,8254,0,0,[],,,,2
33554432,0,83,decode_only,30.374683439731598,1,[8254],8254,8254.0,8254,0,0,[],,,,1
33554432,1,0,prefill_only,18.574461340904236,0,[],,,,2048,2098176,[0],0,0.0,0,2048
33554432,1,1,prefill_only,20.545181818306446,0,[],,,,2048,6292480,[2048],2048,2048.0,2048,2048
33554432,1,2,prefill_only,23.995067924261093,0,[],,,,2048,10486784,[4096],4096,4096.0,4096,2048
33554432,1,3,prefill_only,57.619865983724594,0,[],,,,6144,18877440,"[6144,0,0]",0,2048.0,6144,6144
33554432,1,4,mixed,79.24139965325594,1,[8192],8192,8192.0,8192,6144,14683136,"[2048,2048,0]",0,1365.3333333333333,2048,6145
33554432,1,5,mixed,118.03003679960966,1,[8193],8193,8193.0,8193,10240,31462400,"[4096,4096,2048,0,0]",0,2048.0,4096,10241
33554432,1,6,mixed,91.98775142431259,1,[8194],8194,8194.0,8194,5016,33554156,"[6144,6144,4096]",4096,5461.333333333333,6144,5017
33554432,1,7,mixed,146.7551188543439,3,"[8195,8192,8192]",8192,8193.0,8195,14991,33554431,"[5016,2048,2048,0,0,0,0,0,0,0,0]",0,828.3636363636364,5016,14994
33554432,1,8,mixed,97.52964414656162,3,"[8196,8193,8193]",8193,8194.0,8196,6661,33553259,"[7064,4096,4096,2048,2048]",2048,3870.4,7064,6664
33554432,1,9,mixed,89.71990458667278,4,"[8197,8194,8194,8192]",8192,8194.25,8197,5142,33554021,"[6144,6144,3484]",3484,5257.333333333333,6144,5146
33554432,1,10,mixed,117.76548530906439,6,"[8198,8195,8195,8193,8192,8192]",8192,8194.166666666666,8198,10224,33554432,"[4530,2049,2048,2048,641,10,3,1]",1,1416.25,4530,10230
33554432,1,11,mixed,92.97308418899775,6,"[8199,8196,8196,8194,8193,8193]",8193,8195.166666666666,8199,5881,33554430,"[6578,4097,4096,4096,2647,31]",31,3590.8333333333335,6578,5887
33554432,1,12,mixed,90.92575870454311,7,"[8200,8197,8197,8195,8194,8194,8192]",8192,8195.57142857143,8200,4988,33553131,"[6145,6144,4253]",4253,5514.0,6145,4995
33554432,1,13,mixed,143.40071473270655,9,"[8201,8198,8198,8196,8195,8195,8193,8192,8192]",8192,8195.555555555555,8201,14336,30757888,"[5146,2648,44,6,3,0,0]",0,1121.0,5146,14345
33554432,1,14,mixed,105.2769897505641,9,"[8202,8199,8199,8197,8196,8196,8194,8193,8193]",8193,8196.555555555555,8202,7765,33553206,"[7194,4696,2092,2054,2051]",2051,3617.4,7194,7774
33554432,1,15,mixed,93.88617984950542,10,"[8203,8200,8200,8198,8197,8197,8195,8194,8194,8192]",8192,8197.0,8203,6107,33553396,"[6744,4140,4102,2674,2048]",2048,3941.6,6744,6117
33554432,1,16,mixed,91.28287993371487,11,"[8204,8201,8201,8199,8198,8198,8196,8195,8195,8193,8192]",8192,8197.454545454546,8204,5223,33553627,"[6188,6150,3236,2049]",2049,4405.75,6188,5234
33554432,1,17,mixed,88.44904601573944,13,"[8205,8202,8202,8200,8199,8199,8197,8196,8196,8194,8193,8192,8192]",8192,8197.461538461539,8205,6144,23723008,"[4412,2050,2048]",2048,2836.6666666666665,4412,6157
33554432,1,18,mixed,93.95334403961897,13,"[8206,8203,8203,8201,8200,8200,8198,8197,8197,8195,8194,8193,8193]",8193,8198.461538461539,8206,5809,33550597,"[6460,4098,4096]",4096,4884.666666666667,6460,5822
33554432,1,19,mixed,80.0875760614872,14,"[8207,8204,8204,8202,8201,8201,8199,8198,8198,8196,8195,8194,8194,8192]",8192,8198.92857142857,8207,4094,29310973,"[6146,6125]",6125,6135.5,6146,4108
33554432,1,20,mixed,44.10965368151665,15,"[8208,8205,8205,8203,8202,8202,8200,8199,8199,8197,8196,8195,8195,8193,8192]",8192,8199.4,8208,19,155477,[8173],8173,8173.0,8173,34
33554432,1,21,decode_only,32.862309366464615,16,"[8209,8206,8206,8204,8203,8203,8201,8200,8200,8198,8197,8196,8196,8194,8193,8192]",8192,8199.875,8209,0,0,[],,,,16
33554432,1,22,decode_only,32.55993779748678,16,"[8210,8207,8207,8205,8204,8204,8202,8201,8201,8199,8198,8197,8197,8195,8194,8193]",8193,8200.875,8210,0,0,[],,,,16
33554432,1,23,decode_only,32.66090899705887,16,"[8211,8208,8208,8206,8205,8205,8203,8202,8202,8200,8199,8198,8198,8196,8195,8194]",8194,8201.875,8211,0,0,[],,,,16
33554432,1,24,decode_only,32.771059311926365,16,"[8212,8209,8209,8207,8206,8206,8204,8203,8203,8201,8200,8199,8199,8197,8196,8195]",8195,8202.875,8212,0,0,[],,,,16
33554432,1,25,decode_only,32.3796896263957,16,"[8213,8210,8210,8208,8207,8207,8205,8204,8204,8202,8201,8200,8200,8198,8197,8196]",8196,8203.875,8213,0,0,[],,,,16
33554432,1,26,decode_only,32.465703785419464,16,"[8214,8211,8211,8209,8208,8208,8206,8205,8205,8203,8202,8201,8201,8199,8198,8197]",8197,8204.875,8214,0,0,[],,,,16
33554432,1,27,decode_only,32.407368533313274,16,"[8215,8212,8212,8210,8209,8209,8207,8206,8206,8204,8203,8202,8202,8200,8199,8198]",8198,8205.875,8215,0,0,[],,,,16
33554432,1,28,decode_only,32.348631881177425,16,"[8216,8213,8213,8211,8210,8210,8208,8207,8207,8205,8204,8203,8203,8201,8200,8199]",8199,8206.875,8216,0,0,[],,,,16
33554432,1,29,decode_only,32.51652792096138,16,"[8217,8214,8214,8212,8211,8211,8209,8208,8208,8206,8205,8204,8204,8202,8201,8200]",8200,8207.875,8217,0,0,[],,,,16
33554432,1,30,decode_only,32.47904684394598,16,"[8218,8215,8215,8213,8212,8212,8210,8209,8209,8207,8206,8205,8205,8203,8202,8201]",8201,8208.875,8218,0,0,[],,,,16
33554432,1,31,decode_only,32.431066036224365,16,"[8219,8216,8216,8214,8213,8213,8211,8210,8210,8208,8207,8206,8206,8204,8203,8202]",8202,8209.875,8219,0,0,[],,,,16
33554432,1,32,decode_only,32.48129319399595,16,"[8220,8217,8217,8215,8214,8214,8212,8211,8211,8209,8208,8207,8207,8205,8204,8203]",8203,8210.875,8220,0,0,[],,,,16
33554432,1,33,decode_only,32.47306402772665,16,"[8221,8218,8218,8216,8215,8215,8213,8212,8212,8210,8209,8208,8208,8206,8205,8204]",8204,8211.875,8221,0,0,[],,,,16
33554432,1,34,decode_only,32.44432434439659,16,"[8222,8219,8219,8217,8216,8216,8214,8213,8213,8211,8210,8209,8209,8207,8206,8205]",8205,8212.875,8222,0,0,[],,,,16
33554432,1,35,decode_only,32.513963989913464,16,"[8223,8220,8220,8218,8217,8217,8215,8214,8214,8212,8211,8210,8210,8208,8207,8206]",8206,8213.875,8223,0,0,[],,,,16
33554432,1,36,decode_only,32.48257748782635,16,"[8224,8221,8221,8219,8218,8218,8216,8215,8215,8213,8212,8211,8211,8209,8208,8207]",8207,8214.875,8224,0,0,[],,,,16
33554432,1,37,decode_only,32.49787539243698,16,"[8225,8222,8222,8220,8219,8219,8217,8216,8216,8214,8213,8212,8212,8210,8209,8208]",8208,8215.875,8225,0,0,[],,,,16
33554432,1,38,decode_only,32.52171352505684,16,"[8226,8223,8223,8221,8220,8220,8218,8217,8217,8215,8214,8213,8213,8211,8210,8209]",8209,8216.875,8226,0,0,[],,,,16
33554432,1,39,decode_only,32.617583870887756,16,"[8227,8224,8224,8222,8221,8221,8219,8218,8218,8216,8215,8214,8214,8212,8211,8210]",8210,8217.875,8227,0,0,[],,,,16
33554432,1,40,decode_only,32.44490083307028,16,"[8228,8225,8225,8223,8222,8222,8220,8219,8219,8217,8216,8215,8215,8213,8212,8211]",8211,8218.875,8228,0,0,[],,,,16
33554432,1,41,decode_only,32.580867409706116,16,"[8229,8226,8226,8224,8223,8223,8221,8220,8220,8218,8217,8216,8216,8214,8213,8212]",8212,8219.875,8229,0,0,[],,,,16
33554432,1,42,decode_only,32.56733436137438,16,"[8230,8227,8227,8225,8224,8224,8222,8221,8221,8219,8218,8217,8217,8215,8214,8213]",8213,8220.875,8230,0,0,[],,,,16
33554432,1,43,decode_only,32.461950555443764,16,"[8231,8228,8228,8226,8225,8225,8223,8222,8222,8220,8219,8218,8218,8216,8215,8214]",8214,8221.875,8231,0,0,[],,,,16
33554432,1,44,decode_only,32.55077637732029,16,"[8232,8229,8229,8227,8226,8226,8224,8223,8223,8221,8220,8219,8219,8217,8216,8215]",8215,8222.875,8232,0,0,[],,,,16
33554432,1,45,decode_only,32.61198103427887,16,"[8233,8230,8230,8228,8227,8227,8225,8224,8224,8222,8221,8220,8220,8218,8217,8216]",8216,8223.875,8233,0,0,[],,,,16
33554432,1,46,decode_only,32.491495832800865,16,"[8234,8231,8231,8229,8228,8228,8226,8225,8225,8223,8222,8221,8221,8219,8218,8217]",8217,8224.875,8234,0,0,[],,,,16
33554432,1,47,decode_only,32.57845155894756,16,"[8235,8232,8232,8230,8229,8229,8227,8226,8226,8224,8223,8222,8222,8220,8219,8218]",8218,8225.875,8235,0,0,[],,,,16
33554432,1,48,decode_only,33.46509486436844,16,"[8236,8233,8233,8231,8230,8230,8228,8227,8227,8225,8224,8223,8223,8221,8220,8219]",8219,8226.875,8236,0,0,[],,,,16
33554432,1,49,decode_only,32.49622415751219,16,"[8237,8234,8234,8232,8231,8231,8229,8228,8228,8226,8225,8224,8224,8222,8221,8220]",8220,8227.875,8237,0,0,[],,,,16
33554432,1,50,decode_only,32.64767024666071,16,"[8238,8235,8235,8233,8232,8232,8230,8229,8229,8227,8226,8225,8225,8223,8222,8221]",8221,8228.875,8238,0,0,[],,,,16
33554432,1,51,decode_only,32.66495559364557,16,"[8239,8236,8236,8234,8233,8233,8231,8230,8230,8228,8227,8226,8226,8224,8223,8222]",8222,8229.875,8239,0,0,[],,,,16
33554432,1,52,decode_only,32.56297577172518,16,"[8240,8237,8237,8235,8234,8234,8232,8231,8231,8229,8228,8227,8227,8225,8224,8223]",8223,8230.875,8240,0,0,[],,,,16
33554432,1,53,decode_only,33.48629269748926,16,"[8241,8238,8238,8236,8235,8235,8233,8232,8232,8230,8229,8228,8228,8226,8225,8224]",8224,8231.875,8241,0,0,[],,,,16
33554432,1,54,decode_only,32.9334307461977,16,"[8242,8239,8239,8237,8236,8236,8234,8233,8233,8231,8230,8229,8229,8227,8226,8225]",8225,8232.875,8242,0,0,[],,,,16
33554432,1,55,decode_only,32.53792878240347,16,"[8243,8240,8240,8238,8237,8237,8235,8234,8234,8232,8231,8230,8230,8228,8227,8226]",8226,8233.875,8243,0,0,[],,,,16
33554432,1,56,decode_only,32.59795159101486,16,"[8244,8241,8241,8239,8238,8238,8236,8235,8235,8233,8232,8231,8231,8229,8228,8227]",8227,8234.875,8244,0,0,[],,,,16
33554432,1,57,decode_only,32.68149960786104,16,"[8245,8242,8242,8240,8239,8239,8237,8236,8236,8234,8233,8232,8232,8230,8229,8228]",8228,8235.875,8245,0,0,[],,,,16
33554432,1,58,decode_only,32.54053741693497,16,"[8246,8243,8243,8241,8240,8240,8238,8237,8237,8235,8234,8233,8233,8231,8230,8229]",8229,8236.875,8246,0,0,[],,,,16
33554432,1,59,decode_only,35.3325055912137,16,"[8247,8244,8244,8242,8241,8241,8239,8238,8238,8236,8235,8234,8234,8232,8231,8230]",8230,8237.875,8247,0,0,[],,,,16
33554432,1,60,decode_only,32.809847965836525,16,"[8248,8245,8245,8243,8242,8242,8240,8239,8239,8237,8236,8235,8235,8233,8232,8231]",8231,8238.875,8248,0,0,[],,,,16
33554432,1,61,decode_only,32.69865084439516,16,"[8249,8246,8246,8244,8243,8243,8241,8240,8240,8238,8237,8236,8236,8234,8233,8232]",8232,8239.875,8249,0,0,[],,,,16
33554432,1,62,decode_only,32.61153306812048,16,"[8250,8247,8247,8245,8244,8244,8242,8241,8241,8239,8238,8237,8237,8235,8234,8233]",8233,8240.875,8250,0,0,[],,,,16
33554432,1,63,decode_only,32.63265918940306,16,"[8251,8248,8248,8246,8245,8245,8243,8242,8242,8240,8239,8238,8238,8236,8235,8234]",8234,8241.875,8251,0,0,[],,,,16
33554432,1,64,decode_only,32.63247199356556,16,"[8252,8249,8249,8247,8246,8246,8244,8243,8243,8241,8240,8239,8239,8237,8236,8235]",8235,8242.875,8252,0,0,[],,,,16
33554432,1,65,decode_only,32.75768272578716,16,"[8253,8250,8250,8248,8247,8247,8245,8244,8244,8242,8241,8240,8240,8238,8237,8236]",8236,8243.875,8253,0,0,[],,,,16
33554432,1,66,decode_only,32.970551401376724,16,"[8254,8251,8251,8249,8248,8248,8246,8245,8245,8243,8242,8241,8241,8239,8238,8237]",8237,8244.875,8254,0,0,[],,,,16
33554432,1,67,decode_only,31.357920728623867,15,"[8252,8252,8250,8249,8249,8247,8246,8246,8244,8243,8242,8242,8240,8239,8238]",8238,8245.266666666666,8252,0,0,[],,,,15
33554432,1,68,decode_only,31.245285645127296,15,"[8253,8253,8251,8250,8250,8248,8247,8247,8245,8244,8243,8243,8241,8240,8239]",8239,8246.266666666666,8253,0,0,[],,,,15
33554432,1,69,decode_only,31.386222690343857,15,"[8254,8254,8252,8251,8251,8249,8248,8248,8246,8245,8244,8244,8242,8241,8240]",8240,8247.266666666666,8254,0,0,[],,,,15
33554432,1,70,decode_only,31.031801365315914,13,"[8253,8252,8252,8250,8249,8249,8247,8246,8245,8245,8243,8242,8241]",8241,8247.23076923077,8253,0,0,[],,,,13
33554432,1,71,decode_only,30.81147000193596,13,"[8254,8253,8253,8251,8250,8250,8248,8247,8246,8246,8244,8243,8242]",8242,8248.23076923077,8254,0,0,[],,,,13
33554432,1,72,decode_only,31.292350962758064,12,"[8254,8254,8252,8251,8251,8249,8248,8247,8247,8245,8244,8243]",8243,8248.75,8254,0,0,[],,,,12
33554432,1,73,decode_only,29.65196780860424,10,"[8253,8252,8252,8250,8249,8248,8248,8246,8245,8244]",8244,8248.7,8253,0,0,[],,,,10
33554432,1,74,decode_only,29.639053158462048,10,"[8254,8253,8253,8251,8250,8249,8249,8247,8246,8245]",8245,8249.7,8254,0,0,[],,,,10
33554432,1,75,decode_only,30.03191575407982,9,"[8254,8254,8252,8251,8250,8250,8248,8247,8246]",8246,8250.222222222223,8254,0,0,[],,,,9
33554432,1,76,decode_only,29.84477858990431,7,"[8253,8252,8251,8251,8249,8248,8247]",8247,8250.142857142857,8253,0,0,[],,,,7
33554432,1,77,decode_only,29.630814678967,7,"[8254,8253,8252,8252,8250,8249,8248]",8248,8251.142857142857,8254,0,0,[],,,,7
33554432,1,78,decode_only,31.626171432435513,6,"[8254,8253,8253,8251,8250,8249]",8249,8251.666666666666,8254,0,0,[],,,,6
33554432,1,79,decode_only,29.517825692892075,5,"[8254,8254,8252,8251,8250]",8250,8252.2,8254,0,0,[],,,,5
33554432,1,80,decode_only,29.33258842676878,3,"[8253,8252,8251]",8251,8252.0,8253,0,0,[],,,,3
33554432,1,81,decode_only,29.31125368922949,3,"[8254,8253,8252]",8252,8253.0,8254,0,0,[],,,,3
33554432,1,82,decode_only,29.49488628655672,2,"[8254,8253]",8253,8253.5,8254,0,0,[],,,,2
33554432,1,83,decode_only,30.580559745430946,1,[8254],8254,8254.0,8254,0,0,[],,,,1
33554432,2,0,prefill_only,18.632355146110058,0,[],,,,2048,2098176,[0],0,0.0,0,2048
33554432,2,1,prefill_only,21.278206259012222,0,[],,,,2048,6292480,[2048],2048,2048.0,2048,2048
33554432,2,2,prefill_only,23.708157241344452,0,[],,,,2048,10486784,[4096],4096,4096.0,4096,2048
33554432,2,3,prefill_only,57.35607631504536,0,[],,,,6144,18877440,"[6144,0,0]",0,2048.0,6144,6144
33554432,2,4,mixed,79.99813836067915,1,[8192],8192,8192.0,8192,6144,14683136,"[2048,2048,0]",0,1365.3333333333333,2048,6145
33554432,2,5,mixed,117.8780859336257,1,[8193],8193,8193.0,8193,10240,31462400,"[4096,4096,2048,0,0]",0,2048.0,4096,10241
33554432,2,6,mixed,91.52666293084621,1,[8194],8194,8194.0,8194,5016,33554156,"[6144,6144,4096]",4096,5461.333333333333,6144,5017
33554432,2,7,mixed,146.4862208813429,3,"[8195,8192,8192]",8192,8193.0,8195,14991,33554431,"[5016,2048,2048,0,0,0,0,0,0,0,0]",0,828.3636363636364,5016,14994
33554432,2,8,mixed,98.09726383537054,3,"[8196,8193,8193]",8193,8194.0,8196,6661,33553259,"[7064,4096,4096,2048,2048]",2048,3870.4,7064,6664
33554432,2,9,mixed,89.62296787649393,4,"[8197,8194,8194,8192]",8192,8194.25,8197,5142,33554021,"[6144,6144,3484]",3484,5257.333333333333,6144,5146
33554432,2,10,mixed,117.3001928254962,6,"[8198,8195,8195,8193,8192,8192]",8192,8194.166666666666,8198,10224,33554432,"[4530,2049,2048,2048,641,10,3,1]",1,1416.25,4530,10230
33554432,2,11,mixed,93.31031050533056,6,"[8199,8196,8196,8194,8193,8193]",8193,8195.166666666666,8199,5881,33554430,"[6578,4097,4096,4096,2647,31]",31,3590.8333333333335,6578,5887
33554432,2,12,mixed,90.48160165548325,7,"[8200,8197,8197,8195,8194,8194,8192]",8192,8195.57142857143,8200,4988,33553131,"[6145,6144,4253]",4253,5514.0,6145,4995
33554432,2,13,mixed,143.2294836267829,9,"[8201,8198,8198,8196,8195,8195,8193,8192,8192]",8192,8195.555555555555,8201,14336,30757888,"[5146,2648,44,6,3,0,0]",0,1121.0,5146,14345
33554432,2,14,mixed,104.78310100734234,9,"[8202,8199,8199,8197,8196,8196,8194,8193,8193]",8193,8196.555555555555,8202,7765,33553206,"[7194,4696,2092,2054,2051]",2051,3617.4,7194,7774
33554432,2,15,mixed,93.94103102385998,10,"[8203,8200,8200,8198,8197,8197,8195,8194,8194,8192]",8192,8197.0,8203,6107,33553396,"[6744,4140,4102,2674,2048]",2048,3941.6,6744,6117
33554432,2,16,mixed,91.83757659047842,11,"[8204,8201,8201,8199,8198,8198,8196,8195,8195,8193,8192]",8192,8197.454545454546,8204,5223,33553627,"[6188,6150,3236,2049]",2049,4405.75,6188,5234
33554432,2,17,mixed,88.56652025133371,13,"[8205,8202,8202,8200,8199,8199,8197,8196,8196,8194,8193,8192,8192]",8192,8197.461538461539,8205,6144,23723008,"[4412,2050,2048]",2048,2836.6666666666665,4412,6157
33554432,2,18,mixed,93.68212148547173,13,"[8206,8203,8203,8201,8200,8200,8198,8197,8197,8195,8194,8193,8193]",8193,8198.461538461539,8206,5809,33550597,"[6460,4098,4096]",4096,4884.666666666667,6460,5822
33554432,2,19,mixed,79.90690879523754,14,"[8207,8204,8204,8202,8201,8201,8199,8198,8198,8196,8195,8194,8194,8192]",8192,8198.92857142857,8207,4094,29310973,"[6146,6125]",6125,6135.5,6146,4108
33554432,2,20,mixed,44.24129147082567,15,"[8208,8205,8205,8203,8202,8202,8200,8199,8199,8197,8196,8195,8195,8193,8192]",8192,8199.4,8208,19,155477,[8173],8173,8173.0,8173,34
33554432,2,21,decode_only,32.59007539600134,16,"[8209,8206,8206,8204,8203,8203,8201,8200,8200,8198,8197,8196,8196,8194,8193,8192]",8192,8199.875,8209,0,0,[],,,,16
33554432,2,22,decode_only,32.66675025224686,16,"[8210,8207,8207,8205,8204,8204,8202,8201,8201,8199,8198,8197,8197,8195,8194,8193]",8193,8200.875,8210,0,0,[],,,,16
33554432,2,23,decode_only,32.5444471091032,16,"[8211,8208,8208,8206,8205,8205,8203,8202,8202,8200,8199,8198,8198,8196,8195,8194]",8194,8201.875,8211,0,0,[],,,,16
33554432,2,24,decode_only,32.39789418876171,16,"[8212,8209,8209,8207,8206,8206,8204,8203,8203,8201,8200,8199,8199,8197,8196,8195]",8195,8202.875,8212,0,0,[],,,,16
33554432,2,25,decode_only,32.46337175369263,16,"[8213,8210,8210,8208,8207,8207,8205,8204,8204,8202,8201,8200,8200,8198,8197,8196]",8196,8203.875,8213,0,0,[],,,,16
33554432,2,26,decode_only,32.5140506029129,16,"[8214,8211,8211,8209,8208,8208,8206,8205,8205,8203,8202,8201,8201,8199,8198,8197]",8197,8204.875,8214,0,0,[],,,,16
33554432,2,27,decode_only,32.480714842677116,16,"[8215,8212,8212,8210,8209,8209,8207,8206,8206,8204,8203,8202,8202,8200,8199,8198]",8198,8205.875,8215,0,0,[],,,,16
33554432,2,28,decode_only,32.542732544243336,16,"[8216,8213,8213,8211,8210,8210,8208,8207,8207,8205,8204,8203,8203,8201,8200,8199]",8199,8206.875,8216,0,0,[],,,,16
33554432,2,29,decode_only,32.555172219872475,16,"[8217,8214,8214,8212,8211,8211,8209,8208,8208,8206,8205,8204,8204,8202,8201,8200]",8200,8207.875,8217,0,0,[],,,,16
33554432,2,30,decode_only,32.46351517736912,16,"[8218,8215,8215,8213,8212,8212,8210,8209,8209,8207,8206,8205,8205,8203,8202,8201]",8201,8208.875,8218,0,0,[],,,,16
33554432,2,31,decode_only,32.49756060540676,16,"[8219,8216,8216,8214,8213,8213,8211,8210,8210,8208,8207,8206,8206,8204,8203,8202]",8202,8209.875,8219,0,0,[],,,,16
33554432,2,32,decode_only,32.53388311713934,16,"[8220,8217,8217,8215,8214,8214,8212,8211,8211,8209,8208,8207,8207,8205,8204,8203]",8203,8210.875,8220,0,0,[],,,,16
33554432,2,33,decode_only,32.48819522559643,16,"[8221,8218,8218,8216,8215,8215,8213,8212,8212,8210,8209,8208,8208,8206,8205,8204]",8204,8211.875,8221,0,0,[],,,,16
33554432,2,34,decode_only,32.44927152991295,16,"[8222,8219,8219,8217,8216,8216,8214,8213,8213,8211,8210,8209,8209,8207,8206,8205]",8205,8212.875,8222,0,0,[],,,,16
33554432,2,35,decode_only,32.55865164101124,16,"[8223,8220,8220,8218,8217,8217,8215,8214,8214,8212,8211,8210,8210,8208,8207,8206]",8206,8213.875,8223,0,0,[],,,,16
33554432,2,36,decode_only,32.476428896188736,16,"[8224,8221,8221,8219,8218,8218,8216,8215,8215,8213,8212,8211,8211,8209,8208,8207]",8207,8214.875,8224,0,0,[],,,,16
33554432,2,37,decode_only,32.49242715537548,16,"[8225,8222,8222,8220,8219,8219,8217,8216,8216,8214,8213,8212,8212,8210,8209,8208]",8208,8215.875,8225,0,0,[],,,,16
33554432,2,38,decode_only,32.553087919950485,16,"[8226,8223,8223,8221,8220,8220,8218,8217,8217,8215,8214,8213,8213,8211,8210,8209]",8209,8216.875,8226,0,0,[],,,,16
33554432,2,39,decode_only,32.46497642248869,16,"[8227,8224,8224,8222,8221,8221,8219,8218,8218,8216,8215,8214,8214,8212,8211,8210]",8210,8217.875,8227,0,0,[],,,,16
33554432,2,40,decode_only,32.45328087359667,16,"[8228,8225,8225,8223,8222,8222,8220,8219,8219,8217,8216,8215,8215,8213,8212,8211]",8211,8218.875,8228,0,0,[],,,,16
33554432,2,41,decode_only,32.604219391942024,16,"[8229,8226,8226,8224,8223,8223,8221,8220,8220,8218,8217,8216,8216,8214,8213,8212]",8212,8219.875,8229,0,0,[],,,,16
33554432,2,42,decode_only,32.460767775774,16,"[8230,8227,8227,8225,8224,8224,8222,8221,8221,8219,8218,8217,8217,8215,8214,8213]",8213,8220.875,8230,0,0,[],,,,16
33554432,2,43,decode_only,32.42882527410984,16,"[8231,8228,8228,8226,8225,8225,8223,8222,8222,8220,8219,8218,8218,8216,8215,8214]",8214,8221.875,8231,0,0,[],,,,16
33554432,2,44,decode_only,32.553561963140965,16,"[8232,8229,8229,8227,8226,8226,8224,8223,8223,8221,8220,8219,8219,8217,8216,8215]",8215,8222.875,8232,0,0,[],,,,16
33554432,2,45,decode_only,32.462917268276215,16,"[8233,8230,8230,8228,8227,8227,8225,8224,8224,8222,8221,8220,8220,8218,8217,8216]",8216,8223.875,8233,0,0,[],,,,16
33554432,2,46,decode_only,32.464832067489624,16,"[8234,8231,8231,8229,8228,8228,8226,8225,8225,8223,8222,8221,8221,8219,8218,8217]",8217,8224.875,8234,0,0,[],,,,16
33554432,2,47,decode_only,32.552252523601055,16,"[8235,8232,8232,8230,8229,8229,8227,8226,8226,8224,8223,8222,8222,8220,8219,8218]",8218,8225.875,8235,0,0,[],,,,16
33554432,2,48,decode_only,32.463050447404385,16,"[8236,8233,8233,8231,8230,8230,8228,8227,8227,8225,8224,8223,8223,8221,8220,8219]",8219,8226.875,8236,0,0,[],,,,16
33554432,2,49,decode_only,32.41835720837116,16,"[8237,8234,8234,8232,8231,8231,8229,8228,8228,8226,8225,8224,8224,8222,8221,8220]",8220,8227.875,8237,0,0,[],,,,16
33554432,2,50,decode_only,32.49922953546047,16,"[8238,8235,8235,8233,8232,8232,8230,8229,8229,8227,8226,8225,8225,8223,8222,8221]",8221,8228.875,8238,0,0,[],,,,16
33554432,2,51,decode_only,32.567533664405346,16,"[8239,8236,8236,8234,8233,8233,8231,8230,8230,8228,8227,8226,8226,8224,8223,8222]",8222,8229.875,8239,0,0,[],,,,16
33554432,2,52,decode_only,32.552340999245644,16,"[8240,8237,8237,8235,8234,8234,8232,8231,8231,8229,8228,8227,8227,8225,8224,8223]",8223,8230.875,8240,0,0,[],,,,16
33554432,2,53,decode_only,32.58220199495554,16,"[8241,8238,8238,8236,8235,8235,8233,8232,8232,8230,8229,8228,8228,8226,8225,8224]",8224,8231.875,8241,0,0,[],,,,16
33554432,2,54,decode_only,32.747119665145874,16,"[8242,8239,8239,8237,8236,8236,8234,8233,8233,8231,8230,8229,8229,8227,8226,8225]",8225,8232.875,8242,0,0,[],,,,16
33554432,2,55,decode_only,32.566893845796585,16,"[8243,8240,8240,8238,8237,8237,8235,8234,8234,8232,8231,8230,8230,8228,8227,8226]",8226,8233.875,8243,0,0,[],,,,16
33554432,2,56,decode_only,32.656618393957615,16,"[8244,8241,8241,8239,8238,8238,8236,8235,8235,8233,8232,8231,8231,8229,8228,8227]",8227,8234.875,8244,0,0,[],,,,16
33554432,2,57,decode_only,32.66309294849634,16,"[8245,8242,8242,8240,8239,8239,8237,8236,8236,8234,8233,8232,8232,8230,8229,8228]",8228,8235.875,8245,0,0,[],,,,16
33554432,2,58,decode_only,32.569002360105515,16,"[8246,8243,8243,8241,8240,8240,8238,8237,8237,8235,8234,8233,8233,8231,8230,8229]",8229,8236.875,8246,0,0,[],,,,16
33554432,2,59,decode_only,32.62766357511282,16,"[8247,8244,8244,8242,8241,8241,8239,8238,8238,8236,8235,8234,8234,8232,8231,8230]",8230,8237.875,8247,0,0,[],,,,16
33554432,2,60,decode_only,32.70886559039354,16,"[8248,8245,8245,8243,8242,8242,8240,8239,8239,8237,8236,8235,8235,8233,8232,8231]",8231,8238.875,8248,0,0,[],,,,16
33554432,2,61,decode_only,32.554587349295616,16,"[8249,8246,8246,8244,8243,8243,8241,8240,8240,8238,8237,8236,8236,8234,8233,8232]",8232,8239.875,8249,0,0,[],,,,16
33554432,2,62,decode_only,32.65256807208061,16,"[8250,8247,8247,8245,8244,8244,8242,8241,8241,8239,8238,8237,8237,8235,8234,8233]",8233,8240.875,8250,0,0,[],,,,16
33554432,2,63,decode_only,32.633593305945396,16,"[8251,8248,8248,8246,8245,8245,8243,8242,8242,8240,8239,8238,8238,8236,8235,8234]",8234,8241.875,8251,0,0,[],,,,16
33554432,2,64,decode_only,32.583508640527725,16,"[8252,8249,8249,8247,8246,8246,8244,8243,8243,8241,8240,8239,8239,8237,8236,8235]",8235,8242.875,8252,0,0,[],,,,16
33554432,2,65,decode_only,32.578688114881516,16,"[8253,8250,8250,8248,8247,8247,8245,8244,8244,8242,8241,8240,8240,8238,8237,8236]",8236,8243.875,8253,0,0,[],,,,16
33554432,2,66,decode_only,32.66493696719408,16,"[8254,8251,8251,8249,8248,8248,8246,8245,8245,8243,8242,8241,8241,8239,8238,8237]",8237,8244.875,8254,0,0,[],,,,16
33554432,2,67,decode_only,31.38742409646511,15,"[8252,8252,8250,8249,8249,8247,8246,8246,8244,8243,8242,8242,8240,8239,8238]",8238,8245.266666666666,8252,0,0,[],,,,15
33554432,2,68,decode_only,31.396995298564434,15,"[8253,8253,8251,8250,8250,8248,8247,8247,8245,8244,8243,8243,8241,8240,8239]",8239,8246.266666666666,8253,0,0,[],,,,15
33554432,2,69,decode_only,31.415896490216255,15,"[8254,8254,8252,8251,8251,8249,8248,8248,8246,8245,8244,8244,8242,8241,8240]",8240,8247.266666666666,8254,0,0,[],,,,15
33554432,2,70,decode_only,30.761973932385445,13,"[8253,8252,8252,8250,8249,8249,8247,8246,8245,8245,8243,8242,8241]",8241,8247.23076923077,8253,0,0,[],,,,13
33554432,2,71,decode_only,30.675639398396015,13,"[8254,8253,8253,8251,8250,8250,8248,8247,8246,8246,8244,8243,8242]",8242,8248.23076923077,8254,0,0,[],,,,13
33554432,2,72,decode_only,30.845574103295803,12,"[8254,8254,8252,8251,8251,8249,8248,8247,8247,8245,8244,8243]",8243,8248.75,8254,0,0,[],,,,12
33554432,2,73,decode_only,29.595719650387764,10,"[8253,8252,8252,8250,8249,8248,8248,8246,8245,8244]",8244,8248.7,8253,0,0,[],,,,10
33554432,2,74,decode_only,29.568221420049667,10,"[8254,8253,8253,8251,8250,8249,8249,8247,8246,8245]",8245,8249.7,8254,0,0,[],,,,10
33554432,2,75,decode_only,29.765402898192406,9,"[8254,8254,8252,8251,8250,8250,8248,8247,8246]",8246,8250.222222222223,8254,0,0,[],,,,9
33554432,2,76,decode_only,29.696205630898476,7,"[8253,8252,8251,8251,8249,8248,8247]",8247,8250.142857142857,8253,0,0,[],,,,7
33554432,2,77,decode_only,29.56029400229454,7,"[8254,8253,8252,8252,8250,8249,8248]",8248,8251.142857142857,8254,0,0,[],,,,7
33554432,2,78,decode_only,30.35198524594307,6,"[8254,8253,8253,8251,8250,8249]",8249,8251.666666666666,8254,0,0,[],,,,6
33554432,2,79,decode_only,29.381975531578064,5,"[8254,8254,8252,8251,8250]",8250,8252.2,8254,0,0,[],,,,5
33554432,2,80,decode_only,29.232983477413654,3,"[8253,8252,8251]",8251,8252.0,8253,0,0,[],,,,3
33554432,2,81,decode_only,29.290822334587574,3,"[8254,8253,8252]",8252,8253.0,8254,0,0,[],,,,3
33554432,2,82,decode_only,29.542990028858185,2,"[8254,8253]",8253,8253.5,8254,0,0,[],,,,2
33554432,2,83,decode_only,30.22907394915819,1,[8254],8254,8254.0,8254,0,0,[],,,,1
25165824,0,0,prefill_only,17.3028614372015,0,[],,,,2048,2098176,[0],0,0.0,0,2048
25165824,0,1,prefill_only,20.334052853286266,0,[],,,,2048,6292480,[2048],2048,2048.0,2048,2048
25165824,0,2,prefill_only,23.54075387120247,0,[],,,,2048,10486784,[4096],4096,4096.0,4096,2048
25165824,0,3,prefill_only,57.14255943894386,0,[],,,,6144,18877440,"[6144,0,0]",0,2048.0,6144,6144
25165824,0,4,mixed,78.57402507215738,1,[8192],8192,8192.0,8192,6144,14683136,"[2048,2048,0]",0,1365.3333333333333,2048,6145
25165824,0,5,mixed,86.58848237246275,1,[8193],8193,8193.0,8193,5652,25165822,"[4096,4096,2048,0,0]",0,2048.0,4096,5653
25165824,0,6,mixed,76.02248527109623,1,[8194],8194,8194.0,8194,3600,25165824,"[6144,6144,3546,56,2,0,0]",0,2270.285714285714,6144,3601
25165824,0,7,mixed,136.05838641524315,2,"[8195,8192]",8192,8193.5,8195,14210,25165820,"[7662,3547,80,7,3,1,0,0,0,0]",0,1130.0,7662,14212
25165824,0,8,mixed,88.09999004006386,3,"[8196,8193,8192]",8192,8193.666666666666,8196,5852,25164282,"[5595,2128,2055]",2055,3259.3333333333335,5595,5855
25165824,0,9,mixed,81.8776823580265,3,"[8197,8194,8193]",8193,8194.666666666666,8197,4770,25164960,"[7643,4176,3811,2051]",2051,4420.25,7643,4773
25165824,0,10,mixed,75.39788726717234,4,"[8198,8195,8194,8192]",8192,8194.75,8198,3612,25165388,"[6224,5859,2176]",2176,4753.0,6224,3616
25165824,0,11,mixed,93.21335889399052,5,"[8199,8196,8195,8193,8192]",8192,8195.0,8199,7254,25165824,"[7502,2177,2049,2048,1359,29,4,0,0]",0,1685.3333333333333,7502,7259
25165824,0,12,mixed,83.34007859230042,6,"[8200,8197,8196,8194,8193,8192]",8192,8195.333333333334,8200,4993,25165824,"[4225,4097,4096,1749,55,5,2,1,0]",0,1581.111111111111,4225,4999
25165824,0,13,mixed,74.84212704002857,6,"[8201,8198,8197,8195,8194,8193]",8193,8196.333333333334,8201,3541,25163570,"[6273,6145]",6145,6209.0,6273,3547
25165824,0,14,mixed,105.68723641335964,7,"[8202,8199,8198,8196,8195,8194,8192]",8192,8196.57142857143,8202,8369,25165824,"[7767,4962,1750,80,7,3,2,1]",1,1821.5,7767,8376
25165824,0,15,mixed,83.45658704638481,8,"[8203,8200,8199,8197,8196,8195,8193,8192]",8192,8196.875,8203,5248,25165824,"[7010,3798,2128,1771,37,3,2,0]",0,1843.625,7010,5256
25165824,0,16,mixed,80.34616988152266,9,"[8204,8201,8200,8198,8197,8196,8194,8193,8192]",8192,8197.222222222223,8204,4391,25165824,"[5846,4139,1772,40,4,3]",3,1967.3333333333333,5846,4400
25165824,0,17,mixed,95.80565243959427,9,"[8205,8202,8201,8199,8198,8197,8195,8194,8193]",8193,8198.222222222223,8205,6367,25165824,"[7894,6187,2044,61,5,4,1]",1,2313.714285714286,7894,6376
25165824,0,18,mixed,111.60805728286505,11,"[8206,8203,8202,8200,8199,8198,8196,8195,8194,8192,8192]",8192,8197.90909090909,8206,10240,23145472,"[4092,2034,42,8,3]",3,1235.8,4092,10251
25165824,0,19,mixed,78.35177704691887,11,"[8207,8204,8203,8201,8200,8199,8197,8196,8195,8193,8193]",8193,8198.90909090909,8207,4112,25164584,"[6140,4082,2090]",2090,4104.0,6140,4123
25165824,0,20,mixed,88.81658874452114,11,"[8208,8205,8204,8202,8201,8200,8198,8197,8196,8194,8194]",8194,8199.90909090909,8208,5560,25164732,"[8188,6130,2106,2056]",2056,4620.0,8188,5571
25165824,0,21,mixed,89.45368137210608,12,"[8209,8206,8205,8203,8202,8201,8199,8198,8197,8195,8195,8192]",8192,8200.166666666666,8209,5866,25163311,"[8178,4154,3516,2051]",2051,4474.75,8178,5878
25165824,0,22,mixed,78.49008869379759,13,"[8210,8207,8206,8204,8203,8202,8200,8199,8198,8196,8196,8193,8192]",8192,8200.461538461539,8210,3681,25162335,"[6202,5564]",5564,5883.0,6202,3694
25165824,0,23,mixed,69.17547900229692,14,"[8211,8208,8207,8205,8204,8203,8201,8200,8199,8197,8197,8194,8193,8192]",8192,8200.785714285714,8211,2985,17132300,"[7255,3807]",3807,5531.0,7255,2999
25165824,0,24,mixed,57.02678021043539,15,"[8212,8209,8208,8206,8205,8204,8202,8201,8200,8198,8198,8195,8194,8193,8192]",8192,8201.133333333333,8212,2048,14089216,[5855],5855,5855.0,5855,2063
25165824,0,25,mixed,45.843884348869324,15,"[8213,8210,8209,8207,8206,8205,8203,8202,8201,8199,8199,8196,8195,8194,8193]",8193,8202.133333333333,8213,289,2325872,[7903],7903,7903.0,7903,304
25165824,0,26,decode_only,32.76094328612089,16,"[8214,8211,8210,8208,8207,8206,8204,8203,8202,8200,8200,8197,8196,8195,8194,8192]",8192,8202.4375,8214,0,0,[],,,,16
25165824,0,27,decode_only,34.98950880020857,16,"[8215,8212,8211,8209,8208,8207,8205,8204,8203,8201,8201,8198,8197,8196,8195,8193]",8193,8203.4375,8215,0,0,[],,,,16
25165824,0,28,decode_only,32.52415079623461,16,"[8216,8213,8212,8210,8209,8208,8206,8205,8204,8202,8202,8199,8198,8197,8196,8194]",8194,8204.4375,8216,0,0,[],,,,16
25165824,0,29,decode_only,32.66472369432449,16,"[8217,8214,8213,8211,8210,8209,8207,8206,8205,8203,8203,8200,8199,8198,8197,8195]",8195,8205.4375,8217,0,0,[],,,,16
25165824,0,30,decode_only,33.32304768264294,16,"[8218,8215,8214,8212,8211,8210,8208,8207,8206,8204,8204,8201,8200,8199,8198,8196]",8196,8206.4375,8218,0,0,[],,,,16
25165824,0,31,decode_only,32.596551813185215,16,"[8219,8216,8215,8213,8212,8211,8209,8208,8207,8205,8205,8202,8201,8200,8199,8197]",8197,8207.4375,8219,0,0,[],,,,16
25165824,0,32,decode_only,33.365197479724884,16,"[8220,8217,8216,8214,8213,8212,8210,8209,8208,8206,8206,8203,8202,8201,8200,8198]",8198,8208.4375,8220,0,0,[],,,,16
25165824,0,33,decode_only,32.49616548418999,16,"[8221,8218,8217,8215,8214,8213,8211,8210,8209,8207,8207,8204,8203,8202,8201,8199]",8199,8209.4375,8221,0,0,[],,,,16
25165824,0,34,decode_only,32.43642766028643,16,"[8222,8219,8218,8216,8215,8214,8212,8211,8210,8208,8208,8205,8204,8203,8202,8200]",8200,8210.4375,8222,0,0,[],,,,16
25165824,0,35,decode_only,36.33290342986584,16,"[8223,8220,8219,8217,8216,8215,8213,8212,8211,8209,8209,8206,8205,8204,8203,8201]",8201,8211.4375,8223,0,0,[],,,,16
25165824,0,36,decode_only,32.44603890925646,16,"[8224,8221,8220,8218,8217,8216,8214,8213,8212,8210,8210,8207,8206,8205,8204,8202]",8202,8212.4375,8224,0,0,[],,,,16
25165824,0,37,decode_only,32.407063990831375,16,"[8225,8222,8221,8219,8218,8217,8215,8214,8213,8211,8211,8208,8207,8206,8205,8203]",8203,8213.4375,8225,0,0,[],,,,16
25165824,0,38,decode_only,32.50416275113821,16,"[8226,8223,8222,8220,8219,8218,8216,8215,8214,8212,8212,8209,8208,8207,8206,8204]",8204,8214.4375,8226,0,0,[],,,,16
25165824,0,39,decode_only,32.97783620655537,16,"[8227,8224,8223,8221,8220,8219,8217,8216,8215,8213,8213,8210,8209,8208,8207,8205]",8205,8215.4375,8227,0,0,[],,,,16
25165824,0,40,decode_only,32.41502493619919,16,"[8228,8225,8224,8222,8221,8220,8218,8217,8216,8214,8214,8211,8210,8209,8208,8206]",8206,8216.4375,8228,0,0,[],,,,16
25165824,0,41,decode_only,32.44347497820854,16,"[8229,8226,8225,8223,8222,8221,8219,8218,8217,8215,8215,8212,8211,8210,8209,8207]",8207,8217.4375,8229,0,0,[],,,,16
25165824,0,42,decode_only,32.38664660602808,16,"[8230,8227,8226,8224,8223,8222,8220,8219,8218,8216,8216,8213,8212,8211,8210,8208]",8208,8218.4375,8230,0,0,[],,,,16
25165824,0,43,decode_only,32.84894488751888,16,"[8231,8228,8227,8225,8224,8223,8221,8220,8219,8217,8217,8214,8213,8212,8211,8209]",8209,8219.4375,8231,0,0,[],,,,16
25165824,0,44,decode_only,32.58136473596096,16,"[8232,8229,8228,8226,8225,8224,8222,8221,8220,8218,8218,8215,8214,8213,8212,8210]",8210,8220.4375,8232,0,0,[],,,,16
25165824,0,45,decode_only,32.48483128845692,16,"[8233,8230,8229,8227,8226,8225,8223,8222,8221,8219,8219,8216,8215,8214,8213,8211]",8211,8221.4375,8233,0,0,[],,,,16
25165824,0,46,decode_only,32.45955426245928,16,"[8234,8231,8230,8228,8227,8226,8224,8223,8222,8220,8220,8217,8216,8215,8214,8212]",8212,8222.4375,8234,0,0,[],,,,16
25165824,0,47,decode_only,32.51027688384056,16,"[8235,8232,8231,8229,8228,8227,8225,8224,8223,8221,8221,8218,8217,8216,8215,8213]",8213,8223.4375,8235,0,0,[],,,,16
25165824,0,48,decode_only,32.55175240337849,16,"[8236,8233,8232,8230,8229,8228,8226,8225,8224,8222,8222,8219,8218,8217,8216,8214]",8214,8224.4375,8236,0,0,[],,,,16
25165824,0,49,decode_only,32.50729292631149,16,"[8237,8234,8233,8231,8230,8229,8227,8226,8225,8223,8223,8220,8219,8218,8217,8215]",8215,8225.4375,8237,0,0,[],,,,16
25165824,0,50,decode_only,32.739393413066864,16,"[8238,8235,8234,8232,8231,8230,8228,8227,8226,8224,8224,8221,8220,8219,8218,8216]",8216,8226.4375,8238,0,0,[],,,,16
25165824,0,51,decode_only,32.41882286965847,16,"[8239,8236,8235,8233,8232,8231,8229,8228,8227,8225,8225,8222,8221,8220,8219,8217]",8217,8227.4375,8239,0,0,[],,,,16
25165824,0,52,decode_only,32.76991564780474,16,"[8240,8237,8236,8234,8233,8232,8230,8229,8228,8226,8226,8223,8222,8221,8220,8218]",8218,8228.4375,8240,0,0,[],,,,16
25165824,0,53,decode_only,32.4770612642169,16,"[8241,8238,8237,8235,8234,8233,8231,8230,8229,8227,8227,8224,8223,8222,8221,8219]",8219,8229.4375,8241,0,0,[],,,,16
25165824,0,54,decode_only,32.44586009532213,16,"[8242,8239,8238,8236,8235,8234,8232,8231,8230,8228,8228,8225,8224,8223,8222,8220]",8220,8230.4375,8242,0,0,[],,,,16
25165824,0,55,decode_only,32.43101388216019,16,"[8243,8240,8239,8237,8236,8235,8233,8232,8231,8229,8229,8226,8225,8224,8223,8221]",8221,8231.4375,8243,0,0,[],,,,16
25165824,0,56,decode_only,32.48663432896137,16,"[8244,8241,8240,8238,8237,8236,8234,8233,8232,8230,8230,8227,8226,8225,8224,8222]",8222,8232.4375,8244,0,0,[],,,,16
25165824,0,57,decode_only,32.454950734972954,16,"[8245,8242,8241,8239,8238,8237,8235,8234,8233,8231,8231,8228,8227,8226,8225,8223]",8223,8233.4375,8245,0,0,[],,,,16
25165824,0,58,decode_only,32.455818727612495,16,"[8246,8243,8242,8240,8239,8238,8236,8235,8234,8232,8232,8229,8228,8227,8226,8224]",8224,8234.4375,8246,0,0,[],,,,16
25165824,0,59,decode_only,32.59671200066805,16,"[8247,8244,8243,8241,8240,8239,8237,8236,8235,8233,8233,8230,8229,8228,8227,8225]",8225,8235.4375,8247,0,0,[],,,,16
25165824,0,60,decode_only,32.578011974692345,16,"[8248,8245,8244,8242,8241,8240,8238,8237,8236,8234,8234,8231,8230,8229,8228,8226]",8226,8236.4375,8248,0,0,[],,,,16
25165824,0,61,decode_only,32.46048465371132,16,"[8249,8246,8245,8243,8242,8241,8239,8238,8237,8235,8235,8232,8231,8230,8229,8227]",8227,8237.4375,8249,0,0,[],,,,16
25165824,0,62,decode_only,32.52829983830452,16,"[8250,8247,8246,8244,8243,8242,8240,8239,8238,8236,8236,8233,8232,8231,8230,8228]",8228,8238.4375,8250,0,0,[],,,,16
25165824,0,63,decode_only,32.625227235257626,16,"[8251,8248,8247,8245,8244,8243,8241,8240,8239,8237,8237,8234,8233,8232,8231,8229]",8229,8239.4375,8251,0,0,[],,,,16
25165824,0,64,decode_only,34.41608976572752,16,"[8252,8249,8248,8246,8245,8244,8242,8241,8240,8238,8238,8235,8234,8233,8232,8230]",8230,8240.4375,8252,0,0,[],,,,16
25165824,0,65,decode_only,32.52594079822302,16,"[8253,8250,8249,8247,8246,8245,8243,8242,8241,8239,8239,8236,8235,8234,8233,8231]",8231,8241.4375,8253,0,0,[],,,,16
25165824,0,66,decode_only,32.98087324947119,16,"[8254,8251,8250,8248,8247,8246,8244,8243,8242,8240,8240,8237,8236,8235,8234,8232]",8232,8242.4375,8254,0,0,[],,,,16
25165824,0,67,decode_only,31.251237727701664,15,"[8252,8251,8249,8248,8247,8245,8244,8243,8241,8241,8238,8237,8236,8235,8233]",8233,8242.666666666666,8252,0,0,[],,,,15
25165824,0,68,decode_only,31.27241600304842,15,"[8253,8252,8250,8249,8248,8246,8245,8244,8242,8242,8239,8238,8237,8236,8234]",8234,8243.666666666666,8253,0,0,[],,,,15
25165824,0,69,decode_only,31.27273079007864,15,"[8254,8253,8251,8250,8249,8247,8246,8245,8243,8243,8240,8239,8238,8237,8235]",8235,8244.666666666666,8254,0,0,[],,,,15
25165824,0,70,decode_only,32.09943696856499,14,"[8254,8252,8251,8250,8248,8247,8246,8244,8244,8241,8240,8239,8238,8236]",8236,8245.0,8254,0,0,[],,,,14
25165824,0,71,decode_only,30.838395468890667,13,"[8253,8252,8251,8249,8248,8247,8245,8245,8242,8241,8240,8239,8237]",8237,8245.307692307691,8253,0,0,[],,,,13
25165824,0,72,decode_only,31.39947820454836,13,"[8254,8253,8252,8250,8249,8248,8246,8246,8243,8242,8241,8240,8238]",8238,8246.307692307691,8254,0,0,[],,,,13
25165824,0,73,decode_only,30.640550889074802,12,"[8254,8253,8251,8250,8249,8247,8247,8244,8243,8242,8241,8239]",8239,8246.666666666666,8254,0,0,[],,,,12
25165824,0,74,decode_only,29.74750567227602,11,"[8254,8252,8251,8250,8248,8248,8245,8244,8243,8242,8240]",8240,8247.0,8254,0,0,[],,,,11
25165824,0,75,decode_only,29.595651663839817,10,"[8253,8252,8251,8249,8249,8246,8245,8244,8243,8241]",8241,8247.3,8253,0,0,[],,,,10
25165824,0,76,decode_only,29.59736529737711,10,"[8254,8253,8252,8250,8250,8247,8246,8245,8244,8242]",8242,8248.3,8254,0,0,[],,,,10
25165824,0,77,decode_only,30.070925131440163,9,"[8254,8253,8251,8251,8248,8247,8246,8245,8243]",8243,8248.666666666666,8254,0,0,[],,,,9
25165824,0,78,decode_only,30.18806502223015,8,"[8254,8252,8252,8249,8248,8247,8246,8244]",8244,8249.0,8254,0,0,[],,,,8
25165824,0,79,decode_only,29.610061086714268,7,"[8253,8253,8250,8249,8248,8247,8245]",8245,8249.285714285714,8253,0,0,[],,,,7
25165824,0,80,decode_only,30.010816641151905,7,"[8254,8254,8251,8250,8249,8248,8246]",8246,8250.285714285714,8254,0,0,[],,,,7
25165824,0,81,decode_only,29.29030079394579,5,"[8252,8251,8250,8249,8247]",8247,8249.8,8252,0,0,[],,,,5
25165824,0,82,decode_only,29.270438477396965,5,"[8253,8252,8251,8250,8248]",8248,8250.8,8253,0,0,[],,,,5
25165824,0,83,decode_only,29.264723882079124,5,"[8254,8253,8252,8251,8249]",8249,8251.8,8254,0,0,[],,,,5
25165824,0,84,decode_only,30.059006065130234,4,"[8254,8253,8252,8250]",8250,8252.25,8254,0,0,[],,,,4
25165824,0,85,decode_only,29.324263334274292,3,"[8254,8253,8251]",8251,8252.666666666666,8254,0,0,[],,,,3
25165824,0,86,decode_only,29.440072365105152,2,"[8254,8252]",8252,8253.0,8254,0,0,[],,,,2
25165824,0,87,decode_only,30.433885753154755,1,[8253],8253,8253.0,8253,0,0,[],,,,1
25165824,0,88,decode_only,30.783054418861866,1,[8254],8254,8254.0,8254,0,0,[],,,,1
25165824,1,0,prefill_only,17.608351074159145,0,[],,,,2048,2098176,[0],0,0.0,0,2048
25165824,1,1,prefill_only,20.452599972486496,0,[],,,,2048,6292480,[2048],2048,2048.0,2048,2048
25165824,1,2,prefill_only,23.712358437478542,0,[],,,,2048,10486784,[4096],4096,4096.0,4096,2048
25165824,1,3,prefill_only,58.974617160856724,0,[],,,,6144,18877440,"[6144,0,0]",0,2048.0,6144,6144
25165824,1,4,mixed,79.23472113907337,1,[8192],8192,8192.0,8192,6144,14683136,"[2048,2048,0]",0,1365.3333333333333,2048,6145
25165824,1,5,mixed,86.90102584660053,1,[8193],8193,8193.0,8193,5652,25165822,"[4096,4096,2048,0,0]",0,2048.0,4096,5653
25165824,1,6,mixed,76.21836848556995,1,[8194],8194,8194.0,8194,3600,25165824,"[6144,6144,3546,56,2,0,0]",0,2270.285714285714,6144,3601
25165824,1,7,mixed,137.55608070641756,2,"[8195,8192]",8192,8193.5,8195,14210,25165820,"[7662,3547,80,7,3,1,0,0,0,0]",0,1130.0,7662,14212
25165824,1,8,mixed,87.73023821413517,3,"[8196,8193,8192]",8192,8193.666666666666,8196,5852,25164282,"[5595,2128,2055]",2055,3259.3333333333335,5595,5855
25165824,1,9,mixed,80.81257157027721,3,"[8197,8194,8193]",8193,8194.666666666666,8197,4770,25164960,"[7643,4176,3811,2051]",2051,4420.25,7643,4773
25165824,1,10,mixed,75.40214154869318,4,"[8198,8195,8194,8192]",8192,8194.75,8198,3612,25165388,"[6224,5859,2176]",2176,4753.0,6224,3616
25165824,1,11,mixed,92.90329180657864,5,"[8199,8196,8195,8193,8192]",8192,8195.0,8199,7254,25165824,"[7502,2177,2049,2048,1359,29,4,0,0]",0,1685.3333333333333,7502,7259
25165824,1,12,mixed,82.76661857962608,6,"[8200,8197,8196,8194,8193,8192]",8192,8195.333333333334,8200,4993,25165824,"[4225,4097,4096,1749,55,5,2,1,0]",0,1581.111111111111,4225,4999
25165824,1,13,mixed,73.8428495824337,6,"[8201,8198,8197,8195,8194,8193]",8193,8196.333333333334,8201,3541,25163570,"[6273,6145]",6145,6209.0,6273,3547
25165824,1,14,mixed,109.35589298605919,7,"[8202,8199,8198,8196,8195,8194,8192]",8192,8196.57142857143,8202,8369,25165824,"[7767,4962,1750,80,7,3,2,1]",1,1821.5,7767,8376
25165824,1,15,mixed,83.3042748272419,8,"[8203,8200,8199,8197,8196,8195,8193,8192]",8192,8196.875,8203,5248,25165824,"[7010,3798,2128,1771,37,3,2,0]",0,1843.625,7010,5256
25165824,1,16,mixed,80.41986543685198,9,"[8204,8201,8200,8198,8197,8196,8194,8193,8192]",8192,8197.222222222223,8204,4391,25165824,"[5846,4139,1772,40,4,3]",3,1967.3333333333333,5846,4400
25165824,1,17,mixed,93.9826276153326,9,"[8205,8202,8201,8199,8198,8197,8195,8194,8193]",8193,8198.222222222223,8205,6367,25165824,"[7894,6187,2044,61,5,4,1]",1,2313.714285714286,7894,6376
25165824,1,18,mixed,110.73156911879778,11,"[8206,8203,8202,8200,8199,8198,8196,8195,8194,8192,8192]",8192,8197.90909090909,8206,10240,23145472,"[4092,2034,42,8,3]",3,1235.8,4092,10251
25165824,1,19,mixed,77.55988091230392,11,"[8207,8204,8203,8201,8200,8199,8197,8196,8195,8193,8193]",8193,8198.90909090909,8207,4112,25164584,"[6140,4082,2090]",2090,4104.0,6140,4123
25165824,1,20,mixed,86.78092900663614,11,"[8208,8205,8204,8202,8201,8200,8198,8197,8196,8194,8194]",8194,8199.90909090909,8208,5560,25164732,"[8188,6130,2106,2056]",2056,4620.0,8188,5571
25165824,1,21,mixed,87.39282842725515,12,"[8209,8206,8205,8203,8202,8201,8199,8198,8197,8195,8195,8192]",8192,8200.166666666666,8209,5866,25163311,"[8178,4154,3516,2051]",2051,4474.75,8178,5878
25165824,1,22,mixed,75.78400522470474,13,"[8210,8207,8206,8204,8203,8202,8200,8199,8198,8196,8196,8193,8192]",8192,8200.461538461539,8210,3681,25162335,"[6202,5564]",5564,5883.0,6202,3694
25165824,1,23,mixed,66.52437057346106,14,"[8211,8208,8207,8205,8204,8203,8201,8200,8199,8197,8197,8194,8193,8192]",8192,8200.785714285714,8211,2985,17132300,"[7255,3807]",3807,5531.0,7255,2999
25165824,1,24,mixed,55.75473513454199,15,"[8212,8209,8208,8206,8205,8204,8202,8201,8200,8198,8198,8195,8194,8193,8192]",8192,8201.133333333333,8212,2048,14089216,[5855],5855,5855.0,5855,2063
25165824,1,25,mixed,45.320541597902775,15,"[8213,8210,8209,8207,8206,8205,8203,8202,8201,8199,8199,8196,8195,8194,8193]",8193,8202.133333333333,8213,289,2325872,[7903],7903,7903.0,7903,304
25165824,1,26,decode_only,32.799018546938896,16,"[8214,8211,8210,8208,8207,8206,8204,8203,8202,8200,8200,8197,8196,8195,8194,8192]",8192,8202.4375,8214,0,0,[],,,,16
25165824,1,27,decode_only,32.5511060655117,16,"[8215,8212,8211,8209,8208,8207,8205,8204,8203,8201,8201,8198,8197,8196,8195,8193]",8193,8203.4375,8215,0,0,[],,,,16
25165824,1,28,decode_only,32.50648081302643,16,"[8216,8213,8212,8210,8209,8208,8206,8205,8204,8202,8202,8199,8198,8197,8196,8194]",8194,8204.4375,8216,0,0,[],,,,16
25165824,1,29,decode_only,32.57118817418814,16,"[8217,8214,8213,8211,8210,8209,8207,8206,8205,8203,8203,8200,8199,8198,8197,8195]",8195,8205.4375,8217,0,0,[],,,,16
25165824,1,30,decode_only,32.65141509473324,16,"[8218,8215,8214,8212,8211,8210,8208,8207,8206,8204,8204,8201,8200,8199,8198,8196]",8196,8206.4375,8218,0,0,[],,,,16
25165824,1,31,decode_only,32.49234054237604,16,"[8219,8216,8215,8213,8212,8211,8209,8208,8207,8205,8205,8202,8201,8200,8199,8197]",8197,8207.4375,8219,0,0,[],,,,16
25165824,1,32,decode_only,32.59029891341925,16,"[8220,8217,8216,8214,8213,8212,8210,8209,8208,8206,8206,8203,8202,8201,8200,8198]",8198,8208.4375,8220,0,0,[],,,,16
25165824,1,33,decode_only,32.50070475041866,16,"[8221,8218,8217,8215,8214,8213,8211,8210,8209,8207,8207,8204,8203,8202,8201,8199]",8199,8209.4375,8221,0,0,[],,,,16
25165824,1,34,decode_only,32.509277574718,16,"[8222,8219,8218,8216,8215,8214,8212,8211,8210,8208,8208,8205,8204,8203,8202,8200]",8200,8210.4375,8222,0,0,[],,,,16
25165824,1,35,decode_only,32.70962368696928,16,"[8223,8220,8219,8217,8216,8215,8213,8212,8211,8209,8209,8206,8205,8204,8203,8201]",8201,8211.4375,8223,0,0,[],,,,16
25165824,1,36,decode_only,32.7713442966342,16,"[8224,8221,8220,8218,8217,8216,8214,8213,8212,8210,8210,8207,8206,8205,8204,8202]",8202,8212.4375,8224,0,0,[],,,,16
25165824,1,37,decode_only,32.517047598958015,16,"[8225,8222,8221,8219,8218,8217,8215,8214,8213,8211,8211,8208,8207,8206,8205,8203]",8203,8213.4375,8225,0,0,[],,,,16
25165824,1,38,decode_only,32.59748965501785,16,"[8226,8223,8222,8220,8219,8218,8216,8215,8214,8212,8212,8209,8208,8207,8206,8204]",8204,8214.4375,8226,0,0,[],,,,16
25165824,1,39,decode_only,32.504345290362835,16,"[8227,8224,8223,8221,8220,8219,8217,8216,8215,8213,8213,8210,8209,8208,8207,8205]",8205,8215.4375,8227,0,0,[],,,,16
25165824,1,40,decode_only,32.51251857727766,16,"[8228,8225,8224,8222,8221,8220,8218,8217,8216,8214,8214,8211,8210,8209,8208,8206]",8206,8216.4375,8228,0,0,[],,,,16
25165824,1,41,decode_only,32.55307674407959,16,"[8229,8226,8225,8223,8222,8221,8219,8218,8217,8215,8215,8212,8211,8210,8209,8207]",8207,8217.4375,8229,0,0,[],,,,16
25165824,1,42,decode_only,32.56014175713062,16,"[8230,8227,8226,8224,8223,8222,8220,8219,8218,8216,8216,8213,8212,8211,8210,8208]",8208,8218.4375,8230,0,0,[],,,,16
25165824,1,43,decode_only,32.47451223433018,16,"[8231,8228,8227,8225,8224,8223,8221,8220,8219,8217,8217,8214,8213,8212,8211,8209]",8209,8219.4375,8231,0,0,[],,,,16
25165824,1,44,decode_only,32.51093812286854,16,"[8232,8229,8228,8226,8225,8224,8222,8221,8220,8218,8218,8215,8214,8213,8212,8210]",8210,8220.4375,8232,0,0,[],,,,16
25165824,1,45,decode_only,32.56268706172705,16,"[8233,8230,8229,8227,8226,8225,8223,8222,8221,8219,8219,8216,8215,8214,8213,8211]",8211,8221.4375,8233,0,0,[],,,,16
25165824,1,46,decode_only,32.47059043496847,16,"[8234,8231,8230,8228,8227,8226,8224,8223,8222,8220,8220,8217,8216,8215,8214,8212]",8212,8222.4375,8234,0,0,[],,,,16
25165824,1,47,decode_only,32.59846102446318,16,"[8235,8232,8231,8229,8228,8227,8225,8224,8223,8221,8221,8218,8217,8216,8215,8213]",8213,8223.4375,8235,0,0,[],,,,16
25165824,1,48,decode_only,32.7470488846302,16,"[8236,8233,8232,8230,8229,8228,8226,8225,8224,8222,8222,8219,8218,8217,8216,8214]",8214,8224.4375,8236,0,0,[],,,,16
25165824,1,49,decode_only,32.58170560002327,16,"[8237,8234,8233,8231,8230,8229,8227,8226,8225,8223,8223,8220,8219,8218,8217,8215]",8215,8225.4375,8237,0,0,[],,,,16
25165824,1,50,decode_only,32.719673588871956,16,"[8238,8235,8234,8232,8231,8230,8228,8227,8226,8224,8224,8221,8220,8219,8218,8216]",8216,8226.4375,8238,0,0,[],,,,16
25165824,1,51,decode_only,32.61926583945751,16,"[8239,8236,8235,8233,8232,8231,8229,8228,8227,8225,8225,8222,8221,8220,8219,8217]",8217,8227.4375,8239,0,0,[],,,,16
25165824,1,52,decode_only,32.559044659137726,16,"[8240,8237,8236,8234,8233,8232,8230,8229,8228,8226,8226,8223,8222,8221,8220,8218]",8218,8228.4375,8240,0,0,[],,,,16
25165824,1,53,decode_only,32.66026824712753,16,"[8241,8238,8237,8235,8234,8233,8231,8230,8229,8227,8227,8224,8223,8222,8221,8219]",8219,8229.4375,8241,0,0,[],,,,16
25165824,1,54,decode_only,32.641034573316574,16,"[8242,8239,8238,8236,8235,8234,8232,8231,8230,8228,8228,8225,8224,8223,8222,8220]",8220,8230.4375,8242,0,0,[],,,,16
25165824,1,55,decode_only,32.56490733474493,16,"[8243,8240,8239,8237,8236,8235,8233,8232,8231,8229,8229,8226,8225,8224,8223,8221]",8221,8231.4375,8243,0,0,[],,,,16
25165824,1,56,decode_only,32.62366075068712,16,"[8244,8241,8240,8238,8237,8236,8234,8233,8232,8230,8230,8227,8226,8225,8224,8222]",8222,8232.4375,8244,0,0,[],,,,16
25165824,1,57,decode_only,32.66112133860588,16,"[8245,8242,8241,8239,8238,8237,8235,8234,8233,8231,8231,8228,8227,8226,8225,8223]",8223,8233.4375,8245,0,0,[],,,,16
25165824,1,58,decode_only,32.597241923213005,16,"[8246,8243,8242,8240,8239,8238,8236,8235,8234,8232,8232,8229,8228,8227,8226,8224]",8224,8234.4375,8246,0,0,[],,,,16
25165824,1,59,decode_only,32.66886156052351,16,"[8247,8244,8243,8241,8240,8239,8237,8236,8235,8233,8233,8230,8229,8228,8227,8225]",8225,8235.4375,8247,0,0,[],,,,16
25165824,1,60,decode_only,32.74057898670435,16,"[8248,8245,8244,8242,8241,8240,8238,8237,8236,8234,8234,8231,8230,8229,8228,8226]",8226,8236.4375,8248,0,0,[],,,,16
25165824,1,61,decode_only,32.63944201171398,16,"[8249,8246,8245,8243,8242,8241,8239,8238,8237,8235,8235,8232,8231,8230,8229,8227]",8227,8237.4375,8249,0,0,[],,,,16
25165824,1,62,decode_only,35.21555382758379,16,"[8250,8247,8246,8244,8243,8242,8240,8239,8238,8236,8236,8233,8232,8231,8230,8228]",8228,8238.4375,8250,0,0,[],,,,16
25165824,1,63,decode_only,33.328608609735966,16,"[8251,8248,8247,8245,8244,8243,8241,8240,8239,8237,8237,8234,8233,8232,8231,8229]",8229,8239.4375,8251,0,0,[],,,,16
25165824,1,64,decode_only,32.74033311754465,16,"[8252,8249,8248,8246,8245,8244,8242,8241,8240,8238,8238,8235,8234,8233,8232,8230]",8230,8240.4375,8252,0,0,[],,,,16
25165824,1,65,decode_only,32.696194015443325,16,"[8253,8250,8249,8247,8246,8245,8243,8242,8241,8239,8239,8236,8235,8234,8233,8231]",8231,8241.4375,8253,0,0,[],,,,16
25165824,1,66,decode_only,32.723914831876755,16,"[8254,8251,8250,8248,8247,8246,8244,8243,8242,8240,8240,8237,8236,8235,8234,8232]",8232,8242.4375,8254,0,0,[],,,,16
25165824,1,67,decode_only,31.39530960470438,15,"[8252,8251,8249,8248,8247,8245,8244,8243,8241,8241,8238,8237,8236,8235,8233]",8233,8242.666666666666,8252,0,0,[],,,,15
25165824,1,68,decode_only,31.426535919308662,15,"[8253,8252,8250,8249,8248,8246,8245,8244,8242,8242,8239,8238,8237,8236,8234]",8234,8243.666666666666,8253,0,0,[],,,,15
25165824,1,69,decode_only,31.483578495681286,15,"[8254,8253,8251,8250,8249,8247,8246,8245,8243,8243,8240,8239,8238,8237,8235]",8235,8244.666666666666,8254,0,0,[],,,,15
25165824,1,70,decode_only,32.29228127747774,14,"[8254,8252,8251,8250,8248,8247,8246,8244,8244,8241,8240,8239,8238,8236]",8236,8245.0,8254,0,0,[],,,,14
25165824,1,71,decode_only,30.816515907645226,13,"[8253,8252,8251,8249,8248,8247,8245,8245,8242,8241,8240,8239,8237]",8237,8245.307692307691,8253,0,0,[],,,,13
25165824,1,72,decode_only,31.23407531529665,13,"[8254,8253,8252,8250,8249,8248,8246,8246,8243,8242,8241,8240,8238]",8238,8246.307692307691,8254,0,0,[],,,,13
25165824,1,73,decode_only,33.40381849557161,12,"[8254,8253,8251,8250,8249,8247,8247,8244,8243,8242,8241,8239]",8239,8246.666666666666,8254,0,0,[],,,,12
25165824,1,74,decode_only,29.88010924309492,11,"[8254,8252,8251,8250,8248,8248,8245,8244,8243,8242,8240]",8240,8247.0,8254,0,0,[],,,,11
25165824,1,75,decode_only,30.425045639276505,10,"[8253,8252,8251,8249,8249,8246,8245,8244,8243,8241]",8241,8247.3,8253,0,0,[],,,,10
25165824,1,76,decode_only,29.727578163146973,10,"[8254,8253,8252,8250,8250,8247,8246,8245,8244,8242]",8242,8248.3,8254,0,0,[],,,,10
25165824,1,77,decode_only,29.818794690072536,9,"[8254,8253,8251,8251,8248,8247,8246,8245,8243]",8243,8248.666666666666,8254,0,0,[],,,,9
25165824,1,78,decode_only,31.400922685861588,8,"[8254,8252,8252,8249,8248,8247,8246,8244]",8244,8249.0,8254,0,0,[],,,,8
25165824,1,79,decode_only,29.896986670792103,7,"[8253,8253,8250,8249,8248,8247,8245]",8245,8249.285714285714,8253,0,0,[],,,,7
25165824,1,80,decode_only,29.843924567103386,7,"[8254,8254,8251,8250,8249,8248,8246]",8246,8250.285714285714,8254,0,0,[],,,,7
25165824,1,81,decode_only,29.47288565337658,5,"[8252,8251,8250,8249,8247]",8247,8249.8,8252,0,0,[],,,,5
25165824,1,82,decode_only,29.49867770075798,5,"[8253,8252,8251,8250,8248]",8248,8250.8,8253,0,0,[],,,,5
25165824,1,83,decode_only,29.484390281140804,5,"[8254,8253,8252,8251,8249]",8249,8251.8,8254,0,0,[],,,,5
25165824,1,84,decode_only,30.672105960547924,4,"[8254,8253,8252,8250]",8250,8252.25,8254,0,0,[],,,,4
25165824,1,85,decode_only,30.235668644309044,3,"[8254,8253,8251]",8251,8252.666666666666,8254,0,0,[],,,,3
25165824,1,86,decode_only,35.138887353241444,2,"[8254,8252]",8252,8253.0,8254,0,0,[],,,,2
25165824,1,87,decode_only,30.60489520430565,1,[8253],8253,8253.0,8253,0,0,[],,,,1
25165824,1,88,decode_only,30.34990932792425,1,[8254],8254,8254.0,8254,0,0,[],,,,1
25165824,2,0,prefill_only,17.54721812903881,0,[],,,,2048,2098176,[0],0,0.0,0,2048
25165824,2,1,prefill_only,20.51626145839691,0,[],,,,2048,6292480,[2048],2048,2048.0,2048,2048
25165824,2,2,prefill_only,23.786108009517193,0,[],,,,2048,10486784,[4096],4096,4096.0,4096,2048
25165824,2,3,prefill_only,57.83870443701744,0,[],,,,6144,18877440,"[6144,0,0]",0,2048.0,6144,6144
25165824,2,4,mixed,78.73270474374294,1,[8192],8192,8192.0,8192,6144,14683136,"[2048,2048,0]",0,1365.3333333333333,2048,6145
25165824,2,5,mixed,86.98477316647768,1,[8193],8193,8193.0,8193,5652,25165822,"[4096,4096,2048,0,0]",0,2048.0,4096,5653
25165824,2,6,mixed,76.49587467312813,1,[8194],8194,8194.0,8194,3600,25165824,"[6144,6144,3546,56,2,0,0]",0,2270.285714285714,6144,3601
25165824,2,7,mixed,136.38754654675722,2,"[8195,8192]",8192,8193.5,8195,14210,25165820,"[7662,3547,80,7,3,1,0,0,0,0]",0,1130.0,7662,14212
25165824,2,8,mixed,87.63563074171543,3,"[8196,8193,8192]",8192,8193.666666666666,8196,5852,25164282,"[5595,2128,2055]",2055,3259.3333333333335,5595,5855
25165824,2,9,mixed,81.17864187806845,3,"[8197,8194,8193]",8193,8194.666666666666,8197,4770,25164960,"[7643,4176,3811,2051]",2051,4420.25,7643,4773
25165824,2,10,mixed,75.19393414258957,4,"[8198,8195,8194,8192]",8192,8194.75,8198,3612,25165388,"[6224,5859,2176]",2176,4753.0,6224,3616
25165824,2,11,mixed,97.49836008995771,5,"[8199,8196,8195,8193,8192]",8192,8195.0,8199,7254,25165824,"[7502,2177,2049,2048,1359,29,4,0,0]",0,1685.3333333333333,7502,7259
25165824,2,12,mixed,82.56002981215715,6,"[8200,8197,8196,8194,8193,8192]",8192,8195.333333333334,8200,4993,25165824,"[4225,4097,4096,1749,55,5,2,1,0]",0,1581.111111111111,4225,4999
25165824,2,13,mixed,73.55646882206202,6,"[8201,8198,8197,8195,8194,8193]",8193,8196.333333333334,8201,3541,25163570,"[6273,6145]",6145,6209.0,6273,3547
25165824,2,14,mixed,104.01433147490025,7,"[8202,8199,8198,8196,8195,8194,8192]",8192,8196.57142857143,8202,8369,25165824,"[7767,4962,1750,80,7,3,2,1]",1,1821.5,7767,8376
25165824,2,15,mixed,83.58216658234596,8,"[8203,8200,8199,8197,8196,8195,8193,8192]",8192,8196.875,8203,5248,25165824,"[7010,3798,2128,1771,37,3,2,0]",0,1843.625,7010,5256
25165824,2,16,mixed,80.91766200959682,9,"[8204,8201,8200,8198,8197,8196,8194,8193,8192]",8192,8197.222222222223,8204,4391,25165824,"[5846,4139,1772,40,4,3]",3,1967.3333333333333,5846,4400
25165824,2,17,mixed,93.2678785175085,9,"[8205,8202,8201,8199,8198,8197,8195,8194,8193]",8193,8198.222222222223,8205,6367,25165824,"[7894,6187,2044,61,5,4,1]",1,2313.714285714286,7894,6376
25165824,2,18,mixed,111.37238331139088,11,"[8206,8203,8202,8200,8199,8198,8196,8195,8194,8192,8192]",8192,8197.90909090909,8206,10240,23145472,"[4092,2034,42,8,3]",3,1235.8,4092,10251
25165824,2,19,mixed,78.63889914005995,11,"[8207,8204,8203,8201,8200,8199,8197,8196,8195,8193,8193]",8193,8198.90909090909,8207,4112,25164584,"[6140,4082,2090]",2090,4104.0,6140,4123
25165824,2,20,mixed,87.55318634212017,11,"[8208,8205,8204,8202,8201,8200,8198,8197,8196,8194,8194]",8194,8199.90909090909,8208,5560,25164732,"[8188,6130,2106,2056]",2056,4620.0,8188,5571
25165824,2,21,mixed,87.57045492529869,12,"[8209,8206,8205,8203,8202,8201,8199,8198,8197,8195,8195,8192]",8192,8200.166666666666,8209,5866,25163311,"[8178,4154,3516,2051]",2051,4474.75,8178,5878
25165824,2,22,mixed,76.07885263860226,13,"[8210,8207,8206,8204,8203,8202,8200,8199,8198,8196,8196,8193,8192]",8192,8200.461538461539,8210,3681,25162335,"[6202,5564]",5564,5883.0,6202,3694
25165824,2,23,mixed,66.78989809006453,14,"[8211,8208,8207,8205,8204,8203,8201,8200,8199,8197,8197,8194,8193,8192]",8192,8200.785714285714,8211,2985,17132300,"[7255,3807]",3807,5531.0,7255,2999
25165824,2,24,mixed,56.18607997894287,15,"[8212,8209,8208,8206,8205,8204,8202,8201,8200,8198,8198,8195,8194,8193,8192]",8192,8201.133333333333,8212,2048,14089216,[5855],5855,5855.0,5855,2063
25165824,2,25,mixed,45.79257033765316,15,"[8213,8210,8209,8207,8206,8205,8203,8202,8201,8199,8199,8196,8195,8194,8193]",8193,8202.133333333333,8213,289,2325872,[7903],7903,7903.0,7903,304
25165824,2,26,decode_only,34.93840619921684,16,"[8214,8211,8210,8208,8207,8206,8204,8203,8202,8200,8200,8197,8196,8195,8194,8192]",8192,8202.4375,8214,0,0,[],,,,16
25165824,2,27,decode_only,41.48591589182615,16,"[8215,8212,8211,8209,8208,8207,8205,8204,8203,8201,8201,8198,8197,8196,8195,8193]",8193,8203.4375,8215,0,0,[],,,,16
25165824,2,28,decode_only,33.367727883160114,16,"[8216,8213,8212,8210,8209,8208,8206,8205,8204,8202,8202,8199,8198,8197,8196,8194]",8194,8204.4375,8216,0,0,[],,,,16
25165824,2,29,decode_only,32.83060435205698,16,"[8217,8214,8213,8211,8210,8209,8207,8206,8205,8203,8203,8200,8199,8198,8197,8195]",8195,8205.4375,8217,0,0,[],,,,16
25165824,2,30,decode_only,32.64070488512516,16,"[8218,8215,8214,8212,8211,8210,8208,8207,8206,8204,8204,8201,8200,8199,8198,8196]",8196,8206.4375,8218,0,0,[],,,,16
25165824,2,31,decode_only,32.78651088476181,16,"[8219,8216,8215,8213,8212,8211,8209,8208,8207,8205,8205,8202,8201,8200,8199,8197]",8197,8207.4375,8219,0,0,[],,,,16
25165824,2,32,decode_only,32.7478414401412,16,"[8220,8217,8216,8214,8213,8212,8210,8209,8208,8206,8206,8203,8202,8201,8200,8198]",8198,8208.4375,8220,0,0,[],,,,16
25165824,2,33,decode_only,32.71034825593233,16,"[8221,8218,8217,8215,8214,8213,8211,8210,8209,8207,8207,8204,8203,8202,8201,8199]",8199,8209.4375,8221,0,0,[],,,,16
25165824,2,34,decode_only,32.74952154606581,16,"[8222,8219,8218,8216,8215,8214,8212,8211,8210,8208,8208,8205,8204,8203,8202,8200]",8200,8210.4375,8222,0,0,[],,,,16
25165824,2,35,decode_only,32.760907895863056,16,"[8223,8220,8219,8217,8216,8215,8213,8212,8211,8209,8209,8206,8205,8204,8203,8201]",8201,8211.4375,8223,0,0,[],,,,16
25165824,2,36,decode_only,33.72806869447231,16,"[8224,8221,8220,8218,8217,8216,8214,8213,8212,8210,8210,8207,8206,8205,8204,8202]",8202,8212.4375,8224,0,0,[],,,,16
25165824,2,37,decode_only,33.52445177733898,16,"[8225,8222,8221,8219,8218,8217,8215,8214,8213,8211,8211,8208,8207,8206,8205,8203]",8203,8213.4375,8225,0,0,[],,,,16
25165824,2,38,decode_only,33.220105804502964,16,"[8226,8223,8222,8220,8219,8218,8216,8215,8214,8212,8212,8209,8208,8207,8206,8204]",8204,8214.4375,8226,0,0,[],,,,16
25165824,2,39,decode_only,34.85681861639023,16,"[8227,8224,8223,8221,8220,8219,8217,8216,8215,8213,8213,8210,8209,8208,8207,8205]",8205,8215.4375,8227,0,0,[],,,,16
25165824,2,40,decode_only,32.954324036836624,16,"[8228,8225,8224,8222,8221,8220,8218,8217,8216,8214,8214,8211,8210,8209,8208,8206]",8206,8216.4375,8228,0,0,[],,,,16
25165824,2,41,decode_only,32.831489108502865,16,"[8229,8226,8225,8223,8222,8221,8219,8218,8217,8215,8215,8212,8211,8210,8209,8207]",8207,8217.4375,8229,0,0,[],,,,16
25165824,2,42,decode_only,32.79278613626957,16,"[8230,8227,8226,8224,8223,8222,8220,8219,8218,8216,8216,8213,8212,8211,8210,8208]",8208,8218.4375,8230,0,0,[],,,,16
25165824,2,43,decode_only,32.958222553133965,16,"[8231,8228,8227,8225,8224,8223,8221,8220,8219,8217,8217,8214,8213,8212,8211,8209]",8209,8219.4375,8231,0,0,[],,,,16
25165824,2,44,decode_only,32.7451154589653,16,"[8232,8229,8228,8226,8225,8224,8222,8221,8220,8218,8218,8215,8214,8213,8212,8210]",8210,8220.4375,8232,0,0,[],,,,16
25165824,2,45,decode_only,32.61375706642866,16,"[8233,8230,8229,8227,8226,8225,8223,8222,8221,8219,8219,8216,8215,8214,8213,8211]",8211,8221.4375,8233,0,0,[],,,,16
25165824,2,46,decode_only,32.70291443914175,16,"[8234,8231,8230,8228,8227,8226,8224,8223,8222,8220,8220,8217,8216,8215,8214,8212]",8212,8222.4375,8234,0,0,[],,,,16
25165824,2,47,decode_only,32.71333407610655,16,"[8235,8232,8231,8229,8228,8227,8225,8224,8223,8221,8221,8218,8217,8216,8215,8213]",8213,8223.4375,8235,0,0,[],,,,16
25165824,2,48,decode_only,32.61925000697374,16,"[8236,8233,8232,8230,8229,8228,8226,8225,8224,8222,8222,8219,8218,8217,8216,8214]",8214,8224.4375,8236,0,0,[],,,,16
25165824,2,49,decode_only,32.743276096880436,16,"[8237,8234,8233,8231,8230,8229,8227,8226,8225,8223,8223,8220,8219,8218,8217,8215]",8215,8225.4375,8237,0,0,[],,,,16
25165824,2,50,decode_only,32.915934920310974,16,"[8238,8235,8234,8232,8231,8230,8228,8227,8226,8224,8224,8221,8220,8219,8218,8216]",8216,8226.4375,8238,0,0,[],,,,16
25165824,2,51,decode_only,32.62821584939957,16,"[8239,8236,8235,8233,8232,8231,8229,8228,8227,8225,8225,8222,8221,8220,8219,8217]",8217,8227.4375,8239,0,0,[],,,,16
25165824,2,52,decode_only,32.690578140318394,16,"[8240,8237,8236,8234,8233,8232,8230,8229,8228,8226,8226,8223,8222,8221,8220,8218]",8218,8228.4375,8240,0,0,[],,,,16
25165824,2,53,decode_only,32.76108670979738,16,"[8241,8238,8237,8235,8234,8233,8231,8230,8229,8227,8227,8224,8223,8222,8221,8219]",8219,8229.4375,8241,0,0,[],,,,16
25165824,2,54,decode_only,32.64513798058033,16,"[8242,8239,8238,8236,8235,8234,8232,8231,8230,8228,8228,8225,8224,8223,8222,8220]",8220,8230.4375,8242,0,0,[],,,,16
25165824,2,55,decode_only,32.69957099109888,16,"[8243,8240,8239,8237,8236,8235,8233,8232,8231,8229,8229,8226,8225,8224,8223,8221]",8221,8231.4375,8243,0,0,[],,,,16
25165824,2,56,decode_only,32.855904661118984,16,"[8244,8241,8240,8238,8237,8236,8234,8233,8232,8230,8230,8227,8226,8225,8224,8222]",8222,8232.4375,8244,0,0,[],,,,16
25165824,2,57,decode_only,32.70110581070185,16,"[8245,8242,8241,8239,8238,8237,8235,8234,8233,8231,8231,8228,8227,8226,8225,8223]",8223,8233.4375,8245,0,0,[],,,,16
25165824,2,58,decode_only,32.675230875611305,16,"[8246,8243,8242,8240,8239,8238,8236,8235,8234,8232,8232,8229,8228,8227,8226,8224]",8224,8234.4375,8246,0,0,[],,,,16
25165824,2,59,decode_only,32.76745602488518,16,"[8247,8244,8243,8241,8240,8239,8237,8236,8235,8233,8233,8230,8229,8228,8227,8225]",8225,8235.4375,8247,0,0,[],,,,16
25165824,2,60,decode_only,32.64764882624149,16,"[8248,8245,8244,8242,8241,8240,8238,8237,8236,8234,8234,8231,8230,8229,8228,8226]",8226,8236.4375,8248,0,0,[],,,,16
25165824,2,61,decode_only,32.74105582386255,16,"[8249,8246,8245,8243,8242,8241,8239,8238,8237,8235,8235,8232,8231,8230,8229,8227]",8227,8237.4375,8249,0,0,[],,,,16
25165824,2,62,decode_only,32.81104192137718,16,"[8250,8247,8246,8244,8243,8242,8240,8239,8238,8236,8236,8233,8232,8231,8230,8228]",8228,8238.4375,8250,0,0,[],,,,16
25165824,2,63,decode_only,32.66315348446369,16,"[8251,8248,8247,8245,8244,8243,8241,8240,8239,8237,8237,8234,8233,8232,8231,8229]",8229,8239.4375,8251,0,0,[],,,,16
25165824,2,64,decode_only,32.70832635462284,16,"[8252,8249,8248,8246,8245,8244,8242,8241,8240,8238,8238,8235,8234,8233,8232,8230]",8230,8240.4375,8252,0,0,[],,,,16
25165824,2,65,decode_only,32.75727014988661,16,"[8253,8250,8249,8247,8246,8245,8243,8242,8241,8239,8239,8236,8235,8234,8233,8231]",8231,8241.4375,8253,0,0,[],,,,16
25165824,2,66,decode_only,32.74110238999128,16,"[8254,8251,8250,8248,8247,8246,8244,8243,8242,8240,8240,8237,8236,8235,8234,8232]",8232,8242.4375,8254,0,0,[],,,,16
25165824,2,67,decode_only,31.403842382133007,15,"[8252,8251,8249,8248,8247,8245,8244,8243,8241,8241,8238,8237,8236,8235,8233]",8233,8242.666666666666,8252,0,0,[],,,,15
25165824,2,68,decode_only,31.50696773082018,15,"[8253,8252,8250,8249,8248,8246,8245,8244,8242,8242,8239,8238,8237,8236,8234]",8234,8243.666666666666,8253,0,0,[],,,,15
25165824,2,69,decode_only,31.486892141401768,15,"[8254,8253,8251,8250,8249,8247,8246,8245,8243,8243,8240,8239,8238,8237,8235]",8235,8244.666666666666,8254,0,0,[],,,,15
25165824,2,70,decode_only,32.340497709810734,14,"[8254,8252,8251,8250,8248,8247,8246,8244,8244,8241,8240,8239,8238,8236]",8236,8245.0,8254,0,0,[],,,,14
25165824,2,71,decode_only,30.911223962903023,13,"[8253,8252,8251,8249,8248,8247,8245,8245,8242,8241,8240,8239,8237]",8237,8245.307692307691,8253,0,0,[],,,,13
25165824,2,72,decode_only,30.810268595814705,13,"[8254,8253,8252,8250,8249,8248,8246,8246,8243,8242,8241,8240,8238]",8238,8246.307692307691,8254,0,0,[],,,,13
25165824,2,73,decode_only,30.604731291532516,12,"[8254,8253,8251,8250,8249,8247,8247,8244,8243,8242,8241,8239]",8239,8246.666666666666,8254,0,0,[],,,,12
25165824,2,74,decode_only,29.965517111122608,11,"[8254,8252,8251,8250,8248,8248,8245,8244,8243,8242,8240]",8240,8247.0,8254,0,0,[],,,,11
25165824,2,75,decode_only,29.767601750791073,10,"[8253,8252,8251,8249,8249,8246,8245,8244,8243,8241]",8241,8247.3,8253,0,0,[],,,,10
25165824,2,76,decode_only,29.72928062081337,10,"[8254,8253,8252,8250,8250,8247,8246,8245,8244,8242]",8242,8248.3,8254,0,0,[],,,,10
25165824,2,77,decode_only,29.91389948874712,9,"[8254,8253,8251,8251,8248,8247,8246,8245,8243]",8243,8248.666666666666,8254,0,0,[],,,,9
25165824,2,78,decode_only,29.96048517525196,8,"[8254,8252,8252,8249,8248,8247,8246,8244]",8244,8249.0,8254,0,0,[],,,,8
25165824,2,79,decode_only,29.807133600115776,7,"[8253,8253,8250,8249,8248,8247,8245]",8245,8249.285714285714,8253,0,0,[],,,,7
25165824,2,80,decode_only,29.774386435747147,7,"[8254,8254,8251,8250,8249,8248,8246]",8246,8250.285714285714,8254,0,0,[],,,,7
25165824,2,81,decode_only,30.559929087758064,5,"[8252,8251,8250,8249,8247]",8247,8249.8,8252,0,0,[],,,,5
25165824,2,82,decode_only,63.759695738554,5,"[8253,8252,8251,8250,8248]",8248,8250.8,8253,0,0,[],,,,5
25165824,2,83,decode_only,30.16784880310297,5,"[8254,8253,8252,8251,8249]",8249,8251.8,8254,0,0,[],,,,5
25165824,2,84,decode_only,30.614099465310574,4,"[8254,8253,8252,8250]",8250,8252.25,8254,0,0,[],,,,4
25165824,2,85,decode_only,29.64560966938734,3,"[8254,8253,8251]",8251,8252.666666666666,8254,0,0,[],,,,3
25165824,2,86,decode_only,29.878098517656326,2,"[8254,8252]",8252,8253.0,8254,0,0,[],,,,2
25165824,2,87,decode_only,31.586701050400734,1,[8253],8253,8253.0,8253,0,0,[],,,,1
25165824,2,88,decode_only,32.88690093904734,1,[8254],8254,8254.0,8254,0,0,[],,,,1
16777216,0,0,prefill_only,17.84889493137598,0,[],,,,2048,2098176,[0],0,0.0,0,2048
16777216,0,1,prefill_only,20.427295938134193,0,[],,,,2048,6292480,[2048],2048,2048.0,2048,2048
16777216,0,2,prefill_only,23.84740114212036,0,[],,,,2048,10486784,[4096],4096,4096.0,4096,2048
16777216,0,3,prefill_only,57.46722314506769,0,[],,,,6144,18877440,"[6144,0,0]",0,2048.0,6144,6144
16777216,0,4,mixed,78.62633559852839,1,[8192],8192,8192.0,8192,6144,14683136,"[2048,2048,0]",0,1365.3333333333333,2048,6145
16777216,0,5,mixed,66.75949785858393,1,[8193],8193,8193.0,8193,3370,16776199,"[4096,4096]",4096,4096.0,4096,3371
16777216,0,6,mixed,66.89704675227404,1,[8194],8194,8194.0,8194,2484,16777216,"[6144,5418,2048,0,0,0,0]",0,1944.2857142857142,6144,2485
16777216,0,7,mixed,66.5204580873251,2,"[8195,8192]",8192,8193.5,8195,3175,16777215,"[5791,2050,51,8,1]",1,1580.2,5791,3177
16777216,0,8,mixed,91.57365560531616,2,"[8196,8193]",8193,8194.5,8196,7945,16777216,"[7839,3136,87,10,4,1,0]",0,1582.4285714285713,7839,7947
16777216,0,9,mixed,68.29398777335882,3,"[8197,8194,8192]",8192,8194.333333333334,8197,3474,16776969,"[5184,2135]",2135,3659.5,5184,3477
16777216,0,10,mixed,63.824775628745556,3,"[8198,8195,8193]",8193,8195.333333333334,8198,3006,16776793,"[7232,3561,2058]",2058,4283.666666666667,7232,3009
16777216,0,11,mixed,67.82199535518885,4,"[8199,8196,8194,8192]",8192,8195.25,8199,3250,16776339,"[5605,2060]",2060,3832.5,5605,3254
16777216,0,12,mixed,72.85731378942728,4,"[8200,8197,8195,8193]",8193,8196.25,8200,4306,16777216,"[7653,3262,1436,13,4,0,0,0]",0,1546.0,7653,4310
16777216,0,13,mixed,66.77413545548916,5,"[8201,8198,8196,8194,8192]",8192,8196.2,8201,3123,16777214,"[5310,3084,73,10]",10,2119.25,5310,3128
16777216,0,14,mixed,65.82199595868587,5,"[8202,8199,8197,8195,8193]",8193,8197.2,8202,2885,16777215,"[7358,4137,94,11,3,1]",1,1934.0,7358,2890
16777216,0,15,mixed,72.3266638815403,6,"[8203,8200,8198,8196,8194,8192]",8192,8197.166666666666,8203,4010,16777214,"[6139,138,14,4]",4,1573.75,6139,4016
16777216,0,16,mixed,117.77274589985609,6,"[8204,8201,8199,8197,8195,8193]",8193,8198.166666666666,8204,12251,16777216,"[8187,2056,53,9,2,1,0,0,0]",0,1145.3333333333333,8187,12257
16777216,0,17,mixed,70.8420779556036,7,"[8205,8202,8200,8198,8196,8194,8192]",8192,8198.142857142857,8205,4065,16776038,"[4104,2101]",2101,3102.5,4104,4072
16777216,0,18,mixed,64.92040678858757,7,"[8206,8203,8201,8199,8197,8195,8193]",8193,8199.142857142857,8206,2532,16776682,"[6152,4118,2057]",2057,4109.0,6152,2539
16777216,0,19,mixed,70.15588320791721,8,"[8207,8204,8202,8200,8198,8196,8194,8192]",8192,8199.125,8207,3826,16776278,"[4609,2058,2050]",2050,2905.6666666666665,4609,3834
16777216,0,20,mixed,64.8545604199171,8,"[8208,8205,8203,8201,8199,8197,8195,8193]",8193,8200.125,8208,2746,16775426,"[6657,3835]",3835,5246.0,6657,2754
16777216,0,21,mixed,70.0215632095933,9,"[8209,8206,8204,8202,8200,8198,8196,8194,8192]",8192,8200.111111111111,8209,3588,16775953,"[5046,2051,2049]",2049,3048.6666666666665,5046,3597
16777216,0,22,mixed,65.5638687312603,9,"[8210,8207,8205,8203,8201,8199,8197,8195,8193]",8193,8201.111111111111,8210,2954,16775504,"[7094,3590,2050]",2050,4244.666666666667,7094,2963
16777216,0,23,mixed,69.46385931223631,10,"[8211,8208,8206,8204,8202,8200,8198,8196,8194,8192]",8192,8201.1,8211,3366,16777215,"[5445,2051,1949,50,7,0]",0,1583.6666666666667,5445,3376
16777216,0,24,mixed,67.5269328057766,10,"[8212,8209,8207,8205,8203,8201,8199,8197,8195,8193]",8193,8202.1,8212,3722,16777205,"[7493,3355,1950,56]",56,3213.5,7493,3732
16777216,0,25,mixed,66.7564906179905,11,"[8213,8210,8208,8206,8204,8202,8200,8198,8196,8194,8192]",8192,8202.09090909091,8213,3124,16777216,"[5403,2907,74,11,3]",3,1679.6,5403,3135
16777216,0,26,mixed,69.90192923694849,11,"[8214,8211,8209,8207,8205,8203,8201,8199,8197,8195,8193]",8193,8203.09090909091,8214,3982,16777207,"[7451,3959,93,15,4]",4,2304.4,7451,3993
16777216,0,27,mixed,68.14779713749886,12,"[8215,8212,8210,8208,8206,8204,8202,8200,8198,8196,8194,8192]",8192,8203.083333333334,8215,3331,16777207,"[6007,1247,49,9]",9,1828.0,6007,3343
16777216,0,28,mixed,80.94249106943607,12,"[8216,8213,8211,8209,8207,8205,8203,8201,8199,8197,8195,8193]",8193,8204.083333333334,8216,6281,12707740,"[8055,2511,66,11]",11,2660.75,8055,6293
16777216,0,29,mixed,70.77613845467567,13,"[8217,8214,8212,8210,8208,8206,8204,8202,8200,8198,8196,8194,8192]",8192,8204.076923076924,8217,3826,16775231,"[4559,2114]",2114,3336.5,4559,3839
16777216,0,30,mixed,65.89437834918499,13,"[8218,8215,8213,8211,8209,8207,8205,8203,8201,8199,8197,8195,8193]",8193,8205.076923076924,8218,2717,16776022,"[6607,3892]",3892,5249.5,6607,2730
16777216,0,31,mixed,70.77870331704617,14,"[8219,8216,8214,8212,8210,8208,8206,8204,8202,8200,8198,8196,8194,8192]",8192,8205.07142857143,8219,3597,16777194,"[5024,2059]",2059,3541.5,5024,3611
16777216,0,32,mixed,67.40626599639654,14,"[8220,8217,8215,8213,8211,8209,8207,8205,8203,8201,8199,8197,8195,8193]",8193,8206.07142857143,8220,2940,16772070,"[7072,3608]",3608,5340.0,7072,2954
16777216,0,33,mixed,55.31035363674164,15,"[8221,8218,8216,8214,8212,8210,8208,8206,8204,8202,8200,8198,8196,8194,8192]",8192,8206.066666666668,8221,2048,13214720,[5428],5428,5428.0,5428,2063
16777216,0,34,mixed,47.8536169975996,15,"[8222,8219,8217,8215,8213,8211,8209,8207,8205,8203,8201,8199,8197,8195,8193]",8193,8207.066666666668,8222,716,5609502,[7476],7476,7476.0,7476,731
16777216,0,35,decode_only,32.94647391885519,16,"[8223,8220,8218,8216,8214,8212,8210,8208,8206,8204,8202,8200,8198,8196,8194,8192]",8192,8207.0625,8223,0,0,[],,,,16
16777216,0,36,decode_only,32.55127556622028,16,"[8224,8221,8219,8217,8215,8213,8211,8209,8207,8205,8203,8201,8199,8197,8195,8193]",8193,8208.0625,8224,0,0,[],,,,16
16777216,0,37,decode_only,32.56826940923929,16,"[8225,8222,8220,8218,8216,8214,8212,8210,8208,8206,8204,8202,8200,8198,8196,8194]",8194,8209.0625,8225,0,0,[],,,,16
16777216,0,38,decode_only,32.44043327867985,16,"[8226,8223,8221,8219,8217,8215,8213,8211,8209,8207,8205,8203,8201,8199,8197,8195]",8195,8210.0625,8226,0,0,[],,,,16
16777216,0,39,decode_only,32.44659584015608,16,"[8227,8224,8222,8220,8218,8216,8214,8212,8210,8208,8206,8204,8202,8200,8198,8196]",8196,8211.0625,8227,0,0,[],,,,16
16777216,0,40,decode_only,32.57981035858393,16,"[8228,8225,8223,8221,8219,8217,8215,8213,8211,8209,8207,8205,8203,8201,8199,8197]",8197,8212.0625,8228,0,0,[],,,,16
16777216,0,41,decode_only,32.570174895226955,16,"[8229,8226,8224,8222,8220,8218,8216,8214,8212,8210,8208,8206,8204,8202,8200,8198]",8198,8213.0625,8229,0,0,[],,,,16
16777216,0,42,decode_only,32.48293790966272,16,"[8230,8227,8225,8223,8221,8219,8217,8215,8213,8211,8209,8207,8205,8203,8201,8199]",8199,8214.0625,8230,0,0,[],,,,16
16777216,0,43,decode_only,32.612910494208336,16,"[8231,8228,8226,8224,8222,8220,8218,8216,8214,8212,8210,8208,8206,8204,8202,8200]",8200,8215.0625,8231,0,0,[],,,,16
16777216,0,44,decode_only,32.50212036073208,16,"[8232,8229,8227,8225,8223,8221,8219,8217,8215,8213,8211,8209,8207,8205,8203,8201]",8201,8216.0625,8232,0,0,[],,,,16
16777216,0,45,decode_only,32.46208466589451,16,"[8233,8230,8228,8226,8224,8222,8220,8218,8216,8214,8212,8210,8208,8206,8204,8202]",8202,8217.0625,8233,0,0,[],,,,16
16777216,0,46,decode_only,32.57916960865259,16,"[8234,8231,8229,8227,8225,8223,8221,8219,8217,8215,8213,8211,8209,8207,8205,8203]",8203,8218.0625,8234,0,0,[],,,,16
16777216,0,47,decode_only,32.71124605089426,16,"[8235,8232,8230,8228,8226,8224,8222,8220,8218,8216,8214,8212,8210,8208,8206,8204]",8204,8219.0625,8235,0,0,[],,,,16
16777216,0,48,decode_only,32.52128139138222,16,"[8236,8233,8231,8229,8227,8225,8223,8221,8219,8217,8215,8213,8211,8209,8207,8205]",8205,8220.0625,8236,0,0,[],,,,16
16777216,0,49,decode_only,32.52735733985901,16,"[8237,8234,8232,8230,8228,8226,8224,8222,8220,8218,8216,8214,8212,8210,8208,8206]",8206,8221.0625,8237,0,0,[],,,,16
16777216,0,50,decode_only,32.57003519684076,16,"[8238,8235,8233,8231,8229,8227,8225,8223,8221,8219,8217,8215,8213,8211,8209,8207]",8207,8222.0625,8238,0,0,[],,,,16
16777216,0,51,decode_only,32.50454738736153,16,"[8239,8236,8234,8232,8230,8228,8226,8224,8222,8220,8218,8216,8214,8212,8210,8208]",8208,8223.0625,8239,0,0,[],,,,16
16777216,0,52,decode_only,32.56346844136715,16,"[8240,8237,8235,8233,8231,8229,8227,8225,8223,8221,8219,8217,8215,8213,8211,8209]",8209,8224.0625,8240,0,0,[],,,,16
16777216,0,53,decode_only,32.60483779013157,16,"[8241,8238,8236,8234,8232,8230,8228,8226,8224,8222,8220,8218,8216,8214,8212,8210]",8210,8225.0625,8241,0,0,[],,,,16
16777216,0,54,decode_only,32.59093128144741,16,"[8242,8239,8237,8235,8233,8231,8229,8227,8225,8223,8221,8219,8217,8215,8213,8211]",8211,8226.0625,8242,0,0,[],,,,16
16777216,0,55,decode_only,32.591830007731915,16,"[8243,8240,8238,8236,8234,8232,8230,8228,8226,8224,8222,8220,8218,8216,8214,8212]",8212,8227.0625,8243,0,0,[],,,,16
16777216,0,56,decode_only,32.56226796656847,16,"[8244,8241,8239,8237,8235,8233,8231,8229,8227,8225,8223,8221,8219,8217,8215,8213]",8213,8228.0625,8244,0,0,[],,,,16
16777216,0,57,decode_only,32.53368195146322,16,"[8245,8242,8240,8238,8236,8234,8232,8230,8228,8226,8224,8222,8220,8218,8216,8214]",8214,8229.0625,8245,0,0,[],,,,16
16777216,0,58,decode_only,32.53784868866205,16,"[8246,8243,8241,8239,8237,8235,8233,8231,8229,8227,8225,8223,8221,8219,8217,8215]",8215,8230.0625,8246,0,0,[],,,,16
16777216,0,59,decode_only,32.534997910261154,16,"[8247,8244,8242,8240,8238,8236,8234,8232,8230,8228,8226,8224,8222,8220,8218,8216]",8216,8231.0625,8247,0,0,[],,,,16
16777216,0,60,decode_only,32.54182543605566,16,"[8248,8245,8243,8241,8239,8237,8235,8233,8231,8229,8227,8225,8223,8221,8219,8217]",8217,8232.0625,8248,0,0,[],,,,16
16777216,0,61,decode_only,32.474782317876816,16,"[8249,8246,8244,8242,8240,8238,8236,8234,8232,8230,8228,8226,8224,8222,8220,8218]",8218,8233.0625,8249,0,0,[],,,,16
16777216,0,62,decode_only,32.59806986898184,16,"[8250,8247,8245,8243,8241,8239,8237,8235,8233,8231,8229,8227,8225,8223,8221,8219]",8219,8234.0625,8250,0,0,[],,,,16
16777216,0,63,decode_only,32.58284367620945,16,"[8251,8248,8246,8244,8242,8240,8238,8236,8234,8232,8230,8228,8226,8224,8222,8220]",8220,8235.0625,8251,0,0,[],,,,16
16777216,0,64,decode_only,32.5303478166461,16,"[8252,8249,8247,8245,8243,8241,8239,8237,8235,8233,8231,8229,8227,8225,8223,8221]",8221,8236.0625,8252,0,0,[],,,,16
16777216,0,65,decode_only,32.68196061253548,16,"[8253,8250,8248,8246,8244,8242,8240,8238,8236,8234,8232,8230,8228,8226,8224,8222]",8222,8237.0625,8253,0,0,[],,,,16
16777216,0,66,decode_only,32.77327120304108,16,"[8254,8251,8249,8247,8245,8243,8241,8239,8237,8235,8233,8231,8229,8227,8225,8223]",8223,8238.0625,8254,0,0,[],,,,16
16777216,0,67,decode_only,31.30523581057787,15,"[8252,8250,8248,8246,8244,8242,8240,8238,8236,8234,8232,8230,8228,8226,8224]",8224,8238.0,8252,0,0,[],,,,15
16777216,0,68,decode_only,31.300627626478672,15,"[8253,8251,8249,8247,8245,8243,8241,8239,8237,8235,8233,8231,8229,8227,8225]",8225,8239.0,8253,0,0,[],,,,15
16777216,0,69,decode_only,31.318397261202335,15,"[8254,8252,8250,8248,8246,8244,8242,8240,8238,8236,8234,8232,8230,8228,8226]",8226,8240.0,8254,0,0,[],,,,15
16777216,0,70,decode_only,32.11778495460749,14,"[8253,8251,8249,8247,8245,8243,8241,8239,8237,8235,8233,8231,8229,8227]",8227,8240.0,8253,0,0,[],,,,14
16777216,0,71,decode_only,32.17279724776745,14,"[8254,8252,8250,8248,8246,8244,8242,8240,8238,8236,8234,8232,8230,8228]",8228,8241.0,8254,0,0,[],,,,14
16777216,0,72,decode_only,30.63904494047165,13,"[8253,8251,8249,8247,8245,8243,8241,8239,8237,8235,8233,8231,8229]",8229,8241.0,8253,0,0,[],,,,13
16777216,0,73,decode_only,30.7081900537014,13,"[8254,8252,8250,8248,8246,8244,8242,8240,8238,8236,8234,8232,8230]",8230,8242.0,8254,0,0,[],,,,13
16777216,0,74,decode_only,31.19900729507208,12,"[8253,8251,8249,8247,8245,8243,8241,8239,8237,8235,8233,8231]",8231,8242.0,8253,0,0,[],,,,12
16777216,0,75,decode_only,30.890105292201042,12,"[8254,8252,8250,8248,8246,8244,8242,8240,8238,8236,8234,8232]",8232,8243.0,8254,0,0,[],,,,12
16777216,0,76,decode_only,29.778324998915195,11,"[8253,8251,8249,8247,8245,8243,8241,8239,8237,8235,8233]",8233,8243.0,8253,0,0,[],,,,11
16777216,0,77,decode_only,29.80922907590866,11,"[8254,8252,8250,8248,8246,8244,8242,8240,8238,8236,8234]",8234,8244.0,8254,0,0,[],,,,11
16777216,0,78,decode_only,29.68693058937788,10,"[8253,8251,8249,8247,8245,8243,8241,8239,8237,8235]",8235,8244.0,8253,0,0,[],,,,10
16777216,0,79,decode_only,29.637116007506847,10,"[8254,8252,8250,8248,8246,8244,8242,8240,8238,8236]",8236,8245.0,8254,0,0,[],,,,10
16777216,0,80,decode_only,29.736222699284554,9,"[8253,8251,8249,8247,8245,8243,8241,8239,8237]",8237,8245.0,8253,0,0,[],,,,9
16777216,0,81,decode_only,29.87729012966156,9,"[8254,8252,8250,8248,8246,8244,8242,8240,8238]",8238,8246.0,8254,0,0,[],,,,9
16777216,0,82,decode_only,30.09752184152603,8,"[8253,8251,8249,8247,8245,8243,8241,8239]",8239,8246.0,8253,0,0,[],,,,8
16777216,0,83,decode_only,29.881908558309078,8,"[8254,8252,8250,8248,8246,8244,8242,8240]",8240,8247.0,8254,0,0,[],,,,8
16777216,0,84,decode_only,29.776904731988907,7,"[8253,8251,8249,8247,8245,8243,8241]",8241,8247.0,8253,0,0,[],,,,7
16777216,0,85,decode_only,29.76511139422655,7,"[8254,8252,8250,8248,8246,8244,8242]",8242,8248.0,8254,0,0,[],,,,7
16777216,0,86,decode_only,30.499090440571308,6,"[8253,8251,8249,8247,8245,8243]",8243,8248.0,8253,0,0,[],,,,6
16777216,0,87,decode_only,30.520914122462273,6,"[8254,8252,8250,8248,8246,8244]",8244,8249.0,8254,0,0,[],,,,6
16777216,0,88,decode_only,29.415804892778397,5,"[8253,8251,8249,8247,8245]",8245,8249.0,8253,0,0,[],,,,5
16777216,0,89,decode_only,29.42380029708147,5,"[8254,8252,8250,8248,8246]",8246,8250.0,8254,0,0,[],,,,5
16777216,0,90,decode_only,30.308092944324017,4,"[8253,8251,8249,8247]",8247,8250.0,8253,0,0,[],,,,4
16777216,0,91,decode_only,30.226655304431915,4,"[8254,8252,8250,8248]",8248,8251.0,8254,0,0,[],,,,4
16777216,0,92,decode_only,29.346930794417858,3,"[8253,8251,8249]",8249,8251.0,8253,0,0,[],,,,3
16777216,0,93,decode_only,29.298528097569942,3,"[8254,8252,8250]",8250,8252.0,8254,0,0,[],,,,3
16777216,0,94,decode_only,29.702285304665565,2,"[8253,8251]",8251,8252.0,8253,0,0,[],,,,2
16777216,0,95,decode_only,30.084000900387764,2,"[8254,8252]",8252,8253.0,8254,0,0,[],,,,2
16777216,0,96,decode_only,30.40445689111948,1,[8253],8253,8253.0,8253,0,0,[],,,,1
16777216,0,97,decode_only,30.14509566128254,1,[8254],8254,8254.0,8254,0,0,[],,,,1
16777216,1,0,prefill_only,18.59679166227579,0,[],,,,2048,2098176,[0],0,0.0,0,2048
16777216,1,1,prefill_only,20.481380634009838,0,[],,,,2048,6292480,[2048],2048,2048.0,2048,2048
16777216,1,2,prefill_only,23.64164963364601,0,[],,,,2048,10486784,[4096],4096,4096.0,4096,2048
16777216,1,3,prefill_only,56.728542782366276,0,[],,,,6144,18877440,"[6144,0,0]",0,2048.0,6144,6144
16777216,1,4,mixed,77.64849998056889,1,[8192],8192,8192.0,8192,6144,14683136,"[2048,2048,0]",0,1365.3333333333333,2048,6145
16777216,1,5,mixed,66.82303454726934,1,[8193],8193,8193.0,8193,3370,16776199,"[4096,4096]",4096,4096.0,4096,3371
16777216,1,6,mixed,66.23891554772854,1,[8194],8194,8194.0,8194,2484,16777216,"[6144,5418,2048,0,0,0,0]",0,1944.2857142857142,6144,2485
16777216,1,7,mixed,66.62944611161947,2,"[8195,8192]",8192,8193.5,8195,3175,16777215,"[5791,2050,51,8,1]",1,1580.2,5791,3177
16777216,1,8,mixed,91.17482043802738,2,"[8196,8193]",8193,8194.5,8196,7945,16777216,"[7839,3136,87,10,4,1,0]",0,1582.4285714285713,7839,7947
16777216,1,9,mixed,68.26106645166874,3,"[8197,8194,8192]",8192,8194.333333333334,8197,3474,16776969,"[5184,2135]",2135,3659.5,5184,3477
16777216,1,10,mixed,65.11261034756899,3,"[8198,8195,8193]",8193,8195.333333333334,8198,3006,16776793,"[7232,3561,2058]",2058,4283.666666666667,7232,3009
16777216,1,11,mixed,67.80177913606167,4,"[8199,8196,8194,8192]",8192,8195.25,8199,3250,16776339,"[5605,2060]",2060,3832.5,5605,3254
16777216,1,12,mixed,72.29436933994293,4,"[8200,8197,8195,8193]",8193,8196.25,8200,4306,16777216,"[7653,3262,1436,13,4,0,0,0]",0,1546.0,7653,4310
16777216,1,13,mixed,66.73995405435562,5,"[8201,8198,8196,8194,8192]",8192,8196.2,8201,3123,16777214,"[5310,3084,73,10]",10,2119.25,5310,3128
16777216,1,14,mixed,65.86487125605345,5,"[8202,8199,8197,8195,8193]",8193,8197.2,8202,2885,16777215,"[7358,4137,94,11,3,1]",1,1934.0,7358,2890
16777216,1,15,mixed,71.94095756858587,6,"[8203,8200,8198,8196,8194,8192]",8192,8197.166666666666,8203,4010,16777214,"[6139,138,14,4]",4,1573.75,6139,4016
16777216,1,16,mixed,115.72155077010393,6,"[8204,8201,8199,8197,8195,8193]",8193,8198.166666666666,8204,12251,16777216,"[8187,2056,53,9,2,1,0,0,0]",0,1145.3333333333333,8187,12257
16777216,1,17,mixed,70.39797771722078,7,"[8205,8202,8200,8198,8196,8194,8192]",8192,8198.142857142857,8205,4065,16776038,"[4104,2101]",2101,3102.5,4104,4072
16777216,1,18,mixed,64.18788246810436,7,"[8206,8203,8201,8199,8197,8195,8193]",8193,8199.142857142857,8206,2532,16776682,"[6152,4118,2057]",2057,4109.0,6152,2539
16777216,1,19,mixed,70.07418759167194,8,"[8207,8204,8202,8200,8198,8196,8194,8192]",8192,8199.125,8207,3826,16776278,"[4609,2058,2050]",2050,2905.6666666666665,4609,3834
16777216,1,20,mixed,64.93071373552084,8,"[8208,8205,8203,8201,8199,8197,8195,8193]",8193,8200.125,8208,2746,16775426,"[6657,3835]",3835,5246.0,6657,2754
16777216,1,21,mixed,69.70476545393467,9,"[8209,8206,8204,8202,8200,8198,8196,8194,8192]",8192,8200.111111111111,8209,3588,16775953,"[5046,2051,2049]",2049,3048.6666666666665,5046,3597
16777216,1,22,mixed,65.68015646189451,9,"[8210,8207,8205,8203,8201,8199,8197,8195,8193]",8193,8201.111111111111,8210,2954,16775504,"[7094,3590,2050]",2050,4244.666666666667,7094,2963
16777216,1,23,mixed,69.46971174329519,10,"[8211,8208,8206,8204,8202,8200,8198,8196,8194,8192]",8192,8201.1,8211,3366,16777215,"[5445,2051,1949,50,7,0]",0,1583.6666666666667,5445,3376
16777216,1,24,mixed,68.21332965046167,10,"[8212,8209,8207,8205,8203,8201,8199,8197,8195,8193]",8193,8202.1,8212,3722,16777205,"[7493,3355,1950,56]",56,3213.5,7493,3732
16777216,1,25,mixed,67.17752665281296,11,"[8213,8210,8208,8206,8204,8202,8200,8198,8196,8194,8192]",8192,8202.09090909091,8213,3124,16777216,"[5403,2907,74,11,3]",3,1679.6,5403,3135
16777216,1,26,mixed,69.49010863900185,11,"[8214,8211,8209,8207,8205,8203,8201,8199,8197,8195,8193]",8193,8203.09090909091,8214,3982,16777207,"[7451,3959,93,15,4]",4,2304.4,7451,3993
16777216,1,27,mixed,68.38349346071482,12,"[8215,8212,8210,8208,8206,8204,8202,8200,8198,8196,8194,8192]",8192,8203.083333333334,8215,3331,16777207,"[6007,1247,49,9]",9,1828.0,6007,3343
16777216,1,28,mixed,80.89946769177914,12,"[8216,8213,8211,8209,8207,8205,8203,8201,8199,8197,8195,8193]",8193,8204.083333333334,8216,6281,12707740,"[8055,2511,66,11]",11,2660.75,8055,6293
16777216,1,29,mixed,70.48413157463074,13,"[8217,8214,8212,8210,8208,8206,8204,8202,8200,8198,8196,8194,8192]",8192,8204.076923076924,8217,3826,16775231,"[4559,2114]",2114,3336.5,4559,3839
16777216,1,30,mixed,65.84527064114809,13,"[8218,8215,8213,8211,8209,8207,8205,8203,8201,8199,8197,8195,8193]",8193,8205.076923076924,8218,2717,16776022,"[6607,3892]",3892,5249.5,6607,2730
16777216,1,31,mixed,70.85018418729305,14,"[8219,8216,8214,8212,8210,8208,8206,8204,8202,8200,8198,8196,8194,8192]",8192,8205.07142857143,8219,3597,16777194,"[5024,2059]",2059,3541.5,5024,3611
16777216,1,32,mixed,67.4104830250144,14,"[8220,8217,8215,8213,8211,8209,8207,8205,8203,8201,8199,8197,8195,8193]",8193,8206.07142857143,8220,2940,16772070,"[7072,3608]",3608,5340.0,7072,2954
16777216,1,33,mixed,55.19661959260702,15,"[8221,8218,8216,8214,8212,8210,8208,8206,8204,8202,8200,8198,8196,8194,8192]",8192,8206.066666666668,8221,2048,13214720,[5428],5428,5428.0,5428,2063
16777216,1,34,mixed,47.73414321243763,15,"[8222,8219,8217,8215,8213,8211,8209,8207,8205,8203,8201,8199,8197,8195,8193]",8193,8207.066666666668,8222,716,5609502,[7476],7476,7476.0,7476,731
16777216,1,35,decode_only,32.66866039484739,16,"[8223,8220,8218,8216,8214,8212,8210,8208,8206,8204,8202,8200,8198,8196,8194,8192]",8192,8207.0625,8223,0,0,[],,,,16
16777216,1,36,decode_only,32.623644918203354,16,"[8224,8221,8219,8217,8215,8213,8211,8209,8207,8205,8203,8201,8199,8197,8195,8193]",8193,8208.0625,8224,0,0,[],,,,16
16777216,1,37,decode_only,32.55997225642204,16,"[8225,8222,8220,8218,8216,8214,8212,8210,8208,8206,8204,8202,8200,8198,8196,8194]",8194,8209.0625,8225,0,0,[],,,,16
16777216,1,38,decode_only,32.62406121939421,16,"[8226,8223,8221,8219,8217,8215,8213,8211,8209,8207,8205,8203,8201,8199,8197,8195]",8195,8210.0625,8226,0,0,[],,,,16
16777216,1,39,decode_only,32.597885467112064,16,"[8227,8224,8222,8220,8218,8216,8214,8212,8210,8208,8206,8204,8202,8200,8198,8196]",8196,8211.0625,8227,0,0,[],,,,16
16777216,1,40,decode_only,32.55636431276798,16,"[8228,8225,8223,8221,8219,8217,8215,8213,8211,8209,8207,8205,8203,8201,8199,8197]",8197,8212.0625,8228,0,0,[],,,,16
16777216,1,41,decode_only,32.59093966335058,16,"[8229,8226,8224,8222,8220,8218,8216,8214,8212,8210,8208,8206,8204,8202,8200,8198]",8198,8213.0625,8229,0,0,[],,,,16
16777216,1,42,decode_only,32.53086097538471,16,"[8230,8227,8225,8223,8221,8219,8217,8215,8213,8211,8209,8207,8205,8203,8201,8199]",8199,8214.0625,8230,0,0,[],,,,16
16777216,1,43,decode_only,32.50352665781975,16,"[8231,8228,8226,8224,8222,8220,8218,8216,8214,8212,8210,8208,8206,8204,8202,8200]",8200,8215.0625,8231,0,0,[],,,,16
16777216,1,44,decode_only,32.59396646171808,16,"[8232,8229,8227,8225,8223,8221,8219,8217,8215,8213,8211,8209,8207,8205,8203,8201]",8201,8216.0625,8232,0,0,[],,,,16
16777216,1,45,decode_only,32.62059763073921,16,"[8233,8230,8228,8226,8224,8222,8220,8218,8216,8214,8212,8210,8208,8206,8204,8202]",8202,8217.0625,8233,0,0,[],,,,16
16777216,1,46,decode_only,32.49415848404169,16,"[8234,8231,8229,8227,8225,8223,8221,8219,8217,8215,8213,8211,8209,8207,8205,8203]",8203,8218.0625,8234,0,0,[],,,,16
16777216,1,47,decode_only,32.46192913502455,16,"[8235,8232,8230,8228,8226,8224,8222,8220,8218,8216,8214,8212,8210,8208,8206,8204]",8204,8219.0625,8235,0,0,[],,,,16
16777216,1,48,decode_only,32.49924536794424,16,"[8236,8233,8231,8229,8227,8225,8223,8221,8219,8217,8215,8213,8211,8209,8207,8205]",8205,8220.0625,8236,0,0,[],,,,16
16777216,1,49,decode_only,32.44232293218374,16,"[8237,8234,8232,8230,8228,8226,8224,8222,8220,8218,8216,8214,8212,8210,8208,8206]",8206,8221.0625,8237,0,0,[],,,,16
16777216,1,50,decode_only,32.79286716133356,16,"[8238,8235,8233,8231,8229,8227,8225,8223,8221,8219,8217,8215,8213,8211,8209,8207]",8207,8222.0625,8238,0,0,[],,,,16
16777216,1,51,decode_only,32.52960182726383,16,"[8239,8236,8234,8232,8230,8228,8226,8224,8222,8220,8218,8216,8214,8212,8210,8208]",8208,8223.0625,8239,0,0,[],,,,16
16777216,1,52,decode_only,32.5479730963707,16,"[8240,8237,8235,8233,8231,8229,8227,8225,8223,8221,8219,8217,8215,8213,8211,8209]",8209,8224.0625,8240,0,0,[],,,,16
16777216,1,53,decode_only,32.561336643993855,16,"[8241,8238,8236,8234,8232,8230,8228,8226,8224,8222,8220,8218,8216,8214,8212,8210]",8210,8225.0625,8241,0,0,[],,,,16
16777216,1,54,decode_only,32.55564998835325,16,"[8242,8239,8237,8235,8233,8231,8229,8227,8225,8223,8221,8219,8217,8215,8213,8211]",8211,8226.0625,8242,0,0,[],,,,16
16777216,1,55,decode_only,32.4903866276145,16,"[8243,8240,8238,8236,8234,8232,8230,8228,8226,8224,8222,8220,8218,8216,8214,8212]",8212,8227.0625,8243,0,0,[],,,,16
16777216,1,56,decode_only,32.56280720233917,16,"[8244,8241,8239,8237,8235,8233,8231,8229,8227,8225,8223,8221,8219,8217,8215,8213]",8213,8228.0625,8244,0,0,[],,,,16
16777216,1,57,decode_only,32.668525353074074,16,"[8245,8242,8240,8238,8236,8234,8232,8230,8228,8226,8224,8222,8220,8218,8216,8214]",8214,8229.0625,8245,0,0,[],,,,16
16777216,1,58,decode_only,32.610438764095306,16,"[8246,8243,8241,8239,8237,8235,8233,8231,8229,8227,8225,8223,8221,8219,8217,8215]",8215,8230.0625,8246,0,0,[],,,,16
16777216,1,59,decode_only,32.62900374829769,16,"[8247,8244,8242,8240,8238,8236,8234,8232,8230,8228,8226,8224,8222,8220,8218,8216]",8216,8231.0625,8247,0,0,[],,,,16
16777216,1,60,decode_only,32.93527942150831,16,"[8248,8245,8243,8241,8239,8237,8235,8233,8231,8229,8227,8225,8223,8221,8219,8217]",8217,8232.0625,8248,0,0,[],,,,16
16777216,1,61,decode_only,32.55353029817343,16,"[8249,8246,8244,8242,8240,8238,8236,8234,8232,8230,8228,8226,8224,8222,8220,8218]",8218,8233.0625,8249,0,0,[],,,,16
16777216,1,62,decode_only,32.60431811213493,16,"[8250,8247,8245,8243,8241,8239,8237,8235,8233,8231,8229,8227,8225,8223,8221,8219]",8219,8234.0625,8250,0,0,[],,,,16
16777216,1,63,decode_only,32.67755638808012,16,"[8251,8248,8246,8244,8242,8240,8238,8236,8234,8232,8230,8228,8226,8224,8222,8220]",8220,8235.0625,8251,0,0,[],,,,16
16777216,1,64,decode_only,32.64136519283056,16,"[8252,8249,8247,8245,8243,8241,8239,8237,8235,8233,8231,8229,8227,8225,8223,8221]",8221,8236.0625,8252,0,0,[],,,,16
16777216,1,65,decode_only,32.595835626125336,16,"[8253,8250,8248,8246,8244,8242,8240,8238,8236,8234,8232,8230,8228,8226,8224,8222]",8222,8237.0625,8253,0,0,[],,,,16
16777216,1,66,decode_only,32.69588202238083,16,"[8254,8251,8249,8247,8245,8243,8241,8239,8237,8235,8233,8231,8229,8227,8225,8223]",8223,8238.0625,8254,0,0,[],,,,16
16777216,1,67,decode_only,31.37393109500408,15,"[8252,8250,8248,8246,8244,8242,8240,8238,8236,8234,8232,8230,8228,8226,8224]",8224,8238.0,8252,0,0,[],,,,15
16777216,1,68,decode_only,31.335231848061085,15,"[8253,8251,8249,8247,8245,8243,8241,8239,8237,8235,8233,8231,8229,8227,8225]",8225,8239.0,8253,0,0,[],,,,15
16777216,1,69,decode_only,31.357512809336185,15,"[8254,8252,8250,8248,8246,8244,8242,8240,8238,8236,8234,8232,8230,8228,8226]",8226,8240.0,8254,0,0,[],,,,15
16777216,1,70,decode_only,32.12689608335495,14,"[8253,8251,8249,8247,8245,8243,8241,8239,8237,8235,8233,8231,8229,8227]",8227,8240.0,8253,0,0,[],,,,14
16777216,1,71,decode_only,31.932218000292778,14,"[8254,8252,8250,8248,8246,8244,8242,8240,8238,8236,8234,8232,8230,8228]",8228,8241.0,8254,0,0,[],,,,14
16777216,1,72,decode_only,30.62322549521923,13,"[8253,8251,8249,8247,8245,8243,8241,8239,8237,8235,8233,8231,8229]",8229,8241.0,8253,0,0,[],,,,13
16777216,1,73,decode_only,30.67618887871504,13,"[8254,8252,8250,8248,8246,8244,8242,8240,8238,8236,8234,8232,8230]",8230,8242.0,8254,0,0,[],,,,13
16777216,1,74,decode_only,30.557530000805855,12,"[8253,8251,8249,8247,8245,8243,8241,8239,8237,8235,8233,8231]",8231,8242.0,8253,0,0,[],,,,12
16777216,1,75,decode_only,30.802723951637745,12,"[8254,8252,8250,8248,8246,8244,8242,8240,8238,8236,8234,8232]",8232,8243.0,8254,0,0,[],,,,12
16777216,1,76,decode_only,29.724826104938984,11,"[8253,8251,8249,8247,8245,8243,8241,8239,8237,8235,8233]",8233,8243.0,8253,0,0,[],,,,11
16777216,1,77,decode_only,29.689572751522064,11,"[8254,8252,8250,8248,8246,8244,8242,8240,8238,8236,8234]",8234,8244.0,8254,0,0,[],,,,11
16777216,1,78,decode_only,29.586315155029297,10,"[8253,8251,8249,8247,8245,8243,8241,8239,8237,8235]",8235,8244.0,8253,0,0,[],,,,10
16777216,1,79,decode_only,29.589544981718063,10,"[8254,8252,8250,8248,8246,8244,8242,8240,8238,8236]",8236,8245.0,8254,0,0,[],,,,10
16777216,1,80,decode_only,29.6401372179389,9,"[8253,8251,8249,8247,8245,8243,8241,8239,8237]",8237,8245.0,8253,0,0,[],,,,9
16777216,1,81,decode_only,29.693775810301304,9,"[8254,8252,8250,8248,8246,8244,8242,8240,8238]",8238,8246.0,8254,0,0,[],,,,9
16777216,1,82,decode_only,29.833565466105938,8,"[8253,8251,8249,8247,8245,8243,8241,8239]",8239,8246.0,8253,0,0,[],,,,8
16777216,1,83,decode_only,30.00729437917471,8,"[8254,8252,8250,8248,8246,8244,8242,8240]",8240,8247.0,8254,0,0,[],,,,8
16777216,1,84,decode_only,29.941092245280743,7,"[8253,8251,8249,8247,8245,8243,8241]",8241,8247.0,8253,0,0,[],,,,7
16777216,1,85,decode_only,29.695824719965458,7,"[8254,8252,8250,8248,8246,8244,8242]",8242,8248.0,8254,0,0,[],,,,7
16777216,1,86,decode_only,30.38083855062723,6,"[8253,8251,8249,8247,8245,8243]",8243,8248.0,8253,0,0,[],,,,6
16777216,1,87,decode_only,30.522821471095085,6,"[8254,8252,8250,8248,8246,8244]",8244,8249.0,8254,0,0,[],,,,6
16777216,1,88,decode_only,29.350842349231243,5,"[8253,8251,8249,8247,8245]",8245,8249.0,8253,0,0,[],,,,5
16777216,1,89,decode_only,29.390930198132992,5,"[8254,8252,8250,8248,8246]",8246,8250.0,8254,0,0,[],,,,5
16777216,1,90,decode_only,30.26561625301838,4,"[8253,8251,8249,8247]",8247,8250.0,8253,0,0,[],,,,4
16777216,1,91,decode_only,30.31849581748247,4,"[8254,8252,8250,8248]",8248,8251.0,8254,0,0,[],,,,4
16777216,1,92,decode_only,29.32752203196287,3,"[8253,8251,8249]",8249,8251.0,8253,0,0,[],,,,3
16777216,1,93,decode_only,29.233314096927643,3,"[8254,8252,8250]",8250,8252.0,8254,0,0,[],,,,3
16777216,1,94,decode_only,29.29679863154888,2,"[8253,8251]",8251,8252.0,8253,0,0,[],,,,2
16777216,1,95,decode_only,29.32017669081688,2,"[8254,8252]",8252,8253.0,8254,0,0,[],,,,2
16777216,1,96,decode_only,30.062604695558548,1,[8253],8253,8253.0,8253,0,0,[],,,,1
16777216,1,97,decode_only,30.062847770750523,1,[8254],8254,8254.0,8254,0,0,[],,,,1
16777216,2,0,prefill_only,17.90503039956093,0,[],,,,2048,2098176,[0],0,0.0,0,2048
16777216,2,1,prefill_only,20.424548536539078,0,[],,,,2048,6292480,[2048],2048,2048.0,2048,2048
16777216,2,2,prefill_only,23.700774647295475,0,[],,,,2048,10486784,[4096],4096,4096.0,4096,2048
16777216,2,3,prefill_only,56.947868317365646,0,[],,,,6144,18877440,"[6144,0,0]",0,2048.0,6144,6144
16777216,2,4,mixed,79.84788715839386,1,[8192],8192,8192.0,8192,6144,14683136,"[2048,2048,0]",0,1365.3333333333333,2048,6145
16777216,2,5,mixed,66.780811175704,1,[8193],8193,8193.0,8193,3370,16776199,"[4096,4096]",4096,4096.0,4096,3371
16777216,2,6,mixed,66.0452526062727,1,[8194],8194,8194.0,8194,2484,16777216,"[6144,5418,2048,0,0,0,0]",0,1944.2857142857142,6144,2485
16777216,2,7,mixed,66.51276536285877,2,"[8195,8192]",8192,8193.5,8195,3175,16777215,"[5791,2050,51,8,1]",1,1580.2,5791,3177
16777216,2,8,mixed,91.40235744416714,2,"[8196,8193]",8193,8194.5,8196,7945,16777216,"[7839,3136,87,10,4,1,0]",0,1582.4285714285713,7839,7947
16777216,2,9,mixed,68.68963688611984,3,"[8197,8194,8192]",8192,8194.333333333334,8197,3474,16776969,"[5184,2135]",2135,3659.5,5184,3477
16777216,2,10,mixed,63.94495628774166,3,"[8198,8195,8193]",8193,8195.333333333334,8198,3006,16776793,"[7232,3561,2058]",2058,4283.666666666667,7232,3009
16777216,2,11,mixed,68.14483180642128,4,"[8199,8196,8194,8192]",8192,8195.25,8199,3250,16776339,"[5605,2060]",2060,3832.5,5605,3254
16777216,2,12,mixed,72.56633881479502,4,"[8200,8197,8195,8193]",8193,8196.25,8200,4306,16777216,"[7653,3262,1436,13,4,0,0,0]",0,1546.0,7653,4310
16777216,2,13,mixed,66.93823728710413,5,"[8201,8198,8196,8194,8192]",8192,8196.2,8201,3123,16777214,"[5310,3084,73,10]",10,2119.25,5310,3128
16777216,2,14,mixed,65.96430949866772,5,"[8202,8199,8197,8195,8193]",8193,8197.2,8202,2885,16777215,"[7358,4137,94,11,3,1]",1,1934.0,7358,2890
16777216,2,15,mixed,72.43523001670837,6,"[8203,8200,8198,8196,8194,8192]",8192,8197.166666666666,8203,4010,16777214,"[6139,138,14,4]",4,1573.75,6139,4016
16777216,2,16,mixed,116.26596935093403,6,"[8204,8201,8199,8197,8195,8193]",8193,8198.166666666666,8204,12251,16777216,"[8187,2056,53,9,2,1,0,0,0]",0,1145.3333333333333,8187,12257
16777216,2,17,mixed,70.75910735875368,7,"[8205,8202,8200,8198,8196,8194,8192]",8192,8198.142857142857,8205,4065,16776038,"[4104,2101]",2101,3102.5,4104,4072
16777216,2,18,mixed,64.9658851325512,7,"[8206,8203,8201,8199,8197,8195,8193]",8193,8199.142857142857,8206,2532,16776682,"[6152,4118,2057]",2057,4109.0,6152,2539
16777216,2,19,mixed,70.12518588453531,8,"[8207,8204,8202,8200,8198,8196,8194,8192]",8192,8199.125,8207,3826,16776278,"[4609,2058,2050]",2050,2905.6666666666665,4609,3834
16777216,2,20,mixed,65.75250159949064,8,"[8208,8205,8203,8201,8199,8197,8195,8193]",8193,8200.125,8208,2746,16775426,"[6657,3835]",3835,5246.0,6657,2754
16777216,2,21,mixed,70.81959489732981,9,"[8209,8206,8204,8202,8200,8198,8196,8194,8192]",8192,8200.111111111111,8209,3588,16775953,"[5046,2051,2049]",2049,3048.6666666666665,5046,3597
16777216,2,22,mixed,66.11140538007021,9,"[8210,8207,8205,8203,8201,8199,8197,8195,8193]",8193,8201.111111111111,8210,2954,16775504,"[7094,3590,2050]",2050,4244.666666666667,7094,2963
16777216,2,23,mixed,69.9210399761796,10,"[8211,8208,8206,8204,8202,8200,8198,8196,8194,8192]",8192,8201.1,8211,3366,16777215,"[5445,2051,1949,50,7,0]",0,1583.6666666666667,5445,3376
16777216,2,24,mixed,68.74778773635626,10,"[8212,8209,8207,8205,8203,8201,8199,8197,8195,8193]",8193,8202.1,8212,3722,16777205,"[7493,3355,1950,56]",56,3213.5,7493,3732
16777216,2,25,mixed,67.29904748499393,11,"[8213,8210,8208,8206,8204,8202,8200,8198,8196,8194,8192]",8192,8202.09090909091,8213,3124,16777216,"[5403,2907,74,11,3]",3,1679.6,5403,3135
16777216,2,26,mixed,70.68055775016546,11,"[8214,8211,8209,8207,8205,8203,8201,8199,8197,8195,8193]",8193,8203.09090909091,8214,3982,16777207,"[7451,3959,93,15,4]",4,2304.4,7451,3993
16777216,2,27,mixed,68.86048801243305,12,"[8215,8212,8210,8208,8206,8204,8202,8200,8198,8196,8194,8192]",8192,8203.083333333334,8215,3331,16777207,"[6007,1247,49,9]",9,1828.0,6007,3343
16777216,2,28,mixed,81.03652484714985,12,"[8216,8213,8211,8209,8207,8205,8203,8201,8199,8197,8195,8193]",8193,8204.083333333334,8216,6281,12707740,"[8055,2511,66,11]",11,2660.75,8055,6293
16777216,2,29,mixed,73.22422694414854,13,"[8217,8214,8212,8210,8208,8206,8204,8202,8200,8198,8196,8194,8192]",8192,8204.076923076924,8217,3826,16775231,"[4559,2114]",2114,3336.5,4559,3839
16777216,2,30,mixed,69.54460497945547,13,"[8218,8215,8213,8211,8209,8207,8205,8203,8201,8199,8197,8195,8193]",8193,8205.076923076924,8218,2717,16776022,"[6607,3892]",3892,5249.5,6607,2730
16777216,2,31,mixed,71.69449143111706,14,"[8219,8216,8214,8212,8210,8208,8206,8204,8202,8200,8198,8196,8194,8192]",8192,8205.07142857143,8219,3597,16777194,"[5024,2059]",2059,3541.5,5024,3611
16777216,2,32,mixed,67.89176166057587,14,"[8220,8217,8215,8213,8211,8209,8207,8205,8203,8201,8199,8197,8195,8193]",8193,8206.07142857143,8220,2940,16772070,"[7072,3608]",3608,5340.0,7072,2954
16777216,2,33,mixed,55.282837711274624,15,"[8221,8218,8216,8214,8212,8210,8208,8206,8204,8202,8200,8198,8196,8194,8192]",8192,8206.066666666668,8221,2048,13214720,[5428],5428,5428.0,5428,2063
16777216,2,34,mixed,48.18265046924353,15,"[8222,8219,8217,8215,8213,8211,8209,8207,8205,8203,8201,8199,8197,8195,8193]",8193,8207.066666666668,8222,716,5609502,[7476],7476,7476.0,7476,731
16777216,2,35,decode_only,33.085986971855164,16,"[8223,8220,8218,8216,8214,8212,8210,8208,8206,8204,8202,8200,8198,8196,8194,8192]",8192,8207.0625,8223,0,0,[],,,,16
16777216,2,36,decode_only,33.316195011138916,16,"[8224,8221,8219,8217,8215,8213,8211,8209,8207,8205,8203,8201,8199,8197,8195,8193]",8193,8208.0625,8224,0,0,[],,,,16
16777216,2,37,decode_only,33.33761915564537,16,"[8225,8222,8220,8218,8216,8214,8212,8210,8208,8206,8204,8202,8200,8198,8196,8194]",8194,8209.0625,8225,0,0,[],,,,16
16777216,2,38,decode_only,32.56067167967558,16,"[8226,8223,8221,8219,8217,8215,8213,8211,8209,8207,8205,8203,8201,8199,8197,8195]",8195,8210.0625,8226,0,0,[],,,,16
16777216,2,39,decode_only,32.552276737987995,16,"[8227,8224,8222,8220,8218,8216,8214,8212,8210,8208,8206,8204,8202,8200,8198,8196]",8196,8211.0625,8227,0,0,[],,,,16
16777216,2,40,decode_only,32.700154930353165,16,"[8228,8225,8223,8221,8219,8217,8215,8213,8211,8209,8207,8205,8203,8201,8199,8197]",8197,8212.0625,8228,0,0,[],,,,16
16777216,2,41,decode_only,32.46763627976179,16,"[8229,8226,8224,8222,8220,8218,8216,8214,8212,8210,8208,8206,8204,8202,8200,8198]",8198,8213.0625,8229,0,0,[],,,,16
16777216,2,42,decode_only,32.401854172348976,16,"[8230,8227,8225,8223,8221,8219,8217,8215,8213,8211,8209,8207,8205,8203,8201,8199]",8199,8214.0625,8230,0,0,[],,,,16
16777216,2,43,decode_only,32.391936518251896,16,"[8231,8228,8226,8224,8222,8220,8218,8216,8214,8212,8210,8208,8206,8204,8202,8200]",8200,8215.0625,8231,0,0,[],,,,16
16777216,2,44,decode_only,32.769023440778255,16,"[8232,8229,8227,8225,8223,8221,8219,8217,8215,8213,8211,8209,8207,8205,8203,8201]",8201,8216.0625,8232,0,0,[],,,,16
16777216,2,45,decode_only,32.4555654078722,16,"[8233,8230,8228,8226,8224,8222,8220,8218,8216,8214,8212,8210,8208,8206,8204,8202]",8202,8217.0625,8233,0,0,[],,,,16
16777216,2,46,decode_only,32.48763084411621,16,"[8234,8231,8229,8227,8225,8223,8221,8219,8217,8215,8213,8211,8209,8207,8205,8203]",8203,8218.0625,8234,0,0,[],,,,16
16777216,2,47,decode_only,32.43495896458626,16,"[8235,8232,8230,8228,8226,8224,8222,8220,8218,8216,8214,8212,8210,8208,8206,8204]",8204,8219.0625,8235,0,0,[],,,,16
16777216,2,48,decode_only,33.32733176648617,16,"[8236,8233,8231,8229,8227,8225,8223,8221,8219,8217,8215,8213,8211,8209,8207,8205]",8205,8220.0625,8236,0,0,[],,,,16
16777216,2,49,decode_only,34.679437056183815,16,"[8237,8234,8232,8230,8228,8226,8224,8222,8220,8218,8216,8214,8212,8210,8208,8206]",8206,8221.0625,8237,0,0,[],,,,16
16777216,2,50,decode_only,32.44412504136562,16,"[8238,8235,8233,8231,8229,8227,8225,8223,8221,8219,8217,8215,8213,8211,8209,8207]",8207,8222.0625,8238,0,0,[],,,,16
16777216,2,51,decode_only,32.45054464787245,16,"[8239,8236,8234,8232,8230,8228,8226,8224,8222,8220,8218,8216,8214,8212,8210,8208]",8208,8223.0625,8239,0,0,[],,,,16
16777216,2,52,decode_only,34.29705463349819,16,"[8240,8237,8235,8233,8231,8229,8227,8225,8223,8221,8219,8217,8215,8213,8211,8209]",8209,8224.0625,8240,0,0,[],,,,16
16777216,2,53,decode_only,33.747175708413124,16,"[8241,8238,8236,8234,8232,8230,8228,8226,8224,8222,8220,8218,8216,8214,8212,8210]",8210,8225.0625,8241,0,0,[],,,,16
16777216,2,54,decode_only,32.49830659478903,16,"[8242,8239,8237,8235,8233,8231,8229,8227,8225,8223,8221,8219,8217,8215,8213,8211]",8211,8226.0625,8242,0,0,[],,,,16
16777216,2,55,decode_only,32.73647651076317,16,"[8243,8240,8238,8236,8234,8232,8230,8228,8226,8224,8222,8220,8218,8216,8214,8212]",8212,8227.0625,8243,0,0,[],,,,16
16777216,2,56,decode_only,33.25216565281153,16,"[8244,8241,8239,8237,8235,8233,8231,8229,8227,8225,8223,8221,8219,8217,8215,8213]",8213,8228.0625,8244,0,0,[],,,,16
16777216,2,57,decode_only,32.490490935742855,16,"[8245,8242,8240,8238,8236,8234,8232,8230,8228,8226,8224,8222,8220,8218,8216,8214]",8214,8229.0625,8245,0,0,[],,,,16
16777216,2,58,decode_only,32.92959462851286,16,"[8246,8243,8241,8239,8237,8235,8233,8231,8229,8227,8225,8223,8221,8219,8217,8215]",8215,8230.0625,8246,0,0,[],,,,16
16777216,2,59,decode_only,32.56221115589142,16,"[8247,8244,8242,8240,8238,8236,8234,8232,8230,8228,8226,8224,8222,8220,8218,8216]",8216,8231.0625,8247,0,0,[],,,,16
16777216,2,60,decode_only,32.59615693241358,16,"[8248,8245,8243,8241,8239,8237,8235,8233,8231,8229,8227,8225,8223,8221,8219,8217]",8217,8232.0625,8248,0,0,[],,,,16
16777216,2,61,decode_only,32.49616827815771,16,"[8249,8246,8244,8242,8240,8238,8236,8234,8232,8230,8228,8226,8224,8222,8220,8218]",8218,8233.0625,8249,0,0,[],,,,16
16777216,2,62,decode_only,32.601481303572655,16,"[8250,8247,8245,8243,8241,8239,8237,8235,8233,8231,8229,8227,8225,8223,8221,8219]",8219,8234.0625,8250,0,0,[],,,,16
16777216,2,63,decode_only,32.61295147240162,16,"[8251,8248,8246,8244,8242,8240,8238,8236,8234,8232,8230,8228,8226,8224,8222,8220]",8220,8235.0625,8251,0,0,[],,,,16
16777216,2,64,decode_only,33.31016004085541,16,"[8252,8249,8247,8245,8243,8241,8239,8237,8235,8233,8231,8229,8227,8225,8223,8221]",8221,8236.0625,8252,0,0,[],,,,16
16777216,2,65,decode_only,32.614040188491344,16,"[8253,8250,8248,8246,8244,8242,8240,8238,8236,8234,8232,8230,8228,8226,8224,8222]",8222,8237.0625,8253,0,0,[],,,,16
16777216,2,66,decode_only,32.89887588471174,16,"[8254,8251,8249,8247,8245,8243,8241,8239,8237,8235,8233,8231,8229,8227,8225,8223]",8223,8238.0625,8254,0,0,[],,,,16
16777216,2,67,decode_only,32.771567814052105,15,"[8252,8250,8248,8246,8244,8242,8240,8238,8236,8234,8232,8230,8228,8226,8224]",8224,8238.0,8252,0,0,[],,,,15
16777216,2,68,decode_only,31.30904119461775,15,"[8253,8251,8249,8247,8245,8243,8241,8239,8237,8235,8233,8231,8229,8227,8225]",8225,8239.0,8253,0,0,[],,,,15
16777216,2,69,decode_only,31.344079412519932,15,"[8254,8252,8250,8248,8246,8244,8242,8240,8238,8236,8234,8232,8230,8228,8226]",8226,8240.0,8254,0,0,[],,,,15
16777216,2,70,decode_only,32.234640792012215,14,"[8253,8251,8249,8247,8245,8243,8241,8239,8237,8235,8233,8231,8229,8227]",8227,8240.0,8253,0,0,[],,,,14
16777216,2,71,decode_only,32.093134708702564,14,"[8254,8252,8250,8248,8246,8244,8242,8240,8238,8236,8234,8232,8230,8228]",8228,8241.0,8254,0,0,[],,,,14
16777216,2,72,decode_only,32.03642275184393,13,"[8253,8251,8249,8247,8245,8243,8241,8239,8237,8235,8233,8231,8229]",8229,8241.0,8253,0,0,[],,,,13
16777216,2,73,decode_only,30.644509941339493,13,"[8254,8252,8250,8248,8246,8244,8242,8240,8238,8236,8234,8232,8230]",8230,8242.0,8254,0,0,[],,,,13
16777216,2,74,decode_only,30.74560221284628,12,"[8253,8251,8249,8247,8245,8243,8241,8239,8237,8235,8233,8231]",8231,8242.0,8253,0,0,[],,,,12
16777216,2,75,decode_only,30.748045071959496,12,"[8254,8252,8250,8248,8246,8244,8242,8240,8238,8236,8234,8232]",8232,8243.0,8254,0,0,[],,,,12
16777216,2,76,decode_only,29.74110748618841,11,"[8253,8251,8249,8247,8245,8243,8241,8239,8237,8235,8233]",8233,8243.0,8253,0,0,[],,,,11
16777216,2,77,decode_only,29.713883064687252,11,"[8254,8252,8250,8248,8246,8244,8242,8240,8238,8236,8234]",8234,8244.0,8254,0,0,[],,,,11
16777216,2,78,decode_only,29.75842636078596,10,"[8253,8251,8249,8247,8245,8243,8241,8239,8237,8235]",8235,8244.0,8253,0,0,[],,,,10
16777216,2,79,decode_only,29.717134311795235,10,"[8254,8252,8250,8248,8246,8244,8242,8240,8238,8236]",8236,8245.0,8254,0,0,[],,,,10
16777216,2,80,decode_only,29.75182980298996,9,"[8253,8251,8249,8247,8245,8243,8241,8239,8237]",8237,8245.0,8253,0,0,[],,,,9
16777216,2,81,decode_only,29.71293404698372,9,"[8254,8252,8250,8248,8246,8244,8242,8240,8238]",8238,8246.0,8254,0,0,[],,,,9
16777216,2,82,decode_only,29.73824553191662,8,"[8253,8251,8249,8247,8245,8243,8241,8239]",8239,8246.0,8253,0,0,[],,,,8
16777216,2,83,decode_only,30.207249335944653,8,"[8254,8252,8250,8248,8246,8244,8242,8240]",8240,8247.0,8254,0,0,[],,,,8
16777216,2,84,decode_only,29.97543290257454,7,"[8253,8251,8249,8247,8245,8243,8241]",8241,8247.0,8253,0,0,[],,,,7
16777216,2,85,decode_only,30.0382012501359,7,"[8254,8252,8250,8248,8246,8244,8242]",8242,8248.0,8254,0,0,[],,,,7
16777216,2,86,decode_only,30.51542118191719,6,"[8253,8251,8249,8247,8245,8243]",8243,8248.0,8253,0,0,[],,,,6
16777216,2,87,decode_only,31.268112361431122,6,"[8254,8252,8250,8248,8246,8244]",8244,8249.0,8254,0,0,[],,,,6
16777216,2,88,decode_only,29.299029149115086,5,"[8253,8251,8249,8247,8245]",8245,8249.0,8253,0,0,[],,,,5
16777216,2,89,decode_only,29.592092148959637,5,"[8254,8252,8250,8248,8246]",8246,8250.0,8254,0,0,[],,,,5
16777216,2,90,decode_only,30.619710683822632,4,"[8253,8251,8249,8247]",8247,8250.0,8253,0,0,[],,,,4
16777216,2,91,decode_only,30.28370626270771,4,"[8254,8252,8250,8248]",8248,8251.0,8254,0,0,[],,,,4
16777216,2,92,decode_only,29.24559824168682,3,"[8253,8251,8249]",8249,8251.0,8253,0,0,[],,,,3
16777216,2,93,decode_only,29.67598382383585,3,"[8254,8252,8250]",8250,8252.0,8254,0,0,[],,,,3
16777216,2,94,decode_only,30.1132844761014,2,"[8253,8251]",8251,8252.0,8253,0,0,[],,,,2
16777216,2,95,decode_only,29.634077101945877,2,"[8254,8252]",8252,8253.0,8254,0,0,[],,,,2
16777216,2,96,decode_only,30.151606537401676,1,[8253],8253,8253.0,8253,0,0,[],,,,1
16777216,2,97,decode_only,30.457179062068462,1,[8254],8254,8254.0,8254,0,0,[],,,,1
12582912,0,0,prefill_only,17.591053619980812,0,[],,,,2048,2098176,[0],0,0.0,0,2048
12582912,0,1,prefill_only,20.453767850995064,0,[],,,,2048,6292480,[2048],2048,2048.0,2048,2048
12582912,0,2,prefill_only,23.810554295778275,0,[],,,,2048,10486784,[4096],4096,4096.0,4096,2048
12582912,0,3,prefill_only,57.30824079364538,0,[],,,,6144,18877440,"[6144,0,0]",0,2048.0,6144,6144
12582912,0,4,mixed,65.09806029498577,1,[8192],8192,8192.0,8192,4158,12582880,"[2048,2048,0]",0,1365.3333333333333,2048,4159
12582912,0,5,mixed,63.52973263710737,1,[8193],8193,8193.0,8193,2561,12582911,"[4096,4095,63,0,0]",0,1650.8,4096,2562
12582912,0,6,mixed,55.207849480211735,1,[8194],8194,8194.0,8194,1810,12582911,"[6144,4578,81,9]",9,2703.0,6144,1811
12582912,0,7,mixed,60.66096667200327,1,[8195],8195,8195.0,8195,2209,12582912,"[7931,4579,96,16,3,0,0]",0,1803.5714285714287,7931,2210
12582912,0,8,mixed,54.534947499632835,2,"[8196,8192]",8192,8194.0,8196,1723,12582912,"[6474,138,22,5,2]",2,1328.2,6474,1725
12582912,0,9,mixed,111.06266360729933,2,"[8197,8193]",8193,8195.0,8197,12154,12582912,"[8190,140,24,7,3,1,0,0,0]",0,929.4444444444445,8190,12156
12582912,0,10,mixed,63.30471392720938,3,"[8198,8194,8192]",8192,8194.666666666666,8198,4013,12582275,"[2188,2072]",2072,2130.0,2188,4016
12582912,0,11,mixed,59.53649710863829,3,"[8199,8195,8193]",8193,8195.666666666666,8199,2474,12581810,"[4236,4037,2055]",2055,3442.6666666666665,4236,2477
12582912,0,12,mixed,53.49616892635822,3,"[8200,8196,8194]",8194,8196.666666666666,8200,1757,12581813,"[6284,4462]",4462,5373.0,6284,1760
12582912,0,13,mixed,58.9121924713254,3,"[8201,8197,8195]",8195,8197.666666666666,8201,2253,12582507,"[8040,4463,2056]",2056,4853.0,8040,2256
12582912,0,14,mixed,54.6497218310833,4,"[8202,8198,8196,8192]",8192,8197.0,8202,1784,12581295,"[6511,2109]",2109,4310.0,6511,1788
12582912,0,15,mixed,63.06295655667782,5,"[8203,8199,8197,8193,8192]",8192,8196.8,8203,4011,12582131,"[2212,2051]",2051,2131.5,2212,4016
12582912,0,16,mixed,59.57192089408636,5,"[8204,8200,8198,8194,8193]",8193,8197.8,8204,2465,12581266,"[4260,4014,2049]",2049,3441.0,4260,2470
12582912,0,17,mixed,53.354838863015175,5,"[8205,8201,8199,8195,8194]",8194,8198.8,8205,1751,12579184,[6308],6308,6308.0,6308,1756
12582912,0,18,mixed,59.47661492973566,5,"[8206,8202,8200,8196,8195]",8195,8199.8,8206,2336,12581414,"[8059,4430,2050]",2050,4846.333333333333,8059,2341
12582912,0,19,mixed,54.230229929089546,6,"[8207,8203,8201,8197,8196,8192]",8192,8199.333333333334,8207,1718,12581877,"[6478,2205]",2205,4341.5,6478,1724
12582912,0,20,mixed,66.78569130599499,7,"[8208,8204,8202,8198,8197,8193,8192]",8192,8199.142857142857,8208,4431,12582912,"[2209,1852,51,9,0,0]",0,686.8333333333334,2209,4438
12582912,0,21,mixed,61.225803568959236,7,"[8209,8205,8203,8199,8198,8194,8193]",8193,8200.142857142857,8209,2497,12582912,"[4257,3900,376,15,3,1]",1,1425.3333333333333,4257,2504
12582912,0,22,mixed,53.59483323991299,7,"[8210,8206,8204,8200,8199,8195,8194]",8194,8201.142857142857,8210,1752,12581988,[6305],6305,6305.0,6305,1759
12582912,0,23,mixed,63.5005384683609,7,"[8211,8207,8205,8201,8200,8196,8195]",8195,8202.142857142857,8211,2900,12582906,"[8057,4329,378,28]",28,3198.0,8057,2907
12582912,0,24,mixed,54.193198680877686,8,"[8212,8208,8206,8202,8201,8197,8196,8192]",8192,8201.75,8212,1749,12582905,"[6377,1089,34]",34,2500.0,6377,1757
12582912,0,25,mixed,99.42509606480598,8,"[8213,8209,8207,8203,8202,8198,8197,8193]",8193,8202.75,8213,9861,12582907,"[8113,1093,43,7,2,0,0,0]",0,1157.25,8113,9869
12582912,0,26,mixed,63.38830944150686,9,"[8214,8210,8208,8204,8203,8199,8198,8194,8192]",8192,8202.444444444445,8214,3489,12581560,"[3141,2091,2055]",2055,2429.0,3141,3498
12582912,0,27,mixed,53.3426646143198,9,"[8215,8211,8209,8205,8204,8200,8199,8195,8193]",8193,8203.444444444445,8215,2028,12580698,[5189],5189,5189.0,5189,2037
12582912,0,28,mixed,57.03053344041109,9,"[8216,8212,8210,8206,8205,8201,8200,8196,8194]",8194,8204.444444444445,8216,2199,12581321,"[7217,3531,2056]",2056,4268.0,7217,2208
12582912,0,29,mixed,57.49767553061247,10,"[8217,8213,8211,8207,8206,8202,8201,8197,8195,8192]",8192,8204.1,8217,2384,12582136,"[4754,2057]",2057,3405.5,4754,2394
12582912,0,30,mixed,59.87937282770872,10,"[8218,8214,8212,8208,8207,8203,8202,8198,8196,8193]",8193,8205.1,8218,2167,12582020,"[6802,2393,2050]",2050,3748.3333333333335,6802,2177
12582912,0,31,mixed,62.42458522319794,11,"[8219,8215,8213,8209,8208,8204,8203,8199,8197,8194,8192]",8192,8204.818181818182,8219,3489,12582740,"[3169,2051]",2051,2610.0,3169,3500
12582912,0,32,mixed,53.34956385195255,11,"[8220,8216,8214,8210,8209,8205,8204,8200,8198,8195,8193]",8193,8205.818181818182,8220,2020,12579550,[5217],5217,5217.0,5217,2031
12582912,0,33,mixed,58.873383328318596,11,"[8221,8217,8215,8211,8210,8206,8205,8201,8199,8196,8194]",8194,8206.818181818182,8221,2226,12582910,"[7237,3492,1549,36,5]",5,2463.8,7237,2237
12582912,0,34,mixed,58.72347205877304,12,"[8222,8218,8216,8212,8211,8207,8206,8202,8200,8197,8195,8192]",8192,8206.5,8222,2493,12582905,"[4756,1550,40,7]",7,1588.25,4756,2505
12582912,0,35,mixed,60.1025577634573,12,"[8223,8219,8217,8213,8212,8208,8207,8203,8201,8198,8196,8193]",8193,8207.5,8223,2295,12582901,"[6804,1972,61,9]",9,2211.5,6804,2307
12582912,0,36,mixed,78.95445358008146,13,"[8224,8220,8218,8214,8213,8209,8208,8204,8202,8199,8197,8194,8192]",8192,8207.23076923077,8224,6144,12334080,"[2870,68,11]",11,983.0,2870,6157
12582912,0,37,mixed,57.55038186907768,13,"[8225,8221,8219,8215,8214,8210,8209,8205,8203,8200,8198,8195,8193]",8193,8208.23076923077,8225,2234,12581207,"[4918,2116]",2116,3517.0,4918,2247
12582912,0,38,mixed,59.91852097213268,13,"[8226,8222,8220,8216,8215,8211,8210,8206,8204,8201,8199,8196,8194]",8194,8209.23076923077,8226,2370,12580895,"[6966,2302]",2302,4634.0,6966,2383
12582912,0,39,mixed,64.1006687656045,14,"[8227,8223,8221,8217,8216,8212,8211,8207,8205,8202,8200,8197,8195,8192]",8192,8208.92857142857,8227,3319,12580929,"[3446,2059]",2059,2752.5,3446,3333
12582912,0,40,mixed,55.87269924581051,14,"[8228,8224,8222,8218,8217,8213,8212,8208,8206,8203,8201,8198,8196,8193]",8193,8209.92857142857,8228,1946,12581646,"[5494,3330]",3330,4412.0,5494,1960
12582912,0,41,mixed,58.96795820444822,14,"[8229,8225,8223,8219,8218,8214,8213,8209,8207,8204,8202,8199,8197,8194]",8194,8210.92857142857,8229,2370,12579828,"[7439,3331]",3331,5385.0,7439,2384
12582912,0,42,mixed,54.44589350372553,15,"[8230,8226,8224,8220,8219,8215,8214,8210,8208,8205,8203,8200,8198,8195,8192]",8192,8210.6,8230,2048,12231680,[4948],4948,4948.0,4948,2063
12582912,0,43,mixed,50.00942759215832,15,"[8231,8227,8225,8221,8220,8216,8215,8211,8209,8206,8204,8201,8199,8196,8193]",8193,8211.6,8231,1196,9083022,[6996],6996,6996.0,6996,1211
12582912,0,44,decode_only,32.72039908915758,16,"[8232,8228,8226,8222,8221,8217,8216,8212,8210,8207,8205,8202,8200,8197,8194,8192]",8192,8211.3125,8232,0,0,[],,,,16
12582912,0,45,decode_only,32.75974653661251,16,"[8233,8229,8227,8223,8222,8218,8217,8213,8211,8208,8206,8203,8201,8198,8195,8193]",8193,8212.3125,8233,0,0,[],,,,16
12582912,0,46,decode_only,32.7969454228878,16,"[8234,8230,8228,8224,8223,8219,8218,8214,8212,8209,8207,8204,8202,8199,8196,8194]",8194,8213.3125,8234,0,0,[],,,,16
12582912,0,47,decode_only,32.60428458452225,16,"[8235,8231,8229,8225,8224,8220,8219,8215,8213,8210,8208,8205,8203,8200,8197,8195]",8195,8214.3125,8235,0,0,[],,,,16
12582912,0,48,decode_only,32.56610594689846,16,"[8236,8232,8230,8226,8225,8221,8220,8216,8214,8211,8209,8206,8204,8201,8198,8196]",8196,8215.3125,8236,0,0,[],,,,16
12582912,0,49,decode_only,32.706971280276775,16,"[8237,8233,8231,8227,8226,8222,8221,8217,8215,8212,8210,8207,8205,8202,8199,8197]",8197,8216.3125,8237,0,0,[],,,,16
12582912,0,50,decode_only,32.665079459548,16,"[8238,8234,8232,8228,8227,8223,8222,8218,8216,8213,8211,8208,8206,8203,8200,8198]",8198,8217.3125,8238,0,0,[],,,,16
12582912,0,51,decode_only,32.59008191525936,16,"[8239,8235,8233,8229,8228,8224,8223,8219,8217,8214,8212,8209,8207,8204,8201,8199]",8199,8218.3125,8239,0,0,[],,,,16
12582912,0,52,decode_only,32.73911587893963,16,"[8240,8236,8234,8230,8229,8225,8224,8220,8218,8215,8213,8210,8208,8205,8202,8200]",8200,8219.3125,8240,0,0,[],,,,16
12582912,0,53,decode_only,32.731824554502964,16,"[8241,8237,8235,8231,8230,8226,8225,8221,8219,8216,8214,8211,8209,8206,8203,8201]",8201,8220.3125,8241,0,0,[],,,,16
12582912,0,54,decode_only,32.66680333763361,16,"[8242,8238,8236,8232,8231,8227,8226,8222,8220,8217,8215,8212,8210,8207,8204,8202]",8202,8221.3125,8242,0,0,[],,,,16
12582912,0,55,decode_only,32.751020044088364,16,"[8243,8239,8237,8233,8232,8228,8227,8223,8221,8218,8216,8213,8211,8208,8205,8203]",8203,8222.3125,8243,0,0,[],,,,16
12582912,0,56,decode_only,32.6553164049983,16,"[8244,8240,8238,8234,8233,8229,8228,8224,8222,8219,8217,8214,8212,8209,8206,8204]",8204,8223.3125,8244,0,0,[],,,,16
12582912,0,57,decode_only,32.59284980595112,16,"[8245,8241,8239,8235,8234,8230,8229,8225,8223,8220,8218,8215,8213,8210,8207,8205]",8205,8224.3125,8245,0,0,[],,,,16
12582912,0,58,decode_only,32.81474020332098,16,"[8246,8242,8240,8236,8235,8231,8230,8226,8224,8221,8219,8216,8214,8211,8208,8206]",8206,8225.3125,8246,0,0,[],,,,16
12582912,0,59,decode_only,32.81375393271446,16,"[8247,8243,8241,8237,8236,8232,8231,8227,8225,8222,8220,8217,8215,8212,8209,8207]",8207,8226.3125,8247,0,0,[],,,,16
12582912,0,60,decode_only,32.86769799888134,16,"[8248,8244,8242,8238,8237,8233,8232,8228,8226,8223,8221,8218,8216,8213,8210,8208]",8208,8227.3125,8248,0,0,[],,,,16
12582912,0,61,decode_only,33.06792117655277,16,"[8249,8245,8243,8239,8238,8234,8233,8229,8227,8224,8222,8219,8217,8214,8211,8209]",8209,8228.3125,8249,0,0,[],,,,16
12582912,0,62,decode_only,32.82360453158617,16,"[8250,8246,8244,8240,8239,8235,8234,8230,8228,8225,8223,8220,8218,8215,8212,8210]",8210,8229.3125,8250,0,0,[],,,,16
12582912,0,63,decode_only,32.67654310911894,16,"[8251,8247,8245,8241,8240,8236,8235,8231,8229,8226,8224,8221,8219,8216,8213,8211]",8211,8230.3125,8251,0,0,[],,,,16
12582912,0,64,decode_only,32.77810104191303,16,"[8252,8248,8246,8242,8241,8237,8236,8232,8230,8227,8225,8222,8220,8217,8214,8212]",8212,8231.3125,8252,0,0,[],,,,16
12582912,0,65,decode_only,32.78083726763725,16,"[8253,8249,8247,8243,8242,8238,8237,8233,8231,8228,8226,8223,8221,8218,8215,8213]",8213,8232.3125,8253,0,0,[],,,,16
12582912,0,66,decode_only,32.731907442212105,16,"[8254,8250,8248,8244,8243,8239,8238,8234,8232,8229,8227,8224,8222,8219,8216,8214]",8214,8233.3125,8254,0,0,[],,,,16
12582912,0,67,decode_only,34.14028137922287,15,"[8251,8249,8245,8244,8240,8239,8235,8233,8230,8228,8225,8223,8220,8217,8215]",8215,8232.933333333332,8251,0,0,[],,,,15
12582912,0,68,decode_only,72.27467745542526,15,"[8252,8250,8246,8245,8241,8240,8236,8234,8231,8229,8226,8224,8221,8218,8216]",8216,8233.933333333332,8252,0,0,[],,,,15
12582912,0,69,decode_only,32.41570107638836,15,"[8253,8251,8247,8246,8242,8241,8237,8235,8232,8230,8227,8225,8222,8219,8217]",8217,8234.933333333332,8253,0,0,[],,,,15
12582912,0,70,decode_only,31.6242016851902,15,"[8254,8252,8248,8247,8243,8242,8238,8236,8233,8231,8228,8226,8223,8220,8218]",8218,8235.933333333332,8254,0,0,[],,,,15
12582912,0,71,decode_only,32.205027528107166,14,"[8253,8249,8248,8244,8243,8239,8237,8234,8232,8229,8227,8224,8221,8219]",8219,8235.642857142857,8253,0,0,[],,,,14
12582912,0,72,decode_only,32.59387519210577,14,"[8254,8250,8249,8245,8244,8240,8238,8235,8233,8230,8228,8225,8222,8220]",8220,8236.642857142857,8254,0,0,[],,,,14
12582912,0,73,decode_only,39.793544448912144,13,"[8251,8250,8246,8245,8241,8239,8236,8234,8231,8229,8226,8223,8221]",8221,8236.307692307691,8251,0,0,[],,,,13
12582912,0,74,decode_only,31.32521267980337,13,"[8252,8251,8247,8246,8242,8240,8237,8235,8232,8230,8227,8224,8222]",8222,8237.307692307691,8252,0,0,[],,,,13
12582912,0,75,decode_only,31.084242276847363,13,"[8253,8252,8248,8247,8243,8241,8238,8236,8233,8231,8228,8225,8223]",8223,8238.307692307691,8253,0,0,[],,,,13
12582912,0,76,decode_only,30.93197848647833,13,"[8254,8253,8249,8248,8244,8242,8239,8237,8234,8232,8229,8226,8224]",8224,8239.307692307691,8254,0,0,[],,,,13
12582912,0,77,decode_only,30.826762318611145,12,"[8254,8250,8249,8245,8243,8240,8238,8235,8233,8230,8227,8225]",8225,8239.083333333334,8254,0,0,[],,,,12
12582912,0,78,decode_only,29.951763339340687,11,"[8251,8250,8246,8244,8241,8239,8236,8234,8231,8228,8226]",8226,8238.727272727272,8251,0,0,[],,,,11
12582912,0,79,decode_only,29.983635991811752,11,"[8252,8251,8247,8245,8242,8240,8237,8235,8232,8229,8227]",8227,8239.727272727272,8252,0,0,[],,,,11
12582912,0,80,decode_only,29.82942759990692,11,"[8253,8252,8248,8246,8243,8241,8238,8236,8233,8230,8228]",8228,8240.727272727272,8253,0,0,[],,,,11
12582912,0,81,decode_only,29.90756370127201,11,"[8254,8253,8249,8247,8244,8242,8239,8237,8234,8231,8229]",8229,8241.727272727272,8254,0,0,[],,,,11
12582912,0,82,decode_only,29.790193773806095,10,"[8254,8250,8248,8245,8243,8240,8238,8235,8232,8230]",8230,8241.5,8254,0,0,[],,,,10
12582912,0,83,decode_only,29.841631650924683,9,"[8251,8249,8246,8244,8241,8239,8236,8233,8231]",8231,8241.111111111111,8251,0,0,[],,,,9
12582912,0,84,decode_only,29.836895875632763,9,"[8252,8250,8247,8245,8242,8240,8237,8234,8232]",8232,8242.111111111111,8252,0,0,[],,,,9
12582912,0,85,decode_only,29.970906674861908,9,"[8253,8251,8248,8246,8243,8241,8238,8235,8233]",8233,8243.111111111111,8253,0,0,[],,,,9
12582912,0,86,decode_only,29.900440014898777,9,"[8254,8252,8249,8247,8244,8242,8239,8236,8234]",8234,8244.111111111111,8254,0,0,[],,,,9
12582912,0,87,decode_only,29.90914136171341,8,"[8253,8250,8248,8245,8243,8240,8237,8235]",8235,8243.875,8253,0,0,[],,,,8
12582912,0,88,decode_only,29.96543888002634,8,"[8254,8251,8249,8246,8244,8241,8238,8236]",8236,8244.875,8254,0,0,[],,,,8
12582912,0,89,decode_only,29.80081085115671,7,"[8252,8250,8247,8245,8242,8239,8237]",8237,8244.57142857143,8252,0,0,[],,,,7
12582912,0,90,decode_only,29.744540341198444,7,"[8253,8251,8248,8246,8243,8240,8238]",8238,8245.57142857143,8253,0,0,[],,,,7
12582912,0,91,decode_only,31.304349191486835,7,"[8254,8252,8249,8247,8244,8241,8239]",8239,8246.57142857143,8254,0,0,[],,,,7
12582912,0,92,decode_only,30.580912716686726,6,"[8253,8250,8248,8245,8242,8240]",8240,8246.333333333334,8253,0,0,[],,,,6
12582912,0,93,decode_only,30.566126108169556,6,"[8254,8251,8249,8246,8243,8241]",8241,8247.333333333334,8254,0,0,[],,,,6
12582912,0,94,decode_only,29.431241564452648,5,"[8252,8250,8247,8244,8242]",8242,8247.0,8252,0,0,[],,,,5
12582912,0,95,decode_only,29.473011381924152,5,"[8253,8251,8248,8245,8243]",8243,8248.0,8253,0,0,[],,,,5
12582912,0,96,decode_only,29.426262713968754,5,"[8254,8252,8249,8246,8244]",8244,8249.0,8254,0,0,[],,,,5
12582912,0,97,decode_only,30.341620557010174,4,"[8253,8250,8247,8245]",8245,8248.75,8253,0,0,[],,,,4
12582912,0,98,decode_only,30.539236031472683,4,"[8254,8251,8248,8246]",8246,8249.75,8254,0,0,[],,,,4
12582912,0,99,decode_only,29.460081830620766,3,"[8252,8249,8247]",8247,8249.333333333334,8252,0,0,[],,,,3
12582912,0,100,decode_only,29.374171048402786,3,"[8253,8250,8248]",8248,8250.333333333334,8253,0,0,[],,,,3
12582912,0,101,decode_only,29.442408122122288,3,"[8254,8251,8249]",8249,8251.333333333334,8254,0,0,[],,,,3
12582912,0,102,decode_only,29.754520393908024,2,"[8252,8250]",8250,8251.0,8252,0,0,[],,,,2
12582912,0,103,decode_only,29.461437836289406,2,"[8253,8251]",8251,8252.0,8253,0,0,[],,,,2
12582912,0,104,decode_only,29.57400679588318,2,"[8254,8252]",8252,8253.0,8254,0,0,[],,,,2
12582912,0,105,decode_only,30.394455417990685,1,[8253],8253,8253.0,8253,0,0,[],,,,1
12582912,0,106,decode_only,30.292595736682415,1,[8254],8254,8254.0,8254,0,0,[],,,,1
12582912,1,0,prefill_only,17.387675121426582,0,[],,,,2048,2098176,[0],0,0.0,0,2048
12582912,1,1,prefill_only,20.496216602623463,0,[],,,,2048,6292480,[2048],2048,2048.0,2048,2048
12582912,1,2,prefill_only,23.90854526311159,0,[],,,,2048,10486784,[4096],4096,4096.0,4096,2048
12582912,1,3,prefill_only,57.336087338626385,0,[],,,,6144,18877440,"[6144,0,0]",0,2048.0,6144,6144
12582912,1,4,mixed,65.61423931270838,1,[8192],8192,8192.0,8192,4158,12582880,"[2048,2048,0]",0,1365.3333333333333,2048,4159
12582912,1,5,mixed,62.20119632780552,1,[8193],8193,8193.0,8193,2561,12582911,"[4096,4095,63,0,0]",0,1650.8,4096,2562
12582912,1,6,mixed,56.07003904879093,1,[8194],8194,8194.0,8194,1810,12582911,"[6144,4578,81,9]",9,2703.0,6144,1811
12582912,1,7,mixed,62.77711223810911,1,[8195],8195,8195.0,8195,2209,12582912,"[7931,4579,96,16,3,0,0]",0,1803.5714285714287,7931,2210
12582912,1,8,mixed,54.67340908944607,2,"[8196,8192]",8192,8194.0,8196,1723,12582912,"[6474,138,22,5,2]",2,1328.2,6474,1725
12582912,1,9,mixed,112.55812272429466,2,"[8197,8193]",8193,8195.0,8197,12154,12582912,"[8190,140,24,7,3,1,0,0,0]",0,929.4444444444445,8190,12156
12582912,1,10,mixed,65.78133720904589,3,"[8198,8194,8192]",8192,8194.666666666666,8198,4013,12582275,"[2188,2072]",2072,2130.0,2188,4016
12582912,1,11,mixed,59.72202681005001,3,"[8199,8195,8193]",8193,8195.666666666666,8199,2474,12581810,"[4236,4037,2055]",2055,3442.6666666666665,4236,2477
12582912,1,12,mixed,54.07908745110035,3,"[8200,8196,8194]",8194,8196.666666666666,8200,1757,12581813,"[6284,4462]",4462,5373.0,6284,1760
12582912,1,13,mixed,59.094054624438286,3,"[8201,8197,8195]",8195,8197.666666666666,8201,2253,12582507,"[8040,4463,2056]",2056,4853.0,8040,2256
12582912,1,14,mixed,54.8918629065156,4,"[8202,8198,8196,8192]",8192,8197.0,8202,1784,12581295,"[6511,2109]",2109,4310.0,6511,1788
12582912,1,15,mixed,63.45857121050358,5,"[8203,8199,8197,8193,8192]",8192,8196.8,8203,4011,12582131,"[2212,2051]",2051,2131.5,2212,4016
12582912,1,16,mixed,59.7947733476758,5,"[8204,8200,8198,8194,8193]",8193,8197.8,8204,2465,12581266,"[4260,4014,2049]",2049,3441.0,4260,2470
12582912,1,17,mixed,53.50062716752291,5,"[8205,8201,8199,8195,8194]",8194,8198.8,8205,1751,12579184,[6308],6308,6308.0,6308,1756
12582912,1,18,mixed,59.44357626140118,5,"[8206,8202,8200,8196,8195]",8195,8199.8,8206,2336,12581414,"[8059,4430,2050]",2050,4846.333333333333,8059,2341
12582912,1,19,mixed,54.1808744892478,6,"[8207,8203,8201,8197,8196,8192]",8192,8199.333333333334,8207,1718,12581877,"[6478,2205]",2205,4341.5,6478,1724
12582912,1,20,mixed,66.88150856643915,7,"[8208,8204,8202,8198,8197,8193,8192]",8192,8199.142857142857,8208,4431,12582912,"[2209,1852,51,9,0,0]",0,686.8333333333334,2209,4438
12582912,1,21,mixed,61.416033655405045,7,"[8209,8205,8203,8199,8198,8194,8193]",8193,8200.142857142857,8209,2497,12582912,"[4257,3900,376,15,3,1]",1,1425.3333333333333,4257,2504
12582912,1,22,mixed,53.73418051749468,7,"[8210,8206,8204,8200,8199,8195,8194]",8194,8201.142857142857,8210,1752,12581988,[6305],6305,6305.0,6305,1759
12582912,1,23,mixed,63.61324433237314,7,"[8211,8207,8205,8201,8200,8196,8195]",8195,8202.142857142857,8211,2900,12582906,"[8057,4329,378,28]",28,3198.0,8057,2907
12582912,1,24,mixed,54.254623129963875,8,"[8212,8208,8206,8202,8201,8197,8196,8192]",8192,8201.75,8212,1749,12582905,"[6377,1089,34]",34,2500.0,6377,1757
12582912,1,25,mixed,103.57504524290562,8,"[8213,8209,8207,8203,8202,8198,8197,8193]",8193,8202.75,8213,9861,12582907,"[8113,1093,43,7,2,0,0,0]",0,1157.25,8113,9869
12582912,1,26,mixed,63.457789830863476,9,"[8214,8210,8208,8204,8203,8199,8198,8194,8192]",8192,8202.444444444445,8214,3489,12581560,"[3141,2091,2055]",2055,2429.0,3141,3498
12582912,1,27,mixed,53.10417897999287,9,"[8215,8211,8209,8205,8204,8200,8199,8195,8193]",8193,8203.444444444445,8215,2028,12580698,[5189],5189,5189.0,5189,2037
12582912,1,28,mixed,57.115296833217144,9,"[8216,8212,8210,8206,8205,8201,8200,8196,8194]",8194,8204.444444444445,8216,2199,12581321,"[7217,3531,2056]",2056,4268.0,7217,2208
12582912,1,29,mixed,57.78455547988415,10,"[8217,8213,8211,8207,8206,8202,8201,8197,8195,8192]",8192,8204.1,8217,2384,12582136,"[4754,2057]",2057,3405.5,4754,2394
12582912,1,30,mixed,61.64955627173185,10,"[8218,8214,8212,8208,8207,8203,8202,8198,8196,8193]",8193,8205.1,8218,2167,12582020,"[6802,2393,2050]",2050,3748.3333333333335,6802,2177
12582912,1,31,mixed,72.63296283781528,11,"[8219,8215,8213,8209,8208,8204,8203,8199,8197,8194,8192]",8192,8204.818181818182,8219,3489,12582740,"[3169,2051]",2051,2610.0,3169,3500
12582912,1,32,mixed,59.19492617249489,11,"[8220,8216,8214,8210,8209,8205,8204,8200,8198,8195,8193]",8193,8205.818181818182,8220,2020,12579550,[5217],5217,5217.0,5217,2031
12582912,1,33,mixed,57.213686406612396,11,"[8221,8217,8215,8211,8210,8206,8205,8201,8199,8196,8194]",8194,8206.818181818182,8221,2226,12582910,"[7237,3492,1549,36,5]",5,2463.8,7237,2237
12582912,1,34,mixed,59.51670836657286,12,"[8222,8218,8216,8212,8211,8207,8206,8202,8200,8197,8195,8192]",8192,8206.5,8222,2493,12582905,"[4756,1550,40,7]",7,1588.25,4756,2505
12582912,1,35,mixed,61.07152160257101,12,"[8223,8219,8217,8213,8212,8208,8207,8203,8201,8198,8196,8193]",8193,8207.5,8223,2295,12582901,"[6804,1972,61,9]",9,2211.5,6804,2307
12582912,1,36,mixed,79.45726532489061,13,"[8224,8220,8218,8214,8213,8209,8208,8204,8202,8199,8197,8194,8192]",8192,8207.23076923077,8224,6144,12334080,"[2870,68,11]",11,983.0,2870,6157
12582912,1,37,mixed,57.57307168096304,13,"[8225,8221,8219,8215,8214,8210,8209,8205,8203,8200,8198,8195,8193]",8193,8208.23076923077,8225,2234,12581207,"[4918,2116]",2116,3517.0,4918,2247
12582912,1,38,mixed,60.01861300319433,13,"[8226,8222,8220,8216,8215,8211,8210,8206,8204,8201,8199,8196,8194]",8194,8209.23076923077,8226,2370,12580895,"[6966,2302]",2302,4634.0,6966,2383
12582912,1,39,mixed,64.54365979880095,14,"[8227,8223,8221,8217,8216,8212,8211,8207,8205,8202,8200,8197,8195,8192]",8192,8208.92857142857,8227,3319,12580929,"[3446,2059]",2059,2752.5,3446,3333
12582912,1,40,mixed,55.89533317834139,14,"[8228,8224,8222,8218,8217,8213,8212,8208,8206,8203,8201,8198,8196,8193]",8193,8209.92857142857,8228,1946,12581646,"[5494,3330]",3330,4412.0,5494,1960
12582912,1,41,mixed,59.60037466138601,14,"[8229,8225,8223,8219,8218,8214,8213,8209,8207,8204,8202,8199,8197,8194]",8194,8210.92857142857,8229,2370,12579828,"[7439,3331]",3331,5385.0,7439,2384
12582912,1,42,mixed,54.95829228311777,15,"[8230,8226,8224,8220,8219,8215,8214,8210,8208,8205,8203,8200,8198,8195,8192]",8192,8210.6,8230,2048,12231680,[4948],4948,4948.0,4948,2063
12582912,1,43,mixed,50.64962897449732,15,"[8231,8227,8225,8221,8220,8216,8215,8211,8209,8206,8204,8201,8199,8196,8193]",8193,8211.6,8231,1196,9083022,[6996],6996,6996.0,6996,1211
12582912,1,44,decode_only,32.921611331403255,16,"[8232,8228,8226,8222,8221,8217,8216,8212,8210,8207,8205,8202,8200,8197,8194,8192]",8192,8211.3125,8232,0,0,[],,,,16
12582912,1,45,decode_only,32.96491131186485,16,"[8233,8229,8227,8223,8222,8218,8217,8213,8211,8208,8206,8203,8201,8198,8195,8193]",8193,8212.3125,8233,0,0,[],,,,16
12582912,1,46,decode_only,32.763720490038395,16,"[8234,8230,8228,8224,8223,8219,8218,8214,8212,8209,8207,8204,8202,8199,8196,8194]",8194,8213.3125,8234,0,0,[],,,,16
12582912,1,47,decode_only,32.61795360594988,16,"[8235,8231,8229,8225,8224,8220,8219,8215,8213,8210,8208,8205,8203,8200,8197,8195]",8195,8214.3125,8235,0,0,[],,,,16
12582912,1,48,decode_only,32.72853698581457,16,"[8236,8232,8230,8226,8225,8221,8220,8216,8214,8211,8209,8206,8204,8201,8198,8196]",8196,8215.3125,8236,0,0,[],,,,16
12582912,1,49,decode_only,32.71497692912817,16,"[8237,8233,8231,8227,8226,8222,8221,8217,8215,8212,8210,8207,8205,8202,8199,8197]",8197,8216.3125,8237,0,0,[],,,,16
12582912,1,50,decode_only,32.53696300089359,16,"[8238,8234,8232,8228,8227,8223,8222,8218,8216,8213,8211,8208,8206,8203,8200,8198]",8198,8217.3125,8238,0,0,[],,,,16
12582912,1,51,decode_only,33.159082755446434,16,"[8239,8235,8233,8229,8228,8224,8223,8219,8217,8214,8212,8209,8207,8204,8201,8199]",8199,8218.3125,8239,0,0,[],,,,16
12582912,1,52,decode_only,33.2788797095418,16,"[8240,8236,8234,8230,8229,8225,8224,8220,8218,8215,8213,8210,8208,8205,8202,8200]",8200,8219.3125,8240,0,0,[],,,,16
12582912,1,53,decode_only,32.51639660447836,16,"[8241,8237,8235,8231,8230,8226,8225,8221,8219,8216,8214,8211,8209,8206,8203,8201]",8201,8220.3125,8241,0,0,[],,,,16
12582912,1,54,decode_only,32.68670570105314,16,"[8242,8238,8236,8232,8231,8227,8226,8222,8220,8217,8215,8212,8210,8207,8204,8202]",8202,8221.3125,8242,0,0,[],,,,16
12582912,1,55,decode_only,32.825262285768986,16,"[8243,8239,8237,8233,8232,8228,8227,8223,8221,8218,8216,8213,8211,8208,8205,8203]",8203,8222.3125,8243,0,0,[],,,,16
12582912,1,56,decode_only,32.62930363416672,16,"[8244,8240,8238,8234,8233,8229,8228,8224,8222,8219,8217,8214,8212,8209,8206,8204]",8204,8223.3125,8244,0,0,[],,,,16
12582912,1,57,decode_only,33.59276428818703,16,"[8245,8241,8239,8235,8234,8230,8229,8225,8223,8220,8218,8215,8213,8210,8207,8205]",8205,8224.3125,8245,0,0,[],,,,16
12582912,1,58,decode_only,34.32296961545944,16,"[8246,8242,8240,8236,8235,8231,8230,8226,8224,8221,8219,8216,8214,8211,8208,8206]",8206,8225.3125,8246,0,0,[],,,,16
12582912,1,59,decode_only,32.585340552031994,16,"[8247,8243,8241,8237,8236,8232,8231,8227,8225,8222,8220,8217,8215,8212,8209,8207]",8207,8226.3125,8247,0,0,[],,,,16
12582912,1,60,decode_only,33.059573732316494,16,"[8248,8244,8242,8238,8237,8233,8232,8228,8226,8223,8221,8218,8216,8213,8210,8208]",8208,8227.3125,8248,0,0,[],,,,16
12582912,1,61,decode_only,32.80646167695522,16,"[8249,8245,8243,8239,8238,8234,8233,8229,8227,8224,8222,8219,8217,8214,8211,8209]",8209,8228.3125,8249,0,0,[],,,,16
12582912,1,62,decode_only,32.69400354474783,16,"[8250,8246,8244,8240,8239,8235,8234,8230,8228,8225,8223,8220,8218,8215,8212,8210]",8210,8229.3125,8250,0,0,[],,,,16
12582912,1,63,decode_only,33.03407225757837,16,"[8251,8247,8245,8241,8240,8236,8235,8231,8229,8226,8224,8221,8219,8216,8213,8211]",8211,8230.3125,8251,0,0,[],,,,16
12582912,1,64,decode_only,33.23203697800636,16,"[8252,8248,8246,8242,8241,8237,8236,8232,8230,8227,8225,8222,8220,8217,8214,8212]",8212,8231.3125,8252,0,0,[],,,,16
12582912,1,65,decode_only,32.59064257144928,16,"[8253,8249,8247,8243,8242,8238,8237,8233,8231,8228,8226,8223,8221,8218,8215,8213]",8213,8232.3125,8253,0,0,[],,,,16
12582912,1,66,decode_only,33.409460447728634,16,"[8254,8250,8248,8244,8243,8239,8238,8234,8232,8229,8227,8224,8222,8219,8216,8214]",8214,8233.3125,8254,0,0,[],,,,16
12582912,1,67,decode_only,31.682686880230904,15,"[8251,8249,8245,8244,8240,8239,8235,8233,8230,8228,8225,8223,8220,8217,8215]",8215,8232.933333333332,8251,0,0,[],,,,15
12582912,1,68,decode_only,31.292474828660488,15,"[8252,8250,8246,8245,8241,8240,8236,8234,8231,8229,8226,8224,8221,8218,8216]",8216,8233.933333333332,8252,0,0,[],,,,15
12582912,1,69,decode_only,31.66489489376545,15,"[8253,8251,8247,8246,8242,8241,8237,8235,8232,8230,8227,8225,8222,8219,8217]",8217,8234.933333333332,8253,0,0,[],,,,15
12582912,1,70,decode_only,31.698040664196014,15,"[8254,8252,8248,8247,8243,8242,8238,8236,8233,8231,8228,8226,8223,8220,8218]",8218,8235.933333333332,8254,0,0,[],,,,15
12582912,1,71,decode_only,32.74070844054222,14,"[8253,8249,8248,8244,8243,8239,8237,8234,8232,8229,8227,8224,8221,8219]",8219,8235.642857142857,8253,0,0,[],,,,14
12582912,1,72,decode_only,33.235703594982624,14,"[8254,8250,8249,8245,8244,8240,8238,8235,8233,8230,8228,8225,8222,8220]",8220,8236.642857142857,8254,0,0,[],,,,14
12582912,1,73,decode_only,30.870960094034672,13,"[8251,8250,8246,8245,8241,8239,8236,8234,8231,8229,8226,8223,8221]",8221,8236.307692307691,8251,0,0,[],,,,13
12582912,1,74,decode_only,30.725309625267982,13,"[8252,8251,8247,8246,8242,8240,8237,8235,8232,8230,8227,8224,8222]",8222,8237.307692307691,8252,0,0,[],,,,13
12582912,1,75,decode_only,30.78673779964447,13,"[8253,8252,8248,8247,8243,8241,8238,8236,8233,8231,8228,8225,8223]",8223,8238.307692307691,8253,0,0,[],,,,13
12582912,1,76,decode_only,30.785366892814636,13,"[8254,8253,8249,8248,8244,8242,8239,8237,8234,8232,8229,8226,8224]",8224,8239.307692307691,8254,0,0,[],,,,13
12582912,1,77,decode_only,30.97621724009514,12,"[8254,8250,8249,8245,8243,8240,8238,8235,8233,8230,8227,8225]",8225,8239.083333333334,8254,0,0,[],,,,12
12582912,1,78,decode_only,29.83840648084879,11,"[8251,8250,8246,8244,8241,8239,8236,8234,8231,8228,8226]",8226,8238.727272727272,8251,0,0,[],,,,11
12582912,1,79,decode_only,29.802920296788216,11,"[8252,8251,8247,8245,8242,8240,8237,8235,8232,8229,8227]",8227,8239.727272727272,8252,0,0,[],,,,11
12582912,1,80,decode_only,29.76289764046669,11,"[8253,8252,8248,8246,8243,8241,8238,8236,8233,8230,8228]",8228,8240.727272727272,8253,0,0,[],,,,11
12582912,1,81,decode_only,29.751119203865528,11,"[8254,8253,8249,8247,8244,8242,8239,8237,8234,8231,8229]",8229,8241.727272727272,8254,0,0,[],,,,11
12582912,1,82,decode_only,30.029906891286373,10,"[8254,8250,8248,8245,8243,8240,8238,8235,8232,8230]",8230,8241.5,8254,0,0,[],,,,10
12582912,1,83,decode_only,29.91395629942417,9,"[8251,8249,8246,8244,8241,8239,8236,8233,8231]",8231,8241.111111111111,8251,0,0,[],,,,9
12582912,1,84,decode_only,29.832140542566776,9,"[8252,8250,8247,8245,8242,8240,8237,8234,8232]",8232,8242.111111111111,8252,0,0,[],,,,9
12582912,1,85,decode_only,30.037909746170044,9,"[8253,8251,8248,8246,8243,8241,8238,8235,8233]",8233,8243.111111111111,8253,0,0,[],,,,9
12582912,1,86,decode_only,30.680165626108646,9,"[8254,8252,8249,8247,8244,8242,8239,8236,8234]",8234,8244.111111111111,8254,0,0,[],,,,9
12582912,1,87,decode_only,30.03826830536127,8,"[8253,8250,8248,8245,8243,8240,8237,8235]",8235,8243.875,8253,0,0,[],,,,8
12582912,1,88,decode_only,30.00457864254713,8,"[8254,8251,8249,8246,8244,8241,8238,8236]",8236,8244.875,8254,0,0,[],,,,8
12582912,1,89,decode_only,30.159786343574524,7,"[8252,8250,8247,8245,8242,8239,8237]",8237,8244.57142857143,8252,0,0,[],,,,7
12582912,1,90,decode_only,30.07584996521473,7,"[8253,8251,8248,8246,8243,8240,8238]",8238,8245.57142857143,8253,0,0,[],,,,7
12582912,1,91,decode_only,30.01901227980852,7,"[8254,8252,8249,8247,8244,8241,8239]",8239,8246.57142857143,8254,0,0,[],,,,7
12582912,1,92,decode_only,30.531891621649265,6,"[8253,8250,8248,8245,8242,8240]",8240,8246.333333333334,8253,0,0,[],,,,6
12582912,1,93,decode_only,30.82253225147724,6,"[8254,8251,8249,8246,8243,8241]",8241,8247.333333333334,8254,0,0,[],,,,6
12582912,1,94,decode_only,29.624310322105885,5,"[8252,8250,8247,8244,8242]",8242,8247.0,8252,0,0,[],,,,5
12582912,1,95,decode_only,29.368541203439236,5,"[8253,8251,8248,8245,8243]",8243,8248.0,8253,0,0,[],,,,5
12582912,1,96,decode_only,29.901407659053802,5,"[8254,8252,8249,8246,8244]",8244,8249.0,8254,0,0,[],,,,5
12582912,1,97,decode_only,30.928300693631172,4,"[8253,8250,8247,8245]",8245,8248.75,8253,0,0,[],,,,4
12582912,1,98,decode_only,30.23629356175661,4,"[8254,8251,8248,8246]",8246,8249.75,8254,0,0,[],,,,4
12582912,1,99,decode_only,29.76663690060377,3,"[8252,8249,8247]",8247,8249.333333333334,8252,0,0,[],,,,3
12582912,1,100,decode_only,29.395965859293938,3,"[8253,8250,8248]",8248,8250.333333333334,8253,0,0,[],,,,3
12582912,1,101,decode_only,29.38858885318041,3,"[8254,8251,8249]",8249,8251.333333333334,8254,0,0,[],,,,3
12582912,1,102,decode_only,29.835958033800125,2,"[8252,8250]",8250,8251.0,8252,0,0,[],,,,2
12582912,1,103,decode_only,29.482949525117874,2,"[8253,8251]",8251,8252.0,8253,0,0,[],,,,2
12582912,1,104,decode_only,29.41618300974369,2,"[8254,8252]",8252,8253.0,8254,0,0,[],,,,2
12582912,1,105,decode_only,37.33124863356352,1,[8253],8253,8253.0,8253,0,0,[],,,,1
12582912,1,106,decode_only,30.359727330505848,1,[8254],8254,8254.0,8254,0,0,[],,,,1
12582912,2,0,prefill_only,17.655997537076473,0,[],,,,2048,2098176,[0],0,0.0,0,2048
12582912,2,1,prefill_only,20.387127995491028,0,[],,,,2048,6292480,[2048],2048,2048.0,2048,2048
12582912,2,2,prefill_only,23.75453431159258,0,[],,,,2048,10486784,[4096],4096,4096.0,4096,2048
12582912,2,3,prefill_only,58.04894492030144,0,[],,,,6144,18877440,"[6144,0,0]",0,2048.0,6144,6144
12582912,2,4,mixed,65.62407687306404,1,[8192],8192,8192.0,8192,4158,12582880,"[2048,2048,0]",0,1365.3333333333333,2048,4159
12582912,2,5,mixed,61.262862756848335,1,[8193],8193,8193.0,8193,2561,12582911,"[4096,4095,63,0,0]",0,1650.8,4096,2562
12582912,2,6,mixed,55.21935410797596,1,[8194],8194,8194.0,8194,1810,12582911,"[6144,4578,81,9]",9,2703.0,6144,1811
12582912,2,7,mixed,61.02227047085762,1,[8195],8195,8195.0,8195,2209,12582912,"[7931,4579,96,16,3,0,0]",0,1803.5714285714287,7931,2210
12582912,2,8,mixed,54.40089851617813,2,"[8196,8192]",8192,8194.0,8196,1723,12582912,"[6474,138,22,5,2]",2,1328.2,6474,1725
12582912,2,9,mixed,112.24035266786814,2,"[8197,8193]",8193,8195.0,8197,12154,12582912,"[8190,140,24,7,3,1,0,0,0]",0,929.4444444444445,8190,12156
12582912,2,10,mixed,63.94834443926811,3,"[8198,8194,8192]",8192,8194.666666666666,8198,4013,12582275,"[2188,2072]",2072,2130.0,2188,4016
12582912,2,11,mixed,59.3074019998312,3,"[8199,8195,8193]",8193,8195.666666666666,8199,2474,12581810,"[4236,4037,2055]",2055,3442.6666666666665,4236,2477
12582912,2,12,mixed,54.097880609333515,3,"[8200,8196,8194]",8194,8196.666666666666,8200,1757,12581813,"[6284,4462]",4462,5373.0,6284,1760
12582912,2,13,mixed,58.87366831302643,3,"[8201,8197,8195]",8195,8197.666666666666,8201,2253,12582507,"[8040,4463,2056]",2056,4853.0,8040,2256
12582912,2,14,mixed,54.53947093337774,4,"[8202,8198,8196,8192]",8192,8197.0,8202,1784,12581295,"[6511,2109]",2109,4310.0,6511,1788
12582912,2,15,mixed,64.52054623514414,5,"[8203,8199,8197,8193,8192]",8192,8196.8,8203,4011,12582131,"[2212,2051]",2051,2131.5,2212,4016
12582912,2,16,mixed,60.17536483705044,5,"[8204,8200,8198,8194,8193]",8193,8197.8,8204,2465,12581266,"[4260,4014,2049]",2049,3441.0,4260,2470
12582912,2,17,mixed,53.641815669834614,5,"[8205,8201,8199,8195,8194]",8194,8198.8,8205,1751,12579184,[6308],6308,6308.0,6308,1756
12582912,2,18,mixed,59.77256782352924,5,"[8206,8202,8200,8196,8195]",8195,8199.8,8206,2336,12581414,"[8059,4430,2050]",2050,4846.333333333333,8059,2341
12582912,2,19,mixed,54.00644242763519,6,"[8207,8203,8201,8197,8196,8192]",8192,8199.333333333334,8207,1718,12581877,"[6478,2205]",2205,4341.5,6478,1724
12582912,2,20,mixed,66.82755053043365,7,"[8208,8204,8202,8198,8197,8193,8192]",8192,8199.142857142857,8208,4431,12582912,"[2209,1852,51,9,0,0]",0,686.8333333333334,2209,4438
12582912,2,21,mixed,61.398882418870926,7,"[8209,8205,8203,8199,8198,8194,8193]",8193,8200.142857142857,8209,2497,12582912,"[4257,3900,376,15,3,1]",1,1425.3333333333333,4257,2504
12582912,2,22,mixed,53.61046176403761,7,"[8210,8206,8204,8200,8199,8195,8194]",8194,8201.142857142857,8210,1752,12581988,[6305],6305,6305.0,6305,1759
12582912,2,23,mixed,63.34678828716278,7,"[8211,8207,8205,8201,8200,8196,8195]",8195,8202.142857142857,8211,2900,12582906,"[8057,4329,378,28]",28,3198.0,8057,2907
12582912,2,24,mixed,54.27609942853451,8,"[8212,8208,8206,8202,8201,8197,8196,8192]",8192,8201.75,8212,1749,12582905,"[6377,1089,34]",34,2500.0,6377,1757
12582912,2,25,mixed,99.60961900651455,8,"[8213,8209,8207,8203,8202,8198,8197,8193]",8193,8202.75,8213,9861,12582907,"[8113,1093,43,7,2,0,0,0]",0,1157.25,8113,9869
12582912,2,26,mixed,63.43214586377144,9,"[8214,8210,8208,8204,8203,8199,8198,8194,8192]",8192,8202.444444444445,8214,3489,12581560,"[3141,2091,2055]",2055,2429.0,3141,3498
12582912,2,27,mixed,53.776176646351814,9,"[8215,8211,8209,8205,8204,8200,8199,8195,8193]",8193,8203.444444444445,8215,2028,12580698,[5189],5189,5189.0,5189,2037
12582912,2,28,mixed,56.57820496708155,9,"[8216,8212,8210,8206,8205,8201,8200,8196,8194]",8194,8204.444444444445,8216,2199,12581321,"[7217,3531,2056]",2056,4268.0,7217,2208
12582912,2,29,mixed,57.71334562450647,10,"[8217,8213,8211,8207,8206,8202,8201,8197,8195,8192]",8192,8204.1,8217,2384,12582136,"[4754,2057]",2057,3405.5,4754,2394
12582912,2,30,mixed,59.027720242738724,10,"[8218,8214,8212,8208,8207,8203,8202,8198,8196,8193]",8193,8205.1,8218,2167,12582020,"[6802,2393,2050]",2050,3748.3333333333335,6802,2177
12582912,2,31,mixed,62.31166981160641,11,"[8219,8215,8213,8209,8208,8204,8203,8199,8197,8194,8192]",8192,8204.818181818182,8219,3489,12582740,"[3169,2051]",2051,2610.0,3169,3500
12582912,2,32,mixed,53.71594335883856,11,"[8220,8216,8214,8210,8209,8205,8204,8200,8198,8195,8193]",8193,8205.818181818182,8220,2020,12579550,[5217],5217,5217.0,5217,2031
12582912,2,33,mixed,56.84114992618561,11,"[8221,8217,8215,8211,8210,8206,8205,8201,8199,8196,8194]",8194,8206.818181818182,8221,2226,12582910,"[7237,3492,1549,36,5]",5,2463.8,7237,2237
12582912,2,34,mixed,59.00710541754961,12,"[8222,8218,8216,8212,8211,8207,8206,8202,8200,8197,8195,8192]",8192,8206.5,8222,2493,12582905,"[4756,1550,40,7]",7,1588.25,4756,2505
12582912,2,35,mixed,60.434662736952305,12,"[8223,8219,8217,8213,8212,8208,8207,8203,8201,8198,8196,8193]",8193,8207.5,8223,2295,12582901,"[6804,1972,61,9]",9,2211.5,6804,2307
12582912,2,36,mixed,79.35427129268646,13,"[8224,8220,8218,8214,8213,8209,8208,8204,8202,8199,8197,8194,8192]",8192,8207.23076923077,8224,6144,12334080,"[2870,68,11]",11,983.0,2870,6157
12582912,2,37,mixed,57.91561771184206,13,"[8225,8221,8219,8215,8214,8210,8209,8205,8203,8200,8198,8195,8193]",8193,8208.23076923077,8225,2234,12581207,"[4918,2116]",2116,3517.0,4918,2247
12582912,2,38,mixed,60.02116110175848,13,"[8226,8222,8220,8216,8215,8211,8210,8206,8204,8201,8199,8196,8194]",8194,8209.23076923077,8226,2370,12580895,"[6966,2302]",2302,4634.0,6966,2383
12582912,2,39,mixed,64.93119988590479,14,"[8227,8223,8221,8217,8216,8212,8211,8207,8205,8202,8200,8197,8195,8192]",8192,8208.92857142857,8227,3319,12580929,"[3446,2059]",2059,2752.5,3446,3333
12582912,2,40,mixed,55.98003417253494,14,"[8228,8224,8222,8218,8217,8213,8212,8208,8206,8203,8201,8198,8196,8193]",8193,8209.92857142857,8228,1946,12581646,"[5494,3330]",3330,4412.0,5494,1960
12582912,2,41,mixed,58.988296426832676,14,"[8229,8225,8223,8219,8218,8214,8213,8209,8207,8204,8202,8199,8197,8194]",8194,8210.92857142857,8229,2370,12579828,"[7439,3331]",3331,5385.0,7439,2384
12582912,2,42,mixed,54.75168116390705,15,"[8230,8226,8224,8220,8219,8215,8214,8210,8208,8205,8203,8200,8198,8195,8192]",8192,8210.6,8230,2048,12231680,[4948],4948,4948.0,4948,2063
12582912,2,43,mixed,50.581589341163635,15,"[8231,8227,8225,8221,8220,8216,8215,8211,8209,8206,8204,8201,8199,8196,8193]",8193,8211.6,8231,1196,9083022,[6996],6996,6996.0,6996,1211
12582912,2,44,decode_only,32.65982307493687,16,"[8232,8228,8226,8222,8221,8217,8216,8212,8210,8207,8205,8202,8200,8197,8194,8192]",8192,8211.3125,8232,0,0,[],,,,16
12582912,2,45,decode_only,32.492268830537796,16,"[8233,8229,8227,8223,8222,8218,8217,8213,8211,8208,8206,8203,8201,8198,8195,8193]",8193,8212.3125,8233,0,0,[],,,,16
12582912,2,46,decode_only,32.484800554811954,16,"[8234,8230,8228,8224,8223,8219,8218,8214,8212,8209,8207,8204,8202,8199,8196,8194]",8194,8213.3125,8234,0,0,[],,,,16
12582912,2,47,decode_only,32.46827982366085,16,"[8235,8231,8229,8225,8224,8220,8219,8215,8213,8210,8208,8205,8203,8200,8197,8195]",8195,8214.3125,8235,0,0,[],,,,16
12582912,2,48,decode_only,32.42696262896061,16,"[8236,8232,8230,8226,8225,8221,8220,8216,8214,8211,8209,8206,8204,8201,8198,8196]",8196,8215.3125,8236,0,0,[],,,,16
12582912,2,49,decode_only,32.45310205966234,16,"[8237,8233,8231,8227,8226,8222,8221,8217,8215,8212,8210,8207,8205,8202,8199,8197]",8197,8216.3125,8237,0,0,[],,,,16
12582912,2,50,decode_only,32.51070249825716,16,"[8238,8234,8232,8228,8227,8223,8222,8218,8216,8213,8211,8208,8206,8203,8200,8198]",8198,8217.3125,8238,0,0,[],,,,16
12582912,2,51,decode_only,32.45632816106081,16,"[8239,8235,8233,8229,8228,8224,8223,8219,8217,8214,8212,8209,8207,8204,8201,8199]",8199,8218.3125,8239,0,0,[],,,,16
12582912,2,52,decode_only,32.53169637173414,16,"[8240,8236,8234,8230,8229,8225,8224,8220,8218,8215,8213,8210,8208,8205,8202,8200]",8200,8219.3125,8240,0,0,[],,,,16
12582912,2,53,decode_only,32.517775893211365,16,"[8241,8237,8235,8231,8230,8226,8225,8221,8219,8216,8214,8211,8209,8206,8203,8201]",8201,8220.3125,8241,0,0,[],,,,16
12582912,2,54,decode_only,32.42552001029253,16,"[8242,8238,8236,8232,8231,8227,8226,8222,8220,8217,8215,8212,8210,8207,8204,8202]",8202,8221.3125,8242,0,0,[],,,,16
12582912,2,55,decode_only,32.51559566706419,16,"[8243,8239,8237,8233,8232,8228,8227,8223,8221,8218,8216,8213,8211,8208,8205,8203]",8203,8222.3125,8243,0,0,[],,,,16
12582912,2,56,decode_only,32.50296600162983,16,"[8244,8240,8238,8234,8233,8229,8228,8224,8222,8219,8217,8214,8212,8209,8206,8204]",8204,8223.3125,8244,0,0,[],,,,16
12582912,2,57,decode_only,32.4591351673007,16,"[8245,8241,8239,8235,8234,8230,8229,8225,8223,8220,8218,8215,8213,8210,8207,8205]",8205,8224.3125,8245,0,0,[],,,,16
12582912,2,58,decode_only,32.459608279168606,16,"[8246,8242,8240,8236,8235,8231,8230,8226,8224,8221,8219,8216,8214,8211,8208,8206]",8206,8225.3125,8246,0,0,[],,,,16
12582912,2,59,decode_only,32.55124855786562,16,"[8247,8243,8241,8237,8236,8232,8231,8227,8225,8222,8220,8217,8215,8212,8209,8207]",8207,8226.3125,8247,0,0,[],,,,16
12582912,2,60,decode_only,32.46489632874727,16,"[8248,8244,8242,8238,8237,8233,8232,8228,8226,8223,8221,8218,8216,8213,8210,8208]",8208,8227.3125,8248,0,0,[],,,,16
12582912,2,61,decode_only,32.523917965590954,16,"[8249,8245,8243,8239,8238,8234,8233,8229,8227,8224,8222,8219,8217,8214,8211,8209]",8209,8228.3125,8249,0,0,[],,,,16
12582912,2,62,decode_only,32.58389886468649,16,"[8250,8246,8244,8240,8239,8235,8234,8230,8228,8225,8223,8220,8218,8215,8212,8210]",8210,8229.3125,8250,0,0,[],,,,16
12582912,2,63,decode_only,32.48182404786348,16,"[8251,8247,8245,8241,8240,8236,8235,8231,8229,8226,8224,8221,8219,8216,8213,8211]",8211,8230.3125,8251,0,0,[],,,,16
12582912,2,64,decode_only,32.507448457181454,16,"[8252,8248,8246,8242,8241,8237,8236,8232,8230,8227,8225,8222,8220,8217,8214,8212]",8212,8231.3125,8252,0,0,[],,,,16
12582912,2,65,decode_only,32.596854493021965,16,"[8253,8249,8247,8243,8242,8238,8237,8233,8231,8228,8226,8223,8221,8218,8215,8213]",8213,8232.3125,8253,0,0,[],,,,16
12582912,2,66,decode_only,32.56985265761614,16,"[8254,8250,8248,8244,8243,8239,8238,8234,8232,8229,8227,8224,8222,8219,8216,8214]",8214,8233.3125,8254,0,0,[],,,,16
12582912,2,67,decode_only,31.417028978466988,15,"[8251,8249,8245,8244,8240,8239,8235,8233,8230,8228,8225,8223,8220,8217,8215]",8215,8232.933333333332,8251,0,0,[],,,,15
12582912,2,68,decode_only,31.410318799316883,15,"[8252,8250,8246,8245,8241,8240,8236,8234,8231,8229,8226,8224,8221,8218,8216]",8216,8233.933333333332,8252,0,0,[],,,,15
12582912,2,69,decode_only,31.243271194398403,15,"[8253,8251,8247,8246,8242,8241,8237,8235,8232,8230,8227,8225,8222,8219,8217]",8217,8234.933333333332,8253,0,0,[],,,,15
12582912,2,70,decode_only,31.237433664500713,15,"[8254,8252,8248,8247,8243,8242,8238,8236,8233,8231,8228,8226,8223,8220,8218]",8218,8235.933333333332,8254,0,0,[],,,,15
12582912,2,71,decode_only,32.12013468146324,14,"[8253,8249,8248,8244,8243,8239,8237,8234,8232,8229,8227,8224,8221,8219]",8219,8235.642857142857,8253,0,0,[],,,,14
12582912,2,72,decode_only,31.95791319012642,14,"[8254,8250,8249,8245,8244,8240,8238,8235,8233,8230,8228,8225,8222,8220]",8220,8236.642857142857,8254,0,0,[],,,,14
12582912,2,73,decode_only,30.604788102209568,13,"[8251,8250,8246,8245,8241,8239,8236,8234,8231,8229,8226,8223,8221]",8221,8236.307692307691,8251,0,0,[],,,,13
12582912,2,74,decode_only,30.599535442888737,13,"[8252,8251,8247,8246,8242,8240,8237,8235,8232,8230,8227,8224,8222]",8222,8237.307692307691,8252,0,0,[],,,,13
12582912,2,75,decode_only,30.651909299194813,13,"[8253,8252,8248,8247,8243,8241,8238,8236,8233,8231,8228,8225,8223]",8223,8238.307692307691,8253,0,0,[],,,,13
12582912,2,76,decode_only,30.62682691961527,13,"[8254,8253,8249,8248,8244,8242,8239,8237,8234,8232,8229,8226,8224]",8224,8239.307692307691,8254,0,0,[],,,,13
12582912,2,77,decode_only,30.664253048598766,12,"[8254,8250,8249,8245,8243,8240,8238,8235,8233,8230,8227,8225]",8225,8239.083333333334,8254,0,0,[],,,,12
12582912,2,78,decode_only,29.755511321127415,11,"[8251,8250,8246,8244,8241,8239,8236,8234,8231,8228,8226]",8226,8238.727272727272,8251,0,0,[],,,,11
12582912,2,79,decode_only,29.676944948732853,11,"[8252,8251,8247,8245,8242,8240,8237,8235,8232,8229,8227]",8227,8239.727272727272,8252,0,0,[],,,,11
12582912,2,80,decode_only,29.69715464860201,11,"[8253,8252,8248,8246,8243,8241,8238,8236,8233,8230,8228]",8228,8240.727272727272,8253,0,0,[],,,,11
12582912,2,81,decode_only,29.742682352662086,11,"[8254,8253,8249,8247,8244,8242,8239,8237,8234,8231,8229]",8229,8241.727272727272,8254,0,0,[],,,,11
12582912,2,82,decode_only,29.530327767133713,10,"[8254,8250,8248,8245,8243,8240,8238,8235,8232,8230]",8230,8241.5,8254,0,0,[],,,,10
12582912,2,83,decode_only,29.680893756449223,9,"[8251,8249,8246,8244,8241,8239,8236,8233,8231]",8231,8241.111111111111,8251,0,0,[],,,,9
12582912,2,84,decode_only,29.783918522298336,9,"[8252,8250,8247,8245,8242,8240,8237,8234,8232]",8232,8242.111111111111,8252,0,0,[],,,,9
12582912,2,85,decode_only,29.714741744101048,9,"[8253,8251,8248,8246,8243,8241,8238,8235,8233]",8233,8243.111111111111,8253,0,0,[],,,,9
12582912,2,86,decode_only,29.65161483734846,9,"[8254,8252,8249,8247,8244,8242,8239,8236,8234]",8234,8244.111111111111,8254,0,0,[],,,,9
12582912,2,87,decode_only,30.02331592142582,8,"[8253,8250,8248,8245,8243,8240,8237,8235]",8235,8243.875,8253,0,0,[],,,,8
12582912,2,88,decode_only,29.788740910589695,8,"[8254,8251,8249,8246,8244,8241,8238,8236]",8236,8244.875,8254,0,0,[],,,,8
12582912,2,89,decode_only,29.623529873788357,7,"[8252,8250,8247,8245,8242,8239,8237]",8237,8244.57142857143,8252,0,0,[],,,,7
12582912,2,90,decode_only,29.672191478312016,7,"[8253,8251,8248,8246,8243,8240,8238]",8238,8245.57142857143,8253,0,0,[],,,,7
12582912,2,91,decode_only,29.80527188628912,7,"[8254,8252,8249,8247,8244,8241,8239]",8239,8246.57142857143,8254,0,0,[],,,,7
12582912,2,92,decode_only,30.37228062748909,6,"[8253,8250,8248,8245,8242,8240]",8240,8246.333333333334,8253,0,0,[],,,,6
12582912,2,93,decode_only,30.372319743037224,6,"[8254,8251,8249,8246,8243,8241]",8241,8247.333333333334,8254,0,0,[],,,,6
12582912,2,94,decode_only,29.387359507381916,5,"[8252,8250,8247,8244,8242]",8242,8247.0,8252,0,0,[],,,,5
12582912,2,95,decode_only,29.347237199544907,5,"[8253,8251,8248,8245,8243]",8243,8248.0,8253,0,0,[],,,,5
12582912,2,96,decode_only,29.32571992278099,5,"[8254,8252,8249,8246,8244]",8244,8249.0,8254,0,0,[],,,,5
12582912,2,97,decode_only,30.504791997373104,4,"[8253,8250,8247,8245]",8245,8248.75,8253,0,0,[],,,,4
12582912,2,98,decode_only,30.63214849680662,4,"[8254,8251,8248,8246]",8246,8249.75,8254,0,0,[],,,,4
12582912,2,99,decode_only,29.269302263855934,3,"[8252,8249,8247]",8247,8249.333333333334,8252,0,0,[],,,,3
12582912,2,100,decode_only,29.36714794486761,3,"[8253,8250,8248]",8248,8250.333333333334,8253,0,0,[],,,,3
12582912,2,101,decode_only,29.383273795247078,3,"[8254,8251,8249]",8249,8251.333333333334,8254,0,0,[],,,,3
12582912,2,102,decode_only,29.522732831537724,2,"[8252,8250]",8250,8251.0,8252,0,0,[],,,,2
12582912,2,103,decode_only,29.476258903741837,2,"[8253,8251]",8251,8252.0,8253,0,0,[],,,,2
12582912,2,104,decode_only,29.419546015560627,2,"[8254,8252]",8252,8253.0,8254,0,0,[],,,,2
12582912,2,105,decode_only,30.223816633224487,1,[8253],8253,8253.0,8253,0,0,[],,,,1
12582912,2,106,decode_only,30.062095262110233,1,[8254],8254,8254.0,8254,0,0,[],,,,1
8388608,0,0,prefill_only,17.236842773854733,0,[],,,,2048,2098176,[0],0,0.0,0,2048
8388608,0,1,prefill_only,20.379776135087013,0,[],,,,2048,6292480,[2048],2048,2048.0,2048,2048
8388608,0,2,prefill_only,23.57326913625002,0,[],,,,2048,10486784,[4096],4096,4096.0,4096,2048
8388608,0,3,prefill_only,57.20746051520109,0,[],,,,6144,18877440,"[6144,0,0]",0,2048.0,6144,6144
8388608,0,4,mixed,57.51320719718933,1,[8192],8192,8192.0,8192,2962,8388542,"[2048,2048,0]",0,1365.3333333333333,2048,2963
8388608,0,5,mixed,48.71203191578388,1,[8193],8193,8193.0,8193,1696,8385872,[4096],4096,4096.0,4096,1697
8388608,0,6,mixed,49.47789944708347,1,[8194],8194,8194.0,8194,1321,8388608,"[5792,2895,67,0,0,0]",0,1459.0,5792,1322
8388608,0,7,mixed,49.73757825791836,1,[8195],8195,8195.0,8195,1134,8388608,"[7093,2897,73,9,2]",2,2014.8,7093,1135
8388608,0,8,mixed,58.59385896474123,1,[8196],8196,8196.0,8196,2806,8388608,"[8190,2898,100,15,5]",5,2241.6,8190,2807
8388608,0,9,mixed,49.11618772894144,2,"[8197,8192]",8192,8194.5,8197,1494,8388607,"[4946,828,42,6]",6,1455.5,4946,1496
8388608,0,10,mixed,49.06964208930731,2,"[8198,8193]",8193,8195.5,8198,1200,8388608,"[6421,833,53,9,1]",1,1463.4,6421,1202
8388608,0,11,mixed,60.33717282116413,2,"[8199,8194]",8194,8196.5,8199,2822,8388608,"[7616,834,54,10,3,0,0]",0,1216.7142857142858,7616,2824
8388608,0,12,mixed,53.88516280800104,3,"[8200,8195,8192]",8192,8195.666666666666,8200,2749,8388608,"[2882,248,11,4,1,1]",1,524.5,2882,2752
8388608,0,13,mixed,48.955718986690044,3,"[8201,8196,8193]",8193,8196.666666666666,8201,1503,8388606,"[4930,914,41,7,2]",2,1178.8,4930,1506
8388608,0,14,mixed,46.82718962430954,3,"[8202,8197,8194]",8194,8197.666666666666,8202,1197,8388576,[6409],6409,6409.0,6409,1200
8388608,0,15,mixed,57.35845025628805,3,"[8203,8198,8195]",8195,8198.666666666666,8203,2592,8388608,"[7606,916,57,12]",12,2147.75,7606,2595
8388608,0,16,mixed,56.39135371893644,4,"[8204,8199,8196,8192]",8192,8197.75,8204,2859,8388608,"[2890,84,17,3,2]",2,599.2,2890,2863
8388608,0,17,mixed,49.14723336696625,4,"[8205,8200,8197,8193]",8193,8198.75,8205,1491,8388608,"[4938,865,41,7,4,0]",0,975.8333333333334,4938,1495
8388608,0,18,mixed,46.78896348923445,4,"[8206,8201,8198,8194]",8194,8199.75,8206,1196,8388146,[6415],6415,6415.0,6415,1200
8388608,0,19,mixed,57.43701849132776,4,"[8207,8202,8199,8195]",8195,8200.75,8207,2621,8388606,"[7611,869,45,10]",10,2133.75,7611,2625
8388608,0,20,mixed,56.80793058127165,5,"[8208,8203,8200,8196,8192]",8192,8199.8,8208,2868,8388606,"[2889,62,13,5]",5,742.25,2889,2873
8388608,0,21,mixed,49.28821697831154,5,"[8209,8204,8201,8197,8193]",8193,8200.8,8209,1507,8388608,"[4937,866,27,7,2,0,0]",0,834.1428571428571,4937,1512
8388608,0,22,mixed,48.7970057874918,5,"[8210,8205,8202,8198,8194]",8194,8201.8,8210,1212,8388608,"[6414,871,48,8]",8,1835.25,6414,1217
8388608,0,23,mixed,57.36120417714119,5,"[8211,8206,8203,8199,8195]",8195,8202.8,8211,2623,8388608,"[7610,872,62,9]",9,2138.25,7610,2628
8388608,0,24,mixed,56.09202291816473,6,"[8212,8207,8204,8200,8196,8192]",8192,8201.833333333334,8212,2836,8388598,"[2887,85]",85,1486.0,2887,2842
8388608,0,25,mixed,48.96304663270712,6,"[8213,8208,8205,8201,8197,8193]",8193,8202.833333333334,8213,1514,8388607,"[4935,873,12,3]",3,1455.75,4935,1520
8388608,0,26,mixed,48.966686241328716,6,"[8214,8209,8206,8202,8198,8194]",8194,8203.833333333334,8214,1204,8388602,"[6413,874,41]",41,2442.6666666666665,6413,1210
8388608,0,27,mixed,57.67646338790655,6,"[8215,8210,8207,8203,8199,8195]",8195,8204.833333333334,8215,2622,8388608,"[7609,877,46,9,1,1]",1,1423.8333333333333,7609,2628
8388608,0,28,mixed,56.65515083819628,7,"[8216,8211,8208,8204,8200,8196,8192]",8192,8203.857142857143,8216,2882,8388606,"[2886,69,13,3]",3,742.75,2886,2889
8388608,0,29,mixed,49.195087514817715,7,"[8217,8212,8209,8205,8201,8197,8193]",8193,8204.857142857143,8217,1497,8388608,"[4934,873,42,4,2,0]",0,975.8333333333334,4934,1504
8388608,0,30,mixed,49.206812866032124,7,"[8218,8213,8210,8206,8202,8198,8194]",8194,8205.857142857143,8218,1212,8388608,"[6412,876,53,7,3,1]",1,1225.3333333333333,6412,1219
8388608,0,31,mixed,57.587116956710815,7,"[8219,8214,8211,8207,8203,8199,8195]",8195,8206.857142857143,8219,2620,8388606,"[7608,880,62,8]",8,2139.5,7608,2627
8388608,0,32,mixed,56.67458567768335,8,"[8220,8215,8212,8208,8204,8200,8196,8192]",8192,8205.875,8220,2859,8388608,"[2884,90,12,4]",4,747.5,2884,2867
8388608,0,33,mixed,49.17966015636921,8,"[8221,8216,8213,8209,8205,8201,8197,8193]",8193,8206.875,8221,1507,8388606,"[4932,880,32,5]",5,1462.25,4932,1515
8388608,0,34,mixed,49.14321284741163,8,"[8222,8217,8214,8210,8206,8202,8198,8194]",8194,8207.875,8222,1212,8388608,"[6410,886,51,9,2]",2,1471.6,6410,1220
8388608,0,35,mixed,57.71515239030123,8,"[8223,8218,8215,8211,8207,8203,8199,8195]",8195,8208.875,8223,2601,8388608,"[7606,893,54,13,4,0,0]",0,1224.2857142857142,7606,2609
8388608,0,36,mixed,56.77512753754854,9,"[8224,8219,8216,8212,8208,8204,8200,8196,8192]",8192,8207.888888888889,8224,2874,8388608,"[2883,75,14,5,1,1]",1,496.5,2883,2883
8388608,0,37,mixed,48.926712945103645,9,"[8225,8220,8217,8213,8209,8205,8201,8197,8193]",8193,8208.888888888889,8225,1489,8388606,"[4931,881,30]",30,1947.3333333333333,4931,1498
8388608,0,38,mixed,49.25710428506136,9,"[8226,8221,8218,8214,8210,8206,8202,8198,8194]",8194,8209.888888888889,8226,1212,8388608,"[6410,882,39,7,2]",2,1468.0,6410,1221
8388608,0,39,mixed,57.58924502879381,9,"[8227,8222,8219,8215,8211,8207,8203,8199,8195]",8195,8210.888888888889,8227,2596,8388608,"[7606,889,44,10,3]",3,1710.4,7606,2605
8388608,0,40,mixed,56.49613309651613,10,"[8228,8223,8220,8216,8212,8208,8204,8200,8196,8192]",8192,8209.9,8228,2889,8388606,"[2882,57,13]",13,984.0,2882,2899
8388608,0,41,mixed,49.29363075643778,10,"[8229,8224,8221,8217,8213,8209,8205,8201,8197,8193]",8193,8210.9,8229,1482,8388582,"[4930,882]",882,2906.0,4930,1492
8388608,0,42,mixed,47.40551020950079,10,"[8230,8225,8222,8218,8214,8210,8206,8202,8198,8194]",8194,8211.9,8230,1197,8388576,[6409],6409,6409.0,6409,1207
8388608,0,43,mixed,57.800439186394215,10,"[8231,8226,8223,8219,8215,8211,8207,8203,8199,8195]",8195,8212.9,8231,2584,8388608,"[7606,885,29,4]",4,2131.0,7606,2594
8388608,0,44,mixed,57.253628969192505,11,"[8232,8227,8224,8220,8216,8212,8208,8204,8200,8196,8192]",8192,8211.90909090909,8232,2925,8388608,"[2881,30,5,2,0]",0,583.6,2881,2936
8388608,0,45,mixed,49.66235626488924,11,"[8233,8228,8225,8221,8217,8213,8209,8205,8201,8197,8193]",8193,8212.90909090909,8233,1506,8388606,"[4929,883,25,5,1]",1,1168.6,4929,1517
8388608,0,46,mixed,49.73418731242418,11,"[8234,8229,8226,8222,8218,8214,8210,8206,8202,8198,8194]",8194,8213.90909090909,8234,1208,8388608,"[6408,887,42,9,3]",3,1469.8,6408,1219
8388608,0,47,mixed,58.732316829264164,11,"[8235,8230,8227,8223,8219,8215,8211,8207,8203,8199,8195]",8195,8214.90909090909,8235,2597,8388604,"[7605,888,49,10,5]",5,1711.4,7605,2608
8388608,0,48,mixed,57.32556339353323,12,"[8236,8231,8228,8224,8220,8216,8212,8208,8204,8200,8196,8192]",8192,8213.916666666666,8236,2900,8388608,"[2879,63,14,6]",6,740.5,2879,2912
8388608,0,49,mixed,49.66659098863602,12,"[8237,8232,8229,8225,8221,8217,8213,8209,8205,8201,8197,8193]",8193,8214.916666666666,8237,1480,8387900,[4927],4927,4927.0,4927,1492
8388608,0,50,mixed,49.75966177880764,12,"[8238,8233,8230,8226,8222,8218,8214,8210,8206,8202,8198,8194]",8194,8215.916666666666,8238,1213,8388600,"[6407,889,38]",38,2444.6666666666665,6407,1225
8388608,0,51,mixed,58.31317417323589,12,"[8239,8234,8231,8227,8223,8219,8215,8211,8207,8203,8199,8195]",8195,8216.916666666666,8239,2603,8388602,"[7604,891,52,8]",8,2138.75,7604,2615
8388608,0,52,mixed,57.33921471983194,13,"[8240,8235,8232,8228,8224,8220,8216,8212,8208,8204,8200,8196,8192]",8192,8215.923076923076,8240,2883,8388586,"[2877,77,12]",12,988.6666666666666,2877,2896
8388608,0,53,mixed,50.36372970789671,13,"[8241,8236,8233,8229,8225,8221,8217,8213,8209,8205,8201,8197,8193]",8193,8216.923076923076,8241,1486,8388591,"[4925,895,29]",29,1949.6666666666667,4925,1499
8388608,0,54,mixed,50.00471603125334,13,"[8242,8237,8234,8230,8226,8222,8218,8214,8210,8206,8202,8198,8194]",8194,8217.923076923076,8242,1210,8388582,"[6405,899,31]",31,2445.0,6405,1223
8388608,0,55,mixed,58.53653233498335,13,"[8243,8238,8235,8231,8227,8223,8219,8215,8211,8207,8203,8199,8195]",8195,8218.923076923076,8243,2582,8388581,"[7602,904,39]",39,2848.3333333333335,7602,2595
8388608,0,56,mixed,58.242020197212696,14,"[8244,8239,8236,8232,8228,8224,8220,8216,8212,8208,8204,8200,8196,8192]",8192,8217.92857142857,8244,2885,8388310,"[2876,59]",59,1467.5,2876,2899
8388608,0,57,mixed,51.16014834493399,14,"[8245,8240,8237,8233,8229,8225,8221,8217,8213,8209,8205,8201,8197,8193]",8193,8218.92857142857,8245,1485,8387955,"[4924,896]",896,2910.0,4924,1499
8388608,0,58,mixed,50.66691339015961,14,"[8246,8241,8238,8234,8230,8226,8222,8218,8214,8210,8206,8202,8198,8194]",8194,8219.92857142857,8246,1203,8388018,"[6404,901]",901,3652.5,6404,1217
8388608,0,59,mixed,59.43159572780132,14,"[8247,8242,8239,8235,8231,8227,8223,8219,8215,8211,8207,8203,8199,8195]",8195,8220.92857142857,8247,2558,8386724,"[7601,907]",907,4254.0,7601,2572
8388608,0,60,mixed,51.16899963468313,15,"[8248,8243,8240,8236,8232,8228,8224,8220,8216,8212,8208,8204,8200,8196,8192]",8192,8219.933333333332,8248,2048,7984128,[2874],2874,2874.0,2874,2063
8388608,0,61,mixed,50.2967918291688,15,"[8249,8244,8241,8237,8233,8229,8225,8221,8217,8213,8209,8205,8201,8197,8193]",8193,8220.933333333332,8249,1481,8386903,[4922],4922,4922.0,4922,1496
8388608,0,62,mixed,49.190426245331764,15,"[8250,8245,8242,8238,8234,8230,8226,8222,8218,8214,8210,8206,8202,8198,8194]",8194,8221.933333333332,8250,1197,8381394,[6403],6403,6403.0,6403,1212
8388608,0,63,mixed,47.103687189519405,15,"[8251,8246,8243,8239,8235,8231,8227,8223,8219,8215,8211,8207,8203,8199,8195]",8195,8222.933333333332,8251,592,4674728,[7600],7600,7600.0,7600,607
8388608,0,64,decode_only,32.77502581477165,16,"[8252,8247,8244,8240,8236,8232,8228,8224,8220,8216,8212,8208,8204,8200,8196,8192]",8192,8221.9375,8252,0,0,[],,,,16
8388608,0,65,decode_only,32.615198753774166,16,"[8253,8248,8245,8241,8237,8233,8229,8225,8221,8217,8213,8209,8205,8201,8197,8193]",8193,8222.9375,8253,0,0,[],,,,16
8388608,0,66,decode_only,32.59653318673372,16,"[8254,8249,8246,8242,8238,8234,8230,8226,8222,8218,8214,8210,8206,8202,8198,8194]",8194,8223.9375,8254,0,0,[],,,,16
8388608,0,67,decode_only,31.437466852366924,15,"[8250,8247,8243,8239,8235,8231,8227,8223,8219,8215,8211,8207,8203,8199,8195]",8195,8222.933333333332,8250,0,0,[],,,,15
8388608,0,68,decode_only,31.384811736643314,15,"[8251,8248,8244,8240,8236,8232,8228,8224,8220,8216,8212,8208,8204,8200,8196]",8196,8223.933333333332,8251,0,0,[],,,,15
8388608,0,69,decode_only,31.40406124293804,15,"[8252,8249,8245,8241,8237,8233,8229,8225,8221,8217,8213,8209,8205,8201,8197]",8197,8224.933333333332,8252,0,0,[],,,,15
8388608,0,70,decode_only,31.390362419188023,15,"[8253,8250,8246,8242,8238,8234,8230,8226,8222,8218,8214,8210,8206,8202,8198]",8198,8225.933333333332,8253,0,0,[],,,,15
8388608,0,71,decode_only,31.3055207952857,15,"[8254,8251,8247,8243,8239,8235,8231,8227,8223,8219,8215,8211,8207,8203,8199]",8199,8226.933333333332,8254,0,0,[],,,,15
8388608,0,72,decode_only,32.18467812985182,14,"[8252,8248,8244,8240,8236,8232,8228,8224,8220,8216,8212,8208,8204,8200]",8200,8226.0,8252,0,0,[],,,,14
8388608,0,73,decode_only,32.02181402593851,14,"[8253,8249,8245,8241,8237,8233,8229,8225,8221,8217,8213,8209,8205,8201]",8201,8227.0,8253,0,0,[],,,,14
8388608,0,74,decode_only,31.949699856340885,14,"[8254,8250,8246,8242,8238,8234,8230,8226,8222,8218,8214,8210,8206,8202]",8202,8228.0,8254,0,0,[],,,,14
8388608,0,75,decode_only,30.598496086895466,13,"[8251,8247,8243,8239,8235,8231,8227,8223,8219,8215,8211,8207,8203]",8203,8227.0,8251,0,0,[],,,,13
8388608,0,76,decode_only,30.56955710053444,13,"[8252,8248,8244,8240,8236,8232,8228,8224,8220,8216,8212,8208,8204]",8204,8228.0,8252,0,0,[],,,,13
8388608,0,77,decode_only,30.61720635741949,13,"[8253,8249,8245,8241,8237,8233,8229,8225,8221,8217,8213,8209,8205]",8205,8229.0,8253,0,0,[],,,,13
8388608,0,78,decode_only,30.529136769473553,13,"[8254,8250,8246,8242,8238,8234,8230,8226,8222,8218,8214,8210,8206]",8206,8230.0,8254,0,0,[],,,,13
8388608,0,79,decode_only,32.04957488924265,12,"[8251,8247,8243,8239,8235,8231,8227,8223,8219,8215,8211,8207]",8207,8229.0,8251,0,0,[],,,,12
8388608,0,80,decode_only,30.68706952035427,12,"[8252,8248,8244,8240,8236,8232,8228,8224,8220,8216,8212,8208]",8208,8230.0,8252,0,0,[],,,,12
8388608,0,81,decode_only,30.702732503414154,12,"[8253,8249,8245,8241,8237,8233,8229,8225,8221,8217,8213,8209]",8209,8231.0,8253,0,0,[],,,,12
8388608,0,82,decode_only,30.745606869459152,12,"[8254,8250,8246,8242,8238,8234,8230,8226,8222,8218,8214,8210]",8210,8232.0,8254,0,0,[],,,,12
8388608,0,83,decode_only,29.781842604279518,11,"[8251,8247,8243,8239,8235,8231,8227,8223,8219,8215,8211]",8211,8231.0,8251,0,0,[],,,,11
8388608,0,84,decode_only,29.748188331723213,11,"[8252,8248,8244,8240,8236,8232,8228,8224,8220,8216,8212]",8212,8232.0,8252,0,0,[],,,,11
8388608,0,85,decode_only,29.754300601780415,11,"[8253,8249,8245,8241,8237,8233,8229,8225,8221,8217,8213]",8213,8233.0,8253,0,0,[],,,,11
8388608,0,86,decode_only,29.865596443414688,11,"[8254,8250,8246,8242,8238,8234,8230,8226,8222,8218,8214]",8214,8234.0,8254,0,0,[],,,,11
8388608,0,87,decode_only,29.976597987115383,10,"[8251,8247,8243,8239,8235,8231,8227,8223,8219,8215]",8215,8233.0,8251,0,0,[],,,,10
8388608,0,88,decode_only,29.869156889617443,10,"[8252,8248,8244,8240,8236,8232,8228,8224,8220,8216]",8216,8234.0,8252,0,0,[],,,,10
8388608,0,89,decode_only,29.615220613777637,10,"[8253,8249,8245,8241,8237,8233,8229,8225,8221,8217]",8217,8235.0,8253,0,0,[],,,,10
8388608,0,90,decode_only,29.723753221333027,10,"[8254,8250,8246,8242,8238,8234,8230,8226,8222,8218]",8218,8236.0,8254,0,0,[],,,,10
8388608,0,91,decode_only,29.86222319304943,9,"[8251,8247,8243,8239,8235,8231,8227,8223,8219]",8219,8235.0,8251,0,0,[],,,,9
8388608,0,92,decode_only,29.874054715037346,9,"[8252,8248,8244,8240,8236,8232,8228,8224,8220]",8220,8236.0,8252,0,0,[],,,,9
8388608,0,93,decode_only,29.887547716498375,9,"[8253,8249,8245,8241,8237,8233,8229,8225,8221]",8221,8237.0,8253,0,0,[],,,,9
8388608,0,94,decode_only,34.68233812600374,9,"[8254,8250,8246,8242,8238,8234,8230,8226,8222]",8222,8238.0,8254,0,0,[],,,,9
8388608,0,95,decode_only,30.056447722017765,8,"[8251,8247,8243,8239,8235,8231,8227,8223]",8223,8237.0,8251,0,0,[],,,,8
8388608,0,96,decode_only,30.01012932509184,8,"[8252,8248,8244,8240,8236,8232,8228,8224]",8224,8238.0,8252,0,0,[],,,,8
8388608,0,97,decode_only,29.96685914695263,8,"[8253,8249,8245,8241,8237,8233,8229,8225]",8225,8239.0,8253,0,0,[],,,,8
8388608,0,98,decode_only,29.801656492054462,8,"[8254,8250,8246,8242,8238,8234,8230,8226]",8226,8240.0,8254,0,0,[],,,,8
8388608,0,99,decode_only,29.694299213588238,7,"[8251,8247,8243,8239,8235,8231,8227]",8227,8239.0,8251,0,0,[],,,,7
8388608,0,100,decode_only,29.891468584537506,7,"[8252,8248,8244,8240,8236,8232,8228]",8228,8240.0,8252,0,0,[],,,,7
8388608,0,101,decode_only,29.772459529340267,7,"[8253,8249,8245,8241,8237,8233,8229]",8229,8241.0,8253,0,0,[],,,,7
8388608,0,102,decode_only,29.633735306560993,7,"[8254,8250,8246,8242,8238,8234,8230]",8230,8242.0,8254,0,0,[],,,,7
8388608,0,103,decode_only,30.639524571597576,6,"[8251,8247,8243,8239,8235,8231]",8231,8241.0,8251,0,0,[],,,,6
8388608,0,104,decode_only,30.72751872241497,6,"[8252,8248,8244,8240,8236,8232]",8232,8242.0,8252,0,0,[],,,,6
8388608,0,105,decode_only,30.569102615118027,6,"[8253,8249,8245,8241,8237,8233]",8233,8243.0,8253,0,0,[],,,,6
8388608,0,106,decode_only,30.863096937537193,6,"[8254,8250,8246,8242,8238,8234]",8234,8244.0,8254,0,0,[],,,,6
8388608,0,107,decode_only,29.51668482273817,5,"[8251,8247,8243,8239,8235]",8235,8243.0,8251,0,0,[],,,,5
8388608,0,108,decode_only,29.42226082086563,5,"[8252,8248,8244,8240,8236]",8236,8244.0,8252,0,0,[],,,,5
8388608,0,109,decode_only,29.456750489771366,5,"[8253,8249,8245,8241,8237]",8237,8245.0,8253,0,0,[],,,,5
8388608,0,110,decode_only,29.50078435242176,5,"[8254,8250,8246,8242,8238]",8238,8246.0,8254,0,0,[],,,,5
8388608,0,111,decode_only,30.501126311719418,4,"[8251,8247,8243,8239]",8239,8245.0,8251,0,0,[],,,,4
8388608,0,112,decode_only,30.260637402534485,4,"[8252,8248,8244,8240]",8240,8246.0,8252,0,0,[],,,,4
8388608,0,113,decode_only,30.54635226726532,4,"[8253,8249,8245,8241]",8241,8247.0,8253,0,0,[],,,,4
8388608,0,114,decode_only,30.481236055493355,4,"[8254,8250,8246,8242]",8242,8248.0,8254,0,0,[],,,,4
8388608,0,115,decode_only,29.337365180253983,3,"[8251,8247,8243]",8243,8247.0,8251,0,0,[],,,,3
8388608,0,116,decode_only,29.44542933255434,3,"[8252,8248,8244]",8244,8248.0,8252,0,0,[],,,,3
8388608,0,117,decode_only,29.431273229420185,3,"[8253,8249,8245]",8245,8249.0,8253,0,0,[],,,,3
8388608,0,118,decode_only,29.406262561678886,3,"[8254,8250,8246]",8246,8250.0,8254,0,0,[],,,,3
8388608,0,119,decode_only,29.73066922277212,2,"[8251,8247]",8247,8249.0,8251,0,0,[],,,,2
8388608,0,120,decode_only,29.983481392264366,2,"[8252,8248]",8248,8250.0,8252,0,0,[],,,,2
8388608,0,121,decode_only,29.708937741816044,2,"[8253,8249]",8249,8251.0,8253,0,0,[],,,,2
8388608,0,122,decode_only,29.833044856786728,2,"[8254,8250]",8250,8252.0,8254,0,0,[],,,,2
8388608,0,123,decode_only,30.39032407104969,1,[8251],8251,8251.0,8251,0,0,[],,,,1
8388608,0,124,decode_only,30.28650302439928,1,[8252],8252,8252.0,8252,0,0,[],,,,1
8388608,0,125,decode_only,30.173394829034805,1,[8253],8253,8253.0,8253,0,0,[],,,,1
8388608,0,126,decode_only,31.051372177898884,1,[8254],8254,8254.0,8254,0,0,[],,,,1
8388608,1,0,prefill_only,18.74772645533085,0,[],,,,2048,2098176,[0],0,0.0,0,2048
8388608,1,1,prefill_only,20.49729134887457,0,[],,,,2048,6292480,[2048],2048,2048.0,2048,2048
8388608,1,2,prefill_only,23.838380351662636,0,[],,,,2048,10486784,[4096],4096,4096.0,4096,2048
8388608,1,3,prefill_only,58.11494495719671,0,[],,,,6144,18877440,"[6144,0,0]",0,2048.0,6144,6144
8388608,1,4,mixed,57.230074889957905,1,[8192],8192,8192.0,8192,2962,8388542,"[2048,2048,0]",0,1365.3333333333333,2048,2963
8388608,1,5,mixed,50.46232510358095,1,[8193],8193,8193.0,8193,1696,8385872,[4096],4096,4096.0,4096,1697
8388608,1,6,mixed,51.25267989933491,1,[8194],8194,8194.0,8194,1321,8388608,"[5792,2895,67,0,0,0]",0,1459.0,5792,1322
8388608,1,7,mixed,51.11127067357302,1,[8195],8195,8195.0,8195,1134,8388608,"[7093,2897,73,9,2]",2,2014.8,7093,1135
8388608,1,8,mixed,59.08235628157854,1,[8196],8196,8196.0,8196,2806,8388608,"[8190,2898,100,15,5]",5,2241.6,8190,2807
8388608,1,9,mixed,49.24639780074358,2,"[8197,8192]",8192,8194.5,8197,1494,8388607,"[4946,828,42,6]",6,1455.5,4946,1496
8388608,1,10,mixed,49.03204273432493,2,"[8198,8193]",8193,8195.5,8198,1200,8388608,"[6421,833,53,9,1]",1,1463.4,6421,1202
8388608,1,11,mixed,60.72202976793051,2,"[8199,8194]",8194,8196.5,8199,2822,8388608,"[7616,834,54,10,3,0,0]",0,1216.7142857142858,7616,2824
8388608,1,12,mixed,54.04657870531082,3,"[8200,8195,8192]",8192,8195.666666666666,8200,2749,8388608,"[2882,248,11,4,1,1]",1,524.5,2882,2752
8388608,1,13,mixed,49.038609489798546,3,"[8201,8196,8193]",8193,8196.666666666666,8201,1503,8388606,"[4930,914,41,7,2]",2,1178.8,4930,1506
8388608,1,14,mixed,47.15085029602051,3,"[8202,8197,8194]",8194,8197.666666666666,8202,1197,8388576,[6409],6409,6409.0,6409,1200
8388608,1,15,mixed,57.58060701191425,3,"[8203,8198,8195]",8195,8198.666666666666,8203,2592,8388608,"[7606,916,57,12]",12,2147.75,7606,2595
8388608,1,16,mixed,56.654058396816254,4,"[8204,8199,8196,8192]",8192,8197.75,8204,2859,8388608,"[2890,84,17,3,2]",2,599.2,2890,2863
8388608,1,17,mixed,49.22632034868002,4,"[8205,8200,8197,8193]",8193,8198.75,8205,1491,8388608,"[4938,865,41,7,4,0]",0,975.8333333333334,4938,1495
8388608,1,18,mixed,47.09522146731615,4,"[8206,8201,8198,8194]",8194,8199.75,8206,1196,8388146,[6415],6415,6415.0,6415,1200
8388608,1,19,mixed,57.5976287946105,4,"[8207,8202,8199,8195]",8195,8200.75,8207,2621,8388606,"[7611,869,45,10]",10,2133.75,7611,2625
8388608,1,20,mixed,56.471021845936775,5,"[8208,8203,8200,8196,8192]",8192,8199.8,8208,2868,8388606,"[2889,62,13,5]",5,742.25,2889,2873
8388608,1,21,mixed,49.384632147848606,5,"[8209,8204,8201,8197,8193]",8193,8200.8,8209,1507,8388608,"[4937,866,27,7,2,0,0]",0,834.1428571428571,4937,1512
8388608,1,22,mixed,48.98148123174906,5,"[8210,8205,8202,8198,8194]",8194,8201.8,8210,1212,8388608,"[6414,871,48,8]",8,1835.25,6414,1217
8388608,1,23,mixed,57.82336089760065,5,"[8211,8206,8203,8199,8195]",8195,8202.8,8211,2623,8388608,"[7610,872,62,9]",9,2138.25,7610,2628
8388608,1,24,mixed,56.488778442144394,6,"[8212,8207,8204,8200,8196,8192]",8192,8201.833333333334,8212,2836,8388598,"[2887,85]",85,1486.0,2887,2842
8388608,1,25,mixed,49.22023322433233,6,"[8213,8208,8205,8201,8197,8193]",8193,8202.833333333334,8213,1514,8388607,"[4935,873,12,3]",3,1455.75,4935,1520
8388608,1,26,mixed,49.4295759126544,6,"[8214,8209,8206,8202,8198,8194]",8194,8203.833333333334,8214,1204,8388602,"[6413,874,41]",41,2442.6666666666665,6413,1210
8388608,1,27,mixed,58.06085001677275,6,"[8215,8210,8207,8203,8199,8195]",8195,8204.833333333334,8215,2622,8388608,"[7609,877,46,9,1,1]",1,1423.8333333333333,7609,2628
8388608,1,28,mixed,56.96976277977228,7,"[8216,8211,8208,8204,8200,8196,8192]",8192,8203.857142857143,8216,2882,8388606,"[2886,69,13,3]",3,742.75,2886,2889
8388608,1,29,mixed,49.64382108300924,7,"[8217,8212,8209,8205,8201,8197,8193]",8193,8204.857142857143,8217,1497,8388608,"[4934,873,42,4,2,0]",0,975.8333333333334,4934,1504
8388608,1,30,mixed,49.68484491109848,7,"[8218,8213,8210,8206,8202,8198,8194]",8194,8205.857142857143,8218,1212,8388608,"[6412,876,53,7,3,1]",1,1225.3333333333333,6412,1219
8388608,1,31,mixed,58.20947699248791,7,"[8219,8214,8211,8207,8203,8199,8195]",8195,8206.857142857143,8219,2620,8388606,"[7608,880,62,8]",8,2139.5,7608,2627
8388608,1,32,mixed,57.03932512551546,8,"[8220,8215,8212,8208,8204,8200,8196,8192]",8192,8205.875,8220,2859,8388608,"[2884,90,12,4]",4,747.5,2884,2867
8388608,1,33,mixed,49.81642309576273,8,"[8221,8216,8213,8209,8205,8201,8197,8193]",8193,8206.875,8221,1507,8388606,"[4932,880,32,5]",5,1462.25,4932,1515
8388608,1,34,mixed,49.474237486720085,8,"[8222,8217,8214,8210,8206,8202,8198,8194]",8194,8207.875,8222,1212,8388608,"[6410,886,51,9,2]",2,1471.6,6410,1220
8388608,1,35,mixed,58.37621632963419,8,"[8223,8218,8215,8211,8207,8203,8199,8195]",8195,8208.875,8223,2601,8388608,"[7606,893,54,13,4,0,0]",0,1224.2857142857142,7606,2609
8388608,1,36,mixed,57.55779519677162,9,"[8224,8219,8216,8212,8208,8204,8200,8196,8192]",8192,8207.888888888889,8224,2874,8388608,"[2883,75,14,5,1,1]",1,496.5,2883,2883
8388608,1,37,mixed,49.67125318944454,9,"[8225,8220,8217,8213,8209,8205,8201,8197,8193]",8193,8208.888888888889,8225,1489,8388606,"[4931,881,30]",30,1947.3333333333333,4931,1498
8388608,1,38,mixed,51.01474933326244,9,"[8226,8221,8218,8214,8210,8206,8202,8198,8194]",8194,8209.888888888889,8226,1212,8388608,"[6410,882,39,7,2]",2,1468.0,6410,1221
8388608,1,39,mixed,58.40013176202774,9,"[8227,8222,8219,8215,8211,8207,8203,8199,8195]",8195,8210.888888888889,8227,2596,8388608,"[7606,889,44,10,3]",3,1710.4,7606,2605
8388608,1,40,mixed,56.87077436596155,10,"[8228,8223,8220,8216,8212,8208,8204,8200,8196,8192]",8192,8209.9,8228,2889,8388606,"[2882,57,13]",13,984.0,2882,2899
8388608,1,41,mixed,49.7583094984293,10,"[8229,8224,8221,8217,8213,8209,8205,8201,8197,8193]",8193,8210.9,8229,1482,8388582,"[4930,882]",882,2906.0,4930,1492
8388608,1,42,mixed,47.916922718286514,10,"[8230,8225,8222,8218,8214,8210,8206,8202,8198,8194]",8194,8211.9,8230,1197,8388576,[6409],6409,6409.0,6409,1207
8388608,1,43,mixed,58.43142233788967,10,"[8231,8226,8223,8219,8215,8211,8207,8203,8199,8195]",8195,8212.9,8231,2584,8388608,"[7606,885,29,4]",4,2131.0,7606,2594
8388608,1,44,mixed,57.58704338222742,11,"[8232,8227,8224,8220,8216,8212,8208,8204,8200,8196,8192]",8192,8211.90909090909,8232,2925,8388608,"[2881,30,5,2,0]",0,583.6,2881,2936
8388608,1,45,mixed,50.310881808400154,11,"[8233,8228,8225,8221,8217,8213,8209,8205,8201,8197,8193]",8193,8212.90909090909,8233,1506,8388606,"[4929,883,25,5,1]",1,1168.6,4929,1517
8388608,1,46,mixed,53.13311144709587,11,"[8234,8229,8226,8222,8218,8214,8210,8206,8202,8198,8194]",8194,8213.90909090909,8234,1208,8388608,"[6408,887,42,9,3]",3,1469.8,6408,1219
8388608,1,47,mixed,60.2472173050046,11,"[8235,8230,8227,8223,8219,8215,8211,8207,8203,8199,8195]",8195,8214.90909090909,8235,2597,8388604,"[7605,888,49,10,5]",5,1711.4,7605,2608
8388608,1,48,mixed,57.648105546832085,12,"[8236,8231,8228,8224,8220,8216,8212,8208,8204,8200,8196,8192]",8192,8213.916666666666,8236,2900,8388608,"[2879,63,14,6]",6,740.5,2879,2912
8388608,1,49,mixed,49.98043458908796,12,"[8237,8232,8229,8225,8221,8217,8213,8209,8205,8201,8197,8193]",8193,8214.916666666666,8237,1480,8387900,[4927],4927,4927.0,4927,1492
8388608,1,50,mixed,50.402890890836716,12,"[8238,8233,8230,8226,8222,8218,8214,8210,8206,8202,8198,8194]",8194,8215.916666666666,8238,1213,8388600,"[6407,889,38]",38,2444.6666666666665,6407,1225
8388608,1,51,mixed,58.89758560806513,12,"[8239,8234,8231,8227,8223,8219,8215,8211,8207,8203,8199,8195]",8195,8216.916666666666,8239,2603,8388602,"[7604,891,52,8]",8,2138.75,7604,2615
8388608,1,52,mixed,58.86261723935604,13,"[8240,8235,8232,8228,8224,8220,8216,8212,8208,8204,8200,8196,8192]",8192,8215.923076923076,8240,2883,8388586,"[2877,77,12]",12,988.6666666666666,2877,2896
8388608,1,53,mixed,51.12097971141338,13,"[8241,8236,8233,8229,8225,8221,8217,8213,8209,8205,8201,8197,8193]",8193,8216.923076923076,8241,1486,8388591,"[4925,895,29]",29,1949.6666666666667,4925,1499
8388608,1,54,mixed,50.61965715140104,13,"[8242,8237,8234,8230,8226,8222,8218,8214,8210,8206,8202,8198,8194]",8194,8217.923076923076,8242,1210,8388582,"[6405,899,31]",31,2445.0,6405,1223
8388608,1,55,mixed,59.328447096049786,13,"[8243,8238,8235,8231,8227,8223,8219,8215,8211,8207,8203,8199,8195]",8195,8218.923076923076,8243,2582,8388581,"[7602,904,39]",39,2848.3333333333335,7602,2595
8388608,1,56,mixed,59.14426129311323,14,"[8244,8239,8236,8232,8228,8224,8220,8216,8212,8208,8204,8200,8196,8192]",8192,8217.92857142857,8244,2885,8388310,"[2876,59]",59,1467.5,2876,2899
8388608,1,57,mixed,51.74481403082609,14,"[8245,8240,8237,8233,8229,8225,8221,8217,8213,8209,8205,8201,8197,8193]",8193,8218.92857142857,8245,1485,8387955,"[4924,896]",896,2910.0,4924,1499
8388608,1,58,mixed,51.21226981282234,14,"[8246,8241,8238,8234,8230,8226,8222,8218,8214,8210,8206,8202,8198,8194]",8194,8219.92857142857,8246,1203,8388018,"[6404,901]",901,3652.5,6404,1217
8388608,1,59,mixed,60.81780698150396,14,"[8247,8242,8239,8235,8231,8227,8223,8219,8215,8211,8207,8203,8199,8195]",8195,8220.92857142857,8247,2558,8386724,"[7601,907]",907,4254.0,7601,2572
8388608,1,60,mixed,52.18093656003475,15,"[8248,8243,8240,8236,8232,8228,8224,8220,8216,8212,8208,8204,8200,8196,8192]",8192,8219.933333333332,8248,2048,7984128,[2874],2874,2874.0,2874,2063
8388608,1,61,mixed,51.547409035265446,15,"[8249,8244,8241,8237,8233,8229,8225,8221,8217,8213,8209,8205,8201,8197,8193]",8193,8220.933333333332,8249,1481,8386903,[4922],4922,4922.0,4922,1496
8388608,1,62,mixed,50.661987625062466,15,"[8250,8245,8242,8238,8234,8230,8226,8222,8218,8214,8210,8206,8202,8198,8194]",8194,8221.933333333332,8250,1197,8381394,[6403],6403,6403.0,6403,1212
8388608,1,63,mixed,48.16026519984007,15,"[8251,8246,8243,8239,8235,8231,8227,8223,8219,8215,8211,8207,8203,8199,8195]",8195,8222.933333333332,8251,592,4674728,[7600],7600,7600.0,7600,607
8388608,1,64,decode_only,33.71953405439854,16,"[8252,8247,8244,8240,8236,8232,8228,8224,8220,8216,8212,8208,8204,8200,8196,8192]",8192,8221.9375,8252,0,0,[],,,,16
8388608,1,65,decode_only,32.834259793162346,16,"[8253,8248,8245,8241,8237,8233,8229,8225,8221,8217,8213,8209,8205,8201,8197,8193]",8193,8222.9375,8253,0,0,[],,,,16
8388608,1,66,decode_only,32.82776474952698,16,"[8254,8249,8246,8242,8238,8234,8230,8226,8222,8218,8214,8210,8206,8202,8198,8194]",8194,8223.9375,8254,0,0,[],,,,16
8388608,1,67,decode_only,31.482125632464886,15,"[8250,8247,8243,8239,8235,8231,8227,8223,8219,8215,8211,8207,8203,8199,8195]",8195,8222.933333333332,8250,0,0,[],,,,15
8388608,1,68,decode_only,31.57156240195036,15,"[8251,8248,8244,8240,8236,8232,8228,8224,8220,8216,8212,8208,8204,8200,8196]",8196,8223.933333333332,8251,0,0,[],,,,15
8388608,1,69,decode_only,31.674507074058056,15,"[8252,8249,8245,8241,8237,8233,8229,8225,8221,8217,8213,8209,8205,8201,8197]",8197,8224.933333333332,8252,0,0,[],,,,15
8388608,1,70,decode_only,31.734490767121315,15,"[8253,8250,8246,8242,8238,8234,8230,8226,8222,8218,8214,8210,8206,8202,8198]",8198,8225.933333333332,8253,0,0,[],,,,15
8388608,1,71,decode_only,31.74823895096779,15,"[8254,8251,8247,8243,8239,8235,8231,8227,8223,8219,8215,8211,8207,8203,8199]",8199,8226.933333333332,8254,0,0,[],,,,15
8388608,1,72,decode_only,33.04477222263813,14,"[8252,8248,8244,8240,8236,8232,8228,8224,8220,8216,8212,8208,8204,8200]",8200,8226.0,8252,0,0,[],,,,14
8388608,1,73,decode_only,32.69928693771362,14,"[8253,8249,8245,8241,8237,8233,8229,8225,8221,8217,8213,8209,8205,8201]",8201,8227.0,8253,0,0,[],,,,14
8388608,1,74,decode_only,32.60427340865135,14,"[8254,8250,8246,8242,8238,8234,8230,8226,8222,8218,8214,8210,8206,8202]",8202,8228.0,8254,0,0,[],,,,14
8388608,1,75,decode_only,31.133685261011124,13,"[8251,8247,8243,8239,8235,8231,8227,8223,8219,8215,8211,8207,8203]",8203,8227.0,8251,0,0,[],,,,13
8388608,1,76,decode_only,31.618723645806313,13,"[8252,8248,8244,8240,8236,8232,8228,8224,8220,8216,8212,8208,8204]",8204,8228.0,8252,0,0,[],,,,13
8388608,1,77,decode_only,33.78948848694563,13,"[8253,8249,8245,8241,8237,8233,8229,8225,8221,8217,8213,8209,8205]",8205,8229.0,8253,0,0,[],,,,13
8388608,1,78,decode_only,32.620297744870186,13,"[8254,8250,8246,8242,8238,8234,8230,8226,8222,8218,8214,8210,8206]",8206,8230.0,8254,0,0,[],,,,13
8388608,1,79,decode_only,32.25424140691757,12,"[8251,8247,8243,8239,8235,8231,8227,8223,8219,8215,8211,8207]",8207,8229.0,8251,0,0,[],,,,12
8388608,1,80,decode_only,31.24294988811016,12,"[8252,8248,8244,8240,8236,8232,8228,8224,8220,8216,8212,8208]",8208,8230.0,8252,0,0,[],,,,12
8388608,1,81,decode_only,31.06411825865507,12,"[8253,8249,8245,8241,8237,8233,8229,8225,8221,8217,8213,8209]",8209,8231.0,8253,0,0,[],,,,12
8388608,1,82,decode_only,31.25777654349804,12,"[8254,8250,8246,8242,8238,8234,8230,8226,8222,8218,8214,8210]",8210,8232.0,8254,0,0,[],,,,12
8388608,1,83,decode_only,30.479760840535164,11,"[8251,8247,8243,8239,8235,8231,8227,8223,8219,8215,8211]",8211,8231.0,8251,0,0,[],,,,11
8388608,1,84,decode_only,30.83745576441288,11,"[8252,8248,8244,8240,8236,8232,8228,8224,8220,8216,8212]",8212,8232.0,8252,0,0,[],,,,11
8388608,1,85,decode_only,34.26444437354803,11,"[8253,8249,8245,8241,8237,8233,8229,8225,8221,8217,8213]",8213,8233.0,8253,0,0,[],,,,11
8388608,1,86,decode_only,30.264570377767086,11,"[8254,8250,8246,8242,8238,8234,8230,8226,8222,8218,8214]",8214,8234.0,8254,0,0,[],,,,11
8388608,1,87,decode_only,29.963967390358448,10,"[8251,8247,8243,8239,8235,8231,8227,8223,8219,8215]",8215,8233.0,8251,0,0,[],,,,10
8388608,1,88,decode_only,29.96774949133396,10,"[8252,8248,8244,8240,8236,8232,8228,8224,8220,8216]",8216,8234.0,8252,0,0,[],,,,10
8388608,1,89,decode_only,29.973682016134262,10,"[8253,8249,8245,8241,8237,8233,8229,8225,8221,8217]",8217,8235.0,8253,0,0,[],,,,10
8388608,1,90,decode_only,30.057615600526333,10,"[8254,8250,8246,8242,8238,8234,8230,8226,8222,8218]",8218,8236.0,8254,0,0,[],,,,10
8388608,1,91,decode_only,31.06291312724352,9,"[8251,8247,8243,8239,8235,8231,8227,8223,8219]",8219,8235.0,8251,0,0,[],,,,9
8388608,1,92,decode_only,30.105674639344215,9,"[8252,8248,8244,8240,8236,8232,8228,8224,8220]",8220,8236.0,8252,0,0,[],,,,9
8388608,1,93,decode_only,30.290108174085617,9,"[8253,8249,8245,8241,8237,8233,8229,8225,8221]",8221,8237.0,8253,0,0,[],,,,9
8388608,1,94,decode_only,30.25856800377369,9,"[8254,8250,8246,8242,8238,8234,8230,8226,8222]",8222,8238.0,8254,0,0,[],,,,9
8388608,1,95,decode_only,30.27203120291233,8,"[8251,8247,8243,8239,8235,8231,8227,8223]",8223,8237.0,8251,0,0,[],,,,8
8388608,1,96,decode_only,31.977795995771885,8,"[8252,8248,8244,8240,8236,8232,8228,8224]",8224,8238.0,8252,0,0,[],,,,8
8388608,1,97,decode_only,30.224572867155075,8,"[8253,8249,8245,8241,8237,8233,8229,8225]",8225,8239.0,8253,0,0,[],,,,8
8388608,1,98,decode_only,30.29306698590517,8,"[8254,8250,8246,8242,8238,8234,8230,8226]",8226,8240.0,8254,0,0,[],,,,8
8388608,1,99,decode_only,30.088933184742928,7,"[8251,8247,8243,8239,8235,8231,8227]",8227,8239.0,8251,0,0,[],,,,7
8388608,1,100,decode_only,30.095495283603668,7,"[8252,8248,8244,8240,8236,8232,8228]",8228,8240.0,8252,0,0,[],,,,7
8388608,1,101,decode_only,30.215682461857796,7,"[8253,8249,8245,8241,8237,8233,8229]",8229,8241.0,8253,0,0,[],,,,7
8388608,1,102,decode_only,30.138839967548847,7,"[8254,8250,8246,8242,8238,8234,8230]",8230,8242.0,8254,0,0,[],,,,7
8388608,1,103,decode_only,30.875270254909992,6,"[8251,8247,8243,8239,8235,8231]",8231,8241.0,8251,0,0,[],,,,6
8388608,1,104,decode_only,30.78557550907135,6,"[8252,8248,8244,8240,8236,8232]",8232,8242.0,8252,0,0,[],,,,6
8388608,1,105,decode_only,30.77242523431778,6,"[8253,8249,8245,8241,8237,8233]",8233,8243.0,8253,0,0,[],,,,6
8388608,1,106,decode_only,31.07335977256298,6,"[8254,8250,8246,8242,8238,8234]",8234,8244.0,8254,0,0,[],,,,6
8388608,1,107,decode_only,29.804582707583904,5,"[8251,8247,8243,8239,8235]",8235,8243.0,8251,0,0,[],,,,5
8388608,1,108,decode_only,29.73464224487543,5,"[8252,8248,8244,8240,8236]",8236,8244.0,8252,0,0,[],,,,5
8388608,1,109,decode_only,34.729777835309505,5,"[8253,8249,8245,8241,8237]",8237,8245.0,8253,0,0,[],,,,5
8388608,1,110,decode_only,29.89768050611019,5,"[8254,8250,8246,8242,8238]",8238,8246.0,8254,0,0,[],,,,5
8388608,1,111,decode_only,31.023756600916386,4,"[8251,8247,8243,8239]",8239,8245.0,8251,0,0,[],,,,4
8388608,1,112,decode_only,30.74305783957243,4,"[8252,8248,8244,8240]",8240,8246.0,8252,0,0,[],,,,4
8388608,1,113,decode_only,30.72614222764969,4,"[8253,8249,8245,8241]",8241,8247.0,8253,0,0,[],,,,4
8388608,1,114,decode_only,30.785761773586273,4,"[8254,8250,8246,8242]",8242,8248.0,8254,0,0,[],,,,4
8388608,1,115,decode_only,29.717104509472847,3,"[8251,8247,8243]",8243,8247.0,8251,0,0,[],,,,3
8388608,1,116,decode_only,29.693404212594032,3,"[8252,8248,8244]",8244,8248.0,8252,0,0,[],,,,3
8388608,1,117,decode_only,29.676055535674095,3,"[8253,8249,8245]",8245,8249.0,8253,0,0,[],,,,3
8388608,1,118,decode_only,29.708759859204292,3,"[8254,8250,8246]",8246,8250.0,8254,0,0,[],,,,3
8388608,1,119,decode_only,29.882166534662247,2,"[8251,8247]",8247,8249.0,8251,0,0,[],,,,2
8388608,1,120,decode_only,30.05489520728588,2,"[8252,8248]",8248,8250.0,8252,0,0,[],,,,2
8388608,1,121,decode_only,29.681808315217495,2,"[8253,8249]",8249,8251.0,8253,0,0,[],,,,2
8388608,1,122,decode_only,29.745711013674736,2,"[8254,8250]",8250,8252.0,8254,0,0,[],,,,2
8388608,1,123,decode_only,30.835303477942944,1,[8251],8251,8251.0,8251,0,0,[],,,,1
8388608,1,124,decode_only,30.50176613032818,1,[8252],8252,8252.0,8252,0,0,[],,,,1
8388608,1,125,decode_only,30.536149628460407,1,[8253],8253,8253.0,8253,0,0,[],,,,1
8388608,1,126,decode_only,31.93490393459797,1,[8254],8254,8254.0,8254,0,0,[],,,,1
8388608,2,0,prefill_only,53.520575165748596,0,[],,,,2048,2098176,[0],0,0.0,0,2048
8388608,2,1,prefill_only,35.451073199510574,0,[],,,,4096,8390656,"[2048,0]",0,1024.0,2048,4096
8388608,2,2,prefill_only,55.673686787486076,0,[],,,,6144,18877440,"[4096,2048,0]",0,2048.0,4096,6144
8388608,2,3,prefill_only,85.83628013730049,0,[],,,,8192,33558528,"[6144,4096,2048,0]",0,3072.0,6144,8192
8388608,2,4,mixed,53.09151392430067,1,[8192],8192,8192.0,8192,1240,8387980,[6144],6144,6144.0,6144,1241
8388608,2,5,mixed,54.49607316404581,1,[8193],8193,8193.0,8193,1291,8388362,"[7384,4096]",4096,5740.0,7384,1292
8388608,2,6,mixed,51.46153550595045,2,"[8194,8192]",8192,8193.0,8194,1621,8388608,"[4579,2048,0,0]",0,1656.75,4579,1623
8388608,2,7,mixed,47.533467411994934,2,"[8195,8193]",8193,8194.0,8195,1240,8386740,[6143],6143,6143.0,6143,1242
8388608,2,8,mixed,55.02381455153227,2,"[8196,8194]",8194,8195.0,8196,1696,8388608,"[7383,2049,47,9,0,0,0]",0,1355.4285714285713,7383,1698
8388608,2,9,mixed,58.30366723239422,3,"[8197,8195,8192]",8192,8194.666666666666,8197,2843,8388608,"[2893,80,13,4,1]",1,598.2,2893,2846
8388608,2,10,mixed,51.899317651987076,3,"[8198,8196,8193]",8193,8195.666666666666,8198,1498,8388607,"[4941,858,27,5]",5,1457.75,4941,1501
8388608,2,11,mixed,49.94089435786009,3,"[8199,8197,8194]",8194,8196.666666666666,8199,1213,8388607,"[6417,864,41,7,3]",3,1466.4,6417,1216
8388608,2,12,mixed,58.17766115069389,3,"[8200,8198,8195]",8195,8197.666666666666,8200,2616,8388606,"[7612,870,51,8]",8,2135.25,7612,2619
8388608,2,13,mixed,59.041266329586506,4,"[8201,8199,8196,8192]",8192,8197.0,8201,2864,8388608,"[2892,64,9,4,1]",1,594.0,2892,2868
8388608,2,14,mixed,49.65230077505112,4,"[8202,8200,8197,8193]",8193,8198.0,8202,1477,8387883,[4940],4940,4940.0,4940,1481
8388608,2,15,mixed,48.864017240703106,4,"[8203,8201,8198,8194]",8194,8199.0,8203,1219,8388607,"[6417,859,26,7]",7,1827.25,6417,1223
8388608,2,16,mixed,57.91906081140041,4,"[8204,8202,8199,8195]",8195,8200.0,8204,2644,8388608,"[7612,865,40,11]",11,2132.0,7612,2648
8388608,2,17,mixed,56.59331753849983,5,"[8205,8203,8200,8196,8192]",8192,8199.2,8205,2848,8388608,"[2890,77,13,2,0]",0,596.4,2890,2853
8388608,2,18,mixed,49.15816430002451,5,"[8206,8204,8201,8197,8193]",8193,8200.2,8206,1492,8388607,"[4938,865,22,4]",4,1457.25,4938,1497
8388608,2,19,mixed,47.17335756868124,5,"[8207,8205,8202,8198,8194]",8194,8201.2,8207,1196,8388146,[6415],6415,6415.0,6415,1201
8388608,2,20,mixed,57.819996029138565,5,"[8208,8206,8203,8199,8195]",8195,8202.2,8208,2628,8388608,"[7611,869,29,8,1,0,0]",0,1216.857142857143,7611,2633
8388608,2,21,mixed,56.37090653181076,6,"[8209,8207,8204,8200,8196,8192]",8192,8201.333333333334,8209,2889,8388607,"[2889,52,9,2]",2,738.0,2889,2895
8388608,2,22,mixed,49.30208437144756,6,"[8210,8208,8205,8201,8197,8193]",8193,8202.333333333334,8210,1504,8388608,"[4937,865,35,4,1,1]",1,973.8333333333334,4937,1510
8388608,2,23,mixed,48.82248770445585,6,"[8211,8209,8206,8202,8198,8194]",8194,8203.333333333334,8211,1211,8388608,"[6414,870,53,6]",6,1835.75,6414,1217
8388608,2,24,mixed,57.540738955140114,6,"[8212,8210,8207,8203,8199,8195]",8195,8204.333333333334,8212,2617,8388607,"[7610,871,66,7,2]",2,1711.2,7610,2623
8388608,2,25,mixed,56.91668763756752,7,"[8213,8211,8208,8204,8200,8196,8192]",8192,8203.42857142857,8213,2859,8388608,"[2887,77,13,4,2,0]",0,497.1666666666667,2887,2866
8388608,2,26,mixed,49.362621270120144,7,"[8214,8212,8209,8205,8201,8197,8193]",8193,8204.42857142857,8214,1506,8388607,"[4935,872,24,7,3]",3,1168.2,4935,1513
8388608,2,27,mixed,49.25957042723894,7,"[8215,8213,8210,8206,8202,8198,8194]",8194,8205.42857142857,8215,1208,8388608,"[6413,873,46,11,4,1]",1,1224.6666666666667,6413,1215
8388608,2,28,mixed,57.63165466487408,7,"[8216,8214,8211,8207,8203,8199,8195]",8195,8206.42857142857,8216,2603,8388607,"[7609,876,50,13]",13,2137.0,7609,2610
8388608,2,29,mixed,56.38292524963617,8,"[8217,8215,8212,8208,8204,8200,8196,8192]",8192,8205.5,8217,2871,8388606,"[2886,59,14]",14,986.3333333333334,2886,2879
8388608,2,30,mixed,49.175264313817024,8,"[8218,8216,8213,8209,8205,8201,8197,8193]",8193,8206.5,8218,1499,8388608,"[4934,873,23,5]",5,1458.75,4934,1507
8388608,2,31,mixed,49.38629362732172,8,"[8219,8217,8214,8210,8206,8202,8198,8194]",8194,8207.5,8219,1217,8388608,"[6412,876,40,6,3,0,0]",0,1048.142857142857,6412,1225
8388608,2,32,mixed,57.604347355663776,8,"[8220,8218,8215,8211,8207,8203,8199,8195]",8195,8208.5,8220,2623,8388608,"[7608,880,51,9,4]",4,1710.4,7608,2631
8388608,2,33,mixed,57.018931955099106,9,"[8221,8219,8216,8212,8208,8204,8200,8196,8192]",8192,8207.555555555555,8221,2875,8388607,"[2884,83,11,5,1]",1,596.8,2884,2884
8388608,2,34,mixed,49.37875736504793,9,"[8222,8220,8217,8213,8209,8205,8201,8197,8193]",8193,8208.555555555555,8222,1504,8388607,"[4932,879,39,6,3]",3,1171.8,4932,1513
8388608,2,35,mixed,49.25459995865822,9,"[8223,8221,8218,8214,8210,8206,8202,8198,8194]",8194,8209.555555555555,8223,1210,8388605,"[6410,885,56,8]",8,1839.75,6410,1219
8388608,2,36,mixed,57.902177795767784,9,"[8224,8222,8219,8215,8211,8207,8203,8199,8195]",8195,8210.555555555555,8224,2590,8388608,"[7606,892,59,12,4,1]",1,1429.0,7606,2599
8388608,2,37,mixed,57.08303675055504,10,"[8225,8223,8220,8216,8212,8208,8204,8200,8196,8192]",8192,8209.6,8225,2890,8388607,"[2883,66,15,5,3,0]",0,495.3333333333333,2883,2900
8388608,2,38,mixed,49.45401195436716,10,"[8226,8224,8221,8217,8213,8209,8205,8201,8197,8193]",8193,8210.6,8226,1492,8388608,"[4931,880,37,9,4,1]",1,977.0,4931,1502
8388608,2,39,mixed,49.073731526732445,10,"[8227,8225,8222,8218,8214,8210,8206,8202,8198,8194]",8194,8211.6,8227,1209,8388608,"[6410,881,44,11]",11,1836.5,6410,1219
8388608,2,40,mixed,57.65140615403652,10,"[8228,8226,8223,8219,8215,8211,8207,8203,8199,8195]",8195,8212.6,8228,2618,8388603,"[7606,888,49]",49,2847.6666666666665,7606,2628
8388608,2,41,mixed,57.04280827194452,11,"[8229,8227,8224,8220,8216,8212,8208,8204,8200,8196,8192]",8192,8211.636363636364,8229,2861,8388608,"[2881,88,12,5,3]",3,597.8,2881,2872
8388608,2,42,mixed,49.47328194975853,11,"[8230,8228,8225,8221,8217,8213,8209,8205,8201,8197,8193]",8193,8212.636363636364,8230,1504,8388604,"[4929,887,24,6]",6,1461.5,4929,1515
8388608,2,43,mixed,49.44342374801636,11,"[8231,8229,8226,8222,8218,8214,8210,8206,8202,8198,8194]",8194,8213.636363636364,8231,1208,8388608,"[6408,891,41,10,4]",4,1470.8,6408,1219
8388608,2,44,mixed,58.12693480402231,11,"[8232,8230,8227,8223,8219,8215,8211,8207,8203,8199,8195]",8195,8214.636363636364,8232,2600,8388600,"[7605,892,48]",48,2848.3333333333335,7605,2611
8388608,2,45,mixed,57.29047302156687,12,"[8233,8231,8228,8224,8220,8216,8212,8208,8204,8200,8196,8192]",8192,8213.666666666666,8233,2874,8388603,"[2880,73,11,6]",6,742.5,2880,2886
8388608,2,46,mixed,50.15599820762873,12,"[8234,8232,8229,8225,8221,8217,8213,8209,8205,8201,8197,8193]",8193,8214.666666666666,8234,1497,8388603,"[4928,888,21,7]",7,1461.0,4928,1509
8388608,2,47,mixed,49.84594136476517,12,"[8235,8233,8230,8226,8222,8218,8214,8210,8206,8202,8198,8194]",8194,8215.666666666666,8235,1215,8388605,"[6407,894,31]",31,2444.0,6407,1227
8388608,2,48,mixed,58.35619196295738,12,"[8236,8234,8231,8227,8223,8219,8215,8211,8207,8203,8199,8195]",8195,8216.666666666666,8236,2580,8388600,"[7604,896,47,9]",9,2139.0,7604,2592
8388608,2,49,mixed,57.40645248442888,13,"[8237,8235,8232,8228,8224,8220,8216,8212,8208,8204,8200,8196,8192]",8192,8215.692307692309,8237,2890,8388593,"[2879,54,11]",11,981.3333333333334,2879,2903
8388608,2,50,mixed,49.94960967451334,13,"[8238,8236,8233,8229,8225,8221,8217,8213,8209,8205,8201,8197,8193]",8193,8216.692307692309,8238,1480,8387900,[4927],4927,4927.0,4927,1493
8388608,2,51,mixed,50.22549908608198,13,"[8239,8237,8234,8230,8226,8222,8218,8214,8210,8206,8202,8198,8194]",8194,8217.692307692309,8239,1220,8388572,"[6407,889,18]",18,2438.0,6407,1233
8388608,2,52,mixed,58.649283833801746,13,"[8240,8238,8235,8231,8227,8223,8219,8215,8211,8207,8203,8199,8195]",8195,8218.692307692309,8240,2604,8388570,"[7604,891,39]",39,2844.6666666666665,7604,2617
8388608,2,53,mixed,58.44999477267265,14,"[8241,8239,8236,8232,8228,8224,8220,8216,8212,8208,8204,8200,8196,8192]",8192,8217.714285714286,8241,2873,8387922,"[2877,69]",69,1473.0,2877,2887
8388608,2,54,mixed,51.037746481597424,14,"[8242,8240,8237,8233,8229,8225,8221,8217,8213,8209,8205,8201,8197,8193]",8193,8218.714285714286,8242,1484,8388526,"[4925,894]",894,2909.5,4925,1498
8388608,2,55,mixed,51.001641899347305,14,"[8243,8241,8238,8234,8230,8226,8222,8218,8214,8210,8206,8202,8198,8194]",8194,8219.714285714286,8243,1202,8388293,"[6405,898]",898,3651.5,6405,1216
8388608,2,56,mixed,59.757874347269535,14,"[8244,8242,8239,8235,8231,8227,8223,8219,8215,8211,8207,8203,8199,8195]",8195,8220.714285714286,8244,2563,8388495,"[7602,903]",903,4252.5,7602,2577
8388608,2,57,mixed,51.14773474633694,15,"[8245,8243,8240,8236,8232,8228,8224,8220,8216,8212,8208,8204,8200,8196,8192]",8192,8219.733333333334,8245,2048,7988224,[2876],2876,2876.0,2876,2063
8388608,2,58,mixed,50.25897454470396,15,"[8246,8244,8241,8237,8233,8229,8225,8221,8217,8213,8209,8205,8201,8197,8193]",8193,8220.733333333334,8246,1480,8383460,[4924],4924,4924.0,4924,1495
8388608,2,59,mixed,49.00435823947191,15,"[8247,8245,8242,8238,8234,8230,8226,8222,8218,8214,8210,8206,8202,8198,8194]",8194,8221.733333333334,8247,1197,8382591,[6404],6404,6404.0,6404,1212
8388608,2,60,mixed,47.19127714633942,15,"[8248,8246,8243,8239,8235,8231,8227,8223,8219,8215,8211,8207,8203,8199,8195]",8195,8222.733333333334,8248,591,4667127,[7601],7601,7601.0,7601,606
8388608,2,61,decode_only,32.86504466086626,16,"[8249,8247,8244,8240,8236,8232,8228,8224,8220,8216,8212,8208,8204,8200,8196,8192]",8192,8221.75,8249,0,0,[],,,,16
8388608,2,62,decode_only,32.69507270306349,16,"[8250,8248,8245,8241,8237,8233,8229,8225,8221,8217,8213,8209,8205,8201,8197,8193]",8193,8222.75,8250,0,0,[],,,,16
8388608,2,63,decode_only,32.72403031587601,16,"[8251,8249,8246,8242,8238,8234,8230,8226,8222,8218,8214,8210,8206,8202,8198,8194]",8194,8223.75,8251,0,0,[],,,,16
8388608,2,64,decode_only,32.75916073471308,16,"[8252,8250,8247,8243,8239,8235,8231,8227,8223,8219,8215,8211,8207,8203,8199,8195]",8195,8224.75,8252,0,0,[],,,,16
8388608,2,65,decode_only,32.64834173023701,16,"[8253,8251,8248,8244,8240,8236,8232,8228,8224,8220,8216,8212,8208,8204,8200,8196]",8196,8225.75,8253,0,0,[],,,,16
8388608,2,66,decode_only,32.60024357587099,16,"[8254,8252,8249,8245,8241,8237,8233,8229,8225,8221,8217,8213,8209,8205,8201,8197]",8197,8226.75,8254,0,0,[],,,,16
8388608,2,67,decode_only,31.457573175430298,15,"[8253,8250,8246,8242,8238,8234,8230,8226,8222,8218,8214,8210,8206,8202,8198]",8198,8225.933333333332,8253,0,0,[],,,,15
8388608,2,68,decode_only,31.378230080008507,15,"[8254,8251,8247,8243,8239,8235,8231,8227,8223,8219,8215,8211,8207,8203,8199]",8199,8226.933333333332,8254,0,0,[],,,,15
8388608,2,69,decode_only,32.03658387064934,14,"[8252,8248,8244,8240,8236,8232,8228,8224,8220,8216,8212,8208,8204,8200]",8200,8226.0,8252,0,0,[],,,,14
8388608,2,70,decode_only,32.17465803027153,14,"[8253,8249,8245,8241,8237,8233,8229,8225,8221,8217,8213,8209,8205,8201]",8201,8227.0,8253,0,0,[],,,,14
8388608,2,71,decode_only,32.15547651052475,14,"[8254,8250,8246,8242,8238,8234,8230,8226,8222,8218,8214,8210,8206,8202]",8202,8228.0,8254,0,0,[],,,,14
8388608,2,72,decode_only,30.639754608273506,13,"[8251,8247,8243,8239,8235,8231,8227,8223,8219,8215,8211,8207,8203]",8203,8227.0,8251,0,0,[],,,,13
8388608,2,73,decode_only,30.853116884827614,13,"[8252,8248,8244,8240,8236,8232,8228,8224,8220,8216,8212,8208,8204]",8204,8228.0,8252,0,0,[],,,,13
8388608,2,74,decode_only,30.764098279178143,13,"[8253,8249,8245,8241,8237,8233,8229,8225,8221,8217,8213,8209,8205]",8205,8229.0,8253,0,0,[],,,,13
8388608,2,75,decode_only,30.606910586357117,13,"[8254,8250,8246,8242,8238,8234,8230,8226,8222,8218,8214,8210,8206]",8206,8230.0,8254,0,0,[],,,,13
8388608,2,76,decode_only,30.648586340248585,12,"[8251,8247,8243,8239,8235,8231,8227,8223,8219,8215,8211,8207]",8207,8229.0,8251,0,0,[],,,,12
8388608,2,77,decode_only,30.678534880280495,12,"[8252,8248,8244,8240,8236,8232,8228,8224,8220,8216,8212,8208]",8208,8230.0,8252,0,0,[],,,,12
8388608,2,78,decode_only,30.688180588185787,12,"[8253,8249,8245,8241,8237,8233,8229,8225,8221,8217,8213,8209]",8209,8231.0,8253,0,0,[],,,,12
8388608,2,79,decode_only,30.726182274520397,12,"[8254,8250,8246,8242,8238,8234,8230,8226,8222,8218,8214,8210]",8210,8232.0,8254,0,0,[],,,,12
8388608,2,80,decode_only,29.79109436273575,11,"[8251,8247,8243,8239,8235,8231,8227,8223,8219,8215,8211]",8211,8231.0,8251,0,0,[],,,,11
8388608,2,81,decode_only,29.72340304404497,11,"[8252,8248,8244,8240,8236,8232,8228,8224,8220,8216,8212]",8212,8232.0,8252,0,0,[],,,,11
8388608,2,82,decode_only,29.753223061561584,11,"[8253,8249,8245,8241,8237,8233,8229,8225,8221,8217,8213]",8213,8233.0,8253,0,0,[],,,,11
8388608,2,83,decode_only,29.848216101527214,11,"[8254,8250,8246,8242,8238,8234,8230,8226,8222,8218,8214]",8214,8234.0,8254,0,0,[],,,,11
8388608,2,84,decode_only,29.756308533251286,10,"[8251,8247,8243,8239,8235,8231,8227,8223,8219,8215]",8215,8233.0,8251,0,0,[],,,,10
8388608,2,85,decode_only,29.61491234600544,10,"[8252,8248,8244,8240,8236,8232,8228,8224,8220,8216]",8216,8234.0,8252,0,0,[],,,,10
8388608,2,86,decode_only,29.6104084700346,10,"[8253,8249,8245,8241,8237,8233,8229,8225,8221,8217]",8217,8235.0,8253,0,0,[],,,,10
8388608,2,87,decode_only,29.61815521121025,10,"[8254,8250,8246,8242,8238,8234,8230,8226,8222,8218]",8218,8236.0,8254,0,0,[],,,,10
8388608,2,88,decode_only,29.731628485023975,9,"[8251,8247,8243,8239,8235,8231,8227,8223,8219]",8219,8235.0,8251,0,0,[],,,,9
8388608,2,89,decode_only,29.685220681130886,9,"[8252,8248,8244,8240,8236,8232,8228,8224,8220]",8220,8236.0,8252,0,0,[],,,,9
8388608,2,90,decode_only,29.753156006336212,9,"[8253,8249,8245,8241,8237,8233,8229,8225,8221]",8221,8237.0,8253,0,0,[],,,,9
8388608,2,91,decode_only,29.732962138950825,9,"[8254,8250,8246,8242,8238,8234,8230,8226,8222]",8222,8238.0,8254,0,0,[],,,,9
8388608,2,92,decode_only,29.736976139247417,8,"[8251,8247,8243,8239,8235,8231,8227,8223]",8223,8237.0,8251,0,0,[],,,,8
8388608,2,93,decode_only,29.819367453455925,8,"[8252,8248,8244,8240,8236,8232,8228,8224]",8224,8238.0,8252,0,0,[],,,,8
8388608,2,94,decode_only,29.872985556721687,8,"[8253,8249,8245,8241,8237,8233,8229,8225]",8225,8239.0,8253,0,0,[],,,,8
8388608,2,95,decode_only,29.917551204562187,8,"[8254,8250,8246,8242,8238,8234,8230,8226]",8226,8240.0,8254,0,0,[],,,,8
8388608,2,96,decode_only,29.576475732028484,7,"[8251,8247,8243,8239,8235,8231,8227]",8227,8239.0,8251,0,0,[],,,,7
8388608,2,97,decode_only,29.77125160396099,7,"[8252,8248,8244,8240,8236,8232,8228]",8228,8240.0,8252,0,0,[],,,,7
8388608,2,98,decode_only,29.701980762183666,7,"[8253,8249,8245,8241,8237,8233,8229]",8229,8241.0,8253,0,0,[],,,,7
8388608,2,99,decode_only,29.672223143279552,7,"[8254,8250,8246,8242,8238,8234,8230]",8230,8242.0,8254,0,0,[],,,,7
8388608,2,100,decode_only,30.477830208837986,6,"[8251,8247,8243,8239,8235,8231]",8231,8241.0,8251,0,0,[],,,,6
8388608,2,101,decode_only,30.592921189963818,6,"[8252,8248,8244,8240,8236,8232]",8232,8242.0,8252,0,0,[],,,,6
8388608,2,102,decode_only,30.30913695693016,6,"[8253,8249,8245,8241,8237,8233]",8233,8243.0,8253,0,0,[],,,,6
8388608,2,103,decode_only,30.315733514726162,6,"[8254,8250,8246,8242,8238,8234]",8234,8244.0,8254,0,0,[],,,,6
8388608,2,104,decode_only,29.377582482993603,5,"[8251,8247,8243,8239,8235]",8235,8243.0,8251,0,0,[],,,,5
8388608,2,105,decode_only,29.294326901435852,5,"[8252,8248,8244,8240,8236]",8236,8244.0,8252,0,0,[],,,,5
8388608,2,106,decode_only,29.307352378964424,5,"[8253,8249,8245,8241,8237]",8237,8245.0,8253,0,0,[],,,,5
8388608,2,107,decode_only,29.43771332502365,5,"[8254,8250,8246,8242,8238]",8238,8246.0,8254,0,0,[],,,,5
8388608,2,108,decode_only,30.353696085512638,4,"[8251,8247,8243,8239]",8239,8245.0,8251,0,0,[],,,,4
8388608,2,109,decode_only,30.19483108073473,4,"[8252,8248,8244,8240]",8240,8246.0,8252,0,0,[],,,,4
8388608,2,110,decode_only,30.50900623202324,4,"[8253,8249,8245,8241]",8241,8247.0,8253,0,0,[],,,,4
8388608,2,111,decode_only,30.367671512067318,4,"[8254,8250,8246,8242]",8242,8248.0,8254,0,0,[],,,,4
8388608,2,112,decode_only,29.32407334446907,3,"[8251,8247,8243]",8243,8247.0,8251,0,0,[],,,,3
8388608,2,113,decode_only,29.35232315212488,3,"[8252,8248,8244]",8244,8248.0,8252,0,0,[],,,,3
8388608,2,114,decode_only,29.328332282602787,3,"[8253,8249,8245]",8245,8249.0,8253,0,0,[],,,,3
8388608,2,115,decode_only,29.351072385907173,3,"[8254,8250,8246]",8246,8250.0,8254,0,0,[],,,,3
8388608,2,116,decode_only,29.58813961595297,2,"[8251,8247]",8247,8249.0,8251,0,0,[],,,,2
8388608,2,117,decode_only,29.566142708063126,2,"[8252,8248]",8248,8250.0,8252,0,0,[],,,,2
8388608,2,118,decode_only,29.476240277290344,2,"[8253,8249]",8249,8251.0,8253,0,0,[],,,,2
8388608,2,119,decode_only,29.619394801557064,2,"[8254,8250]",8250,8252.0,8254,0,0,[],,,,2
8388608,2,120,decode_only,30.211320146918297,1,[8251],8251,8251.0,8251,0,0,[],,,,1
8388608,2,121,decode_only,30.27210384607315,1,[8252],8252,8252.0,8252,0,0,[],,,,1
8388608,2,122,decode_only,30.11319413781166,1,[8253],8253,8253.0,8253,0,0,[],,,,1
8388608,2,123,decode_only,30.129380524158478,1,[8254],8254,8254.0,8254,0,0,[],,,,1
6291456,0,0,prefill_only,17.681987024843693,0,[],,,,2048,2098176,[0],0,0.0,0,2048
6291456,0,1,prefill_only,20.393255166709423,0,[],,,,2048,6292480,[2048],2048,2048.0,2048,2048
6291456,0,2,prefill_only,23.594367317855358,0,[],,,,2048,10486784,[4096],4096,4096.0,4096,2048
6291456,0,3,prefill_only,57.32478201389313,0,[],,,,6144,18877440,"[6144,0,0]",0,2048.0,6144,6144
6291456,0,4,mixed,50.435300916433334,1,[8192],8192,8192.0,8192,2092,6291423,"[2048,2048,0]",0,1365.3333333333333,2048,2093
6291456,0,5,mixed,48.180741257965565,1,[8193],8193,8193.0,8193,1352,6291452,"[4095,2049,44,0]",0,1547.0,4095,1353
6291456,0,6,mixed,46.33572604507208,1,[8194],8194,8194.0,8194,1058,6291397,[5417],5417,5417.0,5417,1059
6291456,0,7,mixed,49.30269345641136,1,[8195],8195,8195.0,8195,927,6291456,"[6475,2050,67,6,0,0]",0,1433.0,6475,928
6291456,0,8,mixed,49.990384839475155,1,[8196],8196,8196.0,8196,840,6291456,"[7382,2053,76,11,2,1,0]",0,1360.7142857142858,7382,841
6291456,0,9,mixed,57.64814838767052,1,[8197],8197,8197.0,8197,2074,6291456,"[8189,2056,98,15,4,2]",2,1727.3333333333333,8189,2075
6291456,0,10,mixed,47.23912850022316,2,"[8198,8192]",8192,8195.0,8198,1332,6291453,"[4093,125,19,6]",6,1060.75,4093,1334
6291456,0,11,mixed,46.94232530891895,2,"[8199,8193]",8193,8196.0,8199,1068,6291454,"[5416,129,22]",22,1855.6666666666667,5416,1070
6291456,0,12,mixed,48.19889832288027,2,"[8200,8194]",8194,8197.0,8200,916,6291456,"[6474,137,24,8,3]",3,1329.2,6474,918
6291456,0,13,mixed,48.854210413992405,2,"[8201,8195]",8195,8198.0,8201,860,6291456,"[7382,139,27]",27,2516.0,7382,862
6291456,0,14,mixed,74.85094759613276,2,"[8202,8196]",8196,8199.0,8202,5937,6291456,"[8189,188,31,10,4,1,0]",0,1203.2857142857142,8189,5939
6291456,0,15,mixed,48.593983985483646,3,"[8203,8197,8192]",8192,8197.333333333334,8203,1958,6291443,"[2236,2079,1800]",1800,2038.3333333333333,2236,1961
6291456,0,16,mixed,46.35908920317888,3,"[8204,8198,8193]",8193,8198.333333333334,8204,1299,6289758,[4192],4192,4192.0,4192,1302
6291456,0,17,mixed,45.60391325503588,3,"[8205,8199,8194]",8194,8199.333333333334,8205,1046,6291167,[5491],5491,5491.0,5491,1049
6291456,0,18,mixed,47.58311528712511,3,"[8206,8200,8195]",8195,8200.333333333334,8206,901,6290831,"[6537,2080]",2080,4308.5,6537,904
6291456,0,19,mixed,49.98212959617376,3,"[8207,8201,8196]",8196,8201.333333333334,8207,935,6291195,"[7437,2081]",2081,4759.0,7437,938
6291456,0,20,mixed,47.75556921958923,4,"[8208,8202,8197,8192]",8192,8199.75,8208,1945,6290130,[2261],2261,2261.0,2261,1949
6291456,0,21,mixed,47.07010556012392,4,"[8209,8203,8198,8193]",8193,8200.75,8209,1296,6291432,[4206],4206,4206.0,4206,1300
6291456,0,22,mixed,47.70881496369839,4,"[8210,8204,8199,8194]",8194,8201.75,8210,1053,6291456,"[5502,1801,48,3,2,0,0]",0,1050.857142857143,5502,1057
6291456,0,23,mixed,49.35632087290287,4,"[8211,8205,8200,8195]",8195,8202.75,8211,909,6291455,"[6546,1802,49,7,3]",3,1681.4,6546,913
6291456,0,24,mixed,51.346966065466404,4,"[8212,8206,8201,8196]",8196,8203.75,8212,1008,6291456,"[7445,1803,53,11,4,1,1]",1,1331.142857142857,7445,1012
6291456,0,25,mixed,49.52363856136799,5,"[8213,8207,8202,8197,8192]",8192,8202.2,8213,2198,6291454,"[2037,72,15,6]",6,532.5,2037,2203
6291456,0,26,mixed,47.64364566653967,5,"[8214,8208,8203,8198,8193]",8193,8203.2,8214,1334,6291454,"[4085,219,17,7,2]",2,866.0,4085,1339
6291456,0,27,mixed,47.85813670605421,5,"[8215,8209,8204,8199,8194]",8194,8204.2,8215,1067,6291452,"[5410,220,23]",23,1884.3333333333333,5410,1072
6291456,0,28,mixed,48.07616118341684,5,"[8216,8210,8205,8200,8195]",8195,8205.2,8216,936,6291454,"[6469,224,27,8]",8,1682.0,6469,941
6291456,0,29,mixed,51.26847419887781,5,"[8217,8211,8206,8201,8196]",8196,8206.2,8217,832,6291454,"[7377,244,34,9,3]",3,1533.4,7377,837
6291456,0,30,mixed,74.72458574920893,5,"[8218,8212,8207,8202,8197]",8197,8207.2,8218,5806,6291456,"[8185,259,39,12,4,2,0,0]",0,1062.625,8185,5811
6291456,0,31,mixed,47.8935306891799,6,"[8219,8213,8208,8203,8198,8192]",8192,8205.5,8219,1924,6290518,[2307],2307,2307.0,2307,1930
6291456,0,32,mixed,45.87598703801632,6,"[8220,8214,8209,8204,8199,8193]",8193,8206.5,8220,1290,6290685,[4231],4231,4231.0,4231,1296
6291456,0,33,mixed,46.01710848510265,6,"[8221,8215,8210,8205,8200,8194]",8194,8207.5,8221,1041,6289722,[5521],5521,5521.0,5521,1047
6291456,0,34,mixed,47.641271725296974,6,"[8222,8216,8211,8206,8201,8195]",8195,8208.5,8222,898,6290955,"[6562,2087]",2087,4324.5,6562,904
6291456,0,35,mixed,50.471603870391846,6,"[8223,8217,8212,8207,8202,8196]",8196,8209.5,8223,983,6289833,"[7459,2088]",2088,4773.5,7459,989
6291456,0,36,mixed,47.946494072675705,7,"[8224,8218,8213,8208,8203,8197,8192]",8192,8207.857142857143,8224,1910,6290585,[2338],2338,2338.0,2338,1917
6291456,0,37,mixed,47.332881949841976,7,"[8225,8219,8214,8209,8204,8198,8193]",8193,8208.857142857143,8225,1286,6290469,[4248],4248,4248.0,4248,1293
6291456,0,38,mixed,46.5021338313818,7,"[8226,8220,8215,8210,8205,8199,8194]",8194,8209.857142857143,8226,1039,6290106,[5534],5534,5534.0,5534,1046
6291456,0,39,mixed,46.33477982133627,7,"[8227,8221,8216,8211,8206,8200,8195]",8195,8210.857142857143,8227,896,6291264,[6573],6573,6573.0,6573,903
6291456,0,40,mixed,50.57704821228981,7,"[8228,8222,8217,8212,8207,8201,8196]",8196,8211.857142857143,8228,1102,6291455,"[7469,1689,26,4,1]",1,1837.8,7469,1109
6291456,0,41,mixed,50.58748088777065,8,"[8229,8223,8218,8213,8208,8202,8197,8192]",8192,8210.25,8229,2295,6291456,"[2027,59,10,3,1,0,0]",0,300.0,2027,2303
6291456,0,42,mixed,47.68666811287403,8,"[8230,8224,8219,8214,8209,8203,8198,8193]",8193,8211.25,8230,1342,6291454,"[4075,295,16,5]",5,1097.75,4075,1350
6291456,0,43,mixed,49.6356962248683,8,"[8231,8225,8220,8215,8210,8204,8199,8194]",8194,8212.25,8231,1081,6291455,"[5402,304,21,6,2,1]",1,956.0,5402,1089
6291456,0,44,mixed,48.23911003768444,8,"[8232,8226,8221,8216,8211,8205,8200,8195]",8195,8213.25,8232,923,6291448,"[6462,313,29]",29,2268.0,6462,931
6291456,0,45,mixed,53.03731840103865,8,"[8233,8227,8222,8217,8212,8206,8201,8196]",8196,8214.25,8233,811,6291437,"[7371,325]",325,3848.0,7371,819
6291456,0,46,mixed,74.4036864489317,8,"[8234,8228,8223,8218,8213,8207,8202,8197]",8197,8215.25,8234,5717,6291455,"[8180,327,31,8,3,2]",2,1425.1666666666667,8180,5725
6291456,0,47,mixed,48.390951938927174,9,"[8235,8229,8224,8219,8214,8208,8203,8198,8192]",8192,8213.555555555555,8235,1894,6290626,"[2375,2079]",2079,2227.0,2375,1903
6291456,0,48,mixed,49.190144054591656,9,"[8236,8230,8225,8220,8215,8209,8204,8199,8193]",8193,8214.555555555555,8236,1282,6290510,"[4268,2080]",2080,3174.0,4268,1291
6291456,0,49,mixed,47.909291461110115,9,"[8237,8231,8226,8221,8216,8210,8205,8200,8194]",8194,8215.555555555555,8237,1038,6290095,"[5549,2081]",2081,3815.0,5549,1047
6291456,0,50,mixed,48.3627961948514,9,"[8238,8232,8227,8222,8217,8211,8206,8201,8195]",8195,8216.555555555555,8238,896,6291224,"[6585,2083]",2083,4334.0,6585,905
6291456,0,51,mixed,50.37486460059881,9,"[8239,8233,8228,8223,8218,8212,8207,8202,8196]",8196,8217.555555555555,8239,1027,6291213,"[7479,2085]",2085,4782.0,7479,1036
6291456,0,52,mixed,47.965751960873604,10,"[8240,8234,8229,8224,8219,8213,8208,8203,8197,8192]",8192,8215.9,8240,1883,6291103,[2399],2399,2399.0,2399,1893
6291456,0,53,mixed,48.99355676025152,10,"[8241,8235,8230,8225,8220,8214,8209,8204,8198,8193]",8193,8216.9,8241,1289,6291456,"[4282,1589,30,3,1]",1,1181.0,4282,1299
6291456,0,54,mixed,46.29608243703842,10,"[8242,8236,8231,8226,8221,8215,8210,8205,8199,8194]",8194,8217.9,8242,1035,6290730,[5560],5560,5560.0,5560,1045
6291456,0,55,mixed,49.78087730705738,10,"[8243,8237,8232,8227,8222,8216,8211,8206,8200,8195]",8195,8218.9,8243,927,6291455,"[6595,1590,35,7,2,0]",0,1371.5,6595,937
6291456,0,56,mixed,50.765467807650566,10,"[8244,8238,8233,8228,8223,8217,8212,8207,8201,8196]",8196,8219.9,8244,1148,6291456,"[7488,1591,62,10]",10,2287.75,7488,1158
6291456,0,57,mixed,51.07731558382511,11,"[8245,8239,8234,8229,8224,8218,8213,8208,8202,8197,8192]",8192,8218.272727272728,8245,2337,6291455,"[2018,76,13,4]",4,527.75,2018,2348
6291456,0,58,mixed,48.04159700870514,11,"[8246,8240,8235,8230,8225,8219,8214,8209,8203,8198,8193]",8193,8219.272727272728,8246,1355,6291454,"[4066,355,21,6,1]",1,889.8,4066,1366
6291456,0,59,mixed,48.436922021210194,11,"[8247,8241,8236,8231,8226,8220,8215,8210,8204,8199,8194]",8194,8220.272727272728,8247,1078,6291450,"[5395,365,33]",33,1931.0,5395,1089
6291456,0,60,mixed,48.67309518158436,11,"[8248,8242,8237,8232,8227,8221,8216,8211,8205,8200,8195]",8195,8221.272727272728,8248,920,6291456,"[6456,375,40,8,3]",3,1376.4,6456,931
6291456,0,61,mixed,50.56446231901646,11,"[8249,8243,8238,8233,8228,8222,8217,8212,8206,8201,8196]",8196,8222.272727272728,8249,825,6291453,"[7366,380,42,9]",9,1949.25,7366,836
6291456,0,62,mixed,73.43781646341085,11,"[8250,8244,8239,8234,8229,8223,8218,8213,8207,8202,8197]",8197,8223.272727272728,8250,5569,6291442,"[8175,392,43,12,5]",5,1725.4,8175,5580
6291456,0,63,mixed,48.61152172088623,12,"[8251,8245,8240,8235,8230,8224,8219,8214,8208,8203,8198,8192]",8192,8221.583333333334,8251,1865,6290645,[2440],2440,2440.0,2440,1877
6291456,0,64,mixed,47.1898578107357,12,"[8252,8246,8241,8236,8231,8225,8220,8215,8209,8204,8199,8193]",8193,8222.583333333334,8252,1273,6291166,[4305],4305,4305.0,4305,1285
6291456,0,65,mixed,46.426281332969666,12,"[8253,8247,8242,8237,8232,8226,8221,8216,8210,8205,8200,8194]",8194,8223.583333333334,8253,1032,6289524,[5578],5578,5578.0,5578,1044
6291456,0,66,mixed,48.399622552096844,12,"[8254,8248,8243,8238,8233,8227,8222,8217,8211,8206,8201,8195]",8195,8224.583333333334,8254,893,6291081,"[6610,2091]",2091,4350.5,6610,905
6291456,0,67,mixed,49.73331931978464,11,"[8249,8244,8239,8234,8228,8223,8218,8212,8207,8202,8196]",8196,8222.90909090909,8249,1071,6290007,"[7501,2093]",2093,4797.0,7501,1082
6291456,0,68,mixed,48.74272830784321,12,"[8250,8245,8240,8235,8229,8224,8219,8213,8208,8203,8197,8192]",8192,8221.25,8250,1890,6291419,"[2473,1459,14]",14,1315.3333333333333,2473,1902
6291456,0,69,mixed,48.35966322571039,12,"[8251,8246,8241,8236,8230,8225,8220,8214,8209,8204,8198,8193]",8193,8222.25,8251,1286,6291399,"[4323,1461,52]",52,1945.3333333333333,4323,1298
6291456,0,70,mixed,47.99847025424242,12,"[8252,8247,8242,8237,8231,8226,8221,8215,8210,8205,8199,8194]",8194,8223.25,8252,1035,6291438,"[5591,1464,67]",67,2374.0,5591,1047
6291456,0,71,mixed,48.64359460771084,12,"[8253,8248,8243,8238,8232,8227,8222,8216,8211,8206,8200,8195]",8195,8224.25,8253,901,6291416,"[6621,1465,71]",71,2719.0,6621,913
6291456,0,72,mixed,50.656527280807495,12,"[8254,8249,8244,8239,8233,8228,8223,8217,8212,8207,8201,8196]",8196,8225.25,8254,1230,6291453,"[7511,1466,81]",81,3019.3333333333335,7511,1242
6291456,0,73,mixed,51.684219390153885,12,"[8250,8245,8240,8234,8229,8224,8218,8213,8208,8202,8197,8192]",8192,8221.0,8250,2367,6291401,"[2009,87]",87,1048.0,2009,2379
6291456,0,74,mixed,47.171229496598244,12,"[8251,8246,8241,8235,8230,8225,8219,8214,8209,8203,8198,8193]",8193,8222.0,8251,1343,6291263,"[4057,406]",406,2231.5,4057,1355
6291456,0,75,mixed,47.727664932608604,12,"[8252,8247,8242,8236,8231,8226,8220,8215,8210,8204,8199,8194]",8194,8223.0,8252,1073,6291173,"[5388,418]",418,2903.0,5388,1085
6291456,0,76,mixed,46.65398597717285,12,"[8253,8248,8243,8237,8232,8227,8221,8216,8211,8205,8200,8195]",8195,8224.0,8253,911,6291366,[6450],6450,6450.0,6450,923
6291456,0,77,mixed,49.5064714923501,12,"[8254,8249,8244,8238,8233,8228,8222,8217,8212,8206,8201,8196]",8196,8225.0,8254,811,6291295,"[7361,429]",429,3895.0,7361,823
6291456,0,78,mixed,54.5725142583251,11,"[8250,8245,8239,8234,8229,8223,8218,8213,8207,8202,8197]",8197,8223.363636363636,8250,2069,3150638,"[8171,430]",430,4300.5,8171,2080
6291456,0,79,mixed,49.906592816114426,12,"[8251,8246,8240,8235,8230,8224,8219,8214,8208,8203,8198,8192]",8192,8221.666666666666,8251,1848,6287820,[2478],2478,2478.0,2478,1860
6291456,0,80,mixed,47.5760605186224,12,"[8252,8247,8241,8236,8231,8225,8220,8215,8209,8204,8199,8193]",8193,8222.666666666666,8252,1268,6289914,[4326],4326,4326.0,4326,1280
6291456,0,81,mixed,46.27765528857708,12,"[8253,8248,8242,8237,8232,8226,8221,8216,8210,8205,8200,8194]",8194,8223.666666666666,8253,1029,6286161,[5594],5594,5594.0,5594,1041
6291456,0,82,mixed,46.81846406310797,12,"[8254,8249,8243,8238,8233,8227,8222,8217,8211,8206,8201,8195]",8195,8224.666666666666,8254,890,6290965,[6623],6623,6623.0,6623,902
6291456,0,83,mixed,47.98260983079672,11,"[8250,8244,8239,8234,8228,8223,8218,8212,8207,8202,8196]",8196,8223.0,8250,679,5332187,[7513],7513,7513.0,7513,690
6291456,0,84,decode_only,31.359033659100533,12,"[8251,8245,8240,8235,8229,8224,8219,8213,8208,8203,8197,8192]",8192,8221.333333333334,8251,0,0,[],,,,12
6291456,0,85,decode_only,30.806321650743484,12,"[8252,8246,8241,8236,8230,8225,8220,8214,8209,8204,8198,8193]",8193,8222.333333333334,8252,0,0,[],,,,12
6291456,0,86,decode_only,30.711465515196323,12,"[8253,8247,8242,8237,8231,8226,8221,8215,8210,8205,8199,8194]",8194,8223.333333333334,8253,0,0,[],,,,12
6291456,0,87,decode_only,30.39746079593897,12,"[8254,8248,8243,8238,8232,8227,8222,8216,8211,8206,8200,8195]",8195,8224.333333333334,8254,0,0,[],,,,12
6291456,0,88,decode_only,29.50745727866888,11,"[8249,8244,8239,8233,8228,8223,8217,8212,8207,8201,8196]",8196,8222.636363636364,8249,0,0,[],,,,11
6291456,0,89,decode_only,29.581589624285698,11,"[8250,8245,8240,8234,8229,8224,8218,8213,8208,8202,8197]",8197,8223.636363636364,8250,0,0,[],,,,11
6291456,0,90,decode_only,29.71224207431078,11,"[8251,8246,8241,8235,8230,8225,8219,8214,8209,8203,8198]",8198,8224.636363636364,8251,0,0,[],,,,11
6291456,0,91,decode_only,29.705910943448544,11,"[8252,8247,8242,8236,8231,8226,8220,8215,8210,8204,8199]",8199,8225.636363636364,8252,0,0,[],,,,11
6291456,0,92,decode_only,29.67726904898882,11,"[8253,8248,8243,8237,8232,8227,8221,8216,8211,8205,8200]",8200,8226.636363636364,8253,0,0,[],,,,11
6291456,0,93,decode_only,29.70541175454855,11,"[8254,8249,8244,8238,8233,8228,8222,8217,8212,8206,8201]",8201,8227.636363636364,8254,0,0,[],,,,11
6291456,0,94,decode_only,29.56655528396368,10,"[8250,8245,8239,8234,8229,8223,8218,8213,8207,8202]",8202,8226.0,8250,0,0,[],,,,10
6291456,0,95,decode_only,29.891072772443295,10,"[8251,8246,8240,8235,8230,8224,8219,8214,8208,8203]",8203,8227.0,8251,0,0,[],,,,10
6291456,0,96,decode_only,29.574853368103504,10,"[8252,8247,8241,8236,8231,8225,8220,8215,8209,8204]",8204,8228.0,8252,0,0,[],,,,10
6291456,0,97,decode_only,29.524042271077633,10,"[8253,8248,8242,8237,8232,8226,8221,8216,8210,8205]",8205,8229.0,8253,0,0,[],,,,10
6291456,0,98,decode_only,29.507952742278576,10,"[8254,8249,8243,8238,8233,8227,8222,8217,8211,8206]",8206,8230.0,8254,0,0,[],,,,10
6291456,0,99,decode_only,29.68737855553627,9,"[8250,8244,8239,8234,8228,8223,8218,8212,8207]",8207,8228.333333333334,8250,0,0,[],,,,9
6291456,0,100,decode_only,29.717187397181988,9,"[8251,8245,8240,8235,8229,8224,8219,8213,8208]",8208,8229.333333333334,8251,0,0,[],,,,9
6291456,0,101,decode_only,29.63022142648697,9,"[8252,8246,8241,8236,8230,8225,8220,8214,8209]",8209,8230.333333333334,8252,0,0,[],,,,9
6291456,0,102,decode_only,29.66364659368992,9,"[8253,8247,8242,8237,8231,8226,8221,8215,8210]",8210,8231.333333333334,8253,0,0,[],,,,9
6291456,0,103,decode_only,29.683241620659828,9,"[8254,8248,8243,8238,8232,8227,8222,8216,8211]",8211,8232.333333333334,8254,0,0,[],,,,9
6291456,0,104,decode_only,29.693282209336758,8,"[8249,8244,8239,8233,8228,8223,8217,8212]",8212,8230.625,8249,0,0,[],,,,8
6291456,0,105,decode_only,30.245179310441017,8,"[8250,8245,8240,8234,8229,8224,8218,8213]",8213,8231.625,8250,0,0,[],,,,8
6291456,0,106,decode_only,29.85343523323536,8,"[8251,8246,8241,8235,8230,8225,8219,8214]",8214,8232.625,8251,0,0,[],,,,8
6291456,0,107,decode_only,29.885653406381607,8,"[8252,8247,8242,8236,8231,8226,8220,8215]",8215,8233.625,8252,0,0,[],,,,8
6291456,0,108,decode_only,29.673677869141102,8,"[8253,8248,8243,8237,8232,8227,8221,8216]",8216,8234.625,8253,0,0,[],,,,8
6291456,0,109,decode_only,29.670527204871178,8,"[8254,8249,8244,8238,8233,8228,8222,8217]",8217,8235.625,8254,0,0,[],,,,8
6291456,0,110,decode_only,29.77035939693451,7,"[8250,8245,8239,8234,8229,8223,8218]",8218,8234.0,8250,0,0,[],,,,7
6291456,0,111,decode_only,29.57963105291128,7,"[8251,8246,8240,8235,8230,8224,8219]",8219,8235.0,8251,0,0,[],,,,7
6291456,0,112,decode_only,29.63634766638279,7,"[8252,8247,8241,8236,8231,8225,8220]",8220,8236.0,8252,0,0,[],,,,7
6291456,0,113,decode_only,29.59663514047861,7,"[8253,8248,8242,8237,8232,8226,8221]",8221,8237.0,8253,0,0,[],,,,7
6291456,0,114,decode_only,29.572940431535244,7,"[8254,8249,8243,8238,8233,8227,8222]",8222,8238.0,8254,0,0,[],,,,7
6291456,0,115,decode_only,30.29602114111185,6,"[8250,8244,8239,8234,8228,8223]",8223,8236.333333333334,8250,0,0,[],,,,6
6291456,0,116,decode_only,30.47915641218424,6,"[8251,8245,8240,8235,8229,8224]",8224,8237.333333333334,8251,0,0,[],,,,6
6291456,0,117,decode_only,30.39928711950779,6,"[8252,8246,8241,8236,8230,8225]",8225,8238.333333333334,8252,0,0,[],,,,6
6291456,0,118,decode_only,30.530651099979877,6,"[8253,8247,8242,8237,8231,8226]",8226,8239.333333333334,8253,0,0,[],,,,6
6291456,0,119,decode_only,30.53494542837143,6,"[8254,8248,8243,8238,8232,8227]",8227,8240.333333333334,8254,0,0,[],,,,6
6291456,0,120,decode_only,29.61078193038702,5,"[8249,8244,8239,8233,8228]",8228,8238.6,8249,0,0,[],,,,5
6291456,0,121,decode_only,29.30324897170067,5,"[8250,8245,8240,8234,8229]",8229,8239.6,8250,0,0,[],,,,5
6291456,0,122,decode_only,29.366970993578434,5,"[8251,8246,8241,8235,8230]",8230,8240.6,8251,0,0,[],,,,5
6291456,0,123,decode_only,29.489459469914436,5,"[8252,8247,8242,8236,8231]",8231,8241.6,8252,0,0,[],,,,5
6291456,0,124,decode_only,29.395765624940395,5,"[8253,8248,8243,8237,8232]",8232,8242.6,8253,0,0,[],,,,5
6291456,0,125,decode_only,29.306097887456417,5,"[8254,8249,8244,8238,8233]",8233,8243.6,8254,0,0,[],,,,5
6291456,0,126,decode_only,30.038601718842983,4,"[8250,8245,8239,8234]",8234,8242.0,8250,0,0,[],,,,4
6291456,0,127,decode_only,30.1881842315197,4,"[8251,8246,8240,8235]",8235,8243.0,8251,0,0,[],,,,4
6291456,0,128,decode_only,30.319382436573505,4,"[8252,8247,8241,8236]",8236,8244.0,8252,0,0,[],,,,4
6291456,0,129,decode_only,30.171748250722885,4,"[8253,8248,8242,8237]",8237,8245.0,8253,0,0,[],,,,4
6291456,0,130,decode_only,30.206378549337387,4,"[8254,8249,8243,8238]",8238,8246.0,8254,0,0,[],,,,4
6291456,0,131,decode_only,29.198581352829933,3,"[8250,8244,8239]",8239,8244.333333333334,8250,0,0,[],,,,3
6291456,0,132,decode_only,29.257073998451233,3,"[8251,8245,8240]",8240,8245.333333333334,8251,0,0,[],,,,3
6291456,0,133,decode_only,29.29028868675232,3,"[8252,8246,8241]",8241,8246.333333333334,8252,0,0,[],,,,3
6291456,0,134,decode_only,29.22378946095705,3,"[8253,8247,8242]",8242,8247.333333333334,8253,0,0,[],,,,3
6291456,0,135,decode_only,29.2317857965827,3,"[8254,8248,8243]",8243,8248.333333333334,8254,0,0,[],,,,3
6291456,0,136,decode_only,30.780630186200142,2,"[8249,8244]",8244,8246.5,8249,0,0,[],,,,2
6291456,0,137,decode_only,29.474453069269657,2,"[8250,8245]",8245,8247.5,8250,0,0,[],,,,2
6291456,0,138,decode_only,29.446749947965145,2,"[8251,8246]",8246,8248.5,8251,0,0,[],,,,2
6291456,0,139,decode_only,29.395037330687046,2,"[8252,8247]",8247,8249.5,8252,0,0,[],,,,2
6291456,0,140,decode_only,29.730401933193207,2,"[8253,8248]",8248,8250.5,8253,0,0,[],,,,2
6291456,0,141,decode_only,29.429947026073933,2,"[8254,8249]",8249,8251.5,8254,0,0,[],,,,2
6291456,0,142,decode_only,30.560106970369816,1,[8250],8250,8250.0,8250,0,0,[],,,,1
6291456,0,143,decode_only,30.700410716235638,1,[8251],8251,8251.0,8251,0,0,[],,,,1
6291456,0,144,decode_only,30.309016816318035,1,[8252],8252,8252.0,8252,0,0,[],,,,1
6291456,0,145,decode_only,30.58562334626913,1,[8253],8253,8253.0,8253,0,0,[],,,,1
6291456,0,146,decode_only,31.409128569066525,1,[8254],8254,8254.0,8254,0,0,[],,,,1
6291456,1,0,prefill_only,17.744269222021103,0,[],,,,2048,2098176,[0],0,0.0,0,2048
6291456,1,1,prefill_only,20.414593629539013,0,[],,,,2048,6292480,[2048],2048,2048.0,2048,2048
6291456,1,2,prefill_only,23.95065501332283,0,[],,,,2048,10486784,[4096],4096,4096.0,4096,2048
6291456,1,3,prefill_only,57.79431387782097,0,[],,,,6144,18877440,"[6144,0,0]",0,2048.0,6144,6144
6291456,1,4,mixed,49.34080317616463,1,[8192],8192,8192.0,8192,2092,6291423,"[2048,2048,0]",0,1365.3333333333333,2048,2093
6291456,1,5,mixed,46.70315142720938,1,[8193],8193,8193.0,8193,1352,6291452,"[4095,2049,44,0]",0,1547.0,4095,1353
6291456,1,6,mixed,44.80734467506409,1,[8194],8194,8194.0,8194,1058,6291397,[5417],5417,5417.0,5417,1059
6291456,1,7,mixed,48.18821605294943,1,[8195],8195,8195.0,8195,927,6291456,"[6475,2050,67,6,0,0]",0,1433.0,6475,928
6291456,1,8,mixed,51.38469208031893,1,[8196],8196,8196.0,8196,840,6291456,"[7382,2053,76,11,2,1,0]",0,1360.7142857142858,7382,841
6291456,1,9,mixed,55.534666404128075,1,[8197],8197,8197.0,8197,2074,6291456,"[8189,2056,98,15,4,2]",2,1727.3333333333333,8189,2075
6291456,1,10,mixed,47.44155611842871,2,"[8198,8192]",8192,8195.0,8198,1332,6291453,"[4093,125,19,6]",6,1060.75,4093,1334
6291456,1,11,mixed,46.66711110621691,2,"[8199,8193]",8193,8196.0,8199,1068,6291454,"[5416,129,22]",22,1855.6666666666667,5416,1070
6291456,1,12,mixed,47.70614206790924,2,"[8200,8194]",8194,8197.0,8200,916,6291456,"[6474,137,24,8,3]",3,1329.2,6474,918
6291456,1,13,mixed,48.61274641007185,2,"[8201,8195]",8195,8198.0,8201,860,6291456,"[7382,139,27]",27,2516.0,7382,862
6291456,1,14,mixed,74.5843593031168,2,"[8202,8196]",8196,8199.0,8202,5937,6291456,"[8189,188,31,10,4,1,0]",0,1203.2857142857142,8189,5939
6291456,1,15,mixed,48.399715684354305,3,"[8203,8197,8192]",8192,8197.333333333334,8203,1958,6291443,"[2236,2079,1800]",1800,2038.3333333333333,2236,1961
6291456,1,16,mixed,45.88975291699171,3,"[8204,8198,8193]",8193,8198.333333333334,8204,1299,6289758,[4192],4192,4192.0,4192,1302
6291456,1,17,mixed,45.37553433328867,3,"[8205,8199,8194]",8194,8199.333333333334,8205,1046,6291167,[5491],5491,5491.0,5491,1049
6291456,1,18,mixed,47.40382730960846,3,"[8206,8200,8195]",8195,8200.333333333334,8206,901,6290831,"[6537,2080]",2080,4308.5,6537,904
6291456,1,19,mixed,48.81753772497177,3,"[8207,8201,8196]",8196,8201.333333333334,8207,935,6291195,"[7437,2081]",2081,4759.0,7437,938
6291456,1,20,mixed,47.60858044028282,4,"[8208,8202,8197,8192]",8192,8199.75,8208,1945,6290130,[2261],2261,2261.0,2261,1949
6291456,1,21,mixed,45.86823470890522,4,"[8209,8203,8198,8193]",8193,8200.75,8209,1296,6291432,[4206],4206,4206.0,4206,1300
6291456,1,22,mixed,47.2613712772727,4,"[8210,8204,8199,8194]",8194,8201.75,8210,1053,6291456,"[5502,1801,48,3,2,0,0]",0,1050.857142857143,5502,1057
6291456,1,23,mixed,48.015909269452095,4,"[8211,8205,8200,8195]",8195,8202.75,8211,909,6291455,"[6546,1802,49,7,3]",3,1681.4,6546,913
6291456,1,24,mixed,49.601998180150986,4,"[8212,8206,8201,8196]",8196,8203.75,8212,1008,6291456,"[7445,1803,53,11,4,1,1]",1,1331.142857142857,7445,1012
6291456,1,25,mixed,50.077855587005615,5,"[8213,8207,8202,8197,8192]",8192,8202.2,8213,2198,6291454,"[2037,72,15,6]",6,532.5,2037,2203
6291456,1,26,mixed,47.289968468248844,5,"[8214,8208,8203,8198,8193]",8193,8203.2,8214,1334,6291454,"[4085,219,17,7,2]",2,866.0,4085,1339
6291456,1,27,mixed,47.06760589033365,5,"[8215,8209,8204,8199,8194]",8194,8204.2,8215,1067,6291452,"[5410,220,23]",23,1884.3333333333333,5410,1072
6291456,1,28,mixed,47.5386306643486,5,"[8216,8210,8205,8200,8195]",8195,8205.2,8216,936,6291454,"[6469,224,27,8]",8,1682.0,6469,941
6291456,1,29,mixed,49.11604803055525,5,"[8217,8211,8206,8201,8196]",8196,8206.2,8217,832,6291454,"[7377,244,34,9,3]",3,1533.4,7377,837
6291456,1,30,mixed,74.8092383146286,5,"[8218,8212,8207,8202,8197]",8197,8207.2,8218,5806,6291456,"[8185,259,39,12,4,2,0,0]",0,1062.625,8185,5811
6291456,1,31,mixed,47.923664562404156,6,"[8219,8213,8208,8203,8198,8192]",8192,8205.5,8219,1924,6290518,[2307],2307,2307.0,2307,1930
6291456,1,32,mixed,48.57555218040943,6,"[8220,8214,8209,8204,8199,8193]",8193,8206.5,8220,1290,6290685,[4231],4231,4231.0,4231,1296
6291456,1,33,mixed,45.89547589421272,6,"[8221,8215,8210,8205,8200,8194]",8194,8207.5,8221,1041,6289722,[5521],5521,5521.0,5521,1047
6291456,1,34,mixed,47.61418513953686,6,"[8222,8216,8211,8206,8201,8195]",8195,8208.5,8222,898,6290955,"[6562,2087]",2087,4324.5,6562,904
6291456,1,35,mixed,50.02914369106293,6,"[8223,8217,8212,8207,8202,8196]",8196,8209.5,8223,983,6289833,"[7459,2088]",2088,4773.5,7459,989
6291456,1,36,mixed,47.909931279718876,7,"[8224,8218,8213,8208,8203,8197,8192]",8192,8207.857142857143,8224,1910,6290585,[2338],2338,2338.0,2338,1917
6291456,1,37,mixed,46.51056043803692,7,"[8225,8219,8214,8209,8204,8198,8193]",8193,8208.857142857143,8225,1286,6290469,[4248],4248,4248.0,4248,1293
6291456,1,38,mixed,45.7896925508976,7,"[8226,8220,8215,8210,8205,8199,8194]",8194,8209.857142857143,8226,1039,6290106,[5534],5534,5534.0,5534,1046
6291456,1,39,mixed,47.628737054765224,7,"[8227,8221,8216,8211,8206,8200,8195]",8195,8210.857142857143,8227,896,6291264,[6573],6573,6573.0,6573,903
6291456,1,40,mixed,49.91593491286039,7,"[8228,8222,8217,8212,8207,8201,8196]",8196,8211.857142857143,8228,1102,6291455,"[7469,1689,26,4,1]",1,1837.8,7469,1109
6291456,1,41,mixed,50.36148149520159,8,"[8229,8223,8218,8213,8208,8202,8197,8192]",8192,8210.25,8229,2295,6291456,"[2027,59,10,3,1,0,0]",0,300.0,2027,2303
6291456,1,42,mixed,47.273147851228714,8,"[8230,8224,8219,8214,8209,8203,8198,8193]",8193,8211.25,8230,1342,6291454,"[4075,295,16,5]",5,1097.75,4075,1350
6291456,1,43,mixed,47.62927070260048,8,"[8231,8225,8220,8215,8210,8204,8199,8194]",8194,8212.25,8231,1081,6291455,"[5402,304,21,6,2,1]",1,956.0,5402,1089
6291456,1,44,mixed,47.92720638215542,8,"[8232,8226,8221,8216,8211,8205,8200,8195]",8195,8213.25,8232,923,6291448,"[6462,313,29]",29,2268.0,6462,931
6291456,1,45,mixed,49.14811905473471,8,"[8233,8227,8222,8217,8212,8206,8201,8196]",8196,8214.25,8233,811,6291437,"[7371,325]",325,3848.0,7371,819
6291456,1,46,mixed,74.07171372324228,8,"[8234,8228,8223,8218,8213,8207,8202,8197]",8197,8215.25,8234,5717,6291455,"[8180,327,31,8,3,2]",2,1425.1666666666667,8180,5725
6291456,1,47,mixed,49.29073341190815,9,"[8235,8229,8224,8219,8214,8208,8203,8198,8192]",8192,8213.555555555555,8235,1894,6290626,"[2375,2079]",2079,2227.0,2375,1903
6291456,1,48,mixed,47.25517425686121,9,"[8236,8230,8225,8220,8215,8209,8204,8199,8193]",8193,8214.555555555555,8236,1282,6290510,"[4268,2080]",2080,3174.0,4268,1291
6291456,1,49,mixed,47.455934807658195,9,"[8237,8231,8226,8221,8216,8210,8205,8200,8194]",8194,8215.555555555555,8237,1038,6290095,"[5549,2081]",2081,3815.0,5549,1047
6291456,1,50,mixed,47.95208293944597,9,"[8238,8232,8227,8222,8217,8211,8206,8201,8195]",8195,8216.555555555555,8238,896,6291224,"[6585,2083]",2083,4334.0,6585,905
6291456,1,51,mixed,50.1161040738225,9,"[8239,8233,8228,8223,8218,8212,8207,8202,8196]",8196,8217.555555555555,8239,1027,6291213,"[7479,2085]",2085,4782.0,7479,1036
6291456,1,52,mixed,47.57823422551155,10,"[8240,8234,8229,8224,8219,8213,8208,8203,8197,8192]",8192,8215.9,8240,1883,6291103,[2399],2399,2399.0,2399,1893
6291456,1,53,mixed,47.849646769464016,10,"[8241,8235,8230,8225,8220,8214,8209,8204,8198,8193]",8193,8216.9,8241,1289,6291456,"[4282,1589,30,3,1]",1,1181.0,4282,1299
6291456,1,54,mixed,45.69780454039574,10,"[8242,8236,8231,8226,8221,8215,8210,8205,8199,8194]",8194,8217.9,8242,1035,6290730,[5560],5560,5560.0,5560,1045
6291456,1,55,mixed,48.22081048041582,10,"[8243,8237,8232,8227,8222,8216,8211,8206,8200,8195]",8195,8218.9,8243,927,6291455,"[6595,1590,35,7,2,0]",0,1371.5,6595,937
6291456,1,56,mixed,49.87195134162903,10,"[8244,8238,8233,8228,8223,8217,8212,8207,8201,8196]",8196,8219.9,8244,1148,6291456,"[7488,1591,62,10]",10,2287.75,7488,1158
6291456,1,57,mixed,50.94855651259422,11,"[8245,8239,8234,8229,8224,8218,8213,8208,8202,8197,8192]",8192,8218.272727272728,8245,2337,6291455,"[2018,76,13,4]",4,527.75,2018,2348
6291456,1,58,mixed,48.60043991357088,11,"[8246,8240,8235,8230,8225,8219,8214,8209,8203,8198,8193]",8193,8219.272727272728,8246,1355,6291454,"[4066,355,21,6,1]",1,889.8,4066,1366
6291456,1,59,mixed,47.2187465056777,11,"[8247,8241,8236,8231,8226,8220,8215,8210,8204,8199,8194]",8194,8220.272727272728,8247,1078,6291450,"[5395,365,33]",33,1931.0,5395,1089
6291456,1,60,mixed,49.75631274282932,11,"[8248,8242,8237,8232,8227,8221,8216,8211,8205,8200,8195]",8195,8221.272727272728,8248,920,6291456,"[6456,375,40,8,3]",3,1376.4,6456,931
6291456,1,61,mixed,49.14628714323044,11,"[8249,8243,8238,8233,8228,8222,8217,8212,8206,8201,8196]",8196,8222.272727272728,8249,825,6291453,"[7366,380,42,9]",9,1949.25,7366,836
6291456,1,62,mixed,73.04649241268635,11,"[8250,8244,8239,8234,8229,8223,8218,8213,8207,8202,8197]",8197,8223.272727272728,8250,5569,6291442,"[8175,392,43,12,5]",5,1725.4,8175,5580
6291456,1,63,mixed,48.54646697640419,12,"[8251,8245,8240,8235,8230,8224,8219,8214,8208,8203,8198,8192]",8192,8221.583333333334,8251,1865,6290645,[2440],2440,2440.0,2440,1877
6291456,1,64,mixed,47.403255477547646,12,"[8252,8246,8241,8236,8231,8225,8220,8215,8209,8204,8199,8193]",8193,8222.583333333334,8252,1273,6291166,[4305],4305,4305.0,4305,1285
6291456,1,65,mixed,46.14755604416132,12,"[8253,8247,8242,8237,8232,8226,8221,8216,8210,8205,8200,8194]",8194,8223.583333333334,8253,1032,6289524,[5578],5578,5578.0,5578,1044
6291456,1,66,mixed,49.31096825748682,12,"[8254,8248,8243,8238,8233,8227,8222,8217,8211,8206,8201,8195]",8195,8224.583333333334,8254,893,6291081,"[6610,2091]",2091,4350.5,6610,905
6291456,1,67,mixed,49.72795024514198,11,"[8249,8244,8239,8234,8228,8223,8218,8212,8207,8202,8196]",8196,8222.90909090909,8249,1071,6290007,"[7501,2093]",2093,4797.0,7501,1082
6291456,1,68,mixed,49.599151127040386,12,"[8250,8245,8240,8235,8229,8224,8219,8213,8208,8203,8197,8192]",8192,8221.25,8250,1890,6291419,"[2473,1459,14]",14,1315.3333333333333,2473,1902
6291456,1,69,mixed,48.31796791404486,12,"[8251,8246,8241,8236,8230,8225,8220,8214,8209,8204,8198,8193]",8193,8222.25,8251,1286,6291399,"[4323,1461,52]",52,1945.3333333333333,4323,1298
6291456,1,70,mixed,47.95299097895622,12,"[8252,8247,8242,8237,8231,8226,8221,8215,8210,8205,8199,8194]",8194,8223.25,8252,1035,6291438,"[5591,1464,67]",67,2374.0,5591,1047
6291456,1,71,mixed,48.467956483364105,12,"[8253,8248,8243,8238,8232,8227,8222,8216,8211,8206,8200,8195]",8195,8224.25,8253,901,6291416,"[6621,1465,71]",71,2719.0,6621,913
6291456,1,72,mixed,50.89880991727114,12,"[8254,8249,8244,8239,8233,8228,8223,8217,8212,8207,8201,8196]",8196,8225.25,8254,1230,6291453,"[7511,1466,81]",81,3019.3333333333335,7511,1242
6291456,1,73,mixed,50.99560786038637,12,"[8250,8245,8240,8234,8229,8224,8218,8213,8208,8202,8197,8192]",8192,8221.0,8250,2367,6291401,"[2009,87]",87,1048.0,2009,2379
6291456,1,74,mixed,46.97601683437824,12,"[8251,8246,8241,8235,8230,8225,8219,8214,8209,8203,8198,8193]",8193,8222.0,8251,1343,6291263,"[4057,406]",406,2231.5,4057,1355
6291456,1,75,mixed,47.70511481910944,12,"[8252,8247,8242,8236,8231,8226,8220,8215,8210,8204,8199,8194]",8194,8223.0,8252,1073,6291173,"[5388,418]",418,2903.0,5388,1085
6291456,1,76,mixed,46.63075692951679,12,"[8253,8248,8243,8237,8232,8227,8221,8216,8211,8205,8200,8195]",8195,8224.0,8253,911,6291366,[6450],6450,6450.0,6450,923
6291456,1,77,mixed,49.56164490431547,12,"[8254,8249,8244,8238,8233,8228,8222,8217,8212,8206,8201,8196]",8196,8225.0,8254,811,6291295,"[7361,429]",429,3895.0,7361,823
6291456,1,78,mixed,54.67602051794529,11,"[8250,8245,8239,8234,8229,8223,8218,8213,8207,8202,8197]",8197,8223.363636363636,8250,2069,3150638,"[8171,430]",430,4300.5,8171,2080
6291456,1,79,mixed,50.61397049576044,12,"[8251,8246,8240,8235,8230,8224,8219,8214,8208,8203,8198,8192]",8192,8221.666666666666,8251,1848,6287820,[2478],2478,2478.0,2478,1860
6291456,1,80,mixed,45.64193915575743,12,"[8252,8247,8241,8236,8231,8225,8220,8215,8209,8204,8199,8193]",8193,8222.666666666666,8252,1268,6289914,[4326],4326,4326.0,4326,1280
6291456,1,81,mixed,46.1758254095912,12,"[8253,8248,8242,8237,8232,8226,8221,8216,8210,8205,8200,8194]",8194,8223.666666666666,8253,1029,6286161,[5594],5594,5594.0,5594,1041
6291456,1,82,mixed,47.00888600200415,12,"[8254,8249,8243,8238,8233,8227,8222,8217,8211,8206,8201,8195]",8195,8224.666666666666,8254,890,6290965,[6623],6623,6623.0,6623,902
6291456,1,83,mixed,46.8709385022521,11,"[8250,8244,8239,8234,8228,8223,8218,8212,8207,8202,8196]",8196,8223.0,8250,679,5332187,[7513],7513,7513.0,7513,690
6291456,1,84,decode_only,31.02511167526245,12,"[8251,8245,8240,8235,8229,8224,8219,8213,8208,8203,8197,8192]",8192,8221.333333333334,8251,0,0,[],,,,12
6291456,1,85,decode_only,31.018389388918877,12,"[8252,8246,8241,8236,8230,8225,8220,8214,8209,8204,8198,8193]",8193,8222.333333333334,8252,0,0,[],,,,12
6291456,1,86,decode_only,30.822712928056717,12,"[8253,8247,8242,8237,8231,8226,8221,8215,8210,8205,8199,8194]",8194,8223.333333333334,8253,0,0,[],,,,12
6291456,1,87,decode_only,30.63084091991186,12,"[8254,8248,8243,8238,8232,8227,8222,8216,8211,8206,8200,8195]",8195,8224.333333333334,8254,0,0,[],,,,12
6291456,1,88,decode_only,30.03859519958496,11,"[8249,8244,8239,8233,8228,8223,8217,8212,8207,8201,8196]",8196,8222.636363636364,8249,0,0,[],,,,11
6291456,1,89,decode_only,29.676134698092937,11,"[8250,8245,8240,8234,8229,8224,8218,8213,8208,8202,8197]",8197,8223.636363636364,8250,0,0,[],,,,11
6291456,1,90,decode_only,29.68535665422678,11,"[8251,8246,8241,8235,8230,8225,8219,8214,8209,8203,8198]",8198,8224.636363636364,8251,0,0,[],,,,11
6291456,1,91,decode_only,30.018660239875317,11,"[8252,8247,8242,8236,8231,8226,8220,8215,8210,8204,8199]",8199,8225.636363636364,8252,0,0,[],,,,11
6291456,1,92,decode_only,29.670363292098045,11,"[8253,8248,8243,8237,8232,8227,8221,8216,8211,8205,8200]",8200,8226.636363636364,8253,0,0,[],,,,11
6291456,1,93,decode_only,29.70538940280676,11,"[8254,8249,8244,8238,8233,8228,8222,8217,8212,8206,8201]",8201,8227.636363636364,8254,0,0,[],,,,11
6291456,1,94,decode_only,29.691964387893677,10,"[8250,8245,8239,8234,8229,8223,8218,8213,8207,8202]",8202,8226.0,8250,0,0,[],,,,10
6291456,1,95,decode_only,29.442409984767437,10,"[8251,8246,8240,8235,8230,8224,8219,8214,8208,8203]",8203,8227.0,8251,0,0,[],,,,10
6291456,1,96,decode_only,29.55389115959406,10,"[8252,8247,8241,8236,8231,8225,8220,8215,8209,8204]",8204,8228.0,8252,0,0,[],,,,10
6291456,1,97,decode_only,30.041721649467945,10,"[8253,8248,8242,8237,8232,8226,8221,8216,8210,8205]",8205,8229.0,8253,0,0,[],,,,10
6291456,1,98,decode_only,29.94474209845066,10,"[8254,8249,8243,8238,8233,8227,8222,8217,8211,8206]",8206,8230.0,8254,0,0,[],,,,10
6291456,1,99,decode_only,30.877210199832916,9,"[8250,8244,8239,8234,8228,8223,8218,8212,8207]",8207,8228.333333333334,8250,0,0,[],,,,9
6291456,1,100,decode_only,29.6687800437212,9,"[8251,8245,8240,8235,8229,8224,8219,8213,8208]",8208,8229.333333333334,8251,0,0,[],,,,9
6291456,1,101,decode_only,29.68715224415064,9,"[8252,8246,8241,8236,8230,8225,8220,8214,8209]",8209,8230.333333333334,8252,0,0,[],,,,9
6291456,1,102,decode_only,29.580908827483654,9,"[8253,8247,8242,8237,8231,8226,8221,8215,8210]",8210,8231.333333333334,8253,0,0,[],,,,9
6291456,1,103,decode_only,29.69212271273136,9,"[8254,8248,8243,8238,8232,8227,8222,8216,8211]",8211,8232.333333333334,8254,0,0,[],,,,9
6291456,1,104,decode_only,29.83478456735611,8,"[8249,8244,8239,8233,8228,8223,8217,8212]",8212,8230.625,8249,0,0,[],,,,8
6291456,1,105,decode_only,29.833724722266197,8,"[8250,8245,8240,8234,8229,8224,8218,8213]",8213,8231.625,8250,0,0,[],,,,8
6291456,1,106,decode_only,29.74142227321863,8,"[8251,8246,8241,8235,8230,8225,8219,8214]",8214,8232.625,8251,0,0,[],,,,8
6291456,1,107,decode_only,29.68220878392458,8,"[8252,8247,8242,8236,8231,8226,8220,8215]",8215,8233.625,8252,0,0,[],,,,8
6291456,1,108,decode_only,29.89587839692831,8,"[8253,8248,8243,8237,8232,8227,8221,8216]",8216,8234.625,8253,0,0,[],,,,8
6291456,1,109,decode_only,29.805218800902367,8,"[8254,8249,8244,8238,8233,8228,8222,8217]",8217,8235.625,8254,0,0,[],,,,8
6291456,1,110,decode_only,29.83551938086748,7,"[8250,8245,8239,8234,8229,8223,8218]",8218,8234.0,8250,0,0,[],,,,7
6291456,1,111,decode_only,30.0033800303936,7,"[8251,8246,8240,8235,8230,8224,8219]",8219,8235.0,8251,0,0,[],,,,7
6291456,1,112,decode_only,30.951639637351036,7,"[8252,8247,8241,8236,8231,8225,8220]",8220,8236.0,8252,0,0,[],,,,7
6291456,1,113,decode_only,29.63098417967558,7,"[8253,8248,8242,8237,8232,8226,8221]",8221,8237.0,8253,0,0,[],,,,7
6291456,1,114,decode_only,29.67086434364319,7,"[8254,8249,8243,8238,8233,8227,8222]",8222,8238.0,8254,0,0,[],,,,7
6291456,1,115,decode_only,30.400077812373638,6,"[8250,8244,8239,8234,8228,8223]",8223,8236.333333333334,8250,0,0,[],,,,6
6291456,1,116,decode_only,30.398378148674965,6,"[8251,8245,8240,8235,8229,8224]",8224,8237.333333333334,8251,0,0,[],,,,6
6291456,1,117,decode_only,30.3182415664196,6,"[8252,8246,8241,8236,8230,8225]",8225,8238.333333333334,8252,0,0,[],,,,6
6291456,1,118,decode_only,30.28114140033722,6,"[8253,8247,8242,8237,8231,8226]",8226,8239.333333333334,8253,0,0,[],,,,6
6291456,1,119,decode_only,30.398941598832607,6,"[8254,8248,8243,8238,8232,8227]",8227,8240.333333333334,8254,0,0,[],,,,6
6291456,1,120,decode_only,29.337767511606216,5,"[8249,8244,8239,8233,8228]",8228,8238.6,8249,0,0,[],,,,5
6291456,1,121,decode_only,29.339781031012535,5,"[8250,8245,8240,8234,8229]",8229,8239.6,8250,0,0,[],,,,5
6291456,1,122,decode_only,29.284843243658543,5,"[8251,8246,8241,8235,8230]",8230,8240.6,8251,0,0,[],,,,5
6291456,1,123,decode_only,29.332309029996395,5,"[8252,8247,8242,8236,8231]",8231,8241.6,8252,0,0,[],,,,5
6291456,1,124,decode_only,29.35221418738365,5,"[8253,8248,8243,8237,8232]",8232,8242.6,8253,0,0,[],,,,5
6291456,1,125,decode_only,29.36982363462448,5,"[8254,8249,8244,8238,8233]",8233,8243.6,8254,0,0,[],,,,5
6291456,1,126,decode_only,30.381683260202408,4,"[8250,8245,8239,8234]",8234,8242.0,8250,0,0,[],,,,4
6291456,1,127,decode_only,30.428732745349407,4,"[8251,8246,8240,8235]",8235,8243.0,8251,0,0,[],,,,4
6291456,1,128,decode_only,30.28404712677002,4,"[8252,8247,8241,8236]",8236,8244.0,8252,0,0,[],,,,4
6291456,1,129,decode_only,30.26159480214119,4,"[8253,8248,8242,8237]",8237,8245.0,8253,0,0,[],,,,4
6291456,1,130,decode_only,30.30900191515684,4,"[8254,8249,8243,8238]",8238,8246.0,8254,0,0,[],,,,4
6291456,1,131,decode_only,29.34930380433798,3,"[8250,8244,8239]",8239,8244.333333333334,8250,0,0,[],,,,3
6291456,1,132,decode_only,29.27215024828911,3,"[8251,8245,8240]",8240,8245.333333333334,8251,0,0,[],,,,3
6291456,1,133,decode_only,29.32348381727934,3,"[8252,8246,8241]",8241,8246.333333333334,8252,0,0,[],,,,3
6291456,1,134,decode_only,29.3344147503376,3,"[8253,8247,8242]",8242,8247.333333333334,8253,0,0,[],,,,3
6291456,1,135,decode_only,29.297908768057823,3,"[8254,8248,8243]",8243,8248.333333333334,8254,0,0,[],,,,3
6291456,1,136,decode_only,29.4493418186903,2,"[8249,8244]",8244,8246.5,8249,0,0,[],,,,2
6291456,1,137,decode_only,29.615536332130432,2,"[8250,8245]",8245,8247.5,8250,0,0,[],,,,2
6291456,1,138,decode_only,29.37069721519947,2,"[8251,8246]",8246,8248.5,8251,0,0,[],,,,2
6291456,1,139,decode_only,29.433381743729115,2,"[8252,8247]",8247,8249.5,8252,0,0,[],,,,2
6291456,1,140,decode_only,29.647844843566418,2,"[8253,8248]",8248,8250.5,8253,0,0,[],,,,2
6291456,1,141,decode_only,29.502423480153084,2,"[8254,8249]",8249,8251.5,8254,0,0,[],,,,2
6291456,1,142,decode_only,30.158299021422863,1,[8250],8250,8250.0,8250,0,0,[],,,,1
6291456,1,143,decode_only,30.161975882947445,1,[8251],8251,8251.0,8251,0,0,[],,,,1
6291456,1,144,decode_only,30.276880599558353,1,[8252],8252,8252.0,8252,0,0,[],,,,1
6291456,1,145,decode_only,30.30302468687296,1,[8253],8253,8253.0,8253,0,0,[],,,,1
6291456,1,146,decode_only,30.15511203557253,1,[8254],8254,8254.0,8254,0,0,[],,,,1
6291456,2,0,prefill_only,17.664427869021893,0,[],,,,2048,2098176,[0],0,0.0,0,2048
6291456,2,1,prefill_only,20.47653030604124,0,[],,,,2048,6292480,[2048],2048,2048.0,2048,2048
6291456,2,2,prefill_only,23.732392117381096,0,[],,,,2048,10486784,[4096],4096,4096.0,4096,2048
6291456,2,3,prefill_only,57.26150330156088,0,[],,,,6144,18877440,"[6144,0,0]",0,2048.0,6144,6144
6291456,2,4,mixed,48.52708429098129,1,[8192],8192,8192.0,8192,2092,6291423,"[2048,2048,0]",0,1365.3333333333333,2048,2093
6291456,2,5,mixed,46.66403215378523,1,[8193],8193,8193.0,8193,1352,6291452,"[4095,2049,44,0]",0,1547.0,4095,1353
6291456,2,6,mixed,44.908326119184494,1,[8194],8194,8194.0,8194,1058,6291397,[5417],5417,5417.0,5417,1059
6291456,2,7,mixed,47.5441524758935,1,[8195],8195,8195.0,8195,927,6291456,"[6475,2050,67,6,0,0]",0,1433.0,6475,928
6291456,2,8,mixed,50.199092365801334,1,[8196],8196,8196.0,8196,840,6291456,"[7382,2053,76,11,2,1,0]",0,1360.7142857142858,7382,841
6291456,2,9,mixed,55.607919581234455,1,[8197],8197,8197.0,8197,2074,6291456,"[8189,2056,98,15,4,2]",2,1727.3333333333333,8189,2075
6291456,2,10,mixed,47.47568815946579,2,"[8198,8192]",8192,8195.0,8198,1332,6291453,"[4093,125,19,6]",6,1060.75,4093,1334
6291456,2,11,mixed,47.79761843383312,2,"[8199,8193]",8193,8196.0,8199,1068,6291454,"[5416,129,22]",22,1855.6666666666667,5416,1070
6291456,2,12,mixed,47.62543737888336,2,"[8200,8194]",8194,8197.0,8200,916,6291456,"[6474,137,24,8,3]",3,1329.2,6474,918
6291456,2,13,mixed,48.684815876185894,2,"[8201,8195]",8195,8198.0,8201,860,6291456,"[7382,139,27]",27,2516.0,7382,862
6291456,2,14,mixed,75.17403271049261,2,"[8202,8196]",8196,8199.0,8202,5937,6291456,"[8189,188,31,10,4,1,0]",0,1203.2857142857142,8189,5939
6291456,2,15,mixed,49.71264209598303,3,"[8203,8197,8192]",8192,8197.333333333334,8203,1958,6291443,"[2236,2079,1800]",1800,2038.3333333333333,2236,1961
6291456,2,16,mixed,46.40231188386679,3,"[8204,8198,8193]",8193,8198.333333333334,8204,1299,6289758,[4192],4192,4192.0,4192,1302
6291456,2,17,mixed,45.51553353667259,3,"[8205,8199,8194]",8194,8199.333333333334,8205,1046,6291167,[5491],5491,5491.0,5491,1049
6291456,2,18,mixed,48.40209987014532,3,"[8206,8200,8195]",8195,8200.333333333334,8206,901,6290831,"[6537,2080]",2080,4308.5,6537,904
6291456,2,19,mixed,49.59522187709808,3,"[8207,8201,8196]",8196,8201.333333333334,8207,935,6291195,"[7437,2081]",2081,4759.0,7437,938
6291456,2,20,mixed,47.75394778698683,4,"[8208,8202,8197,8192]",8192,8199.75,8208,1945,6290130,[2261],2261,2261.0,2261,1949
6291456,2,21,mixed,45.80580908805132,4,"[8209,8203,8198,8193]",8193,8200.75,8209,1296,6291432,[4206],4206,4206.0,4206,1300
6291456,2,22,mixed,47.52327408641577,4,"[8210,8204,8199,8194]",8194,8201.75,8210,1053,6291456,"[5502,1801,48,3,2,0,0]",0,1050.857142857143,5502,1057
6291456,2,23,mixed,47.8513864800334,4,"[8211,8205,8200,8195]",8195,8202.75,8211,909,6291455,"[6546,1802,49,7,3]",3,1681.4,6546,913
6291456,2,24,mixed,50.12443941086531,4,"[8212,8206,8201,8196]",8196,8203.75,8212,1008,6291456,"[7445,1803,53,11,4,1,1]",1,1331.142857142857,7445,1012
6291456,2,25,mixed,49.495866522192955,5,"[8213,8207,8202,8197,8192]",8192,8202.2,8213,2198,6291454,"[2037,72,15,6]",6,532.5,2037,2203
6291456,2,26,mixed,47.533550299704075,5,"[8214,8208,8203,8198,8193]",8193,8203.2,8214,1334,6291454,"[4085,219,17,7,2]",2,866.0,4085,1339
6291456,2,27,mixed,46.890693716704845,5,"[8215,8209,8204,8199,8194]",8194,8204.2,8215,1067,6291452,"[5410,220,23]",23,1884.3333333333333,5410,1072
6291456,2,28,mixed,48.2879551127553,5,"[8216,8210,8205,8200,8195]",8195,8205.2,8216,936,6291454,"[6469,224,27,8]",8,1682.0,6469,941
6291456,2,29,mixed,49.26769435405731,5,"[8217,8211,8206,8201,8196]",8196,8206.2,8217,832,6291454,"[7377,244,34,9,3]",3,1533.4,7377,837
6291456,2,30,mixed,74.84245486557484,5,"[8218,8212,8207,8202,8197]",8197,8207.2,8218,5806,6291456,"[8185,259,39,12,4,2,0,0]",0,1062.625,8185,5811
6291456,2,31,mixed,50.94377230852842,6,"[8219,8213,8208,8203,8198,8192]",8192,8205.5,8219,1924,6290518,[2307],2307,2307.0,2307,1930
6291456,2,32,mixed,46.14660609513521,6,"[8220,8214,8209,8204,8199,8193]",8193,8206.5,8220,1290,6290685,[4231],4231,4231.0,4231,1296
6291456,2,33,mixed,45.91385554522276,6,"[8221,8215,8210,8205,8200,8194]",8194,8207.5,8221,1041,6289722,[5521],5521,5521.0,5521,1047
6291456,2,34,mixed,48.10277186334133,6,"[8222,8216,8211,8206,8201,8195]",8195,8208.5,8222,898,6290955,"[6562,2087]",2087,4324.5,6562,904
6291456,2,35,mixed,49.38799422234297,6,"[8223,8217,8212,8207,8202,8196]",8196,8209.5,8223,983,6289833,"[7459,2088]",2088,4773.5,7459,989
6291456,2,36,mixed,47.966642305254936,7,"[8224,8218,8213,8208,8203,8197,8192]",8192,8207.857142857143,8224,1910,6290585,[2338],2338,2338.0,2338,1917
6291456,2,37,mixed,46.720122918486595,7,"[8225,8219,8214,8209,8204,8198,8193]",8193,8208.857142857143,8225,1286,6290469,[4248],4248,4248.0,4248,1293
6291456,2,38,mixed,46.25236988067627,7,"[8226,8220,8215,8210,8205,8199,8194]",8194,8209.857142857143,8226,1039,6290106,[5534],5534,5534.0,5534,1046
6291456,2,39,mixed,46.45088501274586,7,"[8227,8221,8216,8211,8206,8200,8195]",8195,8210.857142857143,8227,896,6291264,[6573],6573,6573.0,6573,903
6291456,2,40,mixed,50.254251807928085,7,"[8228,8222,8217,8212,8207,8201,8196]",8196,8211.857142857143,8228,1102,6291455,"[7469,1689,26,4,1]",1,1837.8,7469,1109
6291456,2,41,mixed,50.527866929769516,8,"[8229,8223,8218,8213,8208,8202,8197,8192]",8192,8210.25,8229,2295,6291456,"[2027,59,10,3,1,0,0]",0,300.0,2027,2303
6291456,2,42,mixed,47.56256751716137,8,"[8230,8224,8219,8214,8209,8203,8198,8193]",8193,8211.25,8230,1342,6291454,"[4075,295,16,5]",5,1097.75,4075,1350
6291456,2,43,mixed,47.621382400393486,8,"[8231,8225,8220,8215,8210,8204,8199,8194]",8194,8212.25,8231,1081,6291455,"[5402,304,21,6,2,1]",1,956.0,5402,1089
6291456,2,44,mixed,48.06052707135677,8,"[8232,8226,8221,8216,8211,8205,8200,8195]",8195,8213.25,8232,923,6291448,"[6462,313,29]",29,2268.0,6462,931
6291456,2,45,mixed,49.420674331486225,8,"[8233,8227,8222,8217,8212,8206,8201,8196]",8196,8214.25,8233,811,6291437,"[7371,325]",325,3848.0,7371,819
6291456,2,46,mixed,74.39414598047733,8,"[8234,8228,8223,8218,8213,8207,8202,8197]",8197,8215.25,8234,5717,6291455,"[8180,327,31,8,3,2]",2,1425.1666666666667,8180,5725
6291456,2,47,mixed,48.179890029132366,9,"[8235,8229,8224,8219,8214,8208,8203,8198,8192]",8192,8213.555555555555,8235,1894,6290626,"[2375,2079]",2079,2227.0,2375,1903
6291456,2,48,mixed,47.44371026754379,9,"[8236,8230,8225,8220,8215,8209,8204,8199,8193]",8193,8214.555555555555,8236,1282,6290510,"[4268,2080]",2080,3174.0,4268,1291
6291456,2,49,mixed,47.39807080477476,9,"[8237,8231,8226,8221,8216,8210,8205,8200,8194]",8194,8215.555555555555,8237,1038,6290095,"[5549,2081]",2081,3815.0,5549,1047
6291456,2,50,mixed,48.654389567673206,9,"[8238,8232,8227,8222,8217,8211,8206,8201,8195]",8195,8216.555555555555,8238,896,6291224,"[6585,2083]",2083,4334.0,6585,905
6291456,2,51,mixed,52.0278699696064,9,"[8239,8233,8228,8223,8218,8212,8207,8202,8196]",8196,8217.555555555555,8239,1027,6291213,"[7479,2085]",2085,4782.0,7479,1036
6291456,2,52,mixed,48.09941630810499,10,"[8240,8234,8229,8224,8219,8213,8208,8203,8197,8192]",8192,8215.9,8240,1883,6291103,[2399],2399,2399.0,2399,1893
6291456,2,53,mixed,48.15652687102556,10,"[8241,8235,8230,8225,8220,8214,8209,8204,8198,8193]",8193,8216.9,8241,1289,6291456,"[4282,1589,30,3,1]",1,1181.0,4282,1299
6291456,2,54,mixed,45.97982298582792,10,"[8242,8236,8231,8226,8221,8215,8210,8205,8199,8194]",8194,8217.9,8242,1035,6290730,[5560],5560,5560.0,5560,1045
6291456,2,55,mixed,48.661790788173676,10,"[8243,8237,8232,8227,8222,8216,8211,8206,8200,8195]",8195,8218.9,8243,927,6291455,"[6595,1590,35,7,2,0]",0,1371.5,6595,937
6291456,2,56,mixed,50.62366370111704,10,"[8244,8238,8233,8228,8223,8217,8212,8207,8201,8196]",8196,8219.9,8244,1148,6291456,"[7488,1591,62,10]",10,2287.75,7488,1158
6291456,2,57,mixed,51.11904628574848,11,"[8245,8239,8234,8229,8224,8218,8213,8208,8202,8197,8192]",8192,8218.272727272728,8245,2337,6291455,"[2018,76,13,4]",4,527.75,2018,2348
6291456,2,58,mixed,48.6323107033968,11,"[8246,8240,8235,8230,8225,8219,8214,8209,8203,8198,8193]",8193,8219.272727272728,8246,1355,6291454,"[4066,355,21,6,1]",1,889.8,4066,1366
6291456,2,59,mixed,47.533233650028706,11,"[8247,8241,8236,8231,8226,8220,8215,8210,8204,8199,8194]",8194,8220.272727272728,8247,1078,6291450,"[5395,365,33]",33,1931.0,5395,1089
6291456,2,60,mixed,48.72830491513014,11,"[8248,8242,8237,8232,8227,8221,8216,8211,8205,8200,8195]",8195,8221.272727272728,8248,920,6291456,"[6456,375,40,8,3]",3,1376.4,6456,931
6291456,2,61,mixed,49.25282206386328,11,"[8249,8243,8238,8233,8228,8222,8217,8212,8206,8201,8196]",8196,8222.272727272728,8249,825,6291453,"[7366,380,42,9]",9,1949.25,7366,836
6291456,2,62,mixed,73.68945702910423,11,"[8250,8244,8239,8234,8229,8223,8218,8213,8207,8202,8197]",8197,8223.272727272728,8250,5569,6291442,"[8175,392,43,12,5]",5,1725.4,8175,5580
6291456,2,63,mixed,49.076744355261326,12,"[8251,8245,8240,8235,8230,8224,8219,8214,8208,8203,8198,8192]",8192,8221.583333333334,8251,1865,6290645,[2440],2440,2440.0,2440,1877
6291456,2,64,mixed,48.02268277853727,12,"[8252,8246,8241,8236,8231,8225,8220,8215,8209,8204,8199,8193]",8193,8222.583333333334,8252,1273,6291166,[4305],4305,4305.0,4305,1285
6291456,2,65,mixed,46.3832039386034,12,"[8253,8247,8242,8237,8232,8226,8221,8216,8210,8205,8200,8194]",8194,8223.583333333334,8253,1032,6289524,[5578],5578,5578.0,5578,1044
6291456,2,66,mixed,48.758103512227535,12,"[8254,8248,8243,8238,8233,8227,8222,8217,8211,8206,8201,8195]",8195,8224.583333333334,8254,893,6291081,"[6610,2091]",2091,4350.5,6610,905
6291456,2,67,mixed,49.89025555551052,11,"[8249,8244,8239,8234,8228,8223,8218,8212,8207,8202,8196]",8196,8222.90909090909,8249,1071,6290007,"[7501,2093]",2093,4797.0,7501,1082
6291456,2,68,mixed,49.22873713076115,12,"[8250,8245,8240,8235,8229,8224,8219,8213,8208,8203,8197,8192]",8192,8221.25,8250,1890,6291419,"[2473,1459,14]",14,1315.3333333333333,2473,1902
6291456,2,69,mixed,48.40800818055868,12,"[8251,8246,8241,8236,8230,8225,8220,8214,8209,8204,8198,8193]",8193,8222.25,8251,1286,6291399,"[4323,1461,52]",52,1945.3333333333333,4323,1298
6291456,2,70,mixed,48.42603858560324,12,"[8252,8247,8242,8237,8231,8226,8221,8215,8210,8205,8199,8194]",8194,8223.25,8252,1035,6291438,"[5591,1464,67]",67,2374.0,5591,1047
6291456,2,71,mixed,48.78004267811775,12,"[8253,8248,8243,8238,8232,8227,8222,8216,8211,8206,8200,8195]",8195,8224.25,8253,901,6291416,"[6621,1465,71]",71,2719.0,6621,913
6291456,2,72,mixed,51.55231337994337,12,"[8254,8249,8244,8239,8233,8228,8223,8217,8212,8207,8201,8196]",8196,8225.25,8254,1230,6291453,"[7511,1466,81]",81,3019.3333333333335,7511,1242
6291456,2,73,mixed,51.443529315292835,12,"[8250,8245,8240,8234,8229,8224,8218,8213,8208,8202,8197,8192]",8192,8221.0,8250,2367,6291401,"[2009,87]",87,1048.0,2009,2379
6291456,2,74,mixed,47.869715839624405,12,"[8251,8246,8241,8235,8230,8225,8219,8214,8209,8203,8198,8193]",8193,8222.0,8251,1343,6291263,"[4057,406]",406,2231.5,4057,1355
6291456,2,75,mixed,48.04369155317545,12,"[8252,8247,8242,8236,8231,8226,8220,8215,8210,8204,8199,8194]",8194,8223.0,8252,1073,6291173,"[5388,418]",418,2903.0,5388,1085
6291456,2,76,mixed,46.969907358288765,12,"[8253,8248,8243,8237,8232,8227,8221,8216,8211,8205,8200,8195]",8195,8224.0,8253,911,6291366,[6450],6450,6450.0,6450,923
6291456,2,77,mixed,49.644471146166325,12,"[8254,8249,8244,8238,8233,8228,8222,8217,8212,8206,8201,8196]",8196,8225.0,8254,811,6291295,"[7361,429]",429,3895.0,7361,823
6291456,2,78,mixed,55.1188662648201,11,"[8250,8245,8239,8234,8229,8223,8218,8213,8207,8202,8197]",8197,8223.363636363636,8250,2069,3150638,"[8171,430]",430,4300.5,8171,2080
6291456,2,79,mixed,48.70906379073858,12,"[8251,8246,8240,8235,8230,8224,8219,8214,8208,8203,8198,8192]",8192,8221.666666666666,8251,1848,6287820,[2478],2478,2478.0,2478,1860
6291456,2,80,mixed,45.93611788004637,12,"[8252,8247,8241,8236,8231,8225,8220,8215,8209,8204,8199,8193]",8193,8222.666666666666,8252,1268,6289914,[4326],4326,4326.0,4326,1280
6291456,2,81,mixed,46.237257309257984,12,"[8253,8248,8242,8237,8232,8226,8221,8216,8210,8205,8200,8194]",8194,8223.666666666666,8253,1029,6286161,[5594],5594,5594.0,5594,1041
6291456,2,82,mixed,47.614485025405884,12,"[8254,8249,8243,8238,8233,8227,8222,8217,8211,8206,8201,8195]",8195,8224.666666666666,8254,890,6290965,[6623],6623,6623.0,6623,902
6291456,2,83,mixed,47.44059778749943,11,"[8250,8244,8239,8234,8228,8223,8218,8212,8207,8202,8196]",8196,8223.0,8250,679,5332187,[7513],7513,7513.0,7513,690
6291456,2,84,decode_only,31.30756877362728,12,"[8251,8245,8240,8235,8229,8224,8219,8213,8208,8203,8197,8192]",8192,8221.333333333334,8251,0,0,[],,,,12
6291456,2,85,decode_only,31.1509370803833,12,"[8252,8246,8241,8236,8230,8225,8220,8214,8209,8204,8198,8193]",8193,8222.333333333334,8252,0,0,[],,,,12
6291456,2,86,decode_only,30.920748598873615,12,"[8253,8247,8242,8237,8231,8226,8221,8215,8210,8205,8199,8194]",8194,8223.333333333334,8253,0,0,[],,,,12
6291456,2,87,decode_only,31.05221875011921,12,"[8254,8248,8243,8238,8232,8227,8222,8216,8211,8206,8200,8195]",8195,8224.333333333334,8254,0,0,[],,,,12
6291456,2,88,decode_only,29.865669086575508,11,"[8249,8244,8239,8233,8228,8223,8217,8212,8207,8201,8196]",8196,8222.636363636364,8249,0,0,[],,,,11
6291456,2,89,decode_only,29.827173799276352,11,"[8250,8245,8240,8234,8229,8224,8218,8213,8208,8202,8197]",8197,8223.636363636364,8250,0,0,[],,,,11
6291456,2,90,decode_only,29.95208650827408,11,"[8251,8246,8241,8235,8230,8225,8219,8214,8209,8203,8198]",8198,8224.636363636364,8251,0,0,[],,,,11
6291456,2,91,decode_only,30.015398748219013,11,"[8252,8247,8242,8236,8231,8226,8220,8215,8210,8204,8199]",8199,8225.636363636364,8252,0,0,[],,,,11
6291456,2,92,decode_only,29.80104088783264,11,"[8253,8248,8243,8237,8232,8227,8221,8216,8211,8205,8200]",8200,8226.636363636364,8253,0,0,[],,,,11
6291456,2,93,decode_only,32.85194840282202,11,"[8254,8249,8244,8238,8233,8228,8222,8217,8212,8206,8201]",8201,8227.636363636364,8254,0,0,[],,,,11
6291456,2,94,decode_only,29.677131213247776,10,"[8250,8245,8239,8234,8229,8223,8218,8213,8207,8202]",8202,8226.0,8250,0,0,[],,,,10
6291456,2,95,decode_only,29.688081704080105,10,"[8251,8246,8240,8235,8230,8224,8219,8214,8208,8203]",8203,8227.0,8251,0,0,[],,,,10
6291456,2,96,decode_only,29.654250480234623,10,"[8252,8247,8241,8236,8231,8225,8220,8215,8209,8204]",8204,8228.0,8252,0,0,[],,,,10
6291456,2,97,decode_only,29.657911509275436,10,"[8253,8248,8242,8237,8232,8226,8221,8216,8210,8205]",8205,8229.0,8253,0,0,[],,,,10
6291456,2,98,decode_only,29.952146112918854,10,"[8254,8249,8243,8238,8233,8227,8222,8217,8211,8206]",8206,8230.0,8254,0,0,[],,,,10
6291456,2,99,decode_only,29.79984786361456,9,"[8250,8244,8239,8234,8228,8223,8218,8212,8207]",8207,8228.333333333334,8250,0,0,[],,,,9
6291456,2,100,decode_only,29.829773120582104,9,"[8251,8245,8240,8235,8229,8224,8219,8213,8208]",8208,8229.333333333334,8251,0,0,[],,,,9
6291456,2,101,decode_only,29.86583486199379,9,"[8252,8246,8241,8236,8230,8225,8220,8214,8209]",8209,8230.333333333334,8252,0,0,[],,,,9
6291456,2,102,decode_only,29.75514531135559,9,"[8253,8247,8242,8237,8231,8226,8221,8215,8210]",8210,8231.333333333334,8253,0,0,[],,,,9
6291456,2,103,decode_only,29.781954362988472,9,"[8254,8248,8243,8238,8232,8227,8222,8216,8211]",8211,8232.333333333334,8254,0,0,[],,,,9
6291456,2,104,decode_only,29.79788463562727,8,"[8249,8244,8239,8233,8228,8223,8217,8212]",8212,8230.625,8249,0,0,[],,,,8
6291456,2,105,decode_only,29.87837139517069,8,"[8250,8245,8240,8234,8229,8224,8218,8213]",8213,8231.625,8250,0,0,[],,,,8
6291456,2,106,decode_only,29.799172654747963,8,"[8251,8246,8241,8235,8230,8225,8219,8214]",8214,8232.625,8251,0,0,[],,,,8
6291456,2,107,decode_only,29.911394231021404,8,"[8252,8247,8242,8236,8231,8226,8220,8215]",8215,8233.625,8252,0,0,[],,,,8
6291456,2,108,decode_only,29.939099214971066,8,"[8253,8248,8243,8237,8232,8227,8221,8216]",8216,8234.625,8253,0,0,[],,,,8
6291456,2,109,decode_only,29.911067336797714,8,"[8254,8249,8244,8238,8233,8228,8222,8217]",8217,8235.625,8254,0,0,[],,,,8
6291456,2,110,decode_only,29.97622825205326,7,"[8250,8245,8239,8234,8229,8223,8218]",8218,8234.0,8250,0,0,[],,,,7
6291456,2,111,decode_only,29.96659278869629,7,"[8251,8246,8240,8235,8230,8224,8219]",8219,8235.0,8251,0,0,[],,,,7
6291456,2,112,decode_only,29.80741858482361,7,"[8252,8247,8241,8236,8231,8225,8220]",8220,8236.0,8252,0,0,[],,,,7
6291456,2,113,decode_only,29.81922123581171,7,"[8253,8248,8242,8237,8232,8226,8221]",8221,8237.0,8253,0,0,[],,,,7
6291456,2,114,decode_only,30.06931021809578,7,"[8254,8249,8243,8238,8233,8227,8222]",8222,8238.0,8254,0,0,[],,,,7
6291456,2,115,decode_only,30.67049290984869,6,"[8250,8244,8239,8234,8228,8223]",8223,8236.333333333334,8250,0,0,[],,,,6
6291456,2,116,decode_only,30.594240874052048,6,"[8251,8245,8240,8235,8229,8224]",8224,8237.333333333334,8251,0,0,[],,,,6
6291456,2,117,decode_only,30.84209281951189,6,"[8252,8246,8241,8236,8230,8225]",8225,8238.333333333334,8252,0,0,[],,,,6
6291456,2,118,decode_only,30.776729807257652,6,"[8253,8247,8242,8237,8231,8226]",8226,8239.333333333334,8253,0,0,[],,,,6
6291456,2,119,decode_only,30.7873897254467,6,"[8254,8248,8243,8238,8232,8227]",8227,8240.333333333334,8254,0,0,[],,,,6
6291456,2,120,decode_only,29.58148904144764,5,"[8249,8244,8239,8233,8228]",8228,8238.6,8249,0,0,[],,,,5
6291456,2,121,decode_only,29.521211050450802,5,"[8250,8245,8240,8234,8229]",8229,8239.6,8250,0,0,[],,,,5
6291456,2,122,decode_only,29.354599304497242,5,"[8251,8246,8241,8235,8230]",8230,8240.6,8251,0,0,[],,,,5
6291456,2,123,decode_only,29.4529115781188,5,"[8252,8247,8242,8236,8231]",8231,8241.6,8252,0,0,[],,,,5
6291456,2,124,decode_only,29.46214284747839,5,"[8253,8248,8243,8237,8232]",8232,8242.6,8253,0,0,[],,,,5
6291456,2,125,decode_only,29.761040583252907,5,"[8254,8249,8244,8238,8233]",8233,8243.6,8254,0,0,[],,,,5
6291456,2,126,decode_only,30.378416180610657,4,"[8250,8245,8239,8234]",8234,8242.0,8250,0,0,[],,,,4
6291456,2,127,decode_only,30.609470792114735,4,"[8251,8246,8240,8235]",8235,8243.0,8251,0,0,[],,,,4
6291456,2,128,decode_only,30.352571047842503,4,"[8252,8247,8241,8236]",8236,8244.0,8252,0,0,[],,,,4
6291456,2,129,decode_only,30.34853469580412,4,"[8253,8248,8242,8237]",8237,8245.0,8253,0,0,[],,,,4
6291456,2,130,decode_only,30.449671670794487,4,"[8254,8249,8243,8238]",8238,8246.0,8254,0,0,[],,,,4
6291456,2,131,decode_only,29.430328868329525,3,"[8250,8244,8239]",8239,8244.333333333334,8250,0,0,[],,,,3
6291456,2,132,decode_only,29.35749851167202,3,"[8251,8245,8240]",8240,8245.333333333334,8251,0,0,[],,,,3
6291456,2,133,decode_only,29.445907101035118,3,"[8252,8246,8241]",8241,8246.333333333334,8252,0,0,[],,,,3
6291456,2,134,decode_only,29.425298795104027,3,"[8253,8247,8242]",8242,8247.333333333334,8253,0,0,[],,,,3
6291456,2,135,decode_only,29.451677575707436,3,"[8254,8248,8243]",8243,8248.333333333334,8254,0,0,[],,,,3
6291456,2,136,decode_only,29.598267748951912,2,"[8249,8244]",8244,8246.5,8249,0,0,[],,,,2
6291456,2,137,decode_only,29.900871217250824,2,"[8250,8245]",8245,8247.5,8250,0,0,[],,,,2
6291456,2,138,decode_only,29.62950710207224,2,"[8251,8246]",8246,8248.5,8251,0,0,[],,,,2
6291456,2,139,decode_only,29.507958330214024,2,"[8252,8247]",8247,8249.5,8252,0,0,[],,,,2
6291456,2,140,decode_only,29.661639593541622,2,"[8253,8248]",8248,8250.5,8253,0,0,[],,,,2
6291456,2,141,decode_only,29.738684184849262,2,"[8254,8249]",8249,8251.5,8254,0,0,[],,,,2
6291456,2,142,decode_only,30.33451922237873,1,[8250],8250,8250.0,8250,0,0,[],,,,1
6291456,2,143,decode_only,30.245431698858738,1,[8251],8251,8251.0,8251,0,0,[],,,,1
6291456,2,144,decode_only,30.252748169004917,1,[8252],8252,8252.0,8252,0,0,[],,,,1
6291456,2,145,decode_only,30.143710784614086,1,[8253],8253,8253.0,8253,0,0,[],,,,1
6291456,2,146,decode_only,30.153218656778336,1,[8254],8254,8254.0,8254,0,0,[],,,,1
4194304,0,0,prefill_only,17.580268904566765,0,[],,,,2048,2098176,[0],0,0.0,0,2048
4194304,0,1,prefill_only,20.428504794836044,0,[],,,,2048,6292480,[2048],2048,2048.0,2048,2048
4194304,0,2,prefill_only,23.673840798437595,0,[],,,,2048,10486784,[4096],4096,4096.0,4096,2048
4194304,0,3,prefill_only,58.242931962013245,0,[],,,,6144,18877440,"[6144,0,0]",0,2048.0,6144,6144
4194304,0,4,mixed,44.366929680109024,1,[8192],8192,8192.0,8192,1499,4194202,[2048],2048,2048.0,2048,1500
4194304,0,5,mixed,42.04895626753569,1,[8193],8193,8193.0,8193,1032,4193532,[3547],3547,3547.0,3547,1033
4194304,0,6,mixed,43.84693969041109,1,[8194],8194,8194.0,8194,839,4194161,[4579],4579,4579.0,4579,840
4194304,0,7,mixed,46.625131741166115,1,[8195],8195,8195.0,8195,781,4194304,"[5418,2048,0,0,0,0]",0,1244.3333333333333,5418,782
4194304,0,8,mixed,46.84514179825783,1,[8196],8196,8196.0,8196,676,4194304,"[6143,2049,44,8,2]",2,1649.2,6143,677
4194304,0,9,mixed,47.17476572841406,1,[8197],8197,8197.0,8197,621,4194304,"[6791,2050,67,10,4,1]",1,1487.1666666666667,6791,622
4194304,0,10,mixed,47.1170824021101,1,[8198],8198,8198.0,8198,556,4194304,"[7382,2052,89,14,5]",5,1908.4,7382,557
4194304,0,11,mixed,50.02214387059212,1,[8199],8199,8199.0,8199,1110,4194301,"[7929,2055,92,16]",16,2523.0,7929,1111
4194304,0,12,mixed,43.815736658871174,2,"[8200,8192]",8192,8196.0,8200,1224,4194304,"[2893,98,19,6,2,0]",0,503.0,2893,1226
4194304,0,13,mixed,42.27986093610525,2,"[8201,8193]",8193,8197.0,8201,921,4194234,[4093],4093,4093.0,4093,923
4194304,0,14,mixed,47.15661518275738,2,"[8202,8194]",8194,8198.0,8202,796,4194301,"[5014,117,21,7]",7,1289.75,5014,798
4194304,0,15,mixed,44.90151163190603,2,"[8203,8195]",8195,8199.0,8203,726,4194302,"[5790,132,24,9]",9,1488.75,5790,728
4194304,0,16,mixed,43.535939417779446,2,"[8204,8196]",8196,8200.0,8204,633,4194285,"[6473,172]",172,3322.5,6473,635
4194304,0,17,mixed,44.433469884097576,2,"[8205,8197]",8197,8201.0,8205,593,4194284,"[7091,187]",187,3639.0,7091,595
4194304,0,18,mixed,46.29753436893225,2,"[8206,8198]",8198,8202.0,8206,544,4194304,"[7659,212,25]",25,2632.0,7659,546
4194304,0,19,mixed,63.574506901204586,2,"[8207,8199]",8199,8203.0,8207,3840,4194303,"[8188,223,29,11,3]",3,1690.8,8188,3842
4194304,0,20,mixed,43.59208047389984,3,"[8208,8200,8192]",8192,8200.0,8208,1409,4193184,[2271],2271,2271.0,2271,1412
4194304,0,21,mixed,43.95647533237934,3,"[8209,8201,8193]",8193,8201.0,8209,1032,4194304,"[3680,1792,35,4,1,0]",0,918.6666666666666,3680,1035
4194304,0,22,mixed,44.49052270501852,3,"[8210,8202,8194]",8194,8202.0,8210,829,4194302,"[4682,1794,53,10]",10,1634.75,4682,832
4194304,0,23,mixed,44.752832502126694,3,"[8211,8203,8195]",8195,8203.0,8211,727,4194303,"[5505,1795,55,13,3]",3,1474.2,5505,730
4194304,0,24,mixed,44.35778874903917,3,"[8212,8204,8196]",8196,8204.0,8212,641,4192781,[6220],6220,6220.0,6220,644
4194304,0,25,mixed,44.086855836212635,3,"[8213,8205,8197]",8197,8205.0,8213,586,4192537,[6861],6861,6861.0,6861,589
4194304,0,26,mixed,46.77619971334934,3,"[8214,8206,8198]",8198,8206.0,8214,562,4194304,"[7447,1796,62,16,4]",4,1865.0,7447,565
4194304,0,27,mixed,51.49593483656645,3,"[8215,8207,8199]",8199,8207.0,8215,1306,4194303,"[7990,1797,77,18,5]",5,1977.4,7990,1309
4194304,0,28,mixed,43.142410926520824,4,"[8216,8208,8200,8192]",8192,8204.0,8216,1230,4194298,"[2889,85,21]",21,998.3333333333334,2889,1234
4194304,0,29,mixed,43.736230581998825,4,"[8217,8209,8201,8193]",8193,8205.0,8217,950,4194304,"[4090,113,22,6,2]",2,846.6,4090,954
4194304,0,30,mixed,45.47558352351189,4,"[8218,8210,8202,8194]",8194,8206.0,8218,811,4194304,"[5011,135,25,8,4,0]",0,863.8333333333334,5011,815
4194304,0,31,mixed,44.71373651176691,4,"[8219,8211,8203,8195]",8195,8207.0,8219,696,4194303,"[5787,163,28,10]",10,1497.0,5787,700
4194304,0,32,mixed,46.14203330129385,4,"[8220,8212,8204,8196]",8196,8208.0,8220,643,4194299,"[6471,173,29,11]",11,1671.0,6471,647
4194304,0,33,mixed,46.17873299866915,4,"[8221,8213,8205,8197]",8197,8209.0,8221,601,4194303,"[7089,194,31,13]",13,1831.75,7089,605
4194304,0,34,mixed,47.0476895570755,4,"[8222,8214,8206,8198]",8198,8210.0,8222,551,4194304,"[7657,223,33,15,5,1,0]",0,1133.4285714285713,7657,555
4194304,0,35,mixed,62.94643133878708,4,"[8223,8215,8207,8199]",8199,8211.0,8223,3829,4194304,"[8186,238,35,16,7]",7,1696.4,8186,3833
4194304,0,36,mixed,44.30176131427288,5,"[8224,8216,8208,8200,8192]",8192,8208.0,8224,1415,4194303,"[2286,1765,60,8,2]",2,824.2,2286,1420
4194304,0,37,mixed,42.39851515740156,5,"[8225,8217,8209,8201,8193]",8193,8209.0,8225,1001,4194190,[3689],3689,3689.0,3689,1006
4194304,0,38,mixed,43.33180096000433,5,"[8226,8218,8210,8202,8194]",8194,8210.0,8226,822,4193433,[4690],4690,4690.0,4690,827
4194304,0,39,mixed,44.78997644037008,5,"[8227,8219,8211,8203,8195]",8195,8211.0,8227,739,4194302,"[5512,1766,65,13]",13,1839.0,5512,744
4194304,0,40,mixed,45.89522257447243,5,"[8228,8220,8212,8204,8196]",8196,8212.0,8228,660,4194304,"[6226,1767,87,15,3,1,0]",0,1157.0,6226,665
4194304,0,41,mixed,46.06984183192253,5,"[8229,8221,8213,8205,8197]",8197,8213.0,8229,602,4194303,"[6866,1769,97,19,5,2]",2,1459.6666666666667,6866,607
4194304,0,42,mixed,44.59312092512846,5,"[8230,8222,8214,8206,8198]",8198,8214.0,8230,543,4193589,[7451],7451,7451.0,7451,548
4194304,0,43,mixed,50.05881190299988,5,"[8231,8223,8215,8207,8199]",8199,8215.0,8231,1334,4194301,"[7994,1772,106,21,7]",7,1980.0,7994,1339
4194304,0,44,mixed,43.00328530371189,6,"[8232,8224,8216,8208,8200,8192]",8192,8212.0,8232,1212,4194301,"[2884,127,22]",22,1011.0,2884,1218
4194304,0,45,mixed,44.067216105759144,6,"[8233,8225,8217,8209,8201,8193]",8193,8213.0,8233,930,4194304,"[4087,131,27,9,3]",3,851.4,4087,936
4194304,0,46,mixed,44.388122856616974,6,"[8234,8226,8218,8210,8202,8194]",8194,8214.0,8234,777,4194246,[5009],5009,5009.0,5009,783
4194304,0,47,mixed,45.50590738654137,6,"[8235,8227,8219,8211,8203,8195]",8195,8215.0,8235,706,4194303,"[5786,135,28,11,4]",4,1192.8,5786,712
4194304,0,48,mixed,46.35101743042469,6,"[8236,8228,8220,8212,8204,8196]",8196,8216.0,8236,649,4194298,"[6470,151,31,12]",12,1666.0,6470,655
4194304,0,49,mixed,46.45643103867769,6,"[8237,8229,8221,8213,8205,8197]",8197,8217.0,8237,604,4194298,"[7088,178,34]",34,2433.3333333333335,7088,610
4194304,0,50,mixed,47.156454995274544,6,"[8238,8230,8222,8214,8206,8198]",8198,8218.0,8238,551,4194300,"[7656,212,36,13]",13,1979.25,7656,557
4194304,0,51,mixed,63.13155684620142,6,"[8239,8231,8223,8215,8207,8199]",8199,8219.0,8239,3824,4194303,"[8185,230,38,15,6]",6,1694.8,8185,3830
4194304,0,52,mixed,44.779819436371326,7,"[8240,8232,8224,8216,8208,8200,8192]",8192,8216.0,8240,1424,4194304,"[2278,1770,50,8,1,0,0]",0,586.7142857142857,2278,1431
4194304,0,53,mixed,42.62143466621637,7,"[8241,8233,8225,8217,8209,8201,8193]",8193,8217.0,8241,1002,4193871,[3684],3684,3684.0,3684,1009
4194304,0,54,mixed,44.76654529571533,7,"[8242,8234,8226,8218,8210,8202,8194]",8194,8218.0,8242,838,4194304,"[4686,1771,59,12,3,1]",1,1088.6666666666667,4686,845
4194304,0,55,mixed,43.409259989857674,7,"[8243,8235,8227,8219,8211,8203,8195]",8195,8219.0,8243,715,4194190,[5508],5508,5508.0,5508,722
4194304,0,56,mixed,46.037549152970314,7,"[8244,8236,8228,8220,8212,8204,8196]",8196,8220.0,8244,664,4194304,"[6223,1773,68,14,5,2]",2,1347.5,6223,671
4194304,0,57,mixed,44.43919938057661,7,"[8245,8237,8229,8221,8213,8205,8197]",8197,8221.0,8245,586,4193709,[6863],6863,6863.0,6863,593
4194304,0,58,mixed,45.20846251398325,7,"[8246,8238,8230,8222,8214,8206,8198]",8198,8222.0,8246,544,4194280,"[7449,1776]",1776,4612.5,7449,551
4194304,0,59,mixed,50.434974022209644,7,"[8247,8239,8231,8223,8215,8207,8199]",8199,8223.0,8247,1322,4194302,"[7992,1777,82,18,7]",7,1975.2,7992,1329
4194304,0,60,mixed,43.210302479565144,8,"[8248,8240,8232,8224,8216,8208,8200,8192]",8192,8220.0,8248,1231,4194290,"[2882,94]",94,1488.0,2882,1239
4194304,0,61,mixed,44.333843514323235,8,"[8249,8241,8233,8225,8217,8209,8201,8193]",8193,8221.0,8249,947,4194304,"[4085,122,22,8,3,1,0,0]",0,530.125,4085,955
4194304,0,62,mixed,45.226844027638435,8,"[8250,8242,8234,8226,8218,8210,8202,8194]",8194,8222.0,8250,788,4194298,"[5007,140]",140,2573.5,5007,796
4194304,0,63,mixed,44.94832642376423,8,"[8251,8243,8235,8227,8219,8211,8203,8195]",8195,8223.0,8251,708,4194300,"[5784,151,24]",24,1986.3333333333333,5784,716
4194304,0,64,mixed,46.37870658189058,8,"[8252,8244,8236,8228,8220,8212,8204,8196]",8196,8224.0,8252,653,4194300,"[6468,174,25,9]",9,1669.0,6468,661
4194304,0,65,mixed,44.432828202843666,8,"[8253,8245,8237,8229,8221,8213,8205,8197]",8197,8225.0,8253,570,4194304,"[7086,204]",204,3645.0,7086,578
4194304,0,66,mixed,47.415709123015404,8,"[8254,8246,8238,8230,8222,8214,8206,8198]",8198,8226.0,8254,554,4194300,"[7655,205,29,10]",10,1974.75,7655,562
4194304,0,67,mixed,63.186101615428925,7,"[8247,8239,8231,8223,8215,8207,8199]",8199,8223.0,8247,3831,4194304,"[8184,226,31,12,4,2]",2,1409.8333333333333,8184,3838
4194304,0,68,mixed,43.96463092416525,8,"[8248,8240,8232,8224,8216,8208,8200,8192]",8192,8220.0,8248,1408,4193728,[2274],2274,2274.0,2274,1416
4194304,0,69,mixed,43.40953100472689,8,"[8249,8241,8233,8225,8217,8209,8201,8193]",8193,8221.0,8249,1016,4194301,"[3682,1770,44]",44,1832.0,3682,1024
4194304,0,70,mixed,43.49571745842695,8,"[8250,8242,8234,8226,8218,8210,8202,8194]",8194,8222.0,8250,823,4194008,[4684],4684,4684.0,4684,831
4194304,0,71,mixed,43.73722616583109,8,"[8251,8243,8235,8227,8219,8211,8203,8195]",8195,8223.0,8251,715,4193475,[5507],5507,5507.0,5507,723
4194304,0,72,mixed,44.732289388775826,8,"[8252,8244,8236,8228,8220,8212,8204,8196]",8196,8224.0,8252,641,4194063,[6222],6222,6222.0,6222,649
4194304,0,73,mixed,44.60519086569548,8,"[8253,8245,8237,8229,8221,8213,8205,8197]",8197,8225.0,8253,586,4193709,[6863],6863,6863.0,6863,594
4194304,0,74,mixed,45.32432556152344,8,"[8254,8246,8238,8230,8222,8214,8206,8198]",8198,8226.0,8254,544,4194275,"[7449,1771]",1771,4610.0,7449,552
4194304,0,75,mixed,51.172783598303795,7,"[8247,8239,8231,8223,8215,8207,8199]",8199,8223.0,8247,1323,4194302,"[7992,1772,57,7]",7,2457.0,7992,1330
4194304,0,76,mixed,43.67641918361187,8,"[8248,8240,8232,8224,8216,8208,8200,8192]",8192,8220.0,8248,1241,4194304,"[2879,71,9,3]",3,740.5,2879,1249
4194304,0,77,mixed,44.03901193290949,8,"[8249,8241,8233,8225,8217,8209,8201,8193]",8193,8221.0,8249,958,4194295,"[4083,100]",100,2091.5,4083,966
4194304,0,78,mixed,44.93693169206381,8,"[8250,8242,8234,8226,8218,8210,8202,8194]",8194,8222.0,8250,804,4194303,"[5005,136,15,5,1]",1,1032.4,5005,812
4194304,0,79,mixed,45.24298757314682,8,"[8251,8243,8235,8227,8219,8211,8203,8195]",8195,8223.0,8251,723,4194303,"[5782,157,19,6,2]",2,1193.2,5782,731
4194304,0,80,mixed,46.79081030189991,8,"[8252,8244,8236,8228,8220,8212,8204,8196]",8196,8224.0,8252,659,4194304,"[6466,186,25,8,4,1]",1,1115.0,6466,667
4194304,0,81,mixed,44.37224753201008,8,"[8253,8245,8237,8229,8221,8213,8205,8197]",8197,8225.0,8253,575,4194302,"[7084,220]",220,3652.0,7084,583
4194304,0,82,mixed,47.32493869960308,8,"[8254,8246,8238,8230,8222,8214,8206,8198]",8198,8226.0,8254,559,4194301,"[7653,226,29,9]",9,1979.25,7653,567
4194304,0,83,mixed,62.664126977324486,7,"[8247,8239,8231,8223,8215,8207,8199]",8199,8223.0,8247,3785,4194304,"[8182,249,35,10]",10,2119.0,8182,3792
4194304,0,84,mixed,43.3910908177495,8,"[8248,8240,8232,8224,8216,8208,8200,8192]",8192,8220.0,8248,1399,4192803,[2297],2297,2297.0,2297,1407
4194304,0,85,mixed,44.478340074419975,8,"[8249,8241,8233,8225,8217,8209,8201,8193]",8193,8221.0,8249,1019,4194304,"[3696,1734,38,5]",5,1368.25,3696,1027
4194304,0,86,mixed,44.95465848594904,8,"[8250,8242,8234,8226,8218,8210,8202,8194]",8194,8222.0,8250,832,4194302,"[4695,1735,54,8]",8,1623.0,4695,840
4194304,0,87,mixed,43.57923660427332,8,"[8251,8243,8235,8227,8219,8211,8203,8195]",8195,8223.0,8251,714,4193679,[5516],5516,5516.0,5516,722
4194304,0,88,mixed,46.080525033175945,8,"[8252,8244,8236,8228,8220,8212,8204,8196]",8196,8224.0,8252,649,4194301,"[6230,1736,63,9,2]",2,1608.0,6230,657
4194304,0,89,mixed,46.00406996905804,8,"[8253,8245,8237,8229,8221,8213,8205,8197]",8197,8225.0,8253,598,4194303,"[6870,1737,66,13,3]",3,1737.8,6870,606
4194304,0,90,mixed,46.92040290683508,8,"[8254,8246,8238,8230,8222,8214,8206,8198]",8198,8226.0,8254,564,4194304,"[7455,1739,72,16,5]",5,1857.4,7455,572
4194304,0,91,mixed,50.47482717782259,7,"[8247,8239,8231,8223,8215,8207,8199]",8199,8223.0,8247,1354,4194298,"[7997,1742,88,17,7]",7,1970.2,7997,1361
4194304,0,92,mixed,43.645229190588,8,"[8248,8240,8232,8224,8216,8208,8200,8192]",8192,8220.0,8248,1214,4194301,"[2874,113,18,8]",8,753.25,2874,1222
4194304,0,93,mixed,44.13722641766071,8,"[8249,8241,8233,8225,8217,8209,8201,8193]",8193,8221.0,8249,942,4194302,"[4080,116,22,9]",9,1056.75,4080,950
4194304,0,94,mixed,45.417746528983116,8,"[8250,8242,8234,8226,8218,8210,8202,8194]",8194,8222.0,8250,813,4194302,"[5003,132,23]",23,1719.3333333333333,5003,821
4194304,0,95,mixed,44.04390975832939,8,"[8251,8243,8235,8227,8219,8211,8203,8195]",8195,8223.0,8251,685,4194255,[5780],5780,5780.0,5780,693
4194304,0,96,mixed,45.62233202159405,8,"[8252,8244,8236,8228,8220,8212,8204,8196]",8196,8224.0,8252,626,4194304,"[6465,163,28,11]",11,1666.75,6465,634
4194304,0,97,mixed,46.52560502290726,8,"[8253,8245,8237,8229,8221,8213,8205,8197]",8197,8225.0,8253,581,4194295,"[7084,166,30,13]",13,1823.25,7084,589
4194304,0,98,mixed,45.27175705879927,8,"[8254,8246,8238,8230,8222,8214,8206,8198]",8198,8226.0,8254,559,4194277,"[7653,173]",173,3913.0,7653,567
4194304,0,99,mixed,64.14538808166981,7,"[8247,8239,8231,8223,8215,8207,8199]",8199,8223.0,8247,3853,4194269,"[8182,203,34,14]",14,2108.25,8182,3860
4194304,0,100,mixed,44.38860900700092,8,"[8248,8240,8232,8224,8216,8208,8200,8192]",8192,8220.0,8248,1419,4194286,"[2251,1787,56]",56,1364.6666666666667,2251,1427
4194304,0,101,mixed,43.994978070259094,8,"[8249,8241,8233,8225,8217,8209,8201,8193]",8193,8221.0,8249,1029,4194227,"[3667,1789,57]",57,1837.6666666666667,3667,1037
4194304,0,102,mixed,44.47453562170267,8,"[8250,8242,8234,8226,8218,8210,8202,8194]",8194,8222.0,8250,838,4194249,"[4672,1790,80]",80,2180.6666666666665,4672,846
4194304,0,103,mixed,45.531938783824444,8,"[8251,8243,8235,8227,8219,8211,8203,8195]",8195,8223.0,8251,724,4194287,"[5496,1792,92]",92,2460.0,5496,732
4194304,0,104,mixed,46.08466196805239,8,"[8252,8244,8236,8228,8220,8212,8204,8196]",8196,8224.0,8252,656,4194304,"[6212,1793,99]",99,2701.3333333333335,6212,664
4194304,0,105,mixed,46.14521097391844,8,"[8253,8245,8237,8229,8221,8213,8205,8197]",8197,8225.0,8253,598,4194287,"[6853,1796,111]",111,2920.0,6853,606
4194304,0,106,mixed,45.18052190542221,8,"[8254,8246,8238,8230,8222,8214,8206,8198]",8198,8226.0,8254,547,4194279,"[7439,1799]",1799,4619.0,7439,555
4194304,0,107,mixed,50.24724081158638,7,"[8247,8239,8231,8223,8215,8207,8199]",8199,8223.0,8247,1295,4194285,"[7982,1803,120]",120,3301.6666666666665,7982,1302
4194304,0,108,mixed,42.838712222874165,8,"[8248,8240,8232,8224,8216,8208,8200,8192]",8192,8220.0,8248,1215,4194258,"[2870,138]",138,1504.0,2870,1223
4194304,0,109,mixed,43.7459209933877,8,"[8249,8241,8233,8225,8217,8209,8201,8193]",8193,8221.0,8249,952,4194166,"[4077,146]",146,2111.5,4077,960
4194304,0,110,mixed,44.91423722356558,8,"[8250,8242,8234,8226,8218,8210,8202,8194]",8194,8222.0,8250,785,4194284,"[5000,175]",175,2587.5,5000,793
4194304,0,111,mixed,44.72826514393091,8,"[8251,8243,8235,8227,8219,8211,8203,8195]",8195,8223.0,8251,692,4194187,"[5778,182]",182,2980.0,5778,700
4194304,0,112,mixed,44.12819165736437,8,"[8252,8244,8236,8228,8220,8212,8204,8196]",8196,8224.0,8252,628,4194233,"[6463,189]",189,3326.0,6463,636
4194304,0,113,mixed,44.377376325428486,8,"[8253,8245,8237,8229,8221,8213,8205,8197]",8197,8225.0,8253,581,4194277,"[7082,198]",198,3640.0,7082,589
4194304,0,114,mixed,45.3744288533926,8,"[8254,8246,8238,8230,8222,8214,8206,8198]",8198,8226.0,8254,558,4194089,"[7651,210]",210,3930.5,7651,566
4194304,0,115,mixed,54.52649015933275,7,"[8247,8239,8231,8223,8215,8207,8199]",8199,8223.0,8247,2060,2685886,"[8180,239]",239,4209.5,8180,2067
4194304,0,116,mixed,43.9734673127532,8,"[8248,8240,8232,8224,8216,8208,8200,8192]",8192,8220.0,8248,1403,4193567,[2287],2287,2287.0,2287,1411
4194304,0,117,mixed,42.60656516999006,8,"[8249,8241,8233,8225,8217,8209,8201,8193]",8193,8221.0,8249,1000,4190500,[3690],3690,3690.0,3690,1008
4194304,0,118,mixed,43.786270543932915,8,"[8250,8242,8234,8226,8218,8210,8202,8194]",8194,8222.0,8250,822,4193433,[4690],4690,4690.0,4690,830
4194304,0,119,mixed,43.418820947408676,8,"[8251,8243,8235,8227,8219,8211,8203,8195]",8195,8223.0,8251,714,4190823,[5512],5512,5512.0,5512,722
4194304,0,120,mixed,44.737668707966805,8,"[8252,8244,8236,8228,8220,8212,8204,8196]",8196,8224.0,8252,640,4189760,[6226],6226,6226.0,6226,648
4194304,0,121,mixed,44.31516490876675,8,"[8253,8245,8237,8229,8221,8213,8205,8197]",8197,8225.0,8253,585,4188015,[6866],6866,6866.0,6866,593
4194304,0,122,mixed,45.464543625712395,8,"[8254,8246,8238,8230,8222,8214,8206,8198]",8198,8226.0,8254,543,4193589,[7451],7451,7451.0,7451,551
4194304,0,123,mixed,43.02107822149992,7,"[8247,8239,8231,8223,8215,8207,8199]",8199,8223.0,8247,198,1602513,[7994],7994,7994.0,7994,205
4194304,0,124,decode_only,29.83580995351076,8,"[8248,8240,8232,8224,8216,8208,8200,8192]",8192,8220.0,8248,0,0,[],,,,8
4194304,0,125,decode_only,29.86264880746603,8,"[8249,8241,8233,8225,8217,8209,8201,8193]",8193,8221.0,8249,0,0,[],,,,8
4194304,0,126,decode_only,29.592471197247505,8,"[8250,8242,8234,8226,8218,8210,8202,8194]",8194,8222.0,8250,0,0,[],,,,8
4194304,0,127,decode_only,29.556389898061752,8,"[8251,8243,8235,8227,8219,8211,8203,8195]",8195,8223.0,8251,0,0,[],,,,8
4194304,0,128,decode_only,29.60380259901285,8,"[8252,8244,8236,8228,8220,8212,8204,8196]",8196,8224.0,8252,0,0,[],,,,8
4194304,0,129,decode_only,29.924092814326286,8,"[8253,8245,8237,8229,8221,8213,8205,8197]",8197,8225.0,8253,0,0,[],,,,8
4194304,0,130,decode_only,29.740781523287296,8,"[8254,8246,8238,8230,8222,8214,8206,8198]",8198,8226.0,8254,0,0,[],,,,8
4194304,0,131,decode_only,29.611706733703613,7,"[8247,8239,8231,8223,8215,8207,8199]",8199,8223.0,8247,0,0,[],,,,7
4194304,0,132,decode_only,29.74800206720829,7,"[8248,8240,8232,8224,8216,8208,8200]",8200,8224.0,8248,0,0,[],,,,7
4194304,0,133,decode_only,29.769462533295155,7,"[8249,8241,8233,8225,8217,8209,8201]",8201,8225.0,8249,0,0,[],,,,7
4194304,0,134,decode_only,29.610359109938145,7,"[8250,8242,8234,8226,8218,8210,8202]",8202,8226.0,8250,0,0,[],,,,7
4194304,0,135,decode_only,29.73210532218218,7,"[8251,8243,8235,8227,8219,8211,8203]",8203,8227.0,8251,0,0,[],,,,7
4194304,0,136,decode_only,29.709848575294018,7,"[8252,8244,8236,8228,8220,8212,8204]",8204,8228.0,8252,0,0,[],,,,7
4194304,0,137,decode_only,29.572338797152042,7,"[8253,8245,8237,8229,8221,8213,8205]",8205,8229.0,8253,0,0,[],,,,7
4194304,0,138,decode_only,29.58159800618887,7,"[8254,8246,8238,8230,8222,8214,8206]",8206,8230.0,8254,0,0,[],,,,7
4194304,0,139,decode_only,30.467573553323746,6,"[8247,8239,8231,8223,8215,8207]",8207,8227.0,8247,0,0,[],,,,6
4194304,0,140,decode_only,30.283458530902863,6,"[8248,8240,8232,8224,8216,8208]",8208,8228.0,8248,0,0,[],,,,6
4194304,0,141,decode_only,30.427271500229836,6,"[8249,8241,8233,8225,8217,8209]",8209,8229.0,8249,0,0,[],,,,6
4194304,0,142,decode_only,30.37940338253975,6,"[8250,8242,8234,8226,8218,8210]",8210,8230.0,8250,0,0,[],,,,6
4194304,0,143,decode_only,30.44252749532461,6,"[8251,8243,8235,8227,8219,8211]",8211,8231.0,8251,0,0,[],,,,6
4194304,0,144,decode_only,30.438706278800964,6,"[8252,8244,8236,8228,8220,8212]",8212,8232.0,8252,0,0,[],,,,6
4194304,0,145,decode_only,30.44420201331377,6,"[8253,8245,8237,8229,8221,8213]",8213,8233.0,8253,0,0,[],,,,6
4194304,0,146,decode_only,30.464641749858856,6,"[8254,8246,8238,8230,8222,8214]",8214,8234.0,8254,0,0,[],,,,6
4194304,0,147,decode_only,29.24944367259741,5,"[8247,8239,8231,8223,8215]",8215,8231.0,8247,0,0,[],,,,5
4194304,0,148,decode_only,29.292989522218704,5,"[8248,8240,8232,8224,8216]",8216,8232.0,8248,0,0,[],,,,5
4194304,0,149,decode_only,29.326871037483215,5,"[8249,8241,8233,8225,8217]",8217,8233.0,8249,0,0,[],,,,5
4194304,0,150,decode_only,29.284382238984108,5,"[8250,8242,8234,8226,8218]",8218,8234.0,8250,0,0,[],,,,5
4194304,0,151,decode_only,29.29866500198841,5,"[8251,8243,8235,8227,8219]",8219,8235.0,8251,0,0,[],,,,5
4194304,0,152,decode_only,29.327772557735443,5,"[8252,8244,8236,8228,8220]",8220,8236.0,8252,0,0,[],,,,5
4194304,0,153,decode_only,29.319509863853455,5,"[8253,8245,8237,8229,8221]",8221,8237.0,8253,0,0,[],,,,5
4194304,0,154,decode_only,29.241235926747322,5,"[8254,8246,8238,8230,8222]",8222,8238.0,8254,0,0,[],,,,5
4194304,0,155,decode_only,30.258403159677982,4,"[8247,8239,8231,8223]",8223,8235.0,8247,0,0,[],,,,4
4194304,0,156,decode_only,30.37977498024702,4,"[8248,8240,8232,8224]",8224,8236.0,8248,0,0,[],,,,4
4194304,0,157,decode_only,30.288626439869404,4,"[8249,8241,8233,8225]",8225,8237.0,8249,0,0,[],,,,4
4194304,0,158,decode_only,30.086925253272057,4,"[8250,8242,8234,8226]",8226,8238.0,8250,0,0,[],,,,4
4194304,0,159,decode_only,30.222950503230095,4,"[8251,8243,8235,8227]",8227,8239.0,8251,0,0,[],,,,4
4194304,0,160,decode_only,30.220036394894123,4,"[8252,8244,8236,8228]",8228,8240.0,8252,0,0,[],,,,4
4194304,0,161,decode_only,30.10315727442503,4,"[8253,8245,8237,8229]",8229,8241.0,8253,0,0,[],,,,4
4194304,0,162,decode_only,30.115739442408085,4,"[8254,8246,8238,8230]",8230,8242.0,8254,0,0,[],,,,4
4194304,0,163,decode_only,29.317818582057953,3,"[8247,8239,8231]",8231,8239.0,8247,0,0,[],,,,3
4194304,0,164,decode_only,29.24332395195961,3,"[8248,8240,8232]",8232,8240.0,8248,0,0,[],,,,3
4194304,0,165,decode_only,29.279937967658043,3,"[8249,8241,8233]",8233,8241.0,8249,0,0,[],,,,3
4194304,0,166,decode_only,29.434719122946262,3,"[8250,8242,8234]",8234,8242.0,8250,0,0,[],,,,3
4194304,0,167,decode_only,29.32599186897278,3,"[8251,8243,8235]",8235,8243.0,8251,0,0,[],,,,3
4194304,0,168,decode_only,29.270507395267487,3,"[8252,8244,8236]",8236,8244.0,8252,0,0,[],,,,3
4194304,0,169,decode_only,29.377144761383533,3,"[8253,8245,8237]",8237,8245.0,8253,0,0,[],,,,3
4194304,0,170,decode_only,29.350008815526962,3,"[8254,8246,8238]",8238,8246.0,8254,0,0,[],,,,3
4194304,0,171,decode_only,29.280830174684525,2,"[8247,8239]",8239,8243.0,8247,0,0,[],,,,2
4194304,0,172,decode_only,29.48679681867361,2,"[8248,8240]",8240,8244.0,8248,0,0,[],,,,2
4194304,0,173,decode_only,29.481890611350536,2,"[8249,8241]",8241,8245.0,8249,0,0,[],,,,2
4194304,0,174,decode_only,29.335021041333675,2,"[8250,8242]",8242,8246.0,8250,0,0,[],,,,2
4194304,0,175,decode_only,29.527087695896626,2,"[8251,8243]",8243,8247.0,8251,0,0,[],,,,2
4194304,0,176,decode_only,29.547488316893578,2,"[8252,8244]",8244,8248.0,8252,0,0,[],,,,2
4194304,0,177,decode_only,29.264410957694054,2,"[8253,8245]",8245,8249.0,8253,0,0,[],,,,2
4194304,0,178,decode_only,29.437096789479256,2,"[8254,8246]",8246,8250.0,8254,0,0,[],,,,2
4194304,0,179,decode_only,30.374860391020775,1,[8247],8247,8247.0,8247,0,0,[],,,,1
4194304,0,180,decode_only,30.058215372264385,1,[8248],8248,8248.0,8248,0,0,[],,,,1
4194304,0,181,decode_only,30.00481426715851,1,[8249],8249,8249.0,8249,0,0,[],,,,1
4194304,0,182,decode_only,30.05495946854353,1,[8250],8250,8250.0,8250,0,0,[],,,,1
4194304,0,183,decode_only,30.130735598504543,1,[8251],8251,8251.0,8251,0,0,[],,,,1
4194304,0,184,decode_only,30.056442134082317,1,[8252],8252,8252.0,8252,0,0,[],,,,1
4194304,0,185,decode_only,30.031911097466946,1,[8253],8253,8253.0,8253,0,0,[],,,,1
4194304,0,186,decode_only,30.092863366007805,1,[8254],8254,8254.0,8254,0,0,[],,,,1
4194304,1,0,prefill_only,17.21334271132946,0,[],,,,2048,2098176,[0],0,0.0,0,2048
4194304,1,1,prefill_only,20.23531962186098,0,[],,,,2048,6292480,[2048],2048,2048.0,2048,2048
4194304,1,2,prefill_only,23.57842866331339,0,[],,,,2048,10486784,[4096],4096,4096.0,4096,2048
4194304,1,3,prefill_only,57.984109967947006,0,[],,,,6144,18877440,"[6144,0,0]",0,2048.0,6144,6144
4194304,1,4,mixed,44.09662541002035,1,[8192],8192,8192.0,8192,1499,4194202,[2048],2048,2048.0,2048,1500
4194304,1,5,mixed,43.76665689051151,1,[8193],8193,8193.0,8193,1032,4193532,[3547],3547,3547.0,3547,1033
4194304,1,6,mixed,43.97249035537243,1,[8194],8194,8194.0,8194,839,4194161,[4579],4579,4579.0,4579,840
4194304,1,7,mixed,46.54492158442736,1,[8195],8195,8195.0,8195,781,4194304,"[5418,2048,0,0,0,0]",0,1244.3333333333333,5418,782
4194304,1,8,mixed,46.75000626593828,1,[8196],8196,8196.0,8196,676,4194304,"[6143,2049,44,8,2]",2,1649.2,6143,677
4194304,1,9,mixed,47.134716995060444,1,[8197],8197,8197.0,8197,621,4194304,"[6791,2050,67,10,4,1]",1,1487.1666666666667,6791,622
4194304,1,10,mixed,47.17409797012806,1,[8198],8198,8198.0,8198,556,4194304,"[7382,2052,89,14,5]",5,1908.4,7382,557
4194304,1,11,mixed,49.182018265128136,1,[8199],8199,8199.0,8199,1110,4194301,"[7929,2055,92,16]",16,2523.0,7929,1111
4194304,1,12,mixed,43.020183220505714,2,"[8200,8192]",8192,8196.0,8200,1224,4194304,"[2893,98,19,6,2,0]",0,503.0,2893,1226
4194304,1,13,mixed,42.33983624726534,2,"[8201,8193]",8193,8197.0,8201,921,4194234,[4093],4093,4093.0,4093,923
4194304,1,14,mixed,44.79329381138086,2,"[8202,8194]",8194,8198.0,8202,796,4194301,"[5014,117,21,7]",7,1289.75,5014,798
4194304,1,15,mixed,44.83012482523918,2,"[8203,8195]",8195,8199.0,8203,726,4194302,"[5790,132,24,9]",9,1488.75,5790,728
4194304,1,16,mixed,43.52561850100756,2,"[8204,8196]",8196,8200.0,8204,633,4194285,"[6473,172]",172,3322.5,6473,635
4194304,1,17,mixed,43.98972727358341,2,"[8205,8197]",8197,8201.0,8205,593,4194284,"[7091,187]",187,3639.0,7091,595
4194304,1,18,mixed,46.37691657990217,2,"[8206,8198]",8198,8202.0,8206,544,4194304,"[7659,212,25]",25,2632.0,7659,546
4194304,1,19,mixed,64.8297630250454,2,"[8207,8199]",8199,8203.0,8207,3840,4194303,"[8188,223,29,11,3]",3,1690.8,8188,3842
4194304,1,20,mixed,43.747926130890846,3,"[8208,8200,8192]",8192,8200.0,8208,1409,4193184,[2271],2271,2271.0,2271,1412
4194304,1,21,mixed,44.07080356031656,3,"[8209,8201,8193]",8193,8201.0,8209,1032,4194304,"[3680,1792,35,4,1,0]",0,918.6666666666666,3680,1035
4194304,1,22,mixed,44.23944279551506,3,"[8210,8202,8194]",8194,8202.0,8210,829,4194302,"[4682,1794,53,10]",10,1634.75,4682,832
4194304,1,23,mixed,44.92138512432575,3,"[8211,8203,8195]",8195,8203.0,8211,727,4194303,"[5505,1795,55,13,3]",3,1474.2,5505,730
4194304,1,24,mixed,44.311740435659885,3,"[8212,8204,8196]",8196,8204.0,8212,641,4192781,[6220],6220,6220.0,6220,644
4194304,1,25,mixed,44.15601026266813,3,"[8213,8205,8197]",8197,8205.0,8213,586,4192537,[6861],6861,6861.0,6861,589
4194304,1,26,mixed,46.46100662648678,3,"[8214,8206,8198]",8198,8206.0,8214,562,4194304,"[7447,1796,62,16,4]",4,1865.0,7447,565
4194304,1,27,mixed,50.24632718414068,3,"[8215,8207,8199]",8199,8207.0,8215,1306,4194303,"[7990,1797,77,18,5]",5,1977.4,7990,1309
4194304,1,28,mixed,43.032534420490265,4,"[8216,8208,8200,8192]",8192,8204.0,8216,1230,4194298,"[2889,85,21]",21,998.3333333333334,2889,1234
4194304,1,29,mixed,43.95271837711334,4,"[8217,8209,8201,8193]",8193,8205.0,8217,950,4194304,"[4090,113,22,6,2]",2,846.6,4090,954
4194304,1,30,mixed,45.31918466091156,4,"[8218,8210,8202,8194]",8194,8206.0,8218,811,4194304,"[5011,135,25,8,4,0]",0,863.8333333333334,5011,815
4194304,1,31,mixed,45.11378053575754,4,"[8219,8211,8203,8195]",8195,8207.0,8219,696,4194303,"[5787,163,28,10]",10,1497.0,5787,700
4194304,1,32,mixed,46.00439500063658,4,"[8220,8212,8204,8196]",8196,8208.0,8220,643,4194299,"[6471,173,29,11]",11,1671.0,6471,647
4194304,1,33,mixed,45.90225778520107,4,"[8221,8213,8205,8197]",8197,8209.0,8221,601,4194303,"[7089,194,31,13]",13,1831.75,7089,605
4194304,1,34,mixed,46.91085033118725,4,"[8222,8214,8206,8198]",8198,8210.0,8222,551,4194304,"[7657,223,33,15,5,1,0]",0,1133.4285714285713,7657,555
4194304,1,35,mixed,62.54750117659569,4,"[8223,8215,8207,8199]",8199,8211.0,8223,3829,4194304,"[8186,238,35,16,7]",7,1696.4,8186,3833
4194304,1,36,mixed,44.21895183622837,5,"[8224,8216,8208,8200,8192]",8192,8208.0,8224,1415,4194303,"[2286,1765,60,8,2]",2,824.2,2286,1420
4194304,1,37,mixed,42.274496518075466,5,"[8225,8217,8209,8201,8193]",8193,8209.0,8225,1001,4194190,[3689],3689,3689.0,3689,1006
4194304,1,38,mixed,43.28482132405043,5,"[8226,8218,8210,8202,8194]",8194,8210.0,8226,822,4193433,[4690],4690,4690.0,4690,827
4194304,1,39,mixed,44.958749786019325,5,"[8227,8219,8211,8203,8195]",8195,8211.0,8227,739,4194302,"[5512,1766,65,13]",13,1839.0,5512,744
4194304,1,40,mixed,46.12675495445728,5,"[8228,8220,8212,8204,8196]",8196,8212.0,8228,660,4194304,"[6226,1767,87,15,3,1,0]",0,1157.0,6226,665
4194304,1,41,mixed,46.035454608500004,5,"[8229,8221,8213,8205,8197]",8197,8213.0,8229,602,4194303,"[6866,1769,97,19,5,2]",2,1459.6666666666667,6866,607
4194304,1,42,mixed,44.72246207296848,5,"[8230,8222,8214,8206,8198]",8198,8214.0,8230,543,4193589,[7451],7451,7451.0,7451,548
4194304,1,43,mixed,50.17209518700838,5,"[8231,8223,8215,8207,8199]",8199,8215.0,8231,1334,4194301,"[7994,1772,106,21,7]",7,1980.0,7994,1339
4194304,1,44,mixed,43.28578896820545,6,"[8232,8224,8216,8208,8200,8192]",8192,8212.0,8232,1212,4194301,"[2884,127,22]",22,1011.0,2884,1218
4194304,1,45,mixed,43.79530157893896,6,"[8233,8225,8217,8209,8201,8193]",8193,8213.0,8233,930,4194304,"[4087,131,27,9,3]",3,851.4,4087,936
4194304,1,46,mixed,43.78145653754473,6,"[8234,8226,8218,8210,8202,8194]",8194,8214.0,8234,777,4194246,[5009],5009,5009.0,5009,783
4194304,1,47,mixed,45.1375599950552,6,"[8235,8227,8219,8211,8203,8195]",8195,8215.0,8235,706,4194303,"[5786,135,28,11,4]",4,1192.8,5786,712
4194304,1,48,mixed,46.31829634308815,6,"[8236,8228,8220,8212,8204,8196]",8196,8216.0,8236,649,4194298,"[6470,151,31,12]",12,1666.0,6470,655
4194304,1,49,mixed,46.883612871170044,6,"[8237,8229,8221,8213,8205,8197]",8197,8217.0,8237,604,4194298,"[7088,178,34]",34,2433.3333333333335,7088,610
4194304,1,50,mixed,47.05397505313158,6,"[8238,8230,8222,8214,8206,8198]",8198,8218.0,8238,551,4194300,"[7656,212,36,13]",13,1979.25,7656,557
4194304,1,51,mixed,62.92068678885698,6,"[8239,8231,8223,8215,8207,8199]",8199,8219.0,8239,3824,4194303,"[8185,230,38,15,6]",6,1694.8,8185,3830
4194304,1,52,mixed,44.73947547376156,7,"[8240,8232,8224,8216,8208,8200,8192]",8192,8216.0,8240,1424,4194304,"[2278,1770,50,8,1,0,0]",0,586.7142857142857,2278,1431
4194304,1,53,mixed,42.3316415399313,7,"[8241,8233,8225,8217,8209,8201,8193]",8193,8217.0,8241,1002,4193871,[3684],3684,3684.0,3684,1009
4194304,1,54,mixed,44.477880001068115,7,"[8242,8234,8226,8218,8210,8202,8194]",8194,8218.0,8242,838,4194304,"[4686,1771,59,12,3,1]",1,1088.6666666666667,4686,845
4194304,1,55,mixed,43.49501244723797,7,"[8243,8235,8227,8219,8211,8203,8195]",8195,8219.0,8243,715,4194190,[5508],5508,5508.0,5508,722
4194304,1,56,mixed,46.51638679206371,7,"[8244,8236,8228,8220,8212,8204,8196]",8196,8220.0,8244,664,4194304,"[6223,1773,68,14,5,2]",2,1347.5,6223,671
4194304,1,57,mixed,44.802529737353325,7,"[8245,8237,8229,8221,8213,8205,8197]",8197,8221.0,8245,586,4193709,[6863],6863,6863.0,6863,593
4194304,1,58,mixed,45.33448349684477,7,"[8246,8238,8230,8222,8214,8206,8198]",8198,8222.0,8246,544,4194280,"[7449,1776]",1776,4612.5,7449,551
4194304,1,59,mixed,51.191091537475586,7,"[8247,8239,8231,8223,8215,8207,8199]",8199,8223.0,8247,1322,4194302,"[7992,1777,82,18,7]",7,1975.2,7992,1329
4194304,1,60,mixed,43.08251291513443,8,"[8248,8240,8232,8224,8216,8208,8200,8192]",8192,8220.0,8248,1231,4194290,"[2882,94]",94,1488.0,2882,1239
4194304,1,61,mixed,44.41129136830568,8,"[8249,8241,8233,8225,8217,8209,8201,8193]",8193,8221.0,8249,947,4194304,"[4085,122,22,8,3,1,0,0]",0,530.125,4085,955
4194304,1,62,mixed,45.10479513555765,8,"[8250,8242,8234,8226,8218,8210,8202,8194]",8194,8222.0,8250,788,4194298,"[5007,140]",140,2573.5,5007,796
4194304,1,63,mixed,45.03827542066574,8,"[8251,8243,8235,8227,8219,8211,8203,8195]",8195,8223.0,8251,708,4194300,"[5784,151,24]",24,1986.3333333333333,5784,716
4194304,1,64,mixed,46.602784655988216,8,"[8252,8244,8236,8228,8220,8212,8204,8196]",8196,8224.0,8252,653,4194300,"[6468,174,25,9]",9,1669.0,6468,661
4194304,1,65,mixed,44.47579104453325,8,"[8253,8245,8237,8229,8221,8213,8205,8197]",8197,8225.0,8253,570,4194304,"[7086,204]",204,3645.0,7086,578
4194304,1,66,mixed,47.46849276125431,8,"[8254,8246,8238,8230,8222,8214,8206,8198]",8198,8226.0,8254,554,4194300,"[7655,205,29,10]",10,1974.75,7655,562
4194304,1,67,mixed,63.17277904599905,7,"[8247,8239,8231,8223,8215,8207,8199]",8199,8223.0,8247,3831,4194304,"[8184,226,31,12,4,2]",2,1409.8333333333333,8184,3838
4194304,1,68,mixed,43.977134861052036,8,"[8248,8240,8232,8224,8216,8208,8200,8192]",8192,8220.0,8248,1408,4193728,[2274],2274,2274.0,2274,1416
4194304,1,69,mixed,43.34202315658331,8,"[8249,8241,8233,8225,8217,8209,8201,8193]",8193,8221.0,8249,1016,4194301,"[3682,1770,44]",44,1832.0,3682,1024
4194304,1,70,mixed,43.48431807011366,8,"[8250,8242,8234,8226,8218,8210,8202,8194]",8194,8222.0,8250,823,4194008,[4684],4684,4684.0,4684,831
4194304,1,71,mixed,43.47081854939461,8,"[8251,8243,8235,8227,8219,8211,8203,8195]",8195,8223.0,8251,715,4193475,[5507],5507,5507.0,5507,723
4194304,1,72,mixed,44.79634668678045,8,"[8252,8244,8236,8228,8220,8212,8204,8196]",8196,8224.0,8252,641,4194063,[6222],6222,6222.0,6222,649
4194304,1,73,mixed,44.572535902261734,8,"[8253,8245,8237,8229,8221,8213,8205,8197]",8197,8225.0,8253,586,4193709,[6863],6863,6863.0,6863,594
4194304,1,74,mixed,45.43330613523722,8,"[8254,8246,8238,8230,8222,8214,8206,8198]",8198,8226.0,8254,544,4194275,"[7449,1771]",1771,4610.0,7449,552
4194304,1,75,mixed,51.37245263904333,7,"[8247,8239,8231,8223,8215,8207,8199]",8199,8223.0,8247,1323,4194302,"[7992,1772,57,7]",7,2457.0,7992,1330
4194304,1,76,mixed,43.62217802554369,8,"[8248,8240,8232,8224,8216,8208,8200,8192]",8192,8220.0,8248,1241,4194304,"[2879,71,9,3]",3,740.5,2879,1249
4194304,1,77,mixed,44.050438329577446,8,"[8249,8241,8233,8225,8217,8209,8201,8193]",8193,8221.0,8249,958,4194295,"[4083,100]",100,2091.5,4083,966
4194304,1,78,mixed,44.88058853894472,8,"[8250,8242,8234,8226,8218,8210,8202,8194]",8194,8222.0,8250,804,4194303,"[5005,136,15,5,1]",1,1032.4,5005,812
4194304,1,79,mixed,45.32556235790253,8,"[8251,8243,8235,8227,8219,8211,8203,8195]",8195,8223.0,8251,723,4194303,"[5782,157,19,6,2]",2,1193.2,5782,731
4194304,1,80,mixed,46.87285330146551,8,"[8252,8244,8236,8228,8220,8212,8204,8196]",8196,8224.0,8252,659,4194304,"[6466,186,25,8,4,1]",1,1115.0,6466,667
4194304,1,81,mixed,44.74264569580555,8,"[8253,8245,8237,8229,8221,8213,8205,8197]",8197,8225.0,8253,575,4194302,"[7084,220]",220,3652.0,7084,583
4194304,1,82,mixed,47.23777063190937,8,"[8254,8246,8238,8230,8222,8214,8206,8198]",8198,8226.0,8254,559,4194301,"[7653,226,29,9]",9,1979.25,7653,567
4194304,1,83,mixed,62.82715406268835,7,"[8247,8239,8231,8223,8215,8207,8199]",8199,8223.0,8247,3785,4194304,"[8182,249,35,10]",10,2119.0,8182,3792
4194304,1,84,mixed,43.32322906702757,8,"[8248,8240,8232,8224,8216,8208,8200,8192]",8192,8220.0,8248,1399,4192803,[2297],2297,2297.0,2297,1407
4194304,1,85,mixed,44.545309618115425,8,"[8249,8241,8233,8225,8217,8209,8201,8193]",8193,8221.0,8249,1019,4194304,"[3696,1734,38,5]",5,1368.25,3696,1027
4194304,1,86,mixed,44.45274639874697,8,"[8250,8242,8234,8226,8218,8210,8202,8194]",8194,8222.0,8250,832,4194302,"[4695,1735,54,8]",8,1623.0,4695,840
4194304,1,87,mixed,43.740496039390564,8,"[8251,8243,8235,8227,8219,8211,8203,8195]",8195,8223.0,8251,714,4193679,[5516],5516,5516.0,5516,722
4194304,1,88,mixed,45.937069691717625,8,"[8252,8244,8236,8228,8220,8212,8204,8196]",8196,8224.0,8252,649,4194301,"[6230,1736,63,9,2]",2,1608.0,6230,657
4194304,1,89,mixed,46.175891533493996,8,"[8253,8245,8237,8229,8221,8213,8205,8197]",8197,8225.0,8253,598,4194303,"[6870,1737,66,13,3]",3,1737.8,6870,606
4194304,1,90,mixed,46.68031446635723,8,"[8254,8246,8238,8230,8222,8214,8206,8198]",8198,8226.0,8254,564,4194304,"[7455,1739,72,16,5]",5,1857.4,7455,572
4194304,1,91,mixed,51.4174047857523,7,"[8247,8239,8231,8223,8215,8207,8199]",8199,8223.0,8247,1354,4194298,"[7997,1742,88,17,7]",7,1970.2,7997,1361
4194304,1,92,mixed,43.315740302205086,8,"[8248,8240,8232,8224,8216,8208,8200,8192]",8192,8220.0,8248,1214,4194301,"[2874,113,18,8]",8,753.25,2874,1222
4194304,1,93,mixed,43.99440437555313,8,"[8249,8241,8233,8225,8217,8209,8201,8193]",8193,8221.0,8249,942,4194302,"[4080,116,22,9]",9,1056.75,4080,950
4194304,1,94,mixed,45.27313448488712,8,"[8250,8242,8234,8226,8218,8210,8202,8194]",8194,8222.0,8250,813,4194302,"[5003,132,23]",23,1719.3333333333333,5003,821
4194304,1,95,mixed,44.257030822336674,8,"[8251,8243,8235,8227,8219,8211,8203,8195]",8195,8223.0,8251,685,4194255,[5780],5780,5780.0,5780,693
4194304,1,96,mixed,45.8681033924222,8,"[8252,8244,8236,8228,8220,8212,8204,8196]",8196,8224.0,8252,626,4194304,"[6465,163,28,11]",11,1666.75,6465,634
4194304,1,97,mixed,46.58455587923527,8,"[8253,8245,8237,8229,8221,8213,8205,8197]",8197,8225.0,8253,581,4194295,"[7084,166,30,13]",13,1823.25,7084,589
4194304,1,98,mixed,46.33443430066109,8,"[8254,8246,8238,8230,8222,8214,8206,8198]",8198,8226.0,8254,559,4194277,"[7653,173]",173,3913.0,7653,567
4194304,1,99,mixed,64.19556494802237,7,"[8247,8239,8231,8223,8215,8207,8199]",8199,8223.0,8247,3853,4194269,"[8182,203,34,14]",14,2108.25,8182,3860
4194304,1,100,mixed,44.4903988391161,8,"[8248,8240,8232,8224,8216,8208,8200,8192]",8192,8220.0,8248,1419,4194286,"[2251,1787,56]",56,1364.6666666666667,2251,1427
4194304,1,101,mixed,44.1149165853858,8,"[8249,8241,8233,8225,8217,8209,8201,8193]",8193,8221.0,8249,1029,4194227,"[3667,1789,57]",57,1837.6666666666667,3667,1037
4194304,1,102,mixed,44.98068802058697,8,"[8250,8242,8234,8226,8218,8210,8202,8194]",8194,8222.0,8250,838,4194249,"[4672,1790,80]",80,2180.6666666666665,4672,846
4194304,1,103,mixed,45.46660650521517,8,"[8251,8243,8235,8227,8219,8211,8203,8195]",8195,8223.0,8251,724,4194287,"[5496,1792,92]",92,2460.0,5496,732
4194304,1,104,mixed,46.007647179067135,8,"[8252,8244,8236,8228,8220,8212,8204,8196]",8196,8224.0,8252,656,4194304,"[6212,1793,99]",99,2701.3333333333335,6212,664
4194304,1,105,mixed,45.9843035787344,8,"[8253,8245,8237,8229,8221,8213,8205,8197]",8197,8225.0,8253,598,4194287,"[6853,1796,111]",111,2920.0,6853,606
4194304,1,106,mixed,45.976970344781876,8,"[8254,8246,8238,8230,8222,8214,8206,8198]",8198,8226.0,8254,547,4194279,"[7439,1799]",1799,4619.0,7439,555
4194304,1,107,mixed,50.14951527118683,7,"[8247,8239,8231,8223,8215,8207,8199]",8199,8223.0,8247,1295,4194285,"[7982,1803,120]",120,3301.6666666666665,7982,1302
4194304,1,108,mixed,42.85683389753103,8,"[8248,8240,8232,8224,8216,8208,8200,8192]",8192,8220.0,8248,1215,4194258,"[2870,138]",138,1504.0,2870,1223
4194304,1,109,mixed,43.775434605777264,8,"[8249,8241,8233,8225,8217,8209,8201,8193]",8193,8221.0,8249,952,4194166,"[4077,146]",146,2111.5,4077,960
4194304,1,110,mixed,45.203421264886856,8,"[8250,8242,8234,8226,8218,8210,8202,8194]",8194,8222.0,8250,785,4194284,"[5000,175]",175,2587.5,5000,793
4194304,1,111,mixed,44.88319531083107,8,"[8251,8243,8235,8227,8219,8211,8203,8195]",8195,8223.0,8251,692,4194187,"[5778,182]",182,2980.0,5778,700
4194304,1,112,mixed,44.03151012957096,8,"[8252,8244,8236,8228,8220,8212,8204,8196]",8196,8224.0,8252,628,4194233,"[6463,189]",189,3326.0,6463,636
4194304,1,113,mixed,44.61601469665766,8,"[8253,8245,8237,8229,8221,8213,8205,8197]",8197,8225.0,8253,581,4194277,"[7082,198]",198,3640.0,7082,589
4194304,1,114,mixed,45.379399321973324,8,"[8254,8246,8238,8230,8222,8214,8206,8198]",8198,8226.0,8254,558,4194089,"[7651,210]",210,3930.5,7651,566
4194304,1,115,mixed,54.22382615506649,7,"[8247,8239,8231,8223,8215,8207,8199]",8199,8223.0,8247,2060,2685886,"[8180,239]",239,4209.5,8180,2067
4194304,1,116,mixed,44.617269188165665,8,"[8248,8240,8232,8224,8216,8208,8200,8192]",8192,8220.0,8248,1403,4193567,[2287],2287,2287.0,2287,1411
4194304,1,117,mixed,42.70153120160103,8,"[8249,8241,8233,8225,8217,8209,8201,8193]",8193,8221.0,8249,1000,4190500,[3690],3690,3690.0,3690,1008
4194304,1,118,mixed,46.2300218641758,8,"[8250,8242,8234,8226,8218,8210,8202,8194]",8194,8222.0,8250,822,4193433,[4690],4690,4690.0,4690,830
4194304,1,119,mixed,50.98491907119751,8,"[8251,8243,8235,8227,8219,8211,8203,8195]",8195,8223.0,8251,714,4190823,[5512],5512,5512.0,5512,722
4194304,1,120,mixed,48.333343118429184,8,"[8252,8244,8236,8228,8220,8212,8204,8196]",8196,8224.0,8252,640,4189760,[6226],6226,6226.0,6226,648
4194304,1,121,mixed,44.49707455933094,8,"[8253,8245,8237,8229,8221,8213,8205,8197]",8197,8225.0,8253,585,4188015,[6866],6866,6866.0,6866,593
4194304,1,122,mixed,45.79453635960817,8,"[8254,8246,8238,8230,8222,8214,8206,8198]",8198,8226.0,8254,543,4193589,[7451],7451,7451.0,7451,551
4194304,1,123,mixed,42.9868483915925,7,"[8247,8239,8231,8223,8215,8207,8199]",8199,8223.0,8247,198,1602513,[7994],7994,7994.0,7994,205
4194304,1,124,decode_only,29.92169000208378,8,"[8248,8240,8232,8224,8216,8208,8200,8192]",8192,8220.0,8248,0,0,[],,,,8
4194304,1,125,decode_only,29.881533235311508,8,"[8249,8241,8233,8225,8217,8209,8201,8193]",8193,8221.0,8249,0,0,[],,,,8
4194304,1,126,decode_only,29.846041463315487,8,"[8250,8242,8234,8226,8218,8210,8202,8194]",8194,8222.0,8250,0,0,[],,,,8
4194304,1,127,decode_only,29.965328983962536,8,"[8251,8243,8235,8227,8219,8211,8203,8195]",8195,8223.0,8251,0,0,[],,,,8
4194304,1,128,decode_only,29.806862585246563,8,"[8252,8244,8236,8228,8220,8212,8204,8196]",8196,8224.0,8252,0,0,[],,,,8
4194304,1,129,decode_only,29.93589546531439,8,"[8253,8245,8237,8229,8221,8213,8205,8197]",8197,8225.0,8253,0,0,[],,,,8
4194304,1,130,decode_only,29.975397512316704,8,"[8254,8246,8238,8230,8222,8214,8206,8198]",8198,8226.0,8254,0,0,[],,,,8
4194304,1,131,decode_only,29.579510912299156,7,"[8247,8239,8231,8223,8215,8207,8199]",8199,8223.0,8247,0,0,[],,,,7
4194304,1,132,decode_only,29.706393368542194,7,"[8248,8240,8232,8224,8216,8208,8200]",8200,8224.0,8248,0,0,[],,,,7
4194304,1,133,decode_only,29.57527805119753,7,"[8249,8241,8233,8225,8217,8209,8201]",8201,8225.0,8249,0,0,[],,,,7
4194304,1,134,decode_only,29.658325016498566,7,"[8250,8242,8234,8226,8218,8210,8202]",8202,8226.0,8250,0,0,[],,,,7
4194304,1,135,decode_only,29.65197991579771,7,"[8251,8243,8235,8227,8219,8211,8203]",8203,8227.0,8251,0,0,[],,,,7
4194304,1,136,decode_only,29.654227197170258,7,"[8252,8244,8236,8228,8220,8212,8204]",8204,8228.0,8252,0,0,[],,,,7
4194304,1,137,decode_only,29.688476584851742,7,"[8253,8245,8237,8229,8221,8213,8205]",8205,8229.0,8253,0,0,[],,,,7
4194304,1,138,decode_only,29.793606139719486,7,"[8254,8246,8238,8230,8222,8214,8206]",8206,8230.0,8254,0,0,[],,,,7
4194304,1,139,decode_only,30.574539676308632,6,"[8247,8239,8231,8223,8215,8207]",8207,8227.0,8247,0,0,[],,,,6
4194304,1,140,decode_only,30.63836321234703,6,"[8248,8240,8232,8224,8216,8208]",8208,8228.0,8248,0,0,[],,,,6
4194304,1,141,decode_only,30.584984458982944,6,"[8249,8241,8233,8225,8217,8209]",8209,8229.0,8249,0,0,[],,,,6
4194304,1,142,decode_only,30.638810247182846,6,"[8250,8242,8234,8226,8218,8210]",8210,8230.0,8250,0,0,[],,,,6
4194304,1,143,decode_only,30.333929695189,6,"[8251,8243,8235,8227,8219,8211]",8211,8231.0,8251,0,0,[],,,,6
4194304,1,144,decode_only,30.51336109638214,6,"[8252,8244,8236,8228,8220,8212]",8212,8232.0,8252,0,0,[],,,,6
4194304,1,145,decode_only,30.44794127345085,6,"[8253,8245,8237,8229,8221,8213]",8213,8233.0,8253,0,0,[],,,,6
4194304,1,146,decode_only,30.49138467758894,6,"[8254,8246,8238,8230,8222,8214]",8214,8234.0,8254,0,0,[],,,,6
4194304,1,147,decode_only,29.39610742032528,5,"[8247,8239,8231,8223,8215]",8215,8231.0,8247,0,0,[],,,,5
4194304,1,148,decode_only,29.353389516472816,5,"[8248,8240,8232,8224,8216]",8216,8232.0,8248,0,0,[],,,,5
4194304,1,149,decode_only,29.24562804400921,5,"[8249,8241,8233,8225,8217]",8217,8233.0,8249,0,0,[],,,,5
4194304,1,150,decode_only,29.35691736638546,5,"[8250,8242,8234,8226,8218]",8218,8234.0,8250,0,0,[],,,,5
4194304,1,151,decode_only,29.370056465268135,5,"[8251,8243,8235,8227,8219]",8219,8235.0,8251,0,0,[],,,,5
4194304,1,152,decode_only,29.288917779922485,5,"[8252,8244,8236,8228,8220]",8220,8236.0,8252,0,0,[],,,,5
4194304,1,153,decode_only,29.32407148182392,5,"[8253,8245,8237,8229,8221]",8221,8237.0,8253,0,0,[],,,,5
4194304,1,154,decode_only,29.398891143500805,5,"[8254,8246,8238,8230,8222]",8222,8238.0,8254,0,0,[],,,,5
4194304,1,155,decode_only,30.26603627949953,4,"[8247,8239,8231,8223]",8223,8235.0,8247,0,0,[],,,,4
4194304,1,156,decode_only,30.192931182682514,4,"[8248,8240,8232,8224]",8224,8236.0,8248,0,0,[],,,,4
4194304,1,157,decode_only,30.414788983762264,4,"[8249,8241,8233,8225]",8225,8237.0,8249,0,0,[],,,,4
4194304,1,158,decode_only,30.68323712795973,4,"[8250,8242,8234,8226]",8226,8238.0,8250,0,0,[],,,,4
4194304,1,159,decode_only,30.21029382944107,4,"[8251,8243,8235,8227]",8227,8239.0,8251,0,0,[],,,,4
4194304,1,160,decode_only,30.361558310687542,4,"[8252,8244,8236,8228]",8228,8240.0,8252,0,0,[],,,,4
4194304,1,161,decode_only,30.427634716033936,4,"[8253,8245,8237,8229]",8229,8241.0,8253,0,0,[],,,,4
4194304,1,162,decode_only,30.28816543519497,4,"[8254,8246,8238,8230]",8230,8242.0,8254,0,0,[],,,,4
4194304,1,163,decode_only,29.3348366394639,3,"[8247,8239,8231]",8231,8239.0,8247,0,0,[],,,,3
4194304,1,164,decode_only,29.36405409127474,3,"[8248,8240,8232]",8232,8240.0,8248,0,0,[],,,,3
4194304,1,165,decode_only,29.309872537851334,3,"[8249,8241,8233]",8233,8241.0,8249,0,0,[],,,,3
4194304,1,166,decode_only,29.256940819323063,3,"[8250,8242,8234]",8234,8242.0,8250,0,0,[],,,,3
4194304,1,167,decode_only,29.354163445532322,3,"[8251,8243,8235]",8235,8243.0,8251,0,0,[],,,,3
4194304,1,168,decode_only,29.27875891327858,3,"[8252,8244,8236]",8236,8244.0,8252,0,0,[],,,,3
4194304,1,169,decode_only,29.232479631900787,3,"[8253,8245,8237]",8237,8245.0,8253,0,0,[],,,,3
4194304,1,170,decode_only,29.332229867577553,3,"[8254,8246,8238]",8238,8246.0,8254,0,0,[],,,,3
4194304,1,171,decode_only,29.432980343699455,2,"[8247,8239]",8239,8243.0,8247,0,0,[],,,,2
4194304,1,172,decode_only,29.28201388567686,2,"[8248,8240]",8240,8244.0,8248,0,0,[],,,,2
4194304,1,173,decode_only,29.27110344171524,2,"[8249,8241]",8241,8245.0,8249,0,0,[],,,,2
4194304,1,174,decode_only,29.567645862698555,2,"[8250,8242]",8242,8246.0,8250,0,0,[],,,,2
4194304,1,175,decode_only,29.597816057503223,2,"[8251,8243]",8243,8247.0,8251,0,0,[],,,,2
4194304,1,176,decode_only,29.38241045922041,2,"[8252,8244]",8244,8248.0,8252,0,0,[],,,,2
4194304,1,177,decode_only,29.478267766535282,2,"[8253,8245]",8245,8249.0,8253,0,0,[],,,,2
4194304,1,178,decode_only,29.527736827731133,2,"[8254,8246]",8246,8250.0,8254,0,0,[],,,,2
4194304,1,179,decode_only,30.03528155386448,1,[8247],8247,8247.0,8247,0,0,[],,,,1
4194304,1,180,decode_only,30.049891211092472,1,[8248],8248,8248.0,8248,0,0,[],,,,1
4194304,1,181,decode_only,30.174119397997856,1,[8249],8249,8249.0,8249,0,0,[],,,,1
4194304,1,182,decode_only,30.10158147662878,1,[8250],8250,8250.0,8250,0,0,[],,,,1
4194304,1,183,decode_only,30.09340725839138,1,[8251],8251,8251.0,8251,0,0,[],,,,1
4194304,1,184,decode_only,30.070926994085312,1,[8252],8252,8252.0,8252,0,0,[],,,,1
4194304,1,185,decode_only,30.018816702067852,1,[8253],8253,8253.0,8253,0,0,[],,,,1
4194304,1,186,decode_only,30.052924528717995,1,[8254],8254,8254.0,8254,0,0,[],,,,1
4194304,2,0,prefill_only,17.34534464776516,0,[],,,,2048,2098176,[0],0,0.0,0,2048
4194304,2,1,prefill_only,20.429909229278564,0,[],,,,2048,6292480,[2048],2048,2048.0,2048,2048
4194304,2,2,prefill_only,23.68913870304823,0,[],,,,2048,10486784,[4096],4096,4096.0,4096,2048
4194304,2,3,prefill_only,57.28829465806484,0,[],,,,6144,18877440,"[6144,0,0]",0,2048.0,6144,6144
4194304,2,4,mixed,45.08430231362581,1,[8192],8192,8192.0,8192,1499,4194202,[2048],2048,2048.0,2048,1500
4194304,2,5,mixed,43.410628102719784,1,[8193],8193,8193.0,8193,1032,4193532,[3547],3547,3547.0,3547,1033
4194304,2,6,mixed,44.14184857159853,1,[8194],8194,8194.0,8194,839,4194161,[4579],4579,4579.0,4579,840
4194304,2,7,mixed,46.528189443051815,1,[8195],8195,8195.0,8195,781,4194304,"[5418,2048,0,0,0,0]",0,1244.3333333333333,5418,782
4194304,2,8,mixed,47.15328384190798,1,[8196],8196,8196.0,8196,676,4194304,"[6143,2049,44,8,2]",2,1649.2,6143,677
4194304,2,9,mixed,47.55442216992378,1,[8197],8197,8197.0,8197,621,4194304,"[6791,2050,67,10,4,1]",1,1487.1666666666667,6791,622
4194304,2,10,mixed,47.306640073657036,1,[8198],8198,8198.0,8198,556,4194304,"[7382,2052,89,14,5]",5,1908.4,7382,557
4194304,2,11,mixed,49.267866648733616,1,[8199],8199,8199.0,8199,1110,4194301,"[7929,2055,92,16]",16,2523.0,7929,1111
4194304,2,12,mixed,42.975930497050285,2,"[8200,8192]",8192,8196.0,8200,1224,4194304,"[2893,98,19,6,2,0]",0,503.0,2893,1226
4194304,2,13,mixed,42.14149434119463,2,"[8201,8193]",8193,8197.0,8201,921,4194234,[4093],4093,4093.0,4093,923
4194304,2,14,mixed,44.980935752391815,2,"[8202,8194]",8194,8198.0,8202,796,4194301,"[5014,117,21,7]",7,1289.75,5014,798
4194304,2,15,mixed,44.62859686464071,2,"[8203,8195]",8195,8199.0,8203,726,4194302,"[5790,132,24,9]",9,1488.75,5790,728
4194304,2,16,mixed,43.474335223436356,2,"[8204,8196]",8196,8200.0,8204,633,4194285,"[6473,172]",172,3322.5,6473,635
4194304,2,17,mixed,44.066877104341984,2,"[8205,8197]",8197,8201.0,8205,593,4194284,"[7091,187]",187,3639.0,7091,595
4194304,2,18,mixed,46.260615810751915,2,"[8206,8198]",8198,8202.0,8206,544,4194304,"[7659,212,25]",25,2632.0,7659,546
4194304,2,19,mixed,63.52648325264454,2,"[8207,8199]",8199,8203.0,8207,3840,4194303,"[8188,223,29,11,3]",3,1690.8,8188,3842
4194304,2,20,mixed,43.60832925885916,3,"[8208,8200,8192]",8192,8200.0,8208,1409,4193184,[2271],2271,2271.0,2271,1412
4194304,2,21,mixed,43.802786618471146,3,"[8209,8201,8193]",8193,8201.0,8209,1032,4194304,"[3680,1792,35,4,1,0]",0,918.6666666666666,3680,1035
4194304,2,22,mixed,43.992891907691956,3,"[8210,8202,8194]",8194,8202.0,8210,829,4194302,"[4682,1794,53,10]",10,1634.75,4682,832
4194304,2,23,mixed,44.69558596611023,3,"[8211,8203,8195]",8195,8203.0,8211,727,4194303,"[5505,1795,55,13,3]",3,1474.2,5505,730
4194304,2,24,mixed,44.65822130441666,3,"[8212,8204,8196]",8196,8204.0,8212,641,4192781,[6220],6220,6220.0,6220,644
4194304,2,25,mixed,44.141306541860104,3,"[8213,8205,8197]",8197,8205.0,8213,586,4192537,[6861],6861,6861.0,6861,589
4194304,2,26,mixed,46.57444357872009,3,"[8214,8206,8198]",8198,8206.0,8214,562,4194304,"[7447,1796,62,16,4]",4,1865.0,7447,565
4194304,2,27,mixed,50.3672631457448,3,"[8215,8207,8199]",8199,8207.0,8215,1306,4194303,"[7990,1797,77,18,5]",5,1977.4,7990,1309
4194304,2,28,mixed,43.56209933757782,4,"[8216,8208,8200,8192]",8192,8204.0,8216,1230,4194298,"[2889,85,21]",21,998.3333333333334,2889,1234
4194304,2,29,mixed,43.92291512340307,4,"[8217,8209,8201,8193]",8193,8205.0,8217,950,4194304,"[4090,113,22,6,2]",2,846.6,4090,954
4194304,2,30,mixed,45.633647590875626,4,"[8218,8210,8202,8194]",8194,8206.0,8218,811,4194304,"[5011,135,25,8,4,0]",0,863.8333333333334,5011,815
4194304,2,31,mixed,44.6952348574996,4,"[8219,8211,8203,8195]",8195,8207.0,8219,696,4194303,"[5787,163,28,10]",10,1497.0,5787,700
4194304,2,32,mixed,46.27166409045458,4,"[8220,8212,8204,8196]",8196,8208.0,8220,643,4194299,"[6471,173,29,11]",11,1671.0,6471,647
4194304,2,33,mixed,45.83191592246294,4,"[8221,8213,8205,8197]",8197,8209.0,8221,601,4194303,"[7089,194,31,13]",13,1831.75,7089,605
4194304,2,34,mixed,46.93396855145693,4,"[8222,8214,8206,8198]",8198,8210.0,8222,551,4194304,"[7657,223,33,15,5,1,0]",0,1133.4285714285713,7657,555
4194304,2,35,mixed,62.74240277707577,4,"[8223,8215,8207,8199]",8199,8211.0,8223,3829,4194304,"[8186,238,35,16,7]",7,1696.4,8186,3833
4194304,2,36,mixed,44.60749961435795,5,"[8224,8216,8208,8200,8192]",8192,8208.0,8224,1415,4194303,"[2286,1765,60,8,2]",2,824.2,2286,1420
4194304,2,37,mixed,42.36533027142286,5,"[8225,8217,8209,8201,8193]",8193,8209.0,8225,1001,4194190,[3689],3689,3689.0,3689,1006
4194304,2,38,mixed,43.48209872841835,5,"[8226,8218,8210,8202,8194]",8194,8210.0,8226,822,4193433,[4690],4690,4690.0,4690,827
4194304,2,39,mixed,44.49257254600525,5,"[8227,8219,8211,8203,8195]",8195,8211.0,8227,739,4194302,"[5512,1766,65,13]",13,1839.0,5512,744
4194304,2,40,mixed,45.81165499985218,5,"[8228,8220,8212,8204,8196]",8196,8212.0,8228,660,4194304,"[6226,1767,87,15,3,1,0]",0,1157.0,6226,665
4194304,2,41,mixed,45.85126228630543,5,"[8229,8221,8213,8205,8197]",8197,8213.0,8229,602,4194303,"[6866,1769,97,19,5,2]",2,1459.6666666666667,6866,607
4194304,2,42,mixed,44.53846625983715,5,"[8230,8222,8214,8206,8198]",8198,8214.0,8230,543,4193589,[7451],7451,7451.0,7451,548
4194304,2,43,mixed,50.07784906774759,5,"[8231,8223,8215,8207,8199]",8199,8215.0,8231,1334,4194301,"[7994,1772,106,21,7]",7,1980.0,7994,1339
4194304,2,44,mixed,43.032413348555565,6,"[8232,8224,8216,8208,8200,8192]",8192,8212.0,8232,1212,4194301,"[2884,127,22]",22,1011.0,2884,1218
4194304,2,45,mixed,44.13955099880695,6,"[8233,8225,8217,8209,8201,8193]",8193,8213.0,8233,930,4194304,"[4087,131,27,9,3]",3,851.4,4087,936
4194304,2,46,mixed,43.79895329475403,6,"[8234,8226,8218,8210,8202,8194]",8194,8214.0,8234,777,4194246,[5009],5009,5009.0,5009,783
4194304,2,47,mixed,45.129901729524136,6,"[8235,8227,8219,8211,8203,8195]",8195,8215.0,8235,706,4194303,"[5786,135,28,11,4]",4,1192.8,5786,712
4194304,2,48,mixed,46.20968550443649,6,"[8236,8228,8220,8212,8204,8196]",8196,8216.0,8236,649,4194298,"[6470,151,31,12]",12,1666.0,6470,655
4194304,2,49,mixed,46.5367566794157,6,"[8237,8229,8221,8213,8205,8197]",8197,8217.0,8237,604,4194298,"[7088,178,34]",34,2433.3333333333335,7088,610
4194304,2,50,mixed,46.93916812539101,6,"[8238,8230,8222,8214,8206,8198]",8198,8218.0,8238,551,4194300,"[7656,212,36,13]",13,1979.25,7656,557
4194304,2,51,mixed,62.58435547351837,6,"[8239,8231,8223,8215,8207,8199]",8199,8219.0,8239,3824,4194303,"[8185,230,38,15,6]",6,1694.8,8185,3830
4194304,2,52,mixed,44.551691971719265,7,"[8240,8232,8224,8216,8208,8200,8192]",8192,8216.0,8240,1424,4194304,"[2278,1770,50,8,1,0,0]",0,586.7142857142857,2278,1431
4194304,2,53,mixed,42.53163002431393,7,"[8241,8233,8225,8217,8209,8201,8193]",8193,8217.0,8241,1002,4193871,[3684],3684,3684.0,3684,1009
4194304,2,54,mixed,44.90775242447853,7,"[8242,8234,8226,8218,8210,8202,8194]",8194,8218.0,8242,838,4194304,"[4686,1771,59,12,3,1]",1,1088.6666666666667,4686,845
4194304,2,55,mixed,43.44210680574179,7,"[8243,8235,8227,8219,8211,8203,8195]",8195,8219.0,8243,715,4194190,[5508],5508,5508.0,5508,722
4194304,2,56,mixed,46.26545216888189,7,"[8244,8236,8228,8220,8212,8204,8196]",8196,8220.0,8244,664,4194304,"[6223,1773,68,14,5,2]",2,1347.5,6223,671
4194304,2,57,mixed,44.36731804162264,7,"[8245,8237,8229,8221,8213,8205,8197]",8197,8221.0,8245,586,4193709,[6863],6863,6863.0,6863,593
4194304,2,58,mixed,45.44524662196636,7,"[8246,8238,8230,8222,8214,8206,8198]",8198,8222.0,8246,544,4194280,"[7449,1776]",1776,4612.5,7449,551
4194304,2,59,mixed,50.79068336635828,7,"[8247,8239,8231,8223,8215,8207,8199]",8199,8223.0,8247,1322,4194302,"[7992,1777,82,18,7]",7,1975.2,7992,1329
4194304,2,60,mixed,43.081456795334816,8,"[8248,8240,8232,8224,8216,8208,8200,8192]",8192,8220.0,8248,1231,4194290,"[2882,94]",94,1488.0,2882,1239
4194304,2,61,mixed,44.063265435397625,8,"[8249,8241,8233,8225,8217,8209,8201,8193]",8193,8221.0,8249,947,4194304,"[4085,122,22,8,3,1,0,0]",0,530.125,4085,955
4194304,2,62,mixed,45.116519555449486,8,"[8250,8242,8234,8226,8218,8210,8202,8194]",8194,8222.0,8250,788,4194298,"[5007,140]",140,2573.5,5007,796
4194304,2,63,mixed,45.08277215063572,8,"[8251,8243,8235,8227,8219,8211,8203,8195]",8195,8223.0,8251,708,4194300,"[5784,151,24]",24,1986.3333333333333,5784,716
4194304,2,64,mixed,46.67060077190399,8,"[8252,8244,8236,8228,8220,8212,8204,8196]",8196,8224.0,8252,653,4194300,"[6468,174,25,9]",9,1669.0,6468,661
4194304,2,65,mixed,44.61838025599718,8,"[8253,8245,8237,8229,8221,8213,8205,8197]",8197,8225.0,8253,570,4194304,"[7086,204]",204,3645.0,7086,578
4194304,2,66,mixed,47.34615795314312,8,"[8254,8246,8238,8230,8222,8214,8206,8198]",8198,8226.0,8254,554,4194300,"[7655,205,29,10]",10,1974.75,7655,562
4194304,2,67,mixed,63.302538357675076,7,"[8247,8239,8231,8223,8215,8207,8199]",8199,8223.0,8247,3831,4194304,"[8184,226,31,12,4,2]",2,1409.8333333333333,8184,3838
4194304,2,68,mixed,43.95008273422718,8,"[8248,8240,8232,8224,8216,8208,8200,8192]",8192,8220.0,8248,1408,4193728,[2274],2274,2274.0,2274,1416
4194304,2,69,mixed,43.446483090519905,8,"[8249,8241,8233,8225,8217,8209,8201,8193]",8193,8221.0,8249,1016,4194301,"[3682,1770,44]",44,1832.0,3682,1024
4194304,2,70,mixed,43.36917493492365,8,"[8250,8242,8234,8226,8218,8210,8202,8194]",8194,8222.0,8250,823,4194008,[4684],4684,4684.0,4684,831
4194304,2,71,mixed,43.60674973577261,8,"[8251,8243,8235,8227,8219,8211,8203,8195]",8195,8223.0,8251,715,4193475,[5507],5507,5507.0,5507,723
4194304,2,72,mixed,44.59650721400976,8,"[8252,8244,8236,8228,8220,8212,8204,8196]",8196,8224.0,8252,641,4194063,[6222],6222,6222.0,6222,649
4194304,2,73,mixed,44.68314349651337,8,"[8253,8245,8237,8229,8221,8213,8205,8197]",8197,8225.0,8253,586,4193709,[6863],6863,6863.0,6863,594
4194304,2,74,mixed,45.43436784297228,8,"[8254,8246,8238,8230,8222,8214,8206,8198]",8198,8226.0,8254,544,4194275,"[7449,1771]",1771,4610.0,7449,552
4194304,2,75,mixed,50.94555672258139,7,"[8247,8239,8231,8223,8215,8207,8199]",8199,8223.0,8247,1323,4194302,"[7992,1772,57,7]",7,2457.0,7992,1330
4194304,2,76,mixed,43.49877964705229,8,"[8248,8240,8232,8224,8216,8208,8200,8192]",8192,8220.0,8248,1241,4194304,"[2879,71,9,3]",3,740.5,2879,1249
4194304,2,77,mixed,43.9659608528018,8,"[8249,8241,8233,8225,8217,8209,8201,8193]",8193,8221.0,8249,958,4194295,"[4083,100]",100,2091.5,4083,966
4194304,2,78,mixed,44.87285669893026,8,"[8250,8242,8234,8226,8218,8210,8202,8194]",8194,8222.0,8250,804,4194303,"[5005,136,15,5,1]",1,1032.4,5005,812
4194304,2,79,mixed,45.09813245385885,8,"[8251,8243,8235,8227,8219,8211,8203,8195]",8195,8223.0,8251,723,4194303,"[5782,157,19,6,2]",2,1193.2,5782,731
4194304,2,80,mixed,46.85834888368845,8,"[8252,8244,8236,8228,8220,8212,8204,8196]",8196,8224.0,8252,659,4194304,"[6466,186,25,8,4,1]",1,1115.0,6466,667
4194304,2,81,mixed,44.45952083915472,8,"[8253,8245,8237,8229,8221,8213,8205,8197]",8197,8225.0,8253,575,4194302,"[7084,220]",220,3652.0,7084,583
4194304,2,82,mixed,47.39326424896717,8,"[8254,8246,8238,8230,8222,8214,8206,8198]",8198,8226.0,8254,559,4194301,"[7653,226,29,9]",9,1979.25,7653,567
4194304,2,83,mixed,62.677216716110706,7,"[8247,8239,8231,8223,8215,8207,8199]",8199,8223.0,8247,3785,4194304,"[8182,249,35,10]",10,2119.0,8182,3792
4194304,2,84,mixed,43.37755497545004,8,"[8248,8240,8232,8224,8216,8208,8200,8192]",8192,8220.0,8248,1399,4192803,[2297],2297,2297.0,2297,1407
4194304,2,85,mixed,44.32594869285822,8,"[8249,8241,8233,8225,8217,8209,8201,8193]",8193,8221.0,8249,1019,4194304,"[3696,1734,38,5]",5,1368.25,3696,1027
4194304,2,86,mixed,44.76307984441519,8,"[8250,8242,8234,8226,8218,8210,8202,8194]",8194,8222.0,8250,832,4194302,"[4695,1735,54,8]",8,1623.0,4695,840
4194304,2,87,mixed,43.691786006093025,8,"[8251,8243,8235,8227,8219,8211,8203,8195]",8195,8223.0,8251,714,4193679,[5516],5516,5516.0,5516,722
4194304,2,88,mixed,46.25174682587385,8,"[8252,8244,8236,8228,8220,8212,8204,8196]",8196,8224.0,8252,649,4194301,"[6230,1736,63,9,2]",2,1608.0,6230,657
4194304,2,89,mixed,46.031796373426914,8,"[8253,8245,8237,8229,8221,8213,8205,8197]",8197,8225.0,8253,598,4194303,"[6870,1737,66,13,3]",3,1737.8,6870,606
4194304,2,90,mixed,46.81818746030331,8,"[8254,8246,8238,8230,8222,8214,8206,8198]",8198,8226.0,8254,564,4194304,"[7455,1739,72,16,5]",5,1857.4,7455,572
4194304,2,91,mixed,50.367883406579494,7,"[8247,8239,8231,8223,8215,8207,8199]",8199,8223.0,8247,1354,4194298,"[7997,1742,88,17,7]",7,1970.2,7997,1361
4194304,2,92,mixed,43.22593007236719,8,"[8248,8240,8232,8224,8216,8208,8200,8192]",8192,8220.0,8248,1214,4194301,"[2874,113,18,8]",8,753.25,2874,1222
4194304,2,93,mixed,44.05994899570942,8,"[8249,8241,8233,8225,8217,8209,8201,8193]",8193,8221.0,8249,942,4194302,"[4080,116,22,9]",9,1056.75,4080,950
4194304,2,94,mixed,44.945801608264446,8,"[8250,8242,8234,8226,8218,8210,8202,8194]",8194,8222.0,8250,813,4194302,"[5003,132,23]",23,1719.3333333333333,5003,821
4194304,2,95,mixed,44.18463911861181,8,"[8251,8243,8235,8227,8219,8211,8203,8195]",8195,8223.0,8251,685,4194255,[5780],5780,5780.0,5780,693
4194304,2,96,mixed,45.80360930413008,8,"[8252,8244,8236,8228,8220,8212,8204,8196]",8196,8224.0,8252,626,4194304,"[6465,163,28,11]",11,1666.75,6465,634
4194304,2,97,mixed,46.49969935417175,8,"[8253,8245,8237,8229,8221,8213,8205,8197]",8197,8225.0,8253,581,4194295,"[7084,166,30,13]",13,1823.25,7084,589
4194304,2,98,mixed,45.45953683555126,8,"[8254,8246,8238,8230,8222,8214,8206,8198]",8198,8226.0,8254,559,4194277,"[7653,173]",173,3913.0,7653,567
4194304,2,99,mixed,67.83072277903557,7,"[8247,8239,8231,8223,8215,8207,8199]",8199,8223.0,8247,3853,4194269,"[8182,203,34,14]",14,2108.25,8182,3860
4194304,2,100,mixed,44.37108151614666,8,"[8248,8240,8232,8224,8216,8208,8200,8192]",8192,8220.0,8248,1419,4194286,"[2251,1787,56]",56,1364.6666666666667,2251,1427
4194304,2,101,mixed,44.15407404303551,8,"[8249,8241,8233,8225,8217,8209,8201,8193]",8193,8221.0,8249,1029,4194227,"[3667,1789,57]",57,1837.6666666666667,3667,1037
4194304,2,102,mixed,44.66093610972166,8,"[8250,8242,8234,8226,8218,8210,8202,8194]",8194,8222.0,8250,838,4194249,"[4672,1790,80]",80,2180.6666666666665,4672,846
4194304,2,103,mixed,45.55405303835869,8,"[8251,8243,8235,8227,8219,8211,8203,8195]",8195,8223.0,8251,724,4194287,"[5496,1792,92]",92,2460.0,5496,732
4194304,2,104,mixed,46.021449379622936,8,"[8252,8244,8236,8228,8220,8212,8204,8196]",8196,8224.0,8252,656,4194304,"[6212,1793,99]",99,2701.3333333333335,6212,664
4194304,2,105,mixed,45.975749380886555,8,"[8253,8245,8237,8229,8221,8213,8205,8197]",8197,8225.0,8253,598,4194287,"[6853,1796,111]",111,2920.0,6853,606
4194304,2,106,mixed,45.18594965338707,8,"[8254,8246,8238,8230,8222,8214,8206,8198]",8198,8226.0,8254,547,4194279,"[7439,1799]",1799,4619.0,7439,555
4194304,2,107,mixed,50.150186754763126,7,"[8247,8239,8231,8223,8215,8207,8199]",8199,8223.0,8247,1295,4194285,"[7982,1803,120]",120,3301.6666666666665,7982,1302
4194304,2,108,mixed,42.75067709386349,8,"[8248,8240,8232,8224,8216,8208,8200,8192]",8192,8220.0,8248,1215,4194258,"[2870,138]",138,1504.0,2870,1223
4194304,2,109,mixed,43.73208060860634,8,"[8249,8241,8233,8225,8217,8209,8201,8193]",8193,8221.0,8249,952,4194166,"[4077,146]",146,2111.5,4077,960
4194304,2,110,mixed,45.09705398231745,8,"[8250,8242,8234,8226,8218,8210,8202,8194]",8194,8222.0,8250,785,4194284,"[5000,175]",175,2587.5,5000,793
4194304,2,111,mixed,44.85243745148182,8,"[8251,8243,8235,8227,8219,8211,8203,8195]",8195,8223.0,8251,692,4194187,"[5778,182]",182,2980.0,5778,700
4194304,2,112,mixed,44.235254637897015,8,"[8252,8244,8236,8228,8220,8212,8204,8196]",8196,8224.0,8252,628,4194233,"[6463,189]",189,3326.0,6463,636
4194304,2,113,mixed,44.463975355029106,8,"[8253,8245,8237,8229,8221,8213,8205,8197]",8197,8225.0,8253,581,4194277,"[7082,198]",198,3640.0,7082,589
4194304,2,114,mixed,45.30989192426205,8,"[8254,8246,8238,8230,8222,8214,8206,8198]",8198,8226.0,8254,558,4194089,"[7651,210]",210,3930.5,7651,566
4194304,2,115,mixed,54.18613366782665,7,"[8247,8239,8231,8223,8215,8207,8199]",8199,8223.0,8247,2060,2685886,"[8180,239]",239,4209.5,8180,2067
4194304,2,116,mixed,44.06319186091423,8,"[8248,8240,8232,8224,8216,8208,8200,8192]",8192,8220.0,8248,1403,4193567,[2287],2287,2287.0,2287,1411
4194304,2,117,mixed,42.39558521658182,8,"[8249,8241,8233,8225,8217,8209,8201,8193]",8193,8221.0,8249,1000,4190500,[3690],3690,3690.0,3690,1008
4194304,2,118,mixed,43.625203892588615,8,"[8250,8242,8234,8226,8218,8210,8202,8194]",8194,8222.0,8250,822,4193433,[4690],4690,4690.0,4690,830
4194304,2,119,mixed,43.64175256341696,8,"[8251,8243,8235,8227,8219,8211,8203,8195]",8195,8223.0,8251,714,4190823,[5512],5512,5512.0,5512,722
4194304,2,120,mixed,44.90440245717764,8,"[8252,8244,8236,8228,8220,8212,8204,8196]",8196,8224.0,8252,640,4189760,[6226],6226,6226.0,6226,648
4194304,2,121,mixed,44.55012362450361,8,"[8253,8245,8237,8229,8221,8213,8205,8197]",8197,8225.0,8253,585,4188015,[6866],6866,6866.0,6866,593
4194304,2,122,mixed,45.58915365487337,8,"[8254,8246,8238,8230,8222,8214,8206,8198]",8198,8226.0,8254,543,4193589,[7451],7451,7451.0,7451,551
4194304,2,123,mixed,42.97696519643068,7,"[8247,8239,8231,8223,8215,8207,8199]",8199,8223.0,8247,198,1602513,[7994],7994,7994.0,7994,205
4194304,2,124,decode_only,29.973301105201244,8,"[8248,8240,8232,8224,8216,8208,8200,8192]",8192,8220.0,8248,0,0,[],,,,8
4194304,2,125,decode_only,29.966935515403748,8,"[8249,8241,8233,8225,8217,8209,8201,8193]",8193,8221.0,8249,0,0,[],,,,8
4194304,2,126,decode_only,29.740567319095135,8,"[8250,8242,8234,8226,8218,8210,8202,8194]",8194,8222.0,8250,0,0,[],,,,8
4194304,2,127,decode_only,29.66474462300539,8,"[8251,8243,8235,8227,8219,8211,8203,8195]",8195,8223.0,8251,0,0,[],,,,8
4194304,2,128,decode_only,29.597378335893154,8,"[8252,8244,8236,8228,8220,8212,8204,8196]",8196,8224.0,8252,0,0,[],,,,8
4194304,2,129,decode_only,29.730862006545067,8,"[8253,8245,8237,8229,8221,8213,8205,8197]",8197,8225.0,8253,0,0,[],,,,8
4194304,2,130,decode_only,29.77263182401657,8,"[8254,8246,8238,8230,8222,8214,8206,8198]",8198,8226.0,8254,0,0,[],,,,8
4194304,2,131,decode_only,29.712787829339504,7,"[8247,8239,8231,8223,8215,8207,8199]",8199,8223.0,8247,0,0,[],,,,7
4194304,2,132,decode_only,29.77702021598816,7,"[8248,8240,8232,8224,8216,8208,8200]",8200,8224.0,8248,0,0,[],,,,7
4194304,2,133,decode_only,29.617061838507652,7,"[8249,8241,8233,8225,8217,8209,8201]",8201,8225.0,8249,0,0,[],,,,7
4194304,2,134,decode_only,29.592936858534813,7,"[8250,8242,8234,8226,8218,8210,8202]",8202,8226.0,8250,0,0,[],,,,7
4194304,2,135,decode_only,29.55947257578373,7,"[8251,8243,8235,8227,8219,8211,8203]",8203,8227.0,8251,0,0,[],,,,7
4194304,2,136,decode_only,29.58479057997465,7,"[8252,8244,8236,8228,8220,8212,8204]",8204,8228.0,8252,0,0,[],,,,7
4194304,2,137,decode_only,29.530663043260574,7,"[8253,8245,8237,8229,8221,8213,8205]",8205,8229.0,8253,0,0,[],,,,7
4194304,2,138,decode_only,29.609248973429203,7,"[8254,8246,8238,8230,8222,8214,8206]",8206,8230.0,8254,0,0,[],,,,7
4194304,2,139,decode_only,30.5152190849185,6,"[8247,8239,8231,8223,8215,8207]",8207,8227.0,8247,0,0,[],,,,6
4194304,2,140,decode_only,30.339653603732586,6,"[8248,8240,8232,8224,8216,8208]",8208,8228.0,8248,0,0,[],,,,6
4194304,2,141,decode_only,30.411316081881523,6,"[8249,8241,8233,8225,8217,8209]",8209,8229.0,8249,0,0,[],,,,6
4194304,2,142,decode_only,30.50234727561474,6,"[8250,8242,8234,8226,8218,8210]",8210,8230.0,8250,0,0,[],,,,6
4194304,2,143,decode_only,30.328935012221336,6,"[8251,8243,8235,8227,8219,8211]",8211,8231.0,8251,0,0,[],,,,6
4194304,2,144,decode_only,30.546212568879128,6,"[8252,8244,8236,8228,8220,8212]",8212,8232.0,8252,0,0,[],,,,6
4194304,2,145,decode_only,30.53230792284012,6,"[8253,8245,8237,8229,8221,8213]",8213,8233.0,8253,0,0,[],,,,6
4194304,2,146,decode_only,30.511535704135895,6,"[8254,8246,8238,8230,8222,8214]",8214,8234.0,8254,0,0,[],,,,6
4194304,2,147,decode_only,29.347258619964123,5,"[8247,8239,8231,8223,8215]",8215,8231.0,8247,0,0,[],,,,5
4194304,2,148,decode_only,29.316958039999008,5,"[8248,8240,8232,8224,8216]",8216,8232.0,8248,0,0,[],,,,5
4194304,2,149,decode_only,29.413089156150818,5,"[8249,8241,8233,8225,8217]",8217,8233.0,8249,0,0,[],,,,5
4194304,2,150,decode_only,29.359337873756886,5,"[8250,8242,8234,8226,8218]",8218,8234.0,8250,0,0,[],,,,5
4194304,2,151,decode_only,29.364888556301594,5,"[8251,8243,8235,8227,8219]",8219,8235.0,8251,0,0,[],,,,5
4194304,2,152,decode_only,29.456730000674725,5,"[8252,8244,8236,8228,8220]",8220,8236.0,8252,0,0,[],,,,5
4194304,2,153,decode_only,29.484485276043415,5,"[8253,8245,8237,8229,8221]",8221,8237.0,8253,0,0,[],,,,5
4194304,2,154,decode_only,29.39561288803816,5,"[8254,8246,8238,8230,8222]",8222,8238.0,8254,0,0,[],,,,5
4194304,2,155,decode_only,30.379650183022022,4,"[8247,8239,8231,8223]",8223,8235.0,8247,0,0,[],,,,4
4194304,2,156,decode_only,30.443543568253517,4,"[8248,8240,8232,8224]",8224,8236.0,8248,0,0,[],,,,4
4194304,2,157,decode_only,30.2807679399848,4,"[8249,8241,8233,8225]",8225,8237.0,8249,0,0,[],,,,4
4194304,2,158,decode_only,30.32167349010706,4,"[8250,8242,8234,8226]",8226,8238.0,8250,0,0,[],,,,4
4194304,2,159,decode_only,30.28655704110861,4,"[8251,8243,8235,8227]",8227,8239.0,8251,0,0,[],,,,4
4194304,2,160,decode_only,30.272495932877064,4,"[8252,8244,8236,8228]",8228,8240.0,8252,0,0,[],,,,4
4194304,2,161,decode_only,30.334278009831905,4,"[8253,8245,8237,8229]",8229,8241.0,8253,0,0,[],,,,4
4194304,2,162,decode_only,30.481282621622086,4,"[8254,8246,8238,8230]",8230,8242.0,8254,0,0,[],,,,4
4194304,2,163,decode_only,29.375438578426838,3,"[8247,8239,8231]",8231,8239.0,8247,0,0,[],,,,3
4194304,2,164,decode_only,29.268722981214523,3,"[8248,8240,8232]",8232,8240.0,8248,0,0,[],,,,3
4194304,2,165,decode_only,29.323680326342583,3,"[8249,8241,8233]",8233,8241.0,8249,0,0,[],,,,3
4194304,2,166,decode_only,29.35346309095621,3,"[8250,8242,8234]",8234,8242.0,8250,0,0,[],,,,3
4194304,2,167,decode_only,29.298147186636925,3,"[8251,8243,8235]",8235,8243.0,8251,0,0,[],,,,3
4194304,2,168,decode_only,29.249876737594604,3,"[8252,8244,8236]",8236,8244.0,8252,0,0,[],,,,3
4194304,2,169,decode_only,29.335476458072662,3,"[8253,8245,8237]",8237,8245.0,8253,0,0,[],,,,3
4194304,2,170,decode_only,29.40588630735874,3,"[8254,8246,8238]",8238,8246.0,8254,0,0,[],,,,3
4194304,2,171,decode_only,29.257064685225487,2,"[8247,8239]",8239,8243.0,8247,0,0,[],,,,2
4194304,2,172,decode_only,29.678059741854668,2,"[8248,8240]",8240,8244.0,8248,0,0,[],,,,2
4194304,2,173,decode_only,29.483343474566936,2,"[8249,8241]",8241,8245.0,8249,0,0,[],,,,2
4194304,2,174,decode_only,29.362504370510578,2,"[8250,8242]",8242,8246.0,8250,0,0,[],,,,2
4194304,2,175,decode_only,29.3438034132123,2,"[8251,8243]",8243,8247.0,8251,0,0,[],,,,2
4194304,2,176,decode_only,29.5692328363657,2,"[8252,8244]",8244,8248.0,8252,0,0,[],,,,2
4194304,2,177,decode_only,29.53141275793314,2,"[8253,8245]",8245,8249.0,8253,0,0,[],,,,2
4194304,2,178,decode_only,29.428056441247463,2,"[8254,8246]",8246,8250.0,8254,0,0,[],,,,2
4194304,2,179,decode_only,30.12514766305685,1,[8247],8247,8247.0,8247,0,0,[],,,,1
4194304,2,180,decode_only,30.119402334094048,1,[8248],8248,8248.0,8248,0,0,[],,,,1
4194304,2,181,decode_only,30.03443032503128,1,[8249],8249,8249.0,8249,0,0,[],,,,1
4194304,2,182,decode_only,30.08868359029293,1,[8250],8250,8250.0,8250,0,0,[],,,,1
4194304,2,183,decode_only,30.107293277978897,1,[8251],8251,8251.0,8251,0,0,[],,,,1
4194304,2,184,decode_only,30.078966170549393,1,[8252],8252,8252.0,8252,0,0,[],,,,1
4194304,2,185,decode_only,30.0233606249094,1,[8253],8253,8253.0,8253,0,0,[],,,,1
4194304,2,186,decode_only,30.162799172103405,1,[8254],8254,8254.0,8254,0,0,[],,,,1
3145728,0,0,prefill_only,17.343402840197086,0,[],,,,2048,2098176,[0],0,0.0,0,2048
3145728,0,1,prefill_only,20.305244252085686,0,[],,,,2048,6292480,[2048],2048,2048.0,2048,2048
3145728,0,2,prefill_only,23.632651194930077,0,[],,,,2048,10486784,[4096],4096,4096.0,4096,2048
3145728,0,3,prefill_only,56.657811626791954,0,[],,,,6144,18877440,"[6144,0,0]",0,2048.0,6144,6144
3145728,0,4,mixed,42.98800881952047,1,[8192],8192,8192.0,8192,1237,3145704,"[2048,2048,0]",0,1365.3333333333333,2048,1238
3145728,0,5,mixed,43.41768193989992,1,[8193],8193,8193.0,8193,888,3145687,"[3237,2049,47]",47,1777.6666666666667,3237,889
3145728,0,6,mixed,42.27994754910469,1,[8194],8194,8194.0,8194,707,3144736,[4094],4094,4094.0,4094,708
3145728,0,7,mixed,44.78021431714296,1,[8195],8195,8195.0,8195,650,3145728,"[4801,2050,77,0,0,0]",0,1154.6666666666667,4801,651
3145728,0,8,mixed,44.13480218499899,1,[8196],8196,8196.0,8196,574,3145728,"[5416,2051,95,12,3]",3,1515.4,5416,575
3145728,0,9,mixed,43.26751083135605,1,[8197],8197,8197.0,8197,507,3145712,"[5968,2052]",2052,4010.0,5968,508
3145728,0,10,mixed,45.10266799479723,1,[8198],8198,8198.0,8198,475,3145720,"[6473,2054,108]",108,2878.3333333333335,6473,476
3145728,0,11,mixed,43.99466700851917,1,[8199],8199,8199.0,8199,439,3143679,[6941],6941,6941.0,6941,440
3145728,0,12,mixed,44.90930866450071,1,[8200],8200,8200.0,8200,422,3145728,"[7380,2057,112,17,6]",6,1914.4,7380,423
3145728,0,13,mixed,46.714188531041145,1,[8201],8201,8201.0,8201,407,3145727,"[7794,2059,115,19]",19,2496.75,7794,408
3145728,0,14,mixed,49.408686347305775,1,[8202],8202,8202.0,8202,1197,3145728,"[8187,2061,124,22,7,1,0]",0,1486.0,8187,1198
3145728,0,15,mixed,41.912492364645004,2,"[8203,8192]",8192,8197.5,8203,880,3145714,"[3233,138]",138,1685.5,3233,882
3145728,0,16,mixed,42.020827531814575,2,"[8204,8193]",8193,8198.5,8204,728,3145727,"[4091,160,24,9]",9,1071.0,4091,730
3145728,0,17,mixed,41.51522368192673,2,"[8205,8194]",8194,8199.5,8205,616,3145604,[4798],4798,4798.0,4798,618
3145728,0,18,mixed,41.69768001884222,2,"[8206,8195]",8195,8200.5,8206,576,3145728,"[5414,178]",178,2796.0,5414,578
3145728,0,19,mixed,42.71178226917982,2,"[8207,8196]",8196,8201.5,8207,535,3145727,"[5966,202,26]",26,2064.6666666666665,5966,537
3145728,0,20,mixed,43.52884367108345,2,"[8208,8197]",8197,8202.5,8208,478,3145727,"[6471,225,33,10,2]",2,1348.2,6471,480
3145728,0,21,mixed,42.89550241082907,2,"[8209,8198]",8198,8203.5,8209,453,3145723,"[6940,227,37]",37,2401.3333333333335,6940,455
3145728,0,22,mixed,43.299198150634766,2,"[8210,8199]",8199,8204.5,8210,438,3145724,"[7379,237,41]",41,2552.3333333333335,7379,440
3145728,0,23,mixed,43.84764842689037,2,"[8211,8200]",8200,8205.5,8211,415,3145724,"[7793,256,46]",46,2698.3333333333335,7793,417
3145728,0,24,mixed,59.10331383347511,2,"[8212,8201]",8201,8206.5,8212,2950,3145725,"[8186,277,47,11]",11,2130.25,8186,2952
3145728,0,25,mixed,42.011392302811146,3,"[8213,8202,8192]",8192,8202.333333333334,8213,1110,3145724,"[2325,929,25]",25,1093.0,2325,1113
3145728,0,26,mixed,42.4142861738801,3,"[8214,8203,8193]",8193,8203.333333333334,8214,837,3145728,"[3419,932,38,4,1,0,0]",0,627.7142857142857,3419,840
3145728,0,27,mixed,42.46046673506498,3,"[8215,8204,8194]",8194,8204.333333333334,8215,702,3145728,"[4240,933,46,7,3]",3,1045.8,4240,705
3145728,0,28,mixed,42.6670303568244,3,"[8216,8205,8195]",8195,8205.333333333334,8216,615,3145726,"[4926,934,55,12]",12,1481.75,4926,618
3145728,0,29,mixed,43.28690189868212,3,"[8217,8206,8196]",8196,8206.333333333334,8217,551,3145728,"[5527,938,64,13,4]",4,1309.2,5527,554
3145728,0,30,mixed,42.27386228740215,3,"[8218,8207,8197]",8197,8207.333333333334,8218,503,3145713,"[6069,941]",941,3505.0,6069,506
3145728,0,31,mixed,43.99124439805746,3,"[8219,8208,8198]",8198,8208.333333333334,8219,478,3145728,"[6566,947,65,16,6]",6,1520.0,6566,481
3145728,0,32,mixed,43.245420791208744,3,"[8220,8209,8199]",8199,8209.333333333334,8220,438,3145722,"[7028,952,72]",72,2684.0,7028,441
3145728,0,33,mixed,45.285546220839024,3,"[8221,8210,8200]",8200,8210.333333333334,8221,416,3145720,"[7462,953,75,18]",18,2127.0,7462,419
3145728,0,34,mixed,47.39995859563351,3,"[8222,8211,8201]",8201,8211.333333333334,8222,801,3145676,"[7872,955]",955,4413.5,7872,804
3145728,0,35,mixed,43.130163103342056,4,"[8223,8212,8202,8192]",8192,8207.25,8223,1488,3145727,"[1436,76,21,8,1]",1,308.4,1436,1492
3145728,0,36,mixed,41.99266526848078,4,"[8224,8213,8203,8193]",8193,8208.25,8224,966,3145728,"[2889,107,22,9]",9,756.75,2889,970
3145728,0,37,mixed,42.98396687954664,4,"[8225,8214,8204,8194]",8194,8209.25,8225,784,3145728,"[3825,132,26,10,3,1]",1,666.1666666666666,3825,788
3145728,0,38,mixed,43.2774955406785,4,"[8226,8215,8205,8195]",8195,8210.25,8226,662,3145719,"[4573,162]",162,2367.5,4573,666
3145728,0,39,mixed,42.96693857759237,4,"[8227,8216,8206,8196]",8196,8211.25,8227,600,3145722,"[5215,182,28]",28,1808.3333333333333,5215,604
3145728,0,40,mixed,44.198645278811455,4,"[8228,8217,8207,8197]",8197,8212.25,8228,530,3145726,"[5786,205,34,11]",11,1509.0,5786,534
3145728,0,41,mixed,43.443781323730946,4,"[8229,8218,8208,8198]",8198,8213.25,8229,500,3145728,"[6306,212,36,12,5]",5,1314.2,6306,504
3145728,0,42,mixed,43.11118554323912,4,"[8230,8219,8209,8199]",8199,8214.25,8230,469,3145702,"[6786,227]",227,3506.5,6786,473
3145728,0,43,mixed,44.2123468965292,4,"[8231,8220,8210,8200]",8200,8215.25,8231,442,3145728,"[7234,248,38,14,6]",6,1508.0,7234,446
3145728,0,44,mixed,43.86297520250082,4,"[8232,8221,8211,8201]",8201,8216.25,8232,415,3145722,"[7656,262,41]",41,2653.0,7656,419
3145728,0,45,mixed,52.473132498562336,4,"[8233,8222,8212,8202]",8202,8217.25,8233,1910,3145722,"[8056,273,45]",45,2791.3333333333335,8056,1914
3145728,0,46,mixed,41.3212850689888,5,"[8234,8223,8213,8203,8192]",8192,8213.0,8234,1224,3145725,"[2038,54]",54,1046.0,2038,1229
3145728,0,47,mixed,42.1991478651762,5,"[8235,8224,8214,8204,8193]",8193,8214.0,8235,870,3145720,"[3231,85,15]",15,1110.3333333333333,3231,875
3145728,0,48,mixed,42.61359665542841,5,"[8236,8225,8215,8205,8194]",8194,8215.0,8236,746,3145721,"[4090,95,16]",16,1400.3333333333333,4090,751
3145728,0,49,mixed,43.05373877286911,5,"[8237,8226,8216,8206,8195]",8195,8216.0,8237,627,3145728,"[4797,128,22,8,2,0]",0,826.1666666666666,4797,632
3145728,0,50,mixed,42.0641303062439,5,"[8238,8227,8217,8207,8196]",8196,8217.0,8238,586,3145721,"[5413,133]",133,2773.0,5413,591
3145728,0,51,mixed,43.92079822719097,5,"[8239,8228,8218,8208,8197]",8197,8218.0,8239,542,3145726,"[5965,167,25,9]",9,1541.5,5965,547
3145728,0,52,mixed,44.340705499053,5,"[8240,8229,8219,8209,8198]",8198,8219.0,8240,481,3145728,"[6470,197,30,11,3,1,0,0]",0,839.0,6470,486
3145728,0,53,mixed,45.083530247211456,5,"[8241,8230,8220,8210,8199]",8199,8220.0,8241,461,3145728,"[6939,202,32,12,4,2]",2,1198.5,6939,466
3145728,0,54,mixed,45.64862325787544,5,"[8242,8231,8221,8211,8200]",8200,8221.0,8242,441,3145726,"[7378,215,37,14]",14,1911.0,7378,446
3145728,0,55,mixed,44.611682184040546,5,"[8243,8232,8222,8212,8201]",8201,8222.0,8243,417,3145689,"[7792,238]",238,4015.0,7792,422
3145728,0,56,mixed,59.46565791964531,5,"[8244,8233,8223,8213,8202]",8202,8223.0,8244,3001,3145728,"[8185,262,39,16,5,3,1,1]",1,1064.0,8185,3006
3145728,0,57,mixed,42.145865969359875,6,"[8245,8234,8224,8214,8203,8192]",8192,8218.666666666666,8245,1119,3145728,"[2310,952,42,9,4]",4,663.4,2310,1125
3145728,0,58,mixed,42.571164667606354,6,"[8246,8235,8225,8215,8204,8193]",8193,8219.666666666666,8246,828,3145728,"[3409,954,55,12,6]",6,887.2,3409,834
3145728,0,59,mixed,42.904309928417206,6,"[8247,8236,8226,8216,8205,8194]",8194,8220.666666666666,8247,695,3145728,"[4232,955,56,14,7,2]",2,877.6666666666666,4232,701
3145728,0,60,mixed,43.244319036602974,6,"[8248,8237,8227,8217,8206,8195]",8195,8221.666666666666,8248,611,3145728,"[4919,957,57,16,8,4,2]",2,851.8571428571429,4919,617
3145728,0,61,mixed,42.14896261692047,6,"[8249,8238,8228,8218,8207,8196]",8196,8222.666666666666,8249,543,3145599,[5521],5521,5521.0,5521,549
3145728,0,62,mixed,43.6592074111104,6,"[8250,8239,8229,8219,8208,8197]",8197,8223.666666666666,8250,509,3145719,"[6064,960,58]",58,2360.6666666666665,6064,515
3145728,0,63,mixed,42.88926348090172,6,"[8251,8240,8230,8220,8209,8198]",8198,8224.666666666666,8251,463,3145622,[6562],6562,6562.0,6562,469
3145728,0,64,mixed,44.00476720184088,6,"[8252,8241,8231,8221,8210,8199]",8199,8225.666666666666,8252,446,3145723,"[7025,961,68,18,9]",9,1616.2,7025,452
3145728,0,65,mixed,44.32378802448511,6,"[8253,8242,8232,8222,8211,8200]",8200,8226.666666666666,8253,421,3145727,"[7459,963,75,20,10]",10,1705.4,7459,427
3145728,0,66,mixed,47.57090751081705,6,"[8254,8243,8233,8223,8212,8201]",8201,8227.666666666666,8254,798,3145708,"[7869,966,79]",79,2971.3333333333335,7869,804
3145728,0,67,mixed,43.12600567936897,6,"[8244,8234,8224,8213,8202,8192]",8192,8218.166666666666,8244,1461,3145723,"[1426,94,23]",23,514.3333333333334,1426,1467
3145728,0,68,mixed,41.98655113577843,6,"[8245,8235,8225,8214,8203,8193]",8193,8219.166666666666,8245,967,3145719,"[2885,95,24]",24,1001.3333333333334,2885,973
3145728,0,69,mixed,43.036953546106815,6,"[8246,8236,8226,8215,8204,8194]",8194,8220.166666666666,8246,768,3145728,"[3822,122,27]",27,1323.6666666666667,3822,774
3145728,0,70,mixed,43.0968115106225,6,"[8247,8237,8227,8216,8205,8195]",8195,8221.166666666666,8247,676,3145720,"[4571,138,30]",30,1579.6666666666667,4571,682
3145728,0,71,mixed,41.86805058270693,6,"[8248,8238,8228,8217,8206,8196]",8196,8222.166666666666,8248,572,3145714,[5213],5213,5213.0,5213,578
3145728,0,72,mixed,43.709658086299896,6,"[8249,8239,8229,8218,8207,8197]",8197,8223.166666666666,8249,535,3145720,"[5785,168,34]",34,1995.6666666666667,5785,541
3145728,0,73,mixed,44.059066101908684,6,"[8250,8240,8230,8219,8208,8198]",8198,8224.166666666666,8250,504,3145727,"[6305,179,38,11,5]",5,1307.6,6305,510
3145728,0,74,mixed,43.20339113473892,6,"[8251,8241,8231,8220,8209,8199]",8199,8225.166666666666,8251,477,3145726,"[6785,199,40]",40,2341.3333333333335,6785,483
3145728,0,75,mixed,43.73398516327143,6,"[8252,8242,8232,8221,8210,8200]",8200,8226.166666666666,8252,443,3145726,"[7233,224,44]",44,2500.3333333333335,7233,449
3145728,0,76,mixed,44.061580672860146,6,"[8253,8243,8233,8222,8211,8201]",8201,8227.166666666666,8253,415,3145728,"[7655,241,48]",48,2648.0,7655,421
3145728,0,77,mixed,53.00333350896835,6,"[8254,8244,8234,8223,8212,8202]",8202,8228.166666666666,8254,1944,3145727,"[8055,255,49,12]",12,2092.75,8055,1950
3145728,0,78,mixed,41.357751935720444,6,"[8245,8235,8224,8213,8203,8192]",8192,8218.666666666666,8245,1206,3145717,"[2031,78]",78,1054.5,2031,1212
3145728,0,79,mixed,42.05677844583988,6,"[8246,8236,8225,8214,8204,8193]",8193,8219.666666666666,8246,863,3145720,"[3227,88]",88,1657.5,3227,869
3145728,0,80,mixed,42.81122703105211,6,"[8247,8237,8226,8215,8205,8194]",8194,8220.666666666666,8247,727,3145728,"[4087,91,14,6,3,0,0]",0,600.1428571428571,4087,733
3145728,0,81,mixed,43.43643691390753,6,"[8248,8238,8227,8216,8206,8195]",8195,8221.666666666666,8248,637,3145725,"[4795,102,18]",18,1638.3333333333333,4795,643
3145728,0,82,mixed,43.552495539188385,6,"[8249,8239,8228,8217,8207,8196]",8196,8222.666666666666,8249,556,3145728,"[5411,119,22]",22,1850.6666666666667,5411,562
3145728,0,83,mixed,44.31262705475092,6,"[8250,8240,8229,8218,8208,8197]",8197,8223.666666666666,8250,555,3145727,"[5964,121,23,7]",7,1528.75,5964,561
3145728,0,84,mixed,44.27462909370661,6,"[8251,8241,8230,8219,8209,8198]",8198,8224.666666666666,8251,480,3145728,"[6469,163,28,10]",10,1667.5,6469,486
3145728,0,85,mixed,43.33436582237482,6,"[8252,8242,8231,8220,8210,8199]",8199,8225.666666666666,8252,460,3145722,"[6938,172,29]",29,2379.6666666666665,6938,466
3145728,0,86,mixed,43.63527614623308,6,"[8253,8243,8232,8221,8211,8200]",8200,8226.666666666666,8253,442,3145709,"[7377,190]",190,3783.5,7377,448
3145728,0,87,mixed,44.33678090572357,6,"[8254,8244,8233,8222,8212,8201]",8201,8227.666666666666,8254,425,3145723,"[7791,218,32]",32,2680.3333333333335,7791,431
3145728,0,88,mixed,59.24518685787916,5,"[8245,8234,8223,8213,8202]",8202,8223.4,8245,3016,3145727,"[8184,245,37,11,4]",4,1696.2,8184,3021
3145728,0,89,mixed,41.15279018878937,6,"[8246,8235,8224,8214,8203,8192]",8192,8219.0,8246,1105,3144830,[2293],2293,2293.0,2293,1111
3145728,0,90,mixed,42.36151743680239,6,"[8247,8236,8225,8215,8204,8193]",8193,8220.0,8247,850,3145728,"[3398,980,26,6,1]",1,882.2,3398,856
3145728,0,91,mixed,42.73546766489744,6,"[8248,8237,8226,8216,8205,8194]",8194,8221.0,8248,698,3145725,"[4223,981,44]",44,1749.3333333333333,4223,704
3145728,0,92,mixed,42.87227801978588,6,"[8249,8238,8227,8217,8206,8195]",8195,8222.0,8249,614,3145726,"[4911,984,51,9]",9,1488.75,4911,620
3145728,0,93,mixed,43.51482540369034,6,"[8250,8239,8228,8218,8207,8196]",8196,8223.0,8250,561,3145722,"[5514,986,56]",56,2185.3333333333335,5514,567
3145728,0,94,mixed,43.84124279022217,6,"[8251,8240,8229,8219,8208,8197]",8197,8224.0,8251,511,3145728,"[6057,989,71,13,4,1,0]",0,1019.2857142857143,6057,517
3145728,0,95,mixed,44.254036620259285,6,"[8252,8241,8230,8220,8209,8198]",8198,8225.0,8252,474,3145728,"[6555,994,72,16,6]",6,1528.6,6555,480
3145728,0,96,mixed,45.332654379308224,6,"[8253,8242,8231,8221,8210,8199]",8199,8226.0,8253,447,3145725,"[7018,997,76,19]",19,2027.5,7018,453
3145728,0,97,mixed,45.47037649899721,6,"[8254,8243,8232,8222,8211,8200]",8200,8227.0,8254,421,3145728,"[7452,1002,82,21,7,2]",2,1427.6666666666667,7452,427
3145728,0,98,mixed,46.28814198076725,5,"[8244,8233,8223,8212,8201]",8201,8222.6,8244,745,3145711,"[7862,1008,83]",83,2984.3333333333335,7862,750
3145728,0,99,mixed,43.01974643021822,6,"[8245,8234,8224,8213,8202,8192]",8192,8218.333333333334,8245,1483,3145725,"[1417,89,22]",22,509.3333333333333,1417,1489
3145728,0,100,mixed,41.067820973694324,6,"[8246,8235,8225,8214,8203,8193]",8193,8219.333333333334,8246,939,3145650,[2880],2880,2880.0,2880,945
3145728,0,101,mixed,42.68799163401127,6,"[8247,8236,8226,8215,8204,8194]",8194,8220.333333333334,8247,787,3145727,"[3819,106,25]",25,1316.6666666666667,3819,793
3145728,0,102,mixed,43.22151467204094,6,"[8248,8237,8227,8216,8205,8195]",8195,8221.333333333334,8248,658,3145725,"[4568,141,28,8]",8,1186.25,4568,664
3145728,0,103,mixed,43.103933334350586,6,"[8249,8238,8228,8217,8206,8196]",8196,8222.333333333334,8249,582,3145726,"[5211,150,32,10]",10,1350.75,5211,588
3145728,0,104,mixed,43.55343524366617,6,"[8250,8239,8229,8218,8207,8197]",8197,8223.333333333334,8250,541,3145725,"[5783,157,34]",34,1991.3333333333333,5783,547
3145728,0,105,mixed,44.37173902988434,6,"[8251,8240,8230,8219,8208,8198]",8198,8224.333333333334,8251,511,3145727,"[6303,175,37,11,4]",4,1306.0,6303,517
3145728,0,106,mixed,43.07535570114851,6,"[8252,8241,8231,8220,8209,8199]",8199,8225.333333333334,8252,480,3145721,"[6783,200,40]",40,2341.0,6783,486
3145728,0,107,mixed,44.2634392529726,6,"[8253,8242,8232,8221,8210,8200]",8200,8226.333333333334,8253,448,3145727,"[7231,229,43,13,5]",5,1504.2,7231,454
3145728,0,108,mixed,43.88116952031851,6,"[8254,8243,8233,8222,8211,8201]",8201,8227.333333333334,8254,420,3145718,"[7653,249,47]",47,2649.6666666666665,7653,426
3145728,0,109,mixed,52.58262809365988,5,"[8244,8234,8223,8212,8202]",8202,8223.0,8244,1912,3145727,"[8053,265,51,14,6]",6,1677.8,8053,1917
3145728,0,110,mixed,41.350978426635265,6,"[8245,8235,8224,8213,8203,8192]",8192,8218.666666666666,8245,1220,3145724,"[2025,60]",60,1042.5,2025,1226
3145728,0,111,mixed,42.33022220432758,6,"[8246,8236,8225,8214,8204,8193]",8193,8219.666666666666,8246,901,3145723,"[3223,82,16]",16,1107.0,3223,907
3145728,0,112,mixed,42.53333620727062,6,"[8247,8237,8226,8215,8205,8194]",8194,8220.666666666666,8247,742,3145727,"[4083,118,21]",21,1407.3333333333333,4083,748
3145728,0,113,mixed,43.47686003893614,6,"[8248,8238,8227,8216,8206,8195]",8195,8221.666666666666,8248,646,3145723,"[4791,147,26]",26,1654.6666666666667,4791,652
3145728,0,114,mixed,43.34196541458368,6,"[8249,8239,8228,8217,8207,8196]",8196,8222.666666666666,8249,572,3145728,"[5407,174,29,8]",8,1404.5,5407,578
3145728,0,115,mixed,43.51248778402805,6,"[8250,8240,8229,8218,8208,8197]",8197,8223.666666666666,8250,521,3145728,"[5960,187,32,11,1]",1,1238.2,5960,527
3145728,0,116,mixed,43.5520438477397,6,"[8251,8241,8230,8219,8209,8198]",8198,8224.666666666666,8251,486,3145718,"[6466,195,36]",36,2232.3333333333335,6466,492
3145728,0,117,mixed,43.85278280824423,6,"[8252,8242,8231,8220,8210,8199]",8199,8225.666666666666,8252,464,3145726,"[6935,209,39,13,2]",2,1439.6,6935,470
3145728,0,118,mixed,45.579646714031696,6,"[8253,8243,8232,8221,8211,8200]",8200,8226.666666666666,8253,446,3145728,"[7374,230,40,14]",14,1914.5,7374,452
3145728,0,119,mixed,44.19002961367369,6,"[8254,8244,8233,8222,8212,8201]",8201,8227.666666666666,8254,426,3145728,"[7788,258,43]",43,2696.3333333333335,7788,432
3145728,0,120,mixed,58.88712499290705,5,"[8245,8234,8223,8213,8202]",8202,8223.4,8245,2897,3145726,"[8181,285,49,15,4]",4,1706.8,8181,2902
3145728,0,121,mixed,42.03780833631754,6,"[8246,8235,8224,8214,8203,8192]",8192,8219.0,8246,1105,3145728,"[2333,865,34,7]",7,809.75,2333,1111
3145728,0,122,mixed,41.66848864406347,6,"[8247,8236,8225,8215,8204,8193]",8193,8220.0,8247,820,3145110,[3425],3425,3425.0,3425,826
3145728,0,123,mixed,42.495762929320335,6,"[8248,8237,8226,8216,8205,8194]",8194,8221.0,8248,695,3145727,"[4245,866,45]",45,1718.6666666666667,4245,701
3145728,0,124,mixed,43.01268048584461,6,"[8249,8238,8227,8217,8206,8195]",8195,8222.0,8249,609,3145721,"[4930,869,52,8]",8,1464.75,4930,615
3145728,0,125,mixed,41.98859166353941,6,"[8250,8239,8228,8218,8207,8196]",8196,8223.0,8250,542,3144955,[5531],5531,5531.0,5531,548
3145728,0,126,mixed,43.60285494476557,6,"[8251,8240,8229,8219,8208,8197]",8197,8224.0,8251,506,3145723,"[6073,871,54,12]",12,1752.5,6073,512
3145728,0,127,mixed,44.479080475866795,6,"[8252,8241,8230,8220,8209,8198]",8198,8225.0,8252,479,3145717,"[6570,875,57,14]",14,1879.0,6570,485
3145728,0,128,mixed,45.132726430892944,6,"[8253,8242,8231,8221,8210,8199]",8199,8226.0,8253,452,3145711,"[7032,878,69,16]",16,1998.75,7032,458
3145728,0,129,mixed,43.79046801477671,6,"[8254,8243,8232,8222,8211,8200]",8200,8227.0,8254,410,3144905,[7465],7465,7465.0,7465,416
3145728,0,130,mixed,48.38637728244066,5,"[8244,8233,8223,8212,8201]",8201,8222.6,8244,847,3145719,"[7875,885,78,19]",19,2214.25,7875,852
3145728,0,131,mixed,42.9847314953804,6,"[8245,8234,8224,8213,8202,8192]",8192,8218.333333333334,8245,1490,3145719,"[1407,83,22]",22,504.0,1407,1496
3145728,0,132,mixed,41.75702389329672,6,"[8246,8235,8225,8214,8203,8193]",8193,8219.333333333334,8246,951,3145713,"[2875,104,23]",23,1000.6666666666666,2875,957
3145728,0,133,mixed,43.013948015868664,6,"[8247,8236,8226,8215,8204,8194]",8194,8220.333333333334,8247,773,3145727,"[3815,112]",112,1963.5,3815,779
3145728,0,134,mixed,42.78862290084362,6,"[8248,8237,8227,8216,8205,8195]",8195,8221.333333333334,8248,666,3145722,"[4565,135]",135,2350.0,4565,672
3145728,0,135,mixed,42.94174909591675,6,"[8249,8238,8228,8217,8206,8196]",8196,8222.333333333334,8249,590,3145720,"[5208,158,26]",26,1797.3333333333333,5208,596
3145728,0,136,mixed,43.79141051322222,6,"[8250,8239,8229,8218,8207,8197]",8197,8223.333333333334,8250,549,3145710,"[5780,175,27]",27,1994.0,5780,555
3145728,0,137,mixed,43.61273627728224,6,"[8251,8240,8230,8219,8208,8198]",8198,8224.333333333334,8251,511,3145713,"[6300,199,32]",32,2177.0,6300,517
3145728,0,138,mixed,42.84388478845358,6,"[8252,8241,8231,8220,8209,8199]",8199,8225.333333333334,8252,451,3145704,"[6780,228]",228,3504.0,6780,457
3145728,0,139,mixed,43.5385350137949,6,"[8253,8242,8232,8221,8210,8200]",8200,8226.333333333334,8253,446,3145711,"[7229,230]",230,3729.5,7229,452
3145728,0,140,mixed,43.82606688886881,6,"[8254,8243,8233,8222,8211,8201]",8201,8227.333333333334,8254,422,3145724,"[7651,254,34]",34,2646.3333333333335,7651,428
3145728,0,141,mixed,52.71127726882696,5,"[8244,8234,8223,8212,8202]",8202,8223.0,8244,1902,3145700,"[8051,273,37]",37,2787.0,8051,1907
3145728,0,142,mixed,41.35173000395298,6,"[8245,8235,8224,8213,8203,8192]",8192,8218.666666666666,8245,1206,3145699,"[2018,53]",53,1035.5,2018,1212
3145728,0,143,mixed,42.12387837469578,6,"[8246,8236,8225,8214,8204,8193]",8193,8219.666666666666,8246,900,3145692,"[3219,58]",58,1638.5,3219,906
3145728,0,144,mixed,42.451425455510616,6,"[8247,8237,8226,8215,8205,8194]",8194,8220.666666666666,8247,721,3145657,"[4080,97]",97,2088.5,4080,727
3145728,0,145,mixed,41.98458790779114,6,"[8248,8238,8227,8216,8206,8195]",8195,8221.666666666666,8248,619,3145687,"[4789,109]",109,2449.0,4789,625
3145728,0,146,mixed,42.19584073871374,6,"[8249,8239,8228,8217,8207,8196]",8196,8222.666666666666,8249,577,3145663,"[5406,111]",111,2758.5,5406,583
3145728,0,147,mixed,42.379879392683506,6,"[8250,8240,8229,8218,8208,8197]",8197,8223.666666666666,8250,521,3145670,"[5959,135]",135,3047.0,5959,527
3145728,0,148,mixed,42.79055632650852,6,"[8251,8241,8230,8219,8209,8198]",8198,8224.666666666666,8251,490,3145681,"[6465,150]",150,3307.5,6465,496
3145728,0,149,mixed,43.17210614681244,6,"[8252,8242,8231,8220,8210,8199]",8199,8225.666666666666,8252,466,3145601,"[6934,171]",171,3552.5,6934,472
3145728,0,150,mixed,43.79651043564081,6,"[8253,8243,8232,8221,8211,8200]",8200,8226.666666666666,8253,448,3145654,"[7373,198]",198,3785.5,7373,454
3145728,0,151,mixed,44.06217951327562,6,"[8254,8244,8233,8222,8212,8201]",8201,8227.666666666666,8254,425,3145664,"[7787,232]",232,4009.5,7787,431
3145728,0,152,mixed,54.02000620961189,5,"[8245,8234,8223,8213,8202]",8202,8223.4,8245,2060,2737086,"[8180,264]",264,4222.0,8180,2065
3145728,0,153,mixed,41.12793505191803,6,"[8246,8235,8224,8214,8203,8192]",8192,8219.0,8246,1099,3145338,[2312],2312,2312.0,2312,1105
3145728,0,154,mixed,41.600340977311134,6,"[8247,8236,8225,8215,8204,8193]",8193,8220.0,8247,822,3142095,[3411],3411,3411.0,3411,828
3145728,0,155,mixed,41.7077848687768,6,"[8248,8237,8226,8216,8205,8194]",8194,8221.0,8248,687,3144399,[4233],4233,4233.0,4233,693
3145728,0,156,mixed,41.4534080773592,6,"[8249,8238,8227,8217,8206,8195]",8195,8222.0,8249,602,3143343,[4920],4920,4920.0,4920,608
3145728,0,157,mixed,41.93065594881773,6,"[8250,8239,8228,8218,8207,8196]",8196,8223.0,8250,542,3140077,[5522],5522,5522.0,5522,548
3145728,0,158,mixed,42.38144028931856,6,"[8251,8240,8229,8219,8208,8197]",8197,8224.0,8251,498,3144123,[6064],6064,6064.0,6064,504
3145728,0,159,mixed,42.95788425952196,6,"[8252,8241,8230,8220,8209,8198]",8198,8225.0,8252,463,3145622,[6562],6562,6562.0,6562,469
3145728,0,160,mixed,43.2653883472085,6,"[8253,8242,8231,8221,8210,8199]",8199,8226.0,8253,434,3143245,[7025],7025,7025.0,7025,440
3145728,0,161,mixed,43.83756872266531,6,"[8254,8243,8232,8222,8211,8200]",8200,8227.0,8254,410,3142445,[7459],7459,7459.0,7459,416
3145728,0,162,mixed,43.69310289621353,5,"[8244,8233,8223,8212,8201]",8201,8222.6,8244,323,2594013,[7869],7869,7869.0,7869,328
3145728,0,163,decode_only,30.41200339794159,6,"[8245,8234,8224,8213,8202,8192]",8192,8218.333333333334,8245,0,0,[],,,,6
3145728,0,164,decode_only,30.153779312968254,6,"[8246,8235,8225,8214,8203,8193]",8193,8219.333333333334,8246,0,0,[],,,,6
3145728,0,165,decode_only,30.07298894226551,6,"[8247,8236,8226,8215,8204,8194]",8194,8220.333333333334,8247,0,0,[],,,,6
3145728,0,166,decode_only,30.077164992690086,6,"[8248,8237,8227,8216,8205,8195]",8195,8221.333333333334,8248,0,0,[],,,,6
3145728,0,167,decode_only,30.196355655789375,6,"[8249,8238,8228,8217,8206,8196]",8196,8222.333333333334,8249,0,0,[],,,,6
3145728,0,168,decode_only,30.492685735225677,6,"[8250,8239,8229,8218,8207,8197]",8197,8223.333333333334,8250,0,0,[],,,,6
3145728,0,169,decode_only,30.138995498418808,6,"[8251,8240,8230,8219,8208,8198]",8198,8224.333333333334,8251,0,0,[],,,,6
3145728,0,170,decode_only,30.437876470386982,6,"[8252,8241,8231,8220,8209,8199]",8199,8225.333333333334,8252,0,0,[],,,,6
3145728,0,171,decode_only,30.25397378951311,6,"[8253,8242,8232,8221,8210,8200]",8200,8226.333333333334,8253,0,0,[],,,,6
3145728,0,172,decode_only,30.405846424400806,6,"[8254,8243,8233,8222,8211,8201]",8201,8227.333333333334,8254,0,0,[],,,,6
3145728,0,173,decode_only,29.267972335219383,5,"[8244,8234,8223,8212,8202]",8202,8223.0,8244,0,0,[],,,,5
3145728,0,174,decode_only,29.372655786573887,5,"[8245,8235,8224,8213,8203]",8203,8224.0,8245,0,0,[],,,,5
3145728,0,175,decode_only,29.274705797433853,5,"[8246,8236,8225,8214,8204]",8204,8225.0,8246,0,0,[],,,,5
3145728,0,176,decode_only,29.307739809155464,5,"[8247,8237,8226,8215,8205]",8205,8226.0,8247,0,0,[],,,,5
3145728,0,177,decode_only,29.378860257565975,5,"[8248,8238,8227,8216,8206]",8206,8227.0,8248,0,0,[],,,,5
3145728,0,178,decode_only,29.34473194181919,5,"[8249,8239,8228,8217,8207]",8207,8228.0,8249,0,0,[],,,,5
3145728,0,179,decode_only,29.232660308480263,5,"[8250,8240,8229,8218,8208]",8208,8229.0,8250,0,0,[],,,,5
3145728,0,180,decode_only,29.294434003531933,5,"[8251,8241,8230,8219,8209]",8209,8230.0,8251,0,0,[],,,,5
3145728,0,181,decode_only,29.386949725449085,5,"[8252,8242,8231,8220,8210]",8210,8231.0,8252,0,0,[],,,,5
3145728,0,182,decode_only,29.344056732952595,5,"[8253,8243,8232,8221,8211]",8211,8232.0,8253,0,0,[],,,,5
3145728,0,183,decode_only,29.2896656319499,5,"[8254,8244,8233,8222,8212]",8212,8233.0,8254,0,0,[],,,,5
3145728,0,184,decode_only,30.15242423862219,4,"[8245,8234,8223,8213]",8213,8228.75,8245,0,0,[],,,,4
3145728,0,185,decode_only,30.05688078701496,4,"[8246,8235,8224,8214]",8214,8229.75,8246,0,0,[],,,,4
3145728,0,186,decode_only,30.160678550601006,4,"[8247,8236,8225,8215]",8215,8230.75,8247,0,0,[],,,,4
3145728,0,187,decode_only,30.370508320629597,4,"[8248,8237,8226,8216]",8216,8231.75,8248,0,0,[],,,,4
3145728,0,188,decode_only,30.30620701611042,4,"[8249,8238,8227,8217]",8217,8232.75,8249,0,0,[],,,,4
3145728,0,189,decode_only,30.103574506938457,4,"[8250,8239,8228,8218]",8218,8233.75,8250,0,0,[],,,,4
3145728,0,190,decode_only,30.373791232705116,4,"[8251,8240,8229,8219]",8219,8234.75,8251,0,0,[],,,,4
3145728,0,191,decode_only,30.44723439961672,4,"[8252,8241,8230,8220]",8220,8235.75,8252,0,0,[],,,,4
3145728,0,192,decode_only,30.100759118795395,4,"[8253,8242,8231,8221]",8221,8236.75,8253,0,0,[],,,,4
3145728,0,193,decode_only,30.353335663676262,4,"[8254,8243,8232,8222]",8222,8237.75,8254,0,0,[],,,,4
3145728,0,194,decode_only,29.348994605243206,3,"[8244,8233,8223]",8223,8233.333333333334,8244,0,0,[],,,,3
3145728,0,195,decode_only,29.30802945047617,3,"[8245,8234,8224]",8224,8234.333333333334,8245,0,0,[],,,,3
3145728,0,196,decode_only,29.22278828918934,3,"[8246,8235,8225]",8225,8235.333333333334,8246,0,0,[],,,,3
3145728,0,197,decode_only,29.268463142216206,3,"[8247,8236,8226]",8226,8236.333333333334,8247,0,0,[],,,,3
3145728,0,198,decode_only,29.317643493413925,3,"[8248,8237,8227]",8227,8237.333333333334,8248,0,0,[],,,,3
3145728,0,199,decode_only,29.26003746688366,3,"[8249,8238,8228]",8228,8238.333333333334,8249,0,0,[],,,,3
3145728,0,200,decode_only,29.280975461006165,3,"[8250,8239,8229]",8229,8239.333333333334,8250,0,0,[],,,,3
3145728,0,201,decode_only,29.367624782025814,3,"[8251,8240,8230]",8230,8240.333333333334,8251,0,0,[],,,,3
3145728,0,202,decode_only,29.303763061761856,3,"[8252,8241,8231]",8231,8241.333333333334,8252,0,0,[],,,,3
3145728,0,203,decode_only,29.257066547870636,3,"[8253,8242,8232]",8232,8242.333333333334,8253,0,0,[],,,,3
3145728,0,204,decode_only,29.301466420292854,3,"[8254,8243,8233]",8233,8243.333333333334,8254,0,0,[],,,,3
3145728,0,205,decode_only,29.331643134355545,2,"[8244,8234]",8234,8239.0,8244,0,0,[],,,,2
3145728,0,206,decode_only,29.335569590330124,2,"[8245,8235]",8235,8240.0,8245,0,0,[],,,,2
3145728,0,207,decode_only,29.417937621474266,2,"[8246,8236]",8236,8241.0,8246,0,0,[],,,,2
3145728,0,208,decode_only,29.206893406808376,2,"[8247,8237]",8237,8242.0,8247,0,0,[],,,,2
3145728,0,209,decode_only,29.46139220148325,2,"[8248,8238]",8238,8243.0,8248,0,0,[],,,,2
3145728,0,210,decode_only,29.284018091857433,2,"[8249,8239]",8239,8244.0,8249,0,0,[],,,,2
3145728,0,211,decode_only,29.45855353027582,2,"[8250,8240]",8240,8245.0,8250,0,0,[],,,,2
3145728,0,212,decode_only,29.49370350688696,2,"[8251,8241]",8241,8246.0,8251,0,0,[],,,,2
3145728,0,213,decode_only,29.452611692249775,2,"[8252,8242]",8242,8247.0,8252,0,0,[],,,,2
3145728,0,214,decode_only,29.274683445692062,2,"[8253,8243]",8243,8248.0,8253,0,0,[],,,,2
3145728,0,215,decode_only,29.48313858360052,2,"[8254,8244]",8244,8249.0,8254,0,0,[],,,,2
3145728,0,216,decode_only,30.02827800810337,1,[8245],8245,8245.0,8245,0,0,[],,,,1
3145728,0,217,decode_only,30.079059302806854,1,[8246],8246,8246.0,8246,0,0,[],,,,1
3145728,0,218,decode_only,30.14153055846691,1,[8247],8247,8247.0,8247,0,0,[],,,,1
3145728,0,219,decode_only,30.08221834897995,1,[8248],8248,8248.0,8248,0,0,[],,,,1
3145728,0,220,decode_only,30.169437639415264,1,[8249],8249,8249.0,8249,0,0,[],,,,1
3145728,0,221,decode_only,30.18189501017332,1,[8250],8250,8250.0,8250,0,0,[],,,,1
3145728,0,222,decode_only,30.135917477309704,1,[8251],8251,8251.0,8251,0,0,[],,,,1
3145728,0,223,decode_only,30.056538991630077,1,[8252],8252,8252.0,8252,0,0,[],,,,1
3145728,0,224,decode_only,30.170654878020287,1,[8253],8253,8253.0,8253,0,0,[],,,,1
3145728,0,225,decode_only,30.22032603621483,1,[8254],8254,8254.0,8254,0,0,[],,,,1
3145728,1,0,prefill_only,17.1657707542181,0,[],,,,2048,2098176,[0],0,0.0,0,2048
3145728,1,1,prefill_only,20.330640487372875,0,[],,,,2048,6292480,[2048],2048,2048.0,2048,2048
3145728,1,2,prefill_only,23.700776509940624,0,[],,,,2048,10486784,[4096],4096,4096.0,4096,2048
3145728,1,3,prefill_only,57.162425480782986,0,[],,,,6144,18877440,"[6144,0,0]",0,2048.0,6144,6144
3145728,1,4,mixed,42.67568793147802,1,[8192],8192,8192.0,8192,1237,3145704,"[2048,2048,0]",0,1365.3333333333333,2048,1238
3145728,1,5,mixed,43.12367085367441,1,[8193],8193,8193.0,8193,888,3145687,"[3237,2049,47]",47,1777.6666666666667,3237,889
3145728,1,6,mixed,42.20261797308922,1,[8194],8194,8194.0,8194,707,3144736,[4094],4094,4094.0,4094,708
3145728,1,7,mixed,44.87353190779686,1,[8195],8195,8195.0,8195,650,3145728,"[4801,2050,77,0,0,0]",0,1154.6666666666667,4801,651
3145728,1,8,mixed,44.40239071846008,1,[8196],8196,8196.0,8196,574,3145728,"[5416,2051,95,12,3]",3,1515.4,5416,575
3145728,1,9,mixed,43.05465891957283,1,[8197],8197,8197.0,8197,507,3145712,"[5968,2052]",2052,4010.0,5968,508
3145728,1,10,mixed,44.760117307305336,1,[8198],8198,8198.0,8198,475,3145720,"[6473,2054,108]",108,2878.3333333333335,6473,476
3145728,1,11,mixed,43.79746504127979,1,[8199],8199,8199.0,8199,439,3143679,[6941],6941,6941.0,6941,440
3145728,1,12,mixed,44.808659702539444,1,[8200],8200,8200.0,8200,422,3145728,"[7380,2057,112,17,6]",6,1914.4,7380,423
3145728,1,13,mixed,46.79421614855528,1,[8201],8201,8201.0,8201,407,3145727,"[7794,2059,115,19]",19,2496.75,7794,408
3145728,1,14,mixed,49.37069211155176,1,[8202],8202,8202.0,8202,1197,3145728,"[8187,2061,124,22,7,1,0]",0,1486.0,8187,1198
3145728,1,15,mixed,41.65332671254873,2,"[8203,8192]",8192,8197.5,8203,880,3145714,"[3233,138]",138,1685.5,3233,882
3145728,1,16,mixed,42.115066200494766,2,"[8204,8193]",8193,8198.5,8204,728,3145727,"[4091,160,24,9]",9,1071.0,4091,730
3145728,1,17,mixed,41.52583796530962,2,"[8205,8194]",8194,8199.5,8205,616,3145604,[4798],4798,4798.0,4798,618
3145728,1,18,mixed,41.738374158740044,2,"[8206,8195]",8195,8200.5,8206,576,3145728,"[5414,178]",178,2796.0,5414,578
3145728,1,19,mixed,42.57238656282425,2,"[8207,8196]",8196,8201.5,8207,535,3145727,"[5966,202,26]",26,2064.6666666666665,5966,537
3145728,1,20,mixed,43.864973820745945,2,"[8208,8197]",8197,8202.5,8208,478,3145727,"[6471,225,33,10,2]",2,1348.2,6471,480
3145728,1,21,mixed,42.97947511076927,2,"[8209,8198]",8198,8203.5,8209,453,3145723,"[6940,227,37]",37,2401.3333333333335,6940,455
3145728,1,22,mixed,43.36236231029034,2,"[8210,8199]",8199,8204.5,8210,438,3145724,"[7379,237,41]",41,2552.3333333333335,7379,440
3145728,1,23,mixed,43.737770058214664,2,"[8211,8200]",8200,8205.5,8211,415,3145724,"[7793,256,46]",46,2698.3333333333335,7793,417
3145728,1,24,mixed,59.36395097523928,2,"[8212,8201]",8201,8206.5,8212,2950,3145725,"[8186,277,47,11]",11,2130.25,8186,2952
3145728,1,25,mixed,41.863598860800266,3,"[8213,8202,8192]",8192,8202.333333333334,8213,1110,3145724,"[2325,929,25]",25,1093.0,2325,1113
3145728,1,26,mixed,42.38484799861908,3,"[8214,8203,8193]",8193,8203.333333333334,8214,837,3145728,"[3419,932,38,4,1,0,0]",0,627.7142857142857,3419,840
3145728,1,27,mixed,42.4533374607563,3,"[8215,8204,8194]",8194,8204.333333333334,8215,702,3145728,"[4240,933,46,7,3]",3,1045.8,4240,705
3145728,1,28,mixed,42.94947162270546,3,"[8216,8205,8195]",8195,8205.333333333334,8216,615,3145726,"[4926,934,55,12]",12,1481.75,4926,618
3145728,1,29,mixed,43.41400973498821,3,"[8217,8206,8196]",8196,8206.333333333334,8217,551,3145728,"[5527,938,64,13,4]",4,1309.2,5527,554
3145728,1,30,mixed,42.327577248215675,3,"[8218,8207,8197]",8197,8207.333333333334,8218,503,3145713,"[6069,941]",941,3505.0,6069,506
3145728,1,31,mixed,44.16482895612717,3,"[8219,8208,8198]",8198,8208.333333333334,8219,478,3145728,"[6566,947,65,16,6]",6,1520.0,6566,481
3145728,1,32,mixed,42.90173016488552,3,"[8220,8209,8199]",8199,8209.333333333334,8220,438,3145722,"[7028,952,72]",72,2684.0,7028,441
3145728,1,33,mixed,45.1485849916935,3,"[8221,8210,8200]",8200,8210.333333333334,8221,416,3145720,"[7462,953,75,18]",18,2127.0,7462,419
3145728,1,34,mixed,47.134922817349434,3,"[8222,8211,8201]",8201,8211.333333333334,8222,801,3145676,"[7872,955]",955,4413.5,7872,804
3145728,1,35,mixed,42.99111198633909,4,"[8223,8212,8202,8192]",8192,8207.25,8223,1488,3145727,"[1436,76,21,8,1]",1,308.4,1436,1492
3145728,1,36,mixed,41.94369725883007,4,"[8224,8213,8203,8193]",8193,8208.25,8224,966,3145728,"[2889,107,22,9]",9,756.75,2889,970
3145728,1,37,mixed,43.357960879802704,4,"[8225,8214,8204,8194]",8194,8209.25,8225,784,3145728,"[3825,132,26,10,3,1]",1,666.1666666666666,3825,788
3145728,1,38,mixed,43.12833771109581,4,"[8226,8215,8205,8195]",8195,8210.25,8226,662,3145719,"[4573,162]",162,2367.5,4573,666
3145728,1,39,mixed,43.01001783460379,4,"[8227,8216,8206,8196]",8196,8211.25,8227,600,3145722,"[5215,182,28]",28,1808.3333333333333,5215,604
3145728,1,40,mixed,44.13231369107962,4,"[8228,8217,8207,8197]",8197,8212.25,8228,530,3145726,"[5786,205,34,11]",11,1509.0,5786,534
3145728,1,41,mixed,44.05255988240242,4,"[8229,8218,8208,8198]",8198,8213.25,8229,500,3145728,"[6306,212,36,12,5]",5,1314.2,6306,504
3145728,1,42,mixed,43.01002714782953,4,"[8230,8219,8209,8199]",8199,8214.25,8230,469,3145702,"[6786,227]",227,3506.5,6786,473
3145728,1,43,mixed,44.18127238750458,4,"[8231,8220,8210,8200]",8200,8215.25,8231,442,3145728,"[7234,248,38,14,6]",6,1508.0,7234,446
3145728,1,44,mixed,43.9505223184824,4,"[8232,8221,8211,8201]",8201,8216.25,8232,415,3145722,"[7656,262,41]",41,2653.0,7656,419
3145728,1,45,mixed,52.55180411040783,4,"[8233,8222,8212,8202]",8202,8217.25,8233,1910,3145722,"[8056,273,45]",45,2791.3333333333335,8056,1914
3145728,1,46,mixed,41.30903910845518,5,"[8234,8223,8213,8203,8192]",8192,8213.0,8234,1224,3145725,"[2038,54]",54,1046.0,2038,1229
3145728,1,47,mixed,42.01982170343399,5,"[8235,8224,8214,8204,8193]",8193,8214.0,8235,870,3145720,"[3231,85,15]",15,1110.3333333333333,3231,875
3145728,1,48,mixed,42.48755518347025,5,"[8236,8225,8215,8205,8194]",8194,8215.0,8236,746,3145721,"[4090,95,16]",16,1400.3333333333333,4090,751
3145728,1,49,mixed,42.78873838484287,5,"[8237,8226,8216,8206,8195]",8195,8216.0,8237,627,3145728,"[4797,128,22,8,2,0]",0,826.1666666666666,4797,632
3145728,1,50,mixed,41.88488982617855,5,"[8238,8227,8217,8207,8196]",8196,8217.0,8238,586,3145721,"[5413,133]",133,2773.0,5413,591
3145728,1,51,mixed,43.7677800655365,5,"[8239,8228,8218,8208,8197]",8197,8218.0,8239,542,3145726,"[5965,167,25,9]",9,1541.5,5965,547
3145728,1,52,mixed,44.397066347301006,5,"[8240,8229,8219,8209,8198]",8198,8219.0,8240,481,3145728,"[6470,197,30,11,3,1,0,0]",0,839.0,6470,486
3145728,1,53,mixed,44.8089549317956,5,"[8241,8230,8220,8210,8199]",8199,8220.0,8241,461,3145728,"[6939,202,32,12,4,2]",2,1198.5,6939,466
3145728,1,54,mixed,45.50399724394083,5,"[8242,8231,8221,8211,8200]",8200,8221.0,8242,441,3145726,"[7378,215,37,14]",14,1911.0,7378,446
3145728,1,55,mixed,44.16997171938419,5,"[8243,8232,8222,8212,8201]",8201,8222.0,8243,417,3145689,"[7792,238]",238,4015.0,7792,422
3145728,1,56,mixed,59.43390168249607,5,"[8244,8233,8223,8213,8202]",8202,8223.0,8244,3001,3145728,"[8185,262,39,16,5,3,1,1]",1,1064.0,8185,3006
3145728,1,57,mixed,42.117866687476635,6,"[8245,8234,8224,8214,8203,8192]",8192,8218.666666666666,8245,1119,3145728,"[2310,952,42,9,4]",4,663.4,2310,1125
3145728,1,58,mixed,42.43921674787998,6,"[8246,8235,8225,8215,8204,8193]",8193,8219.666666666666,8246,828,3145728,"[3409,954,55,12,6]",6,887.2,3409,834
3145728,1,59,mixed,42.84155648201704,6,"[8247,8236,8226,8216,8205,8194]",8194,8220.666666666666,8247,695,3145728,"[4232,955,56,14,7,2]",2,877.6666666666666,4232,701
3145728,1,60,mixed,43.25837828218937,6,"[8248,8237,8227,8217,8206,8195]",8195,8221.666666666666,8248,611,3145728,"[4919,957,57,16,8,4,2]",2,851.8571428571429,4919,617
3145728,1,61,mixed,42.16725938022137,6,"[8249,8238,8228,8218,8207,8196]",8196,8222.666666666666,8249,543,3145599,[5521],5521,5521.0,5521,549
3145728,1,62,mixed,43.42357441782951,6,"[8250,8239,8229,8219,8208,8197]",8197,8223.666666666666,8250,509,3145719,"[6064,960,58]",58,2360.6666666666665,6064,515
3145728,1,63,mixed,43.12646482139826,6,"[8251,8240,8230,8220,8209,8198]",8198,8224.666666666666,8251,463,3145622,[6562],6562,6562.0,6562,469
3145728,1,64,mixed,44.104292057454586,6,"[8252,8241,8231,8221,8210,8199]",8199,8225.666666666666,8252,446,3145723,"[7025,961,68,18,9]",9,1616.2,7025,452
3145728,1,65,mixed,44.45946775376797,6,"[8253,8242,8232,8222,8211,8200]",8200,8226.666666666666,8253,421,3145727,"[7459,963,75,20,10]",10,1705.4,7459,427
3145728,1,66,mixed,47.83552698791027,6,"[8254,8243,8233,8223,8212,8201]",8201,8227.666666666666,8254,798,3145708,"[7869,966,79]",79,2971.3333333333335,7869,804
3145728,1,67,mixed,43.11233665794134,6,"[8244,8234,8224,8213,8202,8192]",8192,8218.166666666666,8244,1461,3145723,"[1426,94,23]",23,514.3333333333334,1426,1467
3145728,1,68,mixed,41.885427199304104,6,"[8245,8235,8225,8214,8203,8193]",8193,8219.166666666666,8245,967,3145719,"[2885,95,24]",24,1001.3333333333334,2885,973
3145728,1,69,mixed,43.01156010478735,6,"[8246,8236,8226,8215,8204,8194]",8194,8220.166666666666,8246,768,3145728,"[3822,122,27]",27,1323.6666666666667,3822,774
3145728,1,70,mixed,42.94528439640999,6,"[8247,8237,8227,8216,8205,8195]",8195,8221.166666666666,8247,676,3145720,"[4571,138,30]",30,1579.6666666666667,4571,682
3145728,1,71,mixed,41.93446319550276,6,"[8248,8238,8228,8217,8206,8196]",8196,8222.166666666666,8248,572,3145714,[5213],5213,5213.0,5213,578
3145728,1,72,mixed,43.694193474948406,6,"[8249,8239,8229,8218,8207,8197]",8197,8223.166666666666,8249,535,3145720,"[5785,168,34]",34,1995.6666666666667,5785,541
3145728,1,73,mixed,43.77440083771944,6,"[8250,8240,8230,8219,8208,8198]",8198,8224.166666666666,8250,504,3145727,"[6305,179,38,11,5]",5,1307.6,6305,510
3145728,1,74,mixed,43.05955022573471,6,"[8251,8241,8231,8220,8209,8199]",8199,8225.166666666666,8251,477,3145726,"[6785,199,40]",40,2341.3333333333335,6785,483
3145728,1,75,mixed,43.78629568964243,6,"[8252,8242,8232,8221,8210,8200]",8200,8226.166666666666,8252,443,3145726,"[7233,224,44]",44,2500.3333333333335,7233,449
3145728,1,76,mixed,44.10544317215681,6,"[8253,8243,8233,8222,8211,8201]",8201,8227.166666666666,8253,415,3145728,"[7655,241,48]",48,2648.0,7655,421
3145728,1,77,mixed,53.09940315783024,6,"[8254,8244,8234,8223,8212,8202]",8202,8228.166666666666,8254,1944,3145727,"[8055,255,49,12]",12,2092.75,8055,1950
3145728,1,78,mixed,41.47590324282646,6,"[8245,8235,8224,8213,8203,8192]",8192,8218.666666666666,8245,1206,3145717,"[2031,78]",78,1054.5,2031,1212
3145728,1,79,mixed,42.17538610100746,6,"[8246,8236,8225,8214,8204,8193]",8193,8219.666666666666,8246,863,3145720,"[3227,88]",88,1657.5,3227,869
3145728,1,80,mixed,42.74492897093296,6,"[8247,8237,8226,8215,8205,8194]",8194,8220.666666666666,8247,727,3145728,"[4087,91,14,6,3,0,0]",0,600.1428571428571,4087,733
3145728,1,81,mixed,43.463194742798805,6,"[8248,8238,8227,8216,8206,8195]",8195,8221.666666666666,8248,637,3145725,"[4795,102,18]",18,1638.3333333333333,4795,643
3145728,1,82,mixed,43.48520655184984,6,"[8249,8239,8228,8217,8207,8196]",8196,8222.666666666666,8249,556,3145728,"[5411,119,22]",22,1850.6666666666667,5411,562
3145728,1,83,mixed,44.41877733916044,6,"[8250,8240,8229,8218,8208,8197]",8197,8223.666666666666,8250,555,3145727,"[5964,121,23,7]",7,1528.75,5964,561
3145728,1,84,mixed,44.42146047949791,6,"[8251,8241,8230,8219,8209,8198]",8198,8224.666666666666,8251,480,3145728,"[6469,163,28,10]",10,1667.5,6469,486
3145728,1,85,mixed,43.38959511369467,6,"[8252,8242,8231,8220,8210,8199]",8199,8225.666666666666,8252,460,3145722,"[6938,172,29]",29,2379.6666666666665,6938,466
3145728,1,86,mixed,43.65993570536375,6,"[8253,8243,8232,8221,8211,8200]",8200,8226.666666666666,8253,442,3145709,"[7377,190]",190,3783.5,7377,448
3145728,1,87,mixed,44.42551452666521,6,"[8254,8244,8233,8222,8212,8201]",8201,8227.666666666666,8254,425,3145723,"[7791,218,32]",32,2680.3333333333335,7791,431
3145728,1,88,mixed,59.39368810504675,5,"[8245,8234,8223,8213,8202]",8202,8223.4,8245,3016,3145727,"[8184,245,37,11,4]",4,1696.2,8184,3021
3145728,1,89,mixed,41.28464590758085,6,"[8246,8235,8224,8214,8203,8192]",8192,8219.0,8246,1105,3144830,[2293],2293,2293.0,2293,1111
3145728,1,90,mixed,42.60126128792763,6,"[8247,8236,8225,8215,8204,8193]",8193,8220.0,8247,850,3145728,"[3398,980,26,6,1]",1,882.2,3398,856
3145728,1,91,mixed,42.96201001852751,6,"[8248,8237,8226,8216,8205,8194]",8194,8221.0,8248,698,3145725,"[4223,981,44]",44,1749.3333333333333,4223,704
3145728,1,92,mixed,43.011704459786415,6,"[8249,8238,8227,8217,8206,8195]",8195,8222.0,8249,614,3145726,"[4911,984,51,9]",9,1488.75,4911,620
3145728,1,93,mixed,43.62367931753397,6,"[8250,8239,8228,8218,8207,8196]",8196,8223.0,8250,561,3145722,"[5514,986,56]",56,2185.3333333333335,5514,567
3145728,1,94,mixed,44.174354523420334,6,"[8251,8240,8229,8219,8208,8197]",8197,8224.0,8251,511,3145728,"[6057,989,71,13,4,1,0]",0,1019.2857142857143,6057,517
3145728,1,95,mixed,44.09763030707836,6,"[8252,8241,8230,8220,8209,8198]",8198,8225.0,8252,474,3145728,"[6555,994,72,16,6]",6,1528.6,6555,480
3145728,1,96,mixed,44.968256726861,6,"[8253,8242,8231,8221,8210,8199]",8199,8226.0,8253,447,3145725,"[7018,997,76,19]",19,2027.5,7018,453
3145728,1,97,mixed,45.62418628484011,6,"[8254,8243,8232,8222,8211,8200]",8200,8227.0,8254,421,3145728,"[7452,1002,82,21,7,2]",2,1427.6666666666667,7452,427
3145728,1,98,mixed,46.44356109201908,5,"[8244,8233,8223,8212,8201]",8201,8222.6,8244,745,3145711,"[7862,1008,83]",83,2984.3333333333335,7862,750
3145728,1,99,mixed,42.91439242660999,6,"[8245,8234,8224,8213,8202,8192]",8192,8218.333333333334,8245,1483,3145725,"[1417,89,22]",22,509.3333333333333,1417,1489
3145728,1,100,mixed,41.03265143930912,6,"[8246,8235,8225,8214,8203,8193]",8193,8219.333333333334,8246,939,3145650,[2880],2880,2880.0,2880,945
3145728,1,101,mixed,43.13333239406347,6,"[8247,8236,8226,8215,8204,8194]",8194,8220.333333333334,8247,787,3145727,"[3819,106,25]",25,1316.6666666666667,3819,793
3145728,1,102,mixed,43.39477699249983,6,"[8248,8237,8227,8216,8205,8195]",8195,8221.333333333334,8248,658,3145725,"[4568,141,28,8]",8,1186.25,4568,664
3145728,1,103,mixed,43.05975418537855,6,"[8249,8238,8228,8217,8206,8196]",8196,8222.333333333334,8249,582,3145726,"[5211,150,32,10]",10,1350.75,5211,588
3145728,1,104,mixed,43.62041316926479,6,"[8250,8239,8229,8218,8207,8197]",8197,8223.333333333334,8250,541,3145725,"[5783,157,34]",34,1991.3333333333333,5783,547
3145728,1,105,mixed,44.04485784471035,6,"[8251,8240,8230,8219,8208,8198]",8198,8224.333333333334,8251,511,3145727,"[6303,175,37,11,4]",4,1306.0,6303,517
3145728,1,106,mixed,43.29252243041992,6,"[8252,8241,8231,8220,8209,8199]",8199,8225.333333333334,8252,480,3145721,"[6783,200,40]",40,2341.0,6783,486
3145728,1,107,mixed,44.39694993197918,6,"[8253,8242,8232,8221,8210,8200]",8200,8226.333333333334,8253,448,3145727,"[7231,229,43,13,5]",5,1504.2,7231,454
3145728,1,108,mixed,44.07826904207468,6,"[8254,8243,8233,8222,8211,8201]",8201,8227.333333333334,8254,420,3145718,"[7653,249,47]",47,2649.6666666666665,7653,426
3145728,1,109,mixed,52.77266539633274,5,"[8244,8234,8223,8212,8202]",8202,8223.0,8244,1912,3145727,"[8053,265,51,14,6]",6,1677.8,8053,1917
3145728,1,110,mixed,41.42467025667429,6,"[8245,8235,8224,8213,8203,8192]",8192,8218.666666666666,8245,1220,3145724,"[2025,60]",60,1042.5,2025,1226
3145728,1,111,mixed,42.43002738803625,6,"[8246,8236,8225,8214,8204,8193]",8193,8219.666666666666,8246,901,3145723,"[3223,82,16]",16,1107.0,3223,907
3145728,1,112,mixed,42.63574257493019,6,"[8247,8237,8226,8215,8205,8194]",8194,8220.666666666666,8247,742,3145727,"[4083,118,21]",21,1407.3333333333333,4083,748
3145728,1,113,mixed,43.67502871900797,6,"[8248,8238,8227,8216,8206,8195]",8195,8221.666666666666,8248,646,3145723,"[4791,147,26]",26,1654.6666666666667,4791,652
3145728,1,114,mixed,43.42950601130724,6,"[8249,8239,8228,8217,8207,8196]",8196,8222.666666666666,8249,572,3145728,"[5407,174,29,8]",8,1404.5,5407,578
3145728,1,115,mixed,43.762884102761745,6,"[8250,8240,8229,8218,8208,8197]",8197,8223.666666666666,8250,521,3145728,"[5960,187,32,11,1]",1,1238.2,5960,527
3145728,1,116,mixed,43.29355899244547,6,"[8251,8241,8230,8219,8209,8198]",8198,8224.666666666666,8251,486,3145718,"[6466,195,36]",36,2232.3333333333335,6466,492
3145728,1,117,mixed,43.959153816103935,6,"[8252,8242,8231,8220,8210,8199]",8199,8225.666666666666,8252,464,3145726,"[6935,209,39,13,2]",2,1439.6,6935,470
3145728,1,118,mixed,45.694299042224884,6,"[8253,8243,8232,8221,8211,8200]",8200,8226.666666666666,8253,446,3145728,"[7374,230,40,14]",14,1914.5,7374,452
3145728,1,119,mixed,44.093324802815914,6,"[8254,8244,8233,8222,8212,8201]",8201,8227.666666666666,8254,426,3145728,"[7788,258,43]",43,2696.3333333333335,7788,432
3145728,1,120,mixed,59.14515443146229,5,"[8245,8234,8223,8213,8202]",8202,8223.4,8245,2897,3145726,"[8181,285,49,15,4]",4,1706.8,8181,2902
3145728,1,121,mixed,42.04287379980087,6,"[8246,8235,8224,8214,8203,8192]",8192,8219.0,8246,1105,3145728,"[2333,865,34,7]",7,809.75,2333,1111
3145728,1,122,mixed,41.73536133021116,6,"[8247,8236,8225,8215,8204,8193]",8193,8220.0,8247,820,3145110,[3425],3425,3425.0,3425,826
3145728,1,123,mixed,42.37653873860836,6,"[8248,8237,8226,8216,8205,8194]",8194,8221.0,8248,695,3145727,"[4245,866,45]",45,1718.6666666666667,4245,701
3145728,1,124,mixed,43.05652901530266,6,"[8249,8238,8227,8217,8206,8195]",8195,8222.0,8249,609,3145721,"[4930,869,52,8]",8,1464.75,4930,615
3145728,1,125,mixed,42.04541351646185,6,"[8250,8239,8228,8218,8207,8196]",8196,8223.0,8250,542,3144955,[5531],5531,5531.0,5531,548
3145728,1,126,mixed,43.75465679913759,6,"[8251,8240,8229,8219,8208,8197]",8197,8224.0,8251,506,3145723,"[6073,871,54,12]",12,1752.5,6073,512
3145728,1,127,mixed,44.50381267815828,6,"[8252,8241,8230,8220,8209,8198]",8198,8225.0,8252,479,3145717,"[6570,875,57,14]",14,1879.0,6570,485
3145728,1,128,mixed,45.210390351712704,6,"[8253,8242,8231,8221,8210,8199]",8199,8226.0,8253,452,3145711,"[7032,878,69,16]",16,1998.75,7032,458
3145728,1,129,mixed,43.8687726855278,6,"[8254,8243,8232,8222,8211,8200]",8200,8227.0,8254,410,3144905,[7465],7465,7465.0,7465,416
3145728,1,130,mixed,48.44514559954405,5,"[8244,8233,8223,8212,8201]",8201,8222.6,8244,847,3145719,"[7875,885,78,19]",19,2214.25,7875,852
3145728,1,131,mixed,43.11863146722317,6,"[8245,8234,8224,8213,8202,8192]",8192,8218.333333333334,8245,1490,3145719,"[1407,83,22]",22,504.0,1407,1496
3145728,1,132,mixed,41.75513982772827,6,"[8246,8235,8225,8214,8203,8193]",8193,8219.333333333334,8246,951,3145713,"[2875,104,23]",23,1000.6666666666666,2875,957
3145728,1,133,mixed,43.08663494884968,6,"[8247,8236,8226,8215,8204,8194]",8194,8220.333333333334,8247,773,3145727,"[3815,112]",112,1963.5,3815,779
3145728,1,134,mixed,43.06428227573633,6,"[8248,8237,8227,8216,8205,8195]",8195,8221.333333333334,8248,666,3145722,"[4565,135]",135,2350.0,4565,672
3145728,1,135,mixed,43.175794184207916,6,"[8249,8238,8228,8217,8206,8196]",8196,8222.333333333334,8249,590,3145720,"[5208,158,26]",26,1797.3333333333333,5208,596
3145728,1,136,mixed,44.07238028943539,6,"[8250,8239,8229,8218,8207,8197]",8197,8223.333333333334,8250,549,3145710,"[5780,175,27]",27,1994.0,5780,555
3145728,1,137,mixed,43.521215207874775,6,"[8251,8240,8230,8219,8208,8198]",8198,8224.333333333334,8251,511,3145713,"[6300,199,32]",32,2177.0,6300,517
3145728,1,138,mixed,43.11725031584501,6,"[8252,8241,8231,8220,8209,8199]",8199,8225.333333333334,8252,451,3145704,"[6780,228]",228,3504.0,6780,457
3145728,1,139,mixed,43.653625063598156,6,"[8253,8242,8232,8221,8210,8200]",8200,8226.333333333334,8253,446,3145711,"[7229,230]",230,3729.5,7229,452
3145728,1,140,mixed,44.02229841798544,6,"[8254,8243,8233,8222,8211,8201]",8201,8227.333333333334,8254,422,3145724,"[7651,254,34]",34,2646.3333333333335,7651,428
3145728,1,141,mixed,52.625938318669796,5,"[8244,8234,8223,8212,8202]",8202,8223.0,8244,1902,3145700,"[8051,273,37]",37,2787.0,8051,1907
3145728,1,142,mixed,41.67661722749472,6,"[8245,8235,8224,8213,8203,8192]",8192,8218.666666666666,8245,1206,3145699,"[2018,53]",53,1035.5,2018,1212
3145728,1,143,mixed,42.24269650876522,6,"[8246,8236,8225,8214,8204,8193]",8193,8219.666666666666,8246,900,3145692,"[3219,58]",58,1638.5,3219,906
3145728,1,144,mixed,42.49884653836489,6,"[8247,8237,8226,8215,8205,8194]",8194,8220.666666666666,8247,721,3145657,"[4080,97]",97,2088.5,4080,727
3145728,1,145,mixed,41.68497398495674,6,"[8248,8238,8227,8216,8206,8195]",8195,8221.666666666666,8248,619,3145687,"[4789,109]",109,2449.0,4789,625
3145728,1,146,mixed,41.99969116598368,6,"[8249,8239,8228,8217,8207,8196]",8196,8222.666666666666,8249,577,3145663,"[5406,111]",111,2758.5,5406,583
3145728,1,147,mixed,42.54538472741842,6,"[8250,8240,8229,8218,8208,8197]",8197,8223.666666666666,8250,521,3145670,"[5959,135]",135,3047.0,5959,527
3145728,1,148,mixed,42.51169599592686,6,"[8251,8241,8230,8219,8209,8198]",8198,8224.666666666666,8251,490,3145681,"[6465,150]",150,3307.5,6465,496
3145728,1,149,mixed,43.37656777352095,6,"[8252,8242,8231,8220,8210,8199]",8199,8225.666666666666,8252,466,3145601,"[6934,171]",171,3552.5,6934,472
3145728,1,150,mixed,43.76715701073408,6,"[8253,8243,8232,8221,8211,8200]",8200,8226.666666666666,8253,448,3145654,"[7373,198]",198,3785.5,7373,454
3145728,1,151,mixed,44.05440576374531,6,"[8254,8244,8233,8222,8212,8201]",8201,8227.666666666666,8254,425,3145664,"[7787,232]",232,4009.5,7787,431
3145728,1,152,mixed,54.1378203779459,5,"[8245,8234,8223,8213,8202]",8202,8223.4,8245,2060,2737086,"[8180,264]",264,4222.0,8180,2065
3145728,1,153,mixed,41.16672743111849,6,"[8246,8235,8224,8214,8203,8192]",8192,8219.0,8246,1099,3145338,[2312],2312,2312.0,2312,1105
3145728,1,154,mixed,41.63988772779703,6,"[8247,8236,8225,8215,8204,8193]",8193,8220.0,8247,822,3142095,[3411],3411,3411.0,3411,828
3145728,1,155,mixed,41.76524840295315,6,"[8248,8237,8226,8216,8205,8194]",8194,8221.0,8248,687,3144399,[4233],4233,4233.0,4233,693
3145728,1,156,mixed,41.64813086390495,6,"[8249,8238,8227,8217,8206,8195]",8195,8222.0,8249,602,3143343,[4920],4920,4920.0,4920,608
3145728,1,157,mixed,42.05227456986904,6,"[8250,8239,8228,8218,8207,8196]",8196,8223.0,8250,542,3140077,[5522],5522,5522.0,5522,548
3145728,1,158,mixed,42.313954792916775,6,"[8251,8240,8229,8219,8208,8197]",8197,8224.0,8251,498,3144123,[6064],6064,6064.0,6064,504
3145728,1,159,mixed,43.10271795839071,6,"[8252,8241,8230,8220,8209,8198]",8198,8225.0,8252,463,3145622,[6562],6562,6562.0,6562,469
3145728,1,160,mixed,43.39116904884577,6,"[8253,8242,8231,8221,8210,8199]",8199,8226.0,8253,434,3143245,[7025],7025,7025.0,7025,440
3145728,1,161,mixed,44.03960146009922,6,"[8254,8243,8232,8222,8211,8200]",8200,8227.0,8254,410,3142445,[7459],7459,7459.0,7459,416
3145728,1,162,mixed,43.71385183185339,5,"[8244,8233,8223,8212,8201]",8201,8222.6,8244,323,2594013,[7869],7869,7869.0,7869,328
3145728,1,163,decode_only,30.494673177599907,6,"[8245,8234,8224,8213,8202,8192]",8192,8218.333333333334,8245,0,0,[],,,,6
3145728,1,164,decode_only,30.304748564958572,6,"[8246,8235,8225,8214,8203,8193]",8193,8219.333333333334,8246,0,0,[],,,,6
3145728,1,165,decode_only,30.33141139894724,6,"[8247,8236,8226,8215,8204,8194]",8194,8220.333333333334,8247,0,0,[],,,,6
3145728,1,166,decode_only,30.00593651086092,6,"[8248,8237,8227,8216,8205,8195]",8195,8221.333333333334,8248,0,0,[],,,,6
3145728,1,167,decode_only,30.508448369801044,6,"[8249,8238,8228,8217,8206,8196]",8196,8222.333333333334,8249,0,0,[],,,,6
3145728,1,168,decode_only,30.498708598315716,6,"[8250,8239,8229,8218,8207,8197]",8197,8223.333333333334,8250,0,0,[],,,,6
3145728,1,169,decode_only,30.49398399889469,6,"[8251,8240,8230,8219,8208,8198]",8198,8224.333333333334,8251,0,0,[],,,,6
3145728,1,170,decode_only,30.641810037195683,6,"[8252,8241,8231,8220,8209,8199]",8199,8225.333333333334,8252,0,0,[],,,,6
3145728,1,171,decode_only,30.592136085033417,6,"[8253,8242,8232,8221,8210,8200]",8200,8226.333333333334,8253,0,0,[],,,,6
3145728,1,172,decode_only,30.30184470117092,6,"[8254,8243,8233,8222,8211,8201]",8201,8227.333333333334,8254,0,0,[],,,,6
3145728,1,173,decode_only,29.389665462076664,5,"[8244,8234,8223,8212,8202]",8202,8223.0,8244,0,0,[],,,,5
3145728,1,174,decode_only,29.435456730425358,5,"[8245,8235,8224,8213,8203]",8203,8224.0,8245,0,0,[],,,,5
3145728,1,175,decode_only,29.302963986992836,5,"[8246,8236,8225,8214,8204]",8204,8225.0,8246,0,0,[],,,,5
3145728,1,176,decode_only,29.30725459009409,5,"[8247,8237,8226,8215,8205]",8205,8226.0,8247,0,0,[],,,,5
3145728,1,177,decode_only,29.402303509414196,5,"[8248,8238,8227,8216,8206]",8206,8227.0,8248,0,0,[],,,,5
3145728,1,178,decode_only,29.431836679577827,5,"[8249,8239,8228,8217,8207]",8207,8228.0,8249,0,0,[],,,,5
3145728,1,179,decode_only,29.306446202099323,5,"[8250,8240,8229,8218,8208]",8208,8229.0,8250,0,0,[],,,,5
3145728,1,180,decode_only,29.3598435819149,5,"[8251,8241,8230,8219,8209]",8209,8230.0,8251,0,0,[],,,,5
3145728,1,181,decode_only,29.36781384050846,5,"[8252,8242,8231,8220,8210]",8210,8231.0,8252,0,0,[],,,,5
3145728,1,182,decode_only,29.284991323947906,5,"[8253,8243,8232,8221,8211]",8211,8232.0,8253,0,0,[],,,,5
3145728,1,183,decode_only,29.356990940868855,5,"[8254,8244,8233,8222,8212]",8212,8233.0,8254,0,0,[],,,,5
3145728,1,184,decode_only,30.19629791378975,4,"[8245,8234,8223,8213]",8213,8228.75,8245,0,0,[],,,,4
3145728,1,185,decode_only,30.353047885000706,4,"[8246,8235,8224,8214]",8214,8229.75,8246,0,0,[],,,,4
3145728,1,186,decode_only,30.22319544106722,4,"[8247,8236,8225,8215]",8215,8230.75,8247,0,0,[],,,,4
3145728,1,187,decode_only,30.049223452806473,4,"[8248,8237,8226,8216]",8216,8231.75,8248,0,0,[],,,,4
3145728,1,188,decode_only,30.04251327365637,4,"[8249,8238,8227,8217]",8217,8232.75,8249,0,0,[],,,,4
3145728,1,189,decode_only,30.24205844849348,4,"[8250,8239,8228,8218]",8218,8233.75,8250,0,0,[],,,,4
3145728,1,190,decode_only,30.193433165550232,4,"[8251,8240,8229,8219]",8219,8234.75,8251,0,0,[],,,,4
3145728,1,191,decode_only,30.314830131828785,4,"[8252,8241,8230,8220]",8220,8235.75,8252,0,0,[],,,,4
3145728,1,192,decode_only,30.261609703302383,4,"[8253,8242,8231,8221]",8221,8236.75,8253,0,0,[],,,,4
3145728,1,193,decode_only,30.379571951925755,4,"[8254,8243,8232,8222]",8222,8237.75,8254,0,0,[],,,,4
3145728,1,194,decode_only,29.38591130077839,3,"[8244,8233,8223]",8223,8233.333333333334,8244,0,0,[],,,,3
3145728,1,195,decode_only,29.29653599858284,3,"[8245,8234,8224]",8224,8234.333333333334,8245,0,0,[],,,,3
3145728,1,196,decode_only,29.27323430776596,3,"[8246,8235,8225]",8225,8235.333333333334,8246,0,0,[],,,,3
3145728,1,197,decode_only,29.424150474369526,3,"[8247,8236,8226]",8226,8236.333333333334,8247,0,0,[],,,,3
3145728,1,198,decode_only,29.332025907933712,3,"[8248,8237,8227]",8227,8237.333333333334,8248,0,0,[],,,,3
3145728,1,199,decode_only,29.313904233276844,3,"[8249,8238,8228]",8228,8238.333333333334,8249,0,0,[],,,,3
3145728,1,200,decode_only,29.417469166219234,3,"[8250,8239,8229]",8229,8239.333333333334,8250,0,0,[],,,,3
3145728,1,201,decode_only,29.352951794862747,3,"[8251,8240,8230]",8230,8240.333333333334,8251,0,0,[],,,,3
3145728,1,202,decode_only,29.27524596452713,3,"[8252,8241,8231]",8231,8241.333333333334,8252,0,0,[],,,,3
3145728,1,203,decode_only,29.313414357602596,3,"[8253,8242,8232]",8232,8242.333333333334,8253,0,0,[],,,,3
3145728,1,204,decode_only,29.39020376652479,3,"[8254,8243,8233]",8233,8243.333333333334,8254,0,0,[],,,,3
3145728,1,205,decode_only,29.463032260537148,2,"[8244,8234]",8234,8239.0,8244,0,0,[],,,,2
3145728,1,206,decode_only,29.474912211298943,2,"[8245,8235]",8235,8240.0,8245,0,0,[],,,,2
3145728,1,207,decode_only,29.465841129422188,2,"[8246,8236]",8236,8241.0,8246,0,0,[],,,,2
3145728,1,208,decode_only,29.410838149487972,2,"[8247,8237]",8237,8242.0,8247,0,0,[],,,,2
3145728,1,209,decode_only,29.51890230178833,2,"[8248,8238]",8238,8243.0,8248,0,0,[],,,,2
3145728,1,210,decode_only,29.34585139155388,2,"[8249,8239]",8239,8244.0,8249,0,0,[],,,,2
3145728,1,211,decode_only,29.49059195816517,2,"[8250,8240]",8240,8245.0,8250,0,0,[],,,,2
3145728,1,212,decode_only,29.357455670833588,2,"[8251,8241]",8241,8246.0,8251,0,0,[],,,,2
3145728,1,213,decode_only,29.35163863003254,2,"[8252,8242]",8242,8247.0,8252,0,0,[],,,,2
3145728,1,214,decode_only,29.54505942761898,2,"[8253,8243]",8243,8248.0,8253,0,0,[],,,,2
3145728,1,215,decode_only,29.487593099474907,2,"[8254,8244]",8244,8249.0,8254,0,0,[],,,,2
3145728,1,216,decode_only,30.101661570370197,1,[8245],8245,8245.0,8245,0,0,[],,,,1
3145728,1,217,decode_only,30.19851166754961,1,[8246],8246,8246.0,8246,0,0,[],,,,1
3145728,1,218,decode_only,30.182933434844017,1,[8247],8247,8247.0,8247,0,0,[],,,,1
3145728,1,219,decode_only,30.098211020231247,1,[8248],8248,8248.0,8248,0,0,[],,,,1
3145728,1,220,decode_only,30.104110948741436,1,[8249],8249,8249.0,8249,0,0,[],,,,1
3145728,1,221,decode_only,30.17311729490757,1,[8250],8250,8250.0,8250,0,0,[],,,,1
3145728,1,222,decode_only,30.057978816330433,1,[8251],8251,8251.0,8251,0,0,[],,,,1
3145728,1,223,decode_only,30.056401155889034,1,[8252],8252,8252.0,8252,0,0,[],,,,1
3145728,1,224,decode_only,30.164966359734535,1,[8253],8253,8253.0,8253,0,0,[],,,,1
3145728,1,225,decode_only,30.0966901704669,1,[8254],8254,8254.0,8254,0,0,[],,,,1
3145728,2,0,prefill_only,17.662831582129,0,[],,,,2048,2098176,[0],0,0.0,0,2048
3145728,2,1,prefill_only,20.32562717795372,0,[],,,,2048,6292480,[2048],2048,2048.0,2048,2048
3145728,2,2,prefill_only,23.65138567984104,0,[],,,,2048,10486784,[4096],4096,4096.0,4096,2048
3145728,2,3,prefill_only,57.04463738948107,0,[],,,,6144,18877440,"[6144,0,0]",0,2048.0,6144,6144
3145728,2,4,mixed,42.37933736294508,1,[8192],8192,8192.0,8192,1237,3145704,"[2048,2048,0]",0,1365.3333333333333,2048,1238
3145728,2,5,mixed,43.18545293062925,1,[8193],8193,8193.0,8193,888,3145687,"[3237,2049,47]",47,1777.6666666666667,3237,889
3145728,2,6,mixed,42.20520704984665,1,[8194],8194,8194.0,8194,707,3144736,[4094],4094,4094.0,4094,708
3145728,2,7,mixed,44.82116363942623,1,[8195],8195,8195.0,8195,650,3145728,"[4801,2050,77,0,0,0]",0,1154.6666666666667,4801,651
3145728,2,8,mixed,44.24429405480623,1,[8196],8196,8196.0,8196,574,3145728,"[5416,2051,95,12,3]",3,1515.4,5416,575
3145728,2,9,mixed,43.08015760034323,1,[8197],8197,8197.0,8197,507,3145712,"[5968,2052]",2052,4010.0,5968,508
3145728,2,10,mixed,44.99987792223692,1,[8198],8198,8198.0,8198,475,3145720,"[6473,2054,108]",108,2878.3333333333335,6473,476
3145728,2,11,mixed,44.164400547742844,1,[8199],8199,8199.0,8199,439,3143679,[6941],6941,6941.0,6941,440
3145728,2,12,mixed,44.91222184151411,1,[8200],8200,8200.0,8200,422,3145728,"[7380,2057,112,17,6]",6,1914.4,7380,423
3145728,2,13,mixed,46.77043296396732,1,[8201],8201,8201.0,8201,407,3145727,"[7794,2059,115,19]",19,2496.75,7794,408
3145728,2,14,mixed,49.468702636659145,1,[8202],8202,8202.0,8202,1197,3145728,"[8187,2061,124,22,7,1,0]",0,1486.0,8187,1198
3145728,2,15,mixed,41.802454739809036,2,"[8203,8192]",8192,8197.5,8203,880,3145714,"[3233,138]",138,1685.5,3233,882
3145728,2,16,mixed,42.006527073681355,2,"[8204,8193]",8193,8198.5,8204,728,3145727,"[4091,160,24,9]",9,1071.0,4091,730
3145728,2,17,mixed,41.230677627027035,2,"[8205,8194]",8194,8199.5,8205,616,3145604,[4798],4798,4798.0,4798,618
3145728,2,18,mixed,41.80347267538309,2,"[8206,8195]",8195,8200.5,8206,576,3145728,"[5414,178]",178,2796.0,5414,578
3145728,2,19,mixed,43.305481784045696,2,"[8207,8196]",8196,8201.5,8207,535,3145727,"[5966,202,26]",26,2064.6666666666665,5966,537
3145728,2,20,mixed,43.704125098884106,2,"[8208,8197]",8197,8202.5,8208,478,3145727,"[6471,225,33,10,2]",2,1348.2,6471,480
3145728,2,21,mixed,42.912814766168594,2,"[8209,8198]",8198,8203.5,8209,453,3145723,"[6940,227,37]",37,2401.3333333333335,6940,455
3145728,2,22,mixed,43.23787149041891,2,"[8210,8199]",8199,8204.5,8210,438,3145724,"[7379,237,41]",41,2552.3333333333335,7379,440
3145728,2,23,mixed,44.000836089253426,2,"[8211,8200]",8200,8205.5,8211,415,3145724,"[7793,256,46]",46,2698.3333333333335,7793,417
3145728,2,24,mixed,59.11098048090935,2,"[8212,8201]",8201,8206.5,8212,2950,3145725,"[8186,277,47,11]",11,2130.25,8186,2952
3145728,2,25,mixed,41.91405512392521,3,"[8213,8202,8192]",8192,8202.333333333334,8213,1110,3145724,"[2325,929,25]",25,1093.0,2325,1113
3145728,2,26,mixed,42.34232380986214,3,"[8214,8203,8193]",8193,8203.333333333334,8214,837,3145728,"[3419,932,38,4,1,0,0]",0,627.7142857142857,3419,840
3145728,2,27,mixed,42.402070946991444,3,"[8215,8204,8194]",8194,8204.333333333334,8215,702,3145728,"[4240,933,46,7,3]",3,1045.8,4240,705
3145728,2,28,mixed,42.91166923940182,3,"[8216,8205,8195]",8195,8205.333333333334,8216,615,3145726,"[4926,934,55,12]",12,1481.75,4926,618
3145728,2,29,mixed,43.15618611872196,3,"[8217,8206,8196]",8196,8206.333333333334,8217,551,3145728,"[5527,938,64,13,4]",4,1309.2,5527,554
3145728,2,30,mixed,42.02481638640165,3,"[8218,8207,8197]",8197,8207.333333333334,8218,503,3145713,"[6069,941]",941,3505.0,6069,506
3145728,2,31,mixed,43.88593789190054,3,"[8219,8208,8198]",8198,8208.333333333334,8219,478,3145728,"[6566,947,65,16,6]",6,1520.0,6566,481
3145728,2,32,mixed,43.09607110917568,3,"[8220,8209,8199]",8199,8209.333333333334,8220,438,3145722,"[7028,952,72]",72,2684.0,7028,441
3145728,2,33,mixed,45.372008346021175,3,"[8221,8210,8200]",8200,8210.333333333334,8221,416,3145720,"[7462,953,75,18]",18,2127.0,7462,419
3145728,2,34,mixed,47.55331203341484,3,"[8222,8211,8201]",8201,8211.333333333334,8222,801,3145676,"[7872,955]",955,4413.5,7872,804
3145728,2,35,mixed,43.239010497927666,4,"[8223,8212,8202,8192]",8192,8207.25,8223,1488,3145727,"[1436,76,21,8,1]",1,308.4,1436,1492
3145728,2,36,mixed,42.10370406508446,4,"[8224,8213,8203,8193]",8193,8208.25,8224,966,3145728,"[2889,107,22,9]",9,756.75,2889,970
3145728,2,37,mixed,43.14202070236206,4,"[8225,8214,8204,8194]",8194,8209.25,8225,784,3145728,"[3825,132,26,10,3,1]",1,666.1666666666666,3825,788
3145728,2,38,mixed,43.09279937297106,4,"[8226,8215,8205,8195]",8195,8210.25,8226,662,3145719,"[4573,162]",162,2367.5,4573,666
3145728,2,39,mixed,43.10643766075373,4,"[8227,8216,8206,8196]",8196,8211.25,8227,600,3145722,"[5215,182,28]",28,1808.3333333333333,5215,604
3145728,2,40,mixed,44.075739569962025,4,"[8228,8217,8207,8197]",8197,8212.25,8228,530,3145726,"[5786,205,34,11]",11,1509.0,5786,534
3145728,2,41,mixed,43.913284316658974,4,"[8229,8218,8208,8198]",8198,8213.25,8229,500,3145728,"[6306,212,36,12,5]",5,1314.2,6306,504
3145728,2,42,mixed,42.837933637201786,4,"[8230,8219,8209,8199]",8199,8214.25,8230,469,3145702,"[6786,227]",227,3506.5,6786,473
3145728,2,43,mixed,43.89987140893936,4,"[8231,8220,8210,8200]",8200,8215.25,8231,442,3145728,"[7234,248,38,14,6]",6,1508.0,7234,446
3145728,2,44,mixed,44.015261344611645,4,"[8232,8221,8211,8201]",8201,8216.25,8232,415,3145722,"[7656,262,41]",41,2653.0,7656,419
3145728,2,45,mixed,52.52343509346247,4,"[8233,8222,8212,8202]",8202,8217.25,8233,1910,3145722,"[8056,273,45]",45,2791.3333333333335,8056,1914
3145728,2,46,mixed,41.33612848818302,5,"[8234,8223,8213,8203,8192]",8192,8213.0,8234,1224,3145725,"[2038,54]",54,1046.0,2038,1229
3145728,2,47,mixed,41.966745629906654,5,"[8235,8224,8214,8204,8193]",8193,8214.0,8235,870,3145720,"[3231,85,15]",15,1110.3333333333333,3231,875
3145728,2,48,mixed,42.743938975036144,5,"[8236,8225,8215,8205,8194]",8194,8215.0,8236,746,3145721,"[4090,95,16]",16,1400.3333333333333,4090,751
3145728,2,49,mixed,43.12419984489679,5,"[8237,8226,8216,8206,8195]",8195,8216.0,8237,627,3145728,"[4797,128,22,8,2,0]",0,826.1666666666666,4797,632
3145728,2,50,mixed,42.207082733511925,5,"[8238,8227,8217,8207,8196]",8196,8217.0,8238,586,3145721,"[5413,133]",133,2773.0,5413,591
3145728,2,51,mixed,43.85734722018242,5,"[8239,8228,8218,8208,8197]",8197,8218.0,8239,542,3145726,"[5965,167,25,9]",9,1541.5,5965,547
3145728,2,52,mixed,44.59575843065977,5,"[8240,8229,8219,8209,8198]",8198,8219.0,8240,481,3145728,"[6470,197,30,11,3,1,0,0]",0,839.0,6470,486
3145728,2,53,mixed,45.17914727330208,5,"[8241,8230,8220,8210,8199]",8199,8220.0,8241,461,3145728,"[6939,202,32,12,4,2]",2,1198.5,6939,466
3145728,2,54,mixed,45.595415867865086,5,"[8242,8231,8221,8211,8200]",8200,8221.0,8242,441,3145726,"[7378,215,37,14]",14,1911.0,7378,446
3145728,2,55,mixed,44.12317182868719,5,"[8243,8232,8222,8212,8201]",8201,8222.0,8243,417,3145689,"[7792,238]",238,4015.0,7792,422
3145728,2,56,mixed,59.48913190513849,5,"[8244,8233,8223,8213,8202]",8202,8223.0,8244,3001,3145728,"[8185,262,39,16,5,3,1,1]",1,1064.0,8185,3006
3145728,2,57,mixed,42.18254052102566,6,"[8245,8234,8224,8214,8203,8192]",8192,8218.666666666666,8245,1119,3145728,"[2310,952,42,9,4]",4,663.4,2310,1125
3145728,2,58,mixed,42.661791667342186,6,"[8246,8235,8225,8215,8204,8193]",8193,8219.666666666666,8246,828,3145728,"[3409,954,55,12,6]",6,887.2,3409,834
3145728,2,59,mixed,43.09838358312845,6,"[8247,8236,8226,8216,8205,8194]",8194,8220.666666666666,8247,695,3145728,"[4232,955,56,14,7,2]",2,877.6666666666666,4232,701
3145728,2,60,mixed,43.37554890662432,6,"[8248,8237,8227,8217,8206,8195]",8195,8221.666666666666,8248,611,3145728,"[4919,957,57,16,8,4,2]",2,851.8571428571429,4919,617
3145728,2,61,mixed,42.13752504438162,6,"[8249,8238,8228,8218,8207,8196]",8196,8222.666666666666,8249,543,3145599,[5521],5521,5521.0,5521,549
3145728,2,62,mixed,43.366702273488045,6,"[8250,8239,8229,8219,8208,8197]",8197,8223.666666666666,8250,509,3145719,"[6064,960,58]",58,2360.6666666666665,6064,515
3145728,2,63,mixed,42.97401383519173,6,"[8251,8240,8230,8220,8209,8198]",8198,8224.666666666666,8251,463,3145622,[6562],6562,6562.0,6562,469
3145728,2,64,mixed,44.14352774620056,6,"[8252,8241,8231,8221,8210,8199]",8199,8225.666666666666,8252,446,3145723,"[7025,961,68,18,9]",9,1616.2,7025,452
3145728,2,65,mixed,44.71207968890667,6,"[8253,8242,8232,8222,8211,8200]",8200,8226.666666666666,8253,421,3145727,"[7459,963,75,20,10]",10,1705.4,7459,427
3145728,2,66,mixed,47.44740389287472,6,"[8254,8243,8233,8223,8212,8201]",8201,8227.666666666666,8254,798,3145708,"[7869,966,79]",79,2971.3333333333335,7869,804
3145728,2,67,mixed,42.970956303179264,6,"[8244,8234,8224,8213,8202,8192]",8192,8218.166666666666,8244,1461,3145723,"[1426,94,23]",23,514.3333333333334,1426,1467
3145728,2,68,mixed,42.0509148389101,6,"[8245,8235,8225,8214,8203,8193]",8193,8219.166666666666,8245,967,3145719,"[2885,95,24]",24,1001.3333333333334,2885,973
3145728,2,69,mixed,43.03686786442995,6,"[8246,8236,8226,8215,8204,8194]",8194,8220.166666666666,8246,768,3145728,"[3822,122,27]",27,1323.6666666666667,3822,774
3145728,2,70,mixed,43.073748238384724,6,"[8247,8237,8227,8216,8205,8195]",8195,8221.166666666666,8247,676,3145720,"[4571,138,30]",30,1579.6666666666667,4571,682
3145728,2,71,mixed,41.92575067281723,6,"[8248,8238,8228,8217,8206,8196]",8196,8222.166666666666,8248,572,3145714,[5213],5213,5213.0,5213,578
3145728,2,72,mixed,43.852691538631916,6,"[8249,8239,8229,8218,8207,8197]",8197,8223.166666666666,8249,535,3145720,"[5785,168,34]",34,1995.6666666666667,5785,541
3145728,2,73,mixed,44.386702589690685,6,"[8250,8240,8230,8219,8208,8198]",8198,8224.166666666666,8250,504,3145727,"[6305,179,38,11,5]",5,1307.6,6305,510
3145728,2,74,mixed,43.28431934118271,6,"[8251,8241,8231,8220,8209,8199]",8199,8225.166666666666,8251,477,3145726,"[6785,199,40]",40,2341.3333333333335,6785,483
3145728,2,75,mixed,43.72209869325161,6,"[8252,8242,8232,8221,8210,8200]",8200,8226.166666666666,8252,443,3145726,"[7233,224,44]",44,2500.3333333333335,7233,449
3145728,2,76,mixed,44.221085496246815,6,"[8253,8243,8233,8222,8211,8201]",8201,8227.166666666666,8253,415,3145728,"[7655,241,48]",48,2648.0,7655,421
3145728,2,77,mixed,53.196522407233715,6,"[8254,8244,8234,8223,8212,8202]",8202,8228.166666666666,8254,1944,3145727,"[8055,255,49,12]",12,2092.75,8055,1950
3145728,2,78,mixed,41.50372464209795,6,"[8245,8235,8224,8213,8203,8192]",8192,8218.666666666666,8245,1206,3145717,"[2031,78]",78,1054.5,2031,1212
3145728,2,79,mixed,42.193093337118626,6,"[8246,8236,8225,8214,8204,8193]",8193,8219.666666666666,8246,863,3145720,"[3227,88]",88,1657.5,3227,869
3145728,2,80,mixed,42.74984076619148,6,"[8247,8237,8226,8215,8205,8194]",8194,8220.666666666666,8247,727,3145728,"[4087,91,14,6,3,0,0]",0,600.1428571428571,4087,733
3145728,2,81,mixed,43.681081384420395,6,"[8248,8238,8227,8216,8206,8195]",8195,8221.666666666666,8248,637,3145725,"[4795,102,18]",18,1638.3333333333333,4795,643
3145728,2,82,mixed,43.64688973873854,6,"[8249,8239,8228,8217,8207,8196]",8196,8222.666666666666,8249,556,3145728,"[5411,119,22]",22,1850.6666666666667,5411,562
3145728,2,83,mixed,44.355858117341995,6,"[8250,8240,8229,8218,8208,8197]",8197,8223.666666666666,8250,555,3145727,"[5964,121,23,7]",7,1528.75,5964,561
3145728,2,84,mixed,44.55399140715599,6,"[8251,8241,8230,8219,8209,8198]",8198,8224.666666666666,8251,480,3145728,"[6469,163,28,10]",10,1667.5,6469,486
3145728,2,85,mixed,43.33887901157141,6,"[8252,8242,8231,8220,8210,8199]",8199,8225.666666666666,8252,460,3145722,"[6938,172,29]",29,2379.6666666666665,6938,466
3145728,2,86,mixed,43.746824376285076,6,"[8253,8243,8232,8221,8211,8200]",8200,8226.666666666666,8253,442,3145709,"[7377,190]",190,3783.5,7377,448
3145728,2,87,mixed,44.26975641399622,6,"[8254,8244,8233,8222,8212,8201]",8201,8227.666666666666,8254,425,3145723,"[7791,218,32]",32,2680.3333333333335,7791,431
3145728,2,88,mixed,59.458959847688675,5,"[8245,8234,8223,8213,8202]",8202,8223.4,8245,3016,3145727,"[8184,245,37,11,4]",4,1696.2,8184,3021
3145728,2,89,mixed,41.235169395804405,6,"[8246,8235,8224,8214,8203,8192]",8192,8219.0,8246,1105,3144830,[2293],2293,2293.0,2293,1111
3145728,2,90,mixed,42.516572400927544,6,"[8247,8236,8225,8215,8204,8193]",8193,8220.0,8247,850,3145728,"[3398,980,26,6,1]",1,882.2,3398,856
3145728,2,91,mixed,42.55441389977932,6,"[8248,8237,8226,8216,8205,8194]",8194,8221.0,8248,698,3145725,"[4223,981,44]",44,1749.3333333333333,4223,704
3145728,2,92,mixed,42.922256514430046,6,"[8249,8238,8227,8217,8206,8195]",8195,8222.0,8249,614,3145726,"[4911,984,51,9]",9,1488.75,4911,620
3145728,2,93,mixed,43.731337413191795,6,"[8250,8239,8228,8218,8207,8196]",8196,8223.0,8250,561,3145722,"[5514,986,56]",56,2185.3333333333335,5514,567
3145728,2,94,mixed,43.92853192985058,6,"[8251,8240,8229,8219,8208,8197]",8197,8224.0,8251,511,3145728,"[6057,989,71,13,4,1,0]",0,1019.2857142857143,6057,517
3145728,2,95,mixed,44.09472830593586,6,"[8252,8241,8230,8220,8209,8198]",8198,8225.0,8252,474,3145728,"[6555,994,72,16,6]",6,1528.6,6555,480
3145728,2,96,mixed,45.13496067374945,6,"[8253,8242,8231,8221,8210,8199]",8199,8226.0,8253,447,3145725,"[7018,997,76,19]",19,2027.5,7018,453
3145728,2,97,mixed,45.697432942688465,6,"[8254,8243,8232,8222,8211,8200]",8200,8227.0,8254,421,3145728,"[7452,1002,82,21,7,2]",2,1427.6666666666667,7452,427
3145728,2,98,mixed,46.44213430583477,5,"[8244,8233,8223,8212,8201]",8201,8222.6,8244,745,3145711,"[7862,1008,83]",83,2984.3333333333335,7862,750
3145728,2,99,mixed,43.215351179242134,6,"[8245,8234,8224,8213,8202,8192]",8192,8218.333333333334,8245,1483,3145725,"[1417,89,22]",22,509.3333333333333,1417,1489
3145728,2,100,mixed,41.093066334724426,6,"[8246,8235,8225,8214,8203,8193]",8193,8219.333333333334,8246,939,3145650,[2880],2880,2880.0,2880,945
3145728,2,101,mixed,42.81995166093111,6,"[8247,8236,8226,8215,8204,8194]",8194,8220.333333333334,8247,787,3145727,"[3819,106,25]",25,1316.6666666666667,3819,793
3145728,2,102,mixed,43.26015152037144,6,"[8248,8237,8227,8216,8205,8195]",8195,8221.333333333334,8248,658,3145725,"[4568,141,28,8]",8,1186.25,4568,664
3145728,2,103,mixed,43.181600980460644,6,"[8249,8238,8228,8217,8206,8196]",8196,8222.333333333334,8249,582,3145726,"[5211,150,32,10]",10,1350.75,5211,588
3145728,2,104,mixed,43.75541489571333,6,"[8250,8239,8229,8218,8207,8197]",8197,8223.333333333334,8250,541,3145725,"[5783,157,34]",34,1991.3333333333333,5783,547
3145728,2,105,mixed,44.27266027778387,6,"[8251,8240,8230,8219,8208,8198]",8198,8224.333333333334,8251,511,3145727,"[6303,175,37,11,4]",4,1306.0,6303,517
3145728,2,106,mixed,43.207610957324505,6,"[8252,8241,8231,8220,8209,8199]",8199,8225.333333333334,8252,480,3145721,"[6783,200,40]",40,2341.0,6783,486
3145728,2,107,mixed,44.15645729750395,6,"[8253,8242,8232,8221,8210,8200]",8200,8226.333333333334,8253,448,3145727,"[7231,229,43,13,5]",5,1504.2,7231,454
3145728,2,108,mixed,44.07484084367752,6,"[8254,8243,8233,8222,8211,8201]",8201,8227.333333333334,8254,420,3145718,"[7653,249,47]",47,2649.6666666666665,7653,426
3145728,2,109,mixed,52.950878627598286,5,"[8244,8234,8223,8212,8202]",8202,8223.0,8244,1912,3145727,"[8053,265,51,14,6]",6,1677.8,8053,1917
3145728,2,110,mixed,41.43625032156706,6,"[8245,8235,8224,8213,8203,8192]",8192,8218.666666666666,8245,1220,3145724,"[2025,60]",60,1042.5,2025,1226
3145728,2,111,mixed,42.52115823328495,6,"[8246,8236,8225,8214,8204,8193]",8193,8219.666666666666,8246,901,3145723,"[3223,82,16]",16,1107.0,3223,907
3145728,2,112,mixed,42.562336660921574,6,"[8247,8237,8226,8215,8205,8194]",8194,8220.666666666666,8247,742,3145727,"[4083,118,21]",21,1407.3333333333333,4083,748
3145728,2,113,mixed,43.7651751562953,6,"[8248,8238,8227,8216,8206,8195]",8195,8221.666666666666,8248,646,3145723,"[4791,147,26]",26,1654.6666666666667,4791,652
3145728,2,114,mixed,43.35047956556082,6,"[8249,8239,8228,8217,8207,8196]",8196,8222.666666666666,8249,572,3145728,"[5407,174,29,8]",8,1404.5,5407,578
3145728,2,115,mixed,43.90635062009096,6,"[8250,8240,8229,8218,8208,8197]",8197,8223.666666666666,8250,521,3145728,"[5960,187,32,11,1]",1,1238.2,5960,527
3145728,2,116,mixed,43.60745754092932,6,"[8251,8241,8230,8219,8209,8198]",8198,8224.666666666666,8251,486,3145718,"[6466,195,36]",36,2232.3333333333335,6466,492
3145728,2,117,mixed,43.7336852774024,6,"[8252,8242,8231,8220,8210,8199]",8199,8225.666666666666,8252,464,3145726,"[6935,209,39,13,2]",2,1439.6,6935,470
3145728,2,118,mixed,45.78608553856611,6,"[8253,8243,8232,8221,8211,8200]",8200,8226.666666666666,8253,446,3145728,"[7374,230,40,14]",14,1914.5,7374,452
3145728,2,119,mixed,44.20705232769251,6,"[8254,8244,8233,8222,8212,8201]",8201,8227.666666666666,8254,426,3145728,"[7788,258,43]",43,2696.3333333333335,7788,432
3145728,2,120,mixed,59.23298839479685,5,"[8245,8234,8223,8213,8202]",8202,8223.4,8245,2897,3145726,"[8181,285,49,15,4]",4,1706.8,8181,2902
3145728,2,121,mixed,42.13473480194807,6,"[8246,8235,8224,8214,8203,8192]",8192,8219.0,8246,1105,3145728,"[2333,865,34,7]",7,809.75,2333,1111
3145728,2,122,mixed,41.60964209586382,6,"[8247,8236,8225,8215,8204,8193]",8193,8220.0,8247,820,3145110,[3425],3425,3425.0,3425,826
3145728,2,123,mixed,42.43920650333166,6,"[8248,8237,8226,8216,8205,8194]",8194,8221.0,8248,695,3145727,"[4245,866,45]",45,1718.6666666666667,4245,701
3145728,2,124,mixed,43.31181384623051,6,"[8249,8238,8227,8217,8206,8195]",8195,8222.0,8249,609,3145721,"[4930,869,52,8]",8,1464.75,4930,615
3145728,2,125,mixed,42.0337887480855,6,"[8250,8239,8228,8218,8207,8196]",8196,8223.0,8250,542,3144955,[5531],5531,5531.0,5531,548
3145728,2,126,mixed,43.66535972803831,6,"[8251,8240,8229,8219,8208,8197]",8197,8224.0,8251,506,3145723,"[6073,871,54,12]",12,1752.5,6073,512
3145728,2,127,mixed,44.69705652445555,6,"[8252,8241,8230,8220,8209,8198]",8198,8225.0,8252,479,3145717,"[6570,875,57,14]",14,1879.0,6570,485
3145728,2,128,mixed,45.206015929579735,6,"[8253,8242,8231,8221,8210,8199]",8199,8226.0,8253,452,3145711,"[7032,878,69,16]",16,1998.75,7032,458
3145728,2,129,mixed,44.04868558049202,6,"[8254,8243,8232,8222,8211,8200]",8200,8227.0,8254,410,3144905,[7465],7465,7465.0,7465,416
3145728,2,130,mixed,48.56129642575979,5,"[8244,8233,8223,8212,8201]",8201,8222.6,8244,847,3145719,"[7875,885,78,19]",19,2214.25,7875,852
3145728,2,131,mixed,43.23545563966036,6,"[8245,8234,8224,8213,8202,8192]",8192,8218.333333333334,8245,1490,3145719,"[1407,83,22]",22,504.0,1407,1496
3145728,2,132,mixed,42.047685012221336,6,"[8246,8235,8225,8214,8203,8193]",8193,8219.333333333334,8246,951,3145713,"[2875,104,23]",23,1000.6666666666666,2875,957
3145728,2,133,mixed,43.123831041157246,6,"[8247,8236,8226,8215,8204,8194]",8194,8220.333333333334,8247,773,3145727,"[3815,112]",112,1963.5,3815,779
3145728,2,134,mixed,43.00798289477825,6,"[8248,8237,8227,8216,8205,8195]",8195,8221.333333333334,8248,666,3145722,"[4565,135]",135,2350.0,4565,672
3145728,2,135,mixed,43.078781105577946,6,"[8249,8238,8228,8217,8206,8196]",8196,8222.333333333334,8249,590,3145720,"[5208,158,26]",26,1797.3333333333333,5208,596
3145728,2,136,mixed,44.10758148878813,6,"[8250,8239,8229,8218,8207,8197]",8197,8223.333333333334,8250,549,3145710,"[5780,175,27]",27,1994.0,5780,555
3145728,2,137,mixed,43.672035448253155,6,"[8251,8240,8230,8219,8208,8198]",8198,8224.333333333334,8251,511,3145713,"[6300,199,32]",32,2177.0,6300,517
3145728,2,138,mixed,43.08813251554966,6,"[8252,8241,8231,8220,8209,8199]",8199,8225.333333333334,8252,451,3145704,"[6780,228]",228,3504.0,6780,457
3145728,2,139,mixed,43.59755013138056,6,"[8253,8242,8232,8221,8210,8200]",8200,8226.333333333334,8253,446,3145711,"[7229,230]",230,3729.5,7229,452
3145728,2,140,mixed,44.11653522402048,6,"[8254,8243,8233,8222,8211,8201]",8201,8227.333333333334,8254,422,3145724,"[7651,254,34]",34,2646.3333333333335,7651,428
3145728,2,141,mixed,52.562118507921696,5,"[8244,8234,8223,8212,8202]",8202,8223.0,8244,1902,3145700,"[8051,273,37]",37,2787.0,8051,1907
3145728,2,142,mixed,41.46616533398628,6,"[8245,8235,8224,8213,8203,8192]",8192,8218.666666666666,8245,1206,3145699,"[2018,53]",53,1035.5,2018,1212
3145728,2,143,mixed,42.18107834458351,6,"[8246,8236,8225,8214,8204,8193]",8193,8219.666666666666,8246,900,3145692,"[3219,58]",58,1638.5,3219,906
3145728,2,144,mixed,42.356363497674465,6,"[8247,8237,8226,8215,8205,8194]",8194,8220.666666666666,8247,721,3145657,"[4080,97]",97,2088.5,4080,727
3145728,2,145,mixed,41.75952170044184,6,"[8248,8238,8227,8216,8206,8195]",8195,8221.666666666666,8248,619,3145687,"[4789,109]",109,2449.0,4789,625
3145728,2,146,mixed,41.926599107682705,6,"[8249,8239,8228,8217,8207,8196]",8196,8222.666666666666,8249,577,3145663,"[5406,111]",111,2758.5,5406,583
3145728,2,147,mixed,42.59903356432915,6,"[8250,8240,8229,8218,8208,8197]",8197,8223.666666666666,8250,521,3145670,"[5959,135]",135,3047.0,5959,527
3145728,2,148,mixed,42.5834720954299,6,"[8251,8241,8230,8219,8209,8198]",8198,8224.666666666666,8251,490,3145681,"[6465,150]",150,3307.5,6465,496
3145728,2,149,mixed,43.33395231515169,6,"[8252,8242,8231,8220,8210,8199]",8199,8225.666666666666,8252,466,3145601,"[6934,171]",171,3552.5,6934,472
3145728,2,150,mixed,43.889179825782776,6,"[8253,8243,8232,8221,8211,8200]",8200,8226.666666666666,8253,448,3145654,"[7373,198]",198,3785.5,7373,454
3145728,2,151,mixed,44.17322110384703,6,"[8254,8244,8233,8222,8212,8201]",8201,8227.666666666666,8254,425,3145664,"[7787,232]",232,4009.5,7787,431
3145728,2,152,mixed,54.263027384877205,5,"[8245,8234,8223,8213,8202]",8202,8223.4,8245,2060,2737086,"[8180,264]",264,4222.0,8180,2065
3145728,2,153,mixed,41.24911781400442,6,"[8246,8235,8224,8214,8203,8192]",8192,8219.0,8246,1099,3145338,[2312],2312,2312.0,2312,1105
3145728,2,154,mixed,41.64532572031021,6,"[8247,8236,8225,8215,8204,8193]",8193,8220.0,8247,822,3142095,[3411],3411,3411.0,3411,828
3145728,2,155,mixed,41.66967794299126,6,"[8248,8237,8226,8216,8205,8194]",8194,8221.0,8248,687,3144399,[4233],4233,4233.0,4233,693
3145728,2,156,mixed,41.474380530416965,6,"[8249,8238,8227,8217,8206,8195]",8195,8222.0,8249,602,3143343,[4920],4920,4920.0,4920,608
3145728,2,157,mixed,41.96836240589619,6,"[8250,8239,8228,8218,8207,8196]",8196,8223.0,8250,542,3140077,[5522],5522,5522.0,5522,548
3145728,2,158,mixed,42.35501307994127,6,"[8251,8240,8229,8219,8208,8197]",8197,8224.0,8251,498,3144123,[6064],6064,6064.0,6064,504
3145728,2,159,mixed,43.09768695384264,6,"[8252,8241,8230,8220,8209,8198]",8198,8225.0,8252,463,3145622,[6562],6562,6562.0,6562,469
3145728,2,160,mixed,43.301925994455814,6,"[8253,8242,8231,8221,8210,8199]",8199,8226.0,8253,434,3143245,[7025],7025,7025.0,7025,440
3145728,2,161,mixed,43.949468061327934,6,"[8254,8243,8232,8222,8211,8200]",8200,8227.0,8254,410,3142445,[7459],7459,7459.0,7459,416
3145728,2,162,mixed,43.82370971143246,5,"[8244,8233,8223,8212,8201]",8201,8222.6,8244,323,2594013,[7869],7869,7869.0,7869,328
3145728,2,163,decode_only,30.700091272592545,6,"[8245,8234,8224,8213,8202,8192]",8192,8218.333333333334,8245,0,0,[],,,,6
3145728,2,164,decode_only,30.641970224678516,6,"[8246,8235,8225,8214,8203,8193]",8193,8219.333333333334,8246,0,0,[],,,,6
3145728,2,165,decode_only,30.434790067374706,6,"[8247,8236,8226,8215,8204,8194]",8194,8220.333333333334,8247,0,0,[],,,,6
3145728,2,166,decode_only,30.645428225398064,6,"[8248,8237,8227,8216,8205,8195]",8195,8221.333333333334,8248,0,0,[],,,,6
3145728,2,167,decode_only,30.672404915094376,6,"[8249,8238,8228,8217,8206,8196]",8196,8222.333333333334,8249,0,0,[],,,,6
3145728,2,168,decode_only,30.66797833889723,6,"[8250,8239,8229,8218,8207,8197]",8197,8223.333333333334,8250,0,0,[],,,,6
3145728,2,169,decode_only,30.436771921813488,6,"[8251,8240,8230,8219,8208,8198]",8198,8224.333333333334,8251,0,0,[],,,,6
3145728,2,170,decode_only,30.892854556441307,6,"[8252,8241,8231,8220,8209,8199]",8199,8225.333333333334,8252,0,0,[],,,,6
3145728,2,171,decode_only,30.654428526759148,6,"[8253,8242,8232,8221,8210,8200]",8200,8226.333333333334,8253,0,0,[],,,,6
3145728,2,172,decode_only,30.624126084148884,6,"[8254,8243,8233,8222,8211,8201]",8201,8227.333333333334,8254,0,0,[],,,,6
3145728,2,173,decode_only,29.54751905053854,5,"[8244,8234,8223,8212,8202]",8202,8223.0,8244,0,0,[],,,,5
3145728,2,174,decode_only,29.594878666102886,5,"[8245,8235,8224,8213,8203]",8203,8224.0,8245,0,0,[],,,,5
3145728,2,175,decode_only,29.53494433313608,5,"[8246,8236,8225,8214,8204]",8204,8225.0,8246,0,0,[],,,,5
3145728,2,176,decode_only,29.54536210745573,5,"[8247,8237,8226,8215,8205]",8205,8226.0,8247,0,0,[],,,,5
3145728,2,177,decode_only,29.482158832252026,5,"[8248,8238,8227,8216,8206]",8206,8227.0,8248,0,0,[],,,,5
3145728,2,178,decode_only,29.425080865621567,5,"[8249,8239,8228,8217,8207]",8207,8228.0,8249,0,0,[],,,,5
3145728,2,179,decode_only,29.47415132075548,5,"[8250,8240,8229,8218,8208]",8208,8229.0,8250,0,0,[],,,,5
3145728,2,180,decode_only,29.480752535164356,5,"[8251,8241,8230,8219,8209]",8209,8230.0,8251,0,0,[],,,,5
3145728,2,181,decode_only,29.42983340471983,5,"[8252,8242,8231,8220,8210]",8210,8231.0,8252,0,0,[],,,,5
3145728,2,182,decode_only,29.431556351482868,5,"[8253,8243,8232,8221,8211]",8211,8232.0,8253,0,0,[],,,,5
3145728,2,183,decode_only,29.527711682021618,5,"[8254,8244,8233,8222,8212]",8212,8233.0,8254,0,0,[],,,,5
3145728,2,184,decode_only,30.45265283435583,4,"[8245,8234,8223,8213]",8213,8228.75,8245,0,0,[],,,,4
3145728,2,185,decode_only,30.38115333765745,4,"[8246,8235,8224,8214]",8214,8229.75,8246,0,0,[],,,,4
3145728,2,186,decode_only,30.33976163715124,4,"[8247,8236,8225,8215]",8215,8230.75,8247,0,0,[],,,,4
3145728,2,187,decode_only,30.352501198649406,4,"[8248,8237,8226,8216]",8216,8231.75,8248,0,0,[],,,,4
3145728,2,188,decode_only,30.462232418358326,4,"[8249,8238,8227,8217]",8217,8232.75,8249,0,0,[],,,,4
3145728,2,189,decode_only,30.423978343605995,4,"[8250,8239,8228,8218]",8218,8233.75,8250,0,0,[],,,,4
3145728,2,190,decode_only,30.68000730127096,4,"[8251,8240,8229,8219]",8219,8234.75,8251,0,0,[],,,,4
3145728,2,191,decode_only,30.47988936305046,4,"[8252,8241,8230,8220]",8220,8235.75,8252,0,0,[],,,,4
3145728,2,192,decode_only,30.349034816026688,4,"[8253,8242,8231,8221]",8221,8236.75,8253,0,0,[],,,,4
3145728,2,193,decode_only,30.464882031083107,4,"[8254,8243,8232,8222]",8222,8237.75,8254,0,0,[],,,,4
3145728,2,194,decode_only,29.461923986673355,3,"[8244,8233,8223]",8223,8233.333333333334,8244,0,0,[],,,,3
3145728,2,195,decode_only,29.434166848659515,3,"[8245,8234,8224]",8224,8234.333333333334,8245,0,0,[],,,,3
3145728,2,196,decode_only,29.433315619826317,3,"[8246,8235,8225]",8225,8235.333333333334,8246,0,0,[],,,,3
3145728,2,197,decode_only,29.49735801666975,3,"[8247,8236,8226]",8226,8236.333333333334,8247,0,0,[],,,,3
3145728,2,198,decode_only,29.432501643896103,3,"[8248,8237,8227]",8227,8237.333333333334,8248,0,0,[],,,,3
3145728,2,199,decode_only,29.426058754324913,3,"[8249,8238,8228]",8228,8238.333333333334,8249,0,0,[],,,,3
3145728,2,200,decode_only,29.468885622918606,3,"[8250,8239,8229]",8229,8239.333333333334,8250,0,0,[],,,,3
3145728,2,201,decode_only,29.432976618409157,3,"[8251,8240,8230]",8230,8240.333333333334,8251,0,0,[],,,,3
3145728,2,202,decode_only,29.428028501570225,3,"[8252,8241,8231]",8231,8241.333333333334,8252,0,0,[],,,,3
3145728,2,203,decode_only,29.514901340007782,3,"[8253,8242,8232]",8232,8242.333333333334,8253,0,0,[],,,,3
3145728,2,204,decode_only,29.568185098469257,3,"[8254,8243,8233]",8233,8243.333333333334,8254,0,0,[],,,,3
3145728,2,205,decode_only,29.705175198614597,2,"[8244,8234]",8234,8239.0,8244,0,0,[],,,,2
3145728,2,206,decode_only,29.547668993473053,2,"[8245,8235]",8235,8240.0,8245,0,0,[],,,,2
3145728,2,207,decode_only,29.70078121870756,2,"[8246,8236]",8236,8241.0,8246,0,0,[],,,,2
3145728,2,208,decode_only,29.808513820171356,2,"[8247,8237]",8237,8242.0,8247,0,0,[],,,,2
3145728,2,209,decode_only,29.699248261749744,2,"[8248,8238]",8238,8243.0,8248,0,0,[],,,,2
3145728,2,210,decode_only,29.84763216227293,2,"[8249,8239]",8239,8244.0,8249,0,0,[],,,,2
3145728,2,211,decode_only,29.6299634501338,2,"[8250,8240]",8240,8245.0,8250,0,0,[],,,,2
3145728,2,212,decode_only,29.667632654309273,2,"[8251,8241]",8241,8246.0,8251,0,0,[],,,,2
3145728,2,213,decode_only,29.546111822128296,2,"[8252,8242]",8242,8247.0,8252,0,0,[],,,,2
3145728,2,214,decode_only,29.627746902406216,2,"[8253,8243]",8243,8248.0,8253,0,0,[],,,,2
3145728,2,215,decode_only,29.60600983351469,2,"[8254,8244]",8244,8249.0,8254,0,0,[],,,,2
3145728,2,216,decode_only,30.188240110874176,1,[8245],8245,8245.0,8245,0,0,[],,,,1
3145728,2,217,decode_only,30.266459099948406,1,[8246],8246,8246.0,8246,0,0,[],,,,1
3145728,2,218,decode_only,30.22298775613308,1,[8247],8247,8247.0,8247,0,0,[],,,,1
3145728,2,219,decode_only,30.235005542635918,1,[8248],8248,8248.0,8248,0,0,[],,,,1
3145728,2,220,decode_only,30.259321443736553,1,[8249],8249,8249.0,8249,0,0,[],,,,1
3145728,2,221,decode_only,30.206670984625816,1,[8250],8250,8250.0,8250,0,0,[],,,,1
3145728,2,222,decode_only,30.238079838454723,1,[8251],8251,8251.0,8251,0,0,[],,,,1
3145728,2,223,decode_only,30.282845720648766,1,[8252],8252,8252.0,8252,0,0,[],,,,1
3145728,2,224,decode_only,30.238949693739414,1,[8253],8253,8253.0,8253,0,0,[],,,,1
3145728,2,225,decode_only,30.20021039992571,1,[8254],8254,8254.0,8254,0,0,[],,,,1
2097152,0,0,prefill_only,17.174024134874344,0,[],,,,2048,2098176,[0],0,0.0,0,2048
2097152,0,1,prefill_only,20.37659101188183,0,[],,,,2048,6292480,[2048],2048,2048.0,2048,2048
2097152,0,2,prefill_only,23.608221672475338,0,[],,,,2048,10486784,[4096],4096,4096.0,4096,2048
2097152,0,3,prefill_only,57.22424108535051,0,[],,,,6144,18877440,"[6144,0,0]",0,2048.0,6144,6144
2097152,0,4,mixed,40.59042129665613,1,[8192],8192,8192.0,8192,848,2096680,[2048],2048,2048.0,2048,849
2097152,0,5,mixed,41.12017061561346,1,[8193],8193,8193.0,8193,698,2097152,"[2896,2048,0]",0,1648.0,2896,699
2097152,0,6,mixed,41.23070556670427,1,[8194],8194,8194.0,8194,583,2097151,"[3546,2049,47,0,0]",0,1128.4,3546,584
2097152,0,7,mixed,41.50019492954016,1,[8195],8195,8195.0,8195,501,2097152,"[4094,2050,71,8,2,0]",0,1037.5,4094,502
2097152,0,8,mixed,40.75900558382273,1,[8196],8196,8196.0,8196,437,2095852,[4577],4577,4577.0,4577,438
2097152,0,9,mixed,41.39716736972332,1,[8197],8197,8197.0,8197,402,2096631,[5014],5014,5014.0,5014,403
2097152,0,10,mixed,41.54692962765694,1,[8198],8198,8198.0,8198,374,2095709,[5416],5416,5416.0,5416,375
2097152,0,11,mixed,43.48912835121155,1,[8199],8199,8199.0,8199,368,2097150,"[5790,2051,81,12]",12,1983.5,5790,369
2097152,0,12,mixed,42.249612510204315,1,[8200],8200,8200.0,8200,347,2097151,"[6141,2052,92,17,3]",3,1661.0,6141,348
2097152,0,13,mixed,42.504243552684784,1,[8201],8201,8201.0,8201,316,2095554,[6473],6473,6473.0,6473,317
2097152,0,14,mixed,42.98119526356459,1,[8202],8202,8202.0,8202,302,2096031,[6789],6789,6789.0,6789,303
2097152,0,15,mixed,43.48546825349331,1,[8203],8203,8203.0,8203,313,2097152,"[7091,2053,102,18,6,2,0]",0,1324.5714285714287,7091,314
2097152,0,16,mixed,44.0601808950305,1,[8204],8204,8204.0,8204,289,2097151,"[7380,2055,118,21,7]",7,1916.2,7380,290
2097152,0,17,mixed,44.01075094938278,1,[8205],8205,8205.0,8205,269,2096317,[7658],7658,7658.0,7658,270
2097152,0,18,mixed,44.308885000646114,1,[8206],8206,8206.0,8206,262,2097132,"[7927,2058,122]",122,3369.0,7927,263
2097152,0,19,mixed,48.32193907350302,1,[8207],8207,8207.0,8207,861,2097152,"[8187,2059,123,24,8,3,1,0,0]",0,1156.111111111111,8187,862
2097152,0,20,mixed,40.29005020856857,2,"[8208,8192]",8192,8200.0,8208,660,2097150,"[2889,140,28,9,4]",4,614.0,2889,662
2097152,0,21,mixed,39.911664091050625,2,"[8209,8193]",8193,8201.0,8209,565,2097147,"[3541,144,30,10]",10,931.25,3541,567
2097152,0,22,mixed,39.774831384420395,2,"[8210,8194]",8194,8202.0,8210,489,2097152,"[4090,158,31,11,5]",5,859.0,4090,491
2097152,0,23,mixed,39.851621724665165,2,"[8211,8195]",8195,8203.0,8211,455,2097148,"[4574,159,32]",32,1588.3333333333333,4574,457
2097152,0,24,mixed,40.13172164559364,2,"[8212,8196]",8196,8204.0,8212,414,2097147,"[5011,174,35]",35,1740.0,5011,416
2097152,0,25,mixed,41.85176268219948,2,"[8213,8197]",8197,8205.0,8213,390,2097150,"[5413,183,38,13]",13,1411.75,5413,392
2097152,0,26,mixed,40.8415338024497,2,"[8214,8198]",8198,8206.0,8214,371,2097143,"[5787,196]",196,2991.5,5787,373
2097152,0,27,mixed,42.846261523664,2,"[8215,8199]",8199,8207.0,8215,355,2097149,"[6138,216,40,14]",14,1602.0,6138,357
2097152,0,28,mixed,41.37947503477335,2,"[8216,8200]",8200,8208.0,8216,330,2097148,"[6470,233,45,15]",15,1690.75,6470,332
2097152,0,29,mixed,42.66607202589512,2,"[8217,8201]",8201,8209.0,8217,310,2097105,"[6786,243]",243,3514.5,6786,312
2097152,0,30,mixed,43.05799584835768,2,"[8218,8202]",8202,8210.0,8218,318,2097139,"[7088,251,48]",48,2462.3333333333335,7088,320
2097152,0,31,mixed,42.97146573662758,2,"[8219,8203]",8203,8211.0,8219,304,2097114,"[7377,276]",276,3826.5,7377,306
2097152,0,32,mixed,42.98632126301527,2,"[8220,8204]",8204,8212.0,8220,276,2097142,"[7655,302,52]",52,2669.6666666666665,7655,278
2097152,0,33,mixed,42.982581071555614,2,"[8221,8205]",8205,8213.0,8221,272,2097146,"[7924,307,54]",54,2761.6666666666665,7924,274
2097152,0,34,mixed,52.15047765523195,2,"[8222,8206]",8206,8214.0,8222,1761,2097151,"[8184,316,57,16,6]",6,1715.8,8184,1763
2097152,0,35,mixed,40.13120476156473,3,"[8223,8207,8192]",8192,8207.333333333334,8223,874,2097141,"[2039,84]",84,1061.5,2039,877
2097152,0,36,mixed,40.87757412344217,3,"[8224,8208,8193]",8193,8208.333333333334,8224,663,2097151,"[2889,108,17,8,2]",2,604.8,2889,666
2097152,0,37,mixed,40.17604887485504,3,"[8225,8209,8194]",8194,8209.333333333334,8225,570,2097152,"[3541,113,21]",21,1225.0,3541,573
2097152,0,38,mixed,40.16666300594807,3,"[8226,8210,8195]",8195,8210.333333333334,8226,489,2097152,"[4090,130,25,9]",9,1063.5,4090,492
2097152,0,39,mixed,41.05357639491558,3,"[8227,8211,8196]",8196,8211.333333333334,8227,459,2097152,"[4574,131,28,10]",10,1185.75,4574,462
2097152,0,40,mixed,40.030923672020435,3,"[8228,8212,8197]",8197,8212.333333333334,8228,413,2097130,"[5011,149]",149,2580.0,5011,416
2097152,0,41,mixed,42.2343909740448,3,"[8229,8213,8198]",8198,8213.333333333334,8229,391,2097151,"[5413,160,30,12]",12,1403.75,5413,394
2097152,0,42,mixed,41.14742483943701,3,"[8230,8214,8199]",8199,8214.333333333334,8230,374,2097148,"[5787,175,31]",31,1997.6666666666667,5787,377
2097152,0,43,mixed,41.389589197933674,3,"[8231,8215,8200]",8200,8215.333333333334,8231,357,2097152,"[6138,197,32,13,3]",3,1276.6,6138,360
2097152,0,44,mixed,41.80877935141325,3,"[8232,8216,8201]",8201,8216.333333333334,8232,331,2097152,"[6470,216,35,14]",14,1683.75,6470,334
2097152,0,45,mixed,41.98979400098324,3,"[8233,8217,8202]",8202,8217.333333333334,8233,315,2097152,"[6786,227,37,16]",16,1766.5,6786,318
2097152,0,46,mixed,42.37470030784607,3,"[8234,8218,8203]",8203,8218.333333333334,8234,318,2097145,"[7088,235,41]",41,2454.6666666666665,7088,321
2097152,0,47,mixed,43.67651790380478,3,"[8235,8219,8204]",8204,8219.333333333334,8235,309,2097152,"[7377,262,43,17,5]",5,1540.8,7377,312
2097152,0,48,mixed,42.916083708405495,3,"[8236,8220,8205]",8205,8220.333333333334,8236,279,2097150,"[7655,289,45,18]",18,2001.75,7655,282
2097152,0,49,mixed,43.53673197329044,3,"[8237,8221,8206]",8206,8221.333333333334,8237,277,2097152,"[7924,294,48,20,6]",6,1658.4,7924,280
2097152,0,50,mixed,52.505599334836006,3,"[8238,8222,8207]",8207,8222.333333333334,8238,1772,2097149,"[8184,303,53,21]",21,2140.25,8184,1775
2097152,0,51,mixed,40.38133006542921,4,"[8239,8223,8208,8192]",8192,8215.5,8239,866,2097147,"[2037,82,22]",22,713.6666666666666,2037,870
2097152,0,52,mixed,40.36089777946472,4,"[8240,8224,8209,8193]",8193,8216.5,8240,669,2097152,"[2888,94,25,8,1]",1,603.2,2888,673
2097152,0,53,mixed,39.34886027127504,4,"[8241,8225,8210,8194]",8194,8217.5,8241,572,2097149,"[3540,106]",106,1823.0,3540,576
2097152,0,54,mixed,40.278829634189606,4,"[8242,8226,8211,8195]",8195,8218.5,8242,493,2097152,"[4089,129,28,9,2]",2,851.4,4089,497
2097152,0,55,mixed,39.8960392922163,4,"[8243,8227,8212,8196]",8196,8219.5,8243,458,2097149,"[4573,134]",134,2353.5,4573,462
2097152,0,56,mixed,40.331083349883556,4,"[8244,8228,8213,8197]",8197,8220.5,8244,415,2097129,"[5010,155]",155,2582.5,5010,419
2097152,0,57,mixed,40.73083493858576,4,"[8245,8229,8214,8198]",8198,8221.5,8245,396,2097152,"[5412,168,29,10,4]",4,1124.6,5412,400
2097152,0,58,mixed,42.59568452835083,4,"[8246,8230,8215,8199]",8199,8222.5,8246,379,2097150,"[5786,184,32,11]",11,1503.25,5786,383
2097152,0,59,mixed,42.94309392571449,4,"[8247,8231,8216,8200]",8200,8223.5,8247,356,2097152,"[6137,206,37,12,6,1]",1,1066.5,6137,360
2097152,0,60,mixed,41.63513612002134,4,"[8248,8232,8217,8201]",8201,8224.5,8248,331,2097148,"[6469,226,38,13]",13,1686.5,6469,335
2097152,0,61,mixed,42.257907800376415,4,"[8249,8233,8218,8202]",8202,8225.5,8249,315,2097149,"[6785,238,39,15]",15,1769.25,6785,319
2097152,0,62,mixed,42.41303540766239,4,"[8250,8234,8219,8203]",8203,8226.5,8250,317,2097138,"[7087,247,42]",42,2458.6666666666665,7087,321
2097152,0,63,mixed,42.660134844481945,4,"[8251,8235,8220,8204]",8204,8227.5,8251,279,2096964,[7376],7376,7376.0,7376,283
2097152,0,64,mixed,43.19043178111315,4,"[8252,8236,8221,8205]",8205,8228.5,8252,281,2097150,"[7655,274,43,16,7]",7,1599.0,7655,285
2097152,0,65,mixed,43.65516174584627,4,"[8253,8237,8222,8206]",8206,8229.5,8253,274,2097151,"[7924,279,48,17]",17,2067.0,7924,278
2097152,0,66,mixed,52.83962655812502,4,"[8254,8238,8223,8207]",8207,8230.5,8254,1788,2097152,"[8184,289,50,19,8,2,0,0]",0,1069.0,8184,1792
2097152,0,67,mixed,40.13107344508171,4,"[8239,8224,8208,8192]",8192,8215.75,8239,881,2097146,"[2035,79]",79,1057.0,2035,885
2097152,0,68,mixed,40.84530659019947,4,"[8240,8225,8209,8193]",8193,8216.75,8240,679,2097152,"[2886,109,20,9,3,1]",1,504.6666666666667,2886,683
2097152,0,69,mixed,40.237465873360634,4,"[8241,8226,8210,8194]",8194,8217.75,8241,578,2097143,"[3538,130,23]",23,1230.3333333333333,3538,582
2097152,0,70,mixed,39.895692840218544,4,"[8242,8227,8211,8195]",8195,8218.75,8242,496,2097148,"[4087,156,26]",26,1423.0,4087,500
2097152,0,71,mixed,40.12889415025711,4,"[8243,8228,8212,8196]",8196,8219.75,8243,459,2097135,"[4571,166]",166,2368.5,4571,463
2097152,0,72,mixed,40.20740557461977,4,"[8244,8229,8213,8197]",8197,8220.75,8244,422,2097145,"[5008,188,28]",28,1741.3333333333333,5008,426
2097152,0,73,mixed,40.91812111437321,4,"[8245,8230,8214,8198]",8198,8221.75,8245,396,2097151,"[5410,202,34,10,4]",4,1132.0,5410,400
2097152,0,74,mixed,41.10720846801996,4,"[8246,8231,8215,8199]",8199,8222.75,8246,376,2097145,"[5784,219,36]",36,2013.0,5784,380
2097152,0,75,mixed,41.368539445102215,4,"[8247,8232,8216,8200]",8200,8223.75,8247,352,2097128,"[6135,241]",241,3188.0,6135,356
2097152,0,76,mixed,41.75108205527067,4,"[8248,8233,8217,8201]",8201,8224.75,8248,329,2097142,"[6467,261]",261,3364.0,6467,333
2097152,0,77,mixed,42.74518974125385,4,"[8249,8234,8218,8202]",8202,8225.75,8249,316,2097150,"[6783,274,39,12]",12,1777.0,6783,320
2097152,0,78,mixed,42.88870841264725,4,"[8250,8235,8219,8203]",8203,8226.75,8250,291,2097130,"[7085,284]",284,3684.5,7085,295
2097152,0,79,mixed,43.51720679551363,4,"[8251,8236,8220,8204]",8204,8227.75,8251,284,2097149,"[7375,285,42]",42,2567.3333333333335,7375,288
2097152,0,80,mixed,43.05169079452753,4,"[8252,8237,8221,8205]",8205,8228.75,8252,280,2097151,"[7654,286,46,13]",13,1999.75,7654,284
2097152,0,81,mixed,43.3330899104476,4,"[8253,8238,8222,8206]",8206,8229.75,8253,275,2097145,"[7923,292,49]",49,2754.6666666666665,7923,279
2097152,0,82,mixed,52.73962672799826,4,"[8254,8239,8223,8207]",8207,8230.75,8254,1767,2097147,"[8183,302,54,15]",15,2138.5,8183,1771
2097152,0,83,mixed,40.16650654375553,4,"[8240,8224,8208,8192]",8192,8216.0,8240,874,2097151,"[2033,78,18]",18,709.6666666666666,2033,878
2097152,0,84,mixed,40.70206172764301,4,"[8241,8225,8209,8193]",8193,8217.0,8241,686,2097152,"[2885,96,22,5,2,1,0]",0,430.14285714285717,2885,690
2097152,0,85,mixed,40.220930241048336,4,"[8242,8226,8210,8194]",8194,8218.0,8242,553,2097152,"[3537,125,23]",23,1228.3333333333333,3537,557
2097152,0,86,mixed,40.326391346752644,4,"[8243,8227,8211,8195]",8195,8219.0,8243,501,2097150,"[4087,127,24,6,3]",3,849.4,4087,505
2097152,0,87,mixed,40.13811517506838,4,"[8244,8228,8212,8196]",8196,8220.0,8244,466,2097144,"[4571,139,26]",26,1578.6666666666667,4571,470
2097152,0,88,mixed,40.381669998168945,4,"[8245,8229,8213,8197]",8197,8221.0,8245,423,2097144,"[5008,164,30]",30,1734.0,5008,427
2097152,0,89,mixed,40.714140981435776,4,"[8246,8230,8214,8198]",8198,8222.0,8246,395,2097148,"[5410,180,35]",35,1875.0,5410,399
2097152,0,90,mixed,42.5890339538455,4,"[8247,8231,8215,8199]",8199,8223.0,8247,382,2097151,"[5784,199,37,8,4,2]",2,1005.6666666666666,5784,386
2097152,0,91,mixed,42.748126201331615,4,"[8248,8232,8216,8200]",8200,8224.0,8248,357,2097147,"[6135,223,39,11]",11,1602.0,6135,361
2097152,0,92,mixed,41.723281145095825,4,"[8249,8233,8217,8201]",8201,8225.0,8249,334,2097146,"[6467,244,42]",42,2251.0,6467,338
2097152,0,93,mixed,42.3442330211401,4,"[8250,8234,8218,8202]",8202,8226.0,8250,313,2097112,"[6783,257]",257,3520.0,6783,317
2097152,0,94,mixed,42.82681364566088,4,"[8251,8235,8219,8203]",8203,8227.0,8251,291,2097114,"[7085,268]",268,3676.5,7085,295
2097152,0,95,mixed,42.942351661622524,4,"[8252,8236,8220,8204]",8204,8228.0,8252,287,2097150,"[7375,269,47,12,5]",5,1541.6,7375,291
2097152,0,96,mixed,42.80472081154585,4,"[8253,8237,8221,8205]",8205,8229.0,8253,280,2097147,"[7654,270,50]",50,2658.0,7654,284
2097152,0,97,mixed,45.55175919085741,4,"[8254,8238,8222,8206]",8206,8230.0,8254,276,2097152,"[7923,276,55,15,6,3]",3,1379.6666666666667,7923,280
2097152,0,98,mixed,52.485703490674496,3,"[8239,8223,8207]",8207,8223.0,8239,1773,2097150,"[8183,287,57,16]",16,2135.75,8183,1776
2097152,0,99,mixed,39.898328483104706,4,"[8240,8224,8208,8192]",8192,8216.0,8240,859,2097151,"[2031,76]",76,1053.5,2031,863
2097152,0,100,mixed,40.485247038304806,4,"[8241,8225,8209,8193]",8193,8217.0,8241,660,2097152,"[2884,82,17,7,4]",4,598.8,2884,664
2097152,0,101,mixed,39.57525361329317,4,"[8242,8226,8210,8194]",8194,8218.0,8242,553,2097139,"[3537,86]",86,1811.5,3537,557
2097152,0,102,mixed,39.40378502011299,4,"[8243,8227,8211,8195]",8195,8219.0,8243,501,2097144,"[4087,89]",89,2088.0,4087,505
2097152,0,103,mixed,40.127565152943134,4,"[8244,8228,8212,8196]",8196,8220.0,8244,469,2097150,"[4571,106]",106,2338.5,4571,473
2097152,0,104,mixed,40.45728128403425,4,"[8245,8229,8213,8197]",8197,8221.0,8245,428,2097151,"[5008,138,18,8,5]",5,1035.4,5008,432
2097152,0,105,mixed,40.51839001476765,4,"[8246,8230,8214,8198]",8198,8222.0,8246,401,2097152,"[5410,157,23]",23,1863.3333333333333,5410,405
2097152,0,106,mixed,40.98421521484852,4,"[8247,8231,8215,8199]",8199,8223.0,8247,378,2097144,"[5784,178]",178,2981.0,5784,382
2097152,0,107,mixed,41.30688775330782,4,"[8248,8232,8216,8200]",8200,8224.0,8248,357,2097150,"[6135,205,29]",29,2123.0,6135,361
2097152,0,108,mixed,41.78444016724825,4,"[8249,8233,8217,8201]",8201,8225.0,8249,337,2097146,"[6467,228,31,9]",9,1683.75,6467,341
2097152,0,109,mixed,42.01475251466036,4,"[8250,8234,8218,8202]",8202,8226.0,8250,318,2097142,"[6783,242,36]",36,2353.6666666666665,6783,322
2097152,0,110,mixed,42.46170446276665,4,"[8251,8235,8219,8203]",8203,8227.0,8251,292,2097141,"[7085,253,41]",41,2459.6666666666665,7085,296
2097152,0,111,mixed,44.94698718190193,4,"[8252,8236,8220,8204]",8204,8228.0,8252,288,2097152,"[7375,254,42,11,6,1]",1,1281.5,7375,292
2097152,0,112,mixed,43.064896017313,4,"[8253,8237,8221,8205]",8205,8229.0,8253,278,2097149,"[7654,255,46]",46,2651.6666666666665,7654,282
2097152,0,113,mixed,44.424908235669136,4,"[8254,8238,8222,8206]",8206,8230.0,8254,272,2097132,"[7923,262]",262,4092.5,7923,276
2097152,0,114,mixed,52.88358684629202,3,"[8239,8223,8207]",8207,8223.0,8239,1795,2097152,"[8183,274,48,13,7,2,0]",0,1218.142857142857,8183,1798
2097152,0,115,mixed,40.46319145709276,4,"[8240,8224,8208,8192]",8192,8216.0,8240,884,2097152,"[2029,75,14,8,3]",3,425.8,2029,888
2097152,0,116,mixed,40.38683511316776,4,"[8241,8225,8209,8193]",8193,8217.0,8241,672,2097152,"[2882,99,18,9]",9,752.0,2882,676
2097152,0,117,mixed,40.63237924128771,4,"[8242,8226,8210,8194]",8194,8218.0,8242,564,2097151,"[3535,114,21,10]",10,920.0,3535,568
2097152,0,118,mixed,39.85878266394138,4,"[8243,8227,8211,8195]",8195,8219.0,8243,506,2097150,"[4085,125,23]",23,1411.0,4085,510
2097152,0,119,mixed,39.962911047041416,4,"[8244,8228,8212,8196]",8196,8220.0,8244,467,2097141,"[4569,144]",144,2356.5,4569,471
2097152,0,120,mixed,41.70076176524162,4,"[8245,8229,8213,8197]",8197,8221.0,8245,426,2097152,"[5006,174,26,11,5,1]",1,870.5,5006,430
2097152,0,121,mixed,40.613734163343906,4,"[8246,8230,8214,8198]",8198,8222.0,8246,399,2097140,"[5408,194,27]",27,1876.3333333333333,5408,403
2097152,0,122,mixed,41.6595172137022,4,"[8247,8231,8215,8199]",8199,8223.0,8247,385,2097152,"[5782,215,31,12,6,2,0]",0,864.0,5782,389
2097152,0,123,mixed,43.19942556321621,4,"[8248,8232,8216,8200]",8200,8224.0,8248,360,2097150,"[6133,240,36,13]",13,1605.5,6133,364
2097152,0,124,mixed,41.76307935267687,4,"[8249,8233,8217,8201]",8201,8225.0,8249,334,2097150,"[6465,262,40,15]",15,1695.5,6465,338
2097152,0,125,mixed,42.26686339825392,4,"[8250,8234,8218,8202]",8202,8226.0,8250,317,2097146,"[6781,277,41]",41,2366.3333333333335,6781,321
2097152,0,126,mixed,42.52143204212189,4,"[8251,8235,8219,8203]",8203,8227.0,8251,293,2097138,"[7083,289]",289,3686.0,7083,297
2097152,0,127,mixed,43.106564320623875,4,"[8252,8236,8220,8204]",8204,8228.0,8252,285,2097147,"[7373,292,44]",44,2569.6666666666665,7373,289
2097152,0,128,mixed,43.78778859972954,4,"[8253,8237,8221,8205]",8205,8229.0,8253,278,2097147,"[7652,295,47]",47,2664.6666666666665,7652,282
2097152,0,129,mixed,44.83102820813656,4,"[8254,8238,8222,8206]",8206,8230.0,8254,272,2097104,"[7921,303]",303,4112.0,7921,276
2097152,0,130,mixed,52.98416316509247,3,"[8239,8223,8207]",8207,8223.0,8239,1750,2097152,"[8181,315,48,17,7]",7,1713.6,8181,1753
2097152,0,131,mixed,40.77007248997688,4,"[8240,8224,8208,8192]",8192,8216.0,8240,869,2097145,"[2027,72,18]",18,705.6666666666666,2027,873
2097152,0,132,mixed,40.330600924789906,4,"[8241,8225,8209,8193]",8193,8217.0,8241,677,2097140,"[2881,84]",84,1482.5,2881,681
2097152,0,133,mixed,40.42426869273186,4,"[8242,8226,8210,8194]",8194,8218.0,8242,572,2097151,"[3534,108,21,9,3,1,0]",0,525.1428571428571,3534,576
2097152,0,134,mixed,40.76796676963568,4,"[8243,8227,8211,8195]",8195,8219.0,8243,512,2097148,"[4084,124,23,10]",10,1060.25,4084,516
2097152,0,135,mixed,40.877423249185085,4,"[8244,8228,8212,8196]",8196,8220.0,8244,444,2097151,"[4568,146,28,11,4,2]",2,793.1666666666666,4568,448
2097152,0,136,mixed,41.62729158997536,4,"[8245,8229,8213,8197]",8197,8221.0,8245,428,2097148,"[5006,147,30,12]",12,1298.75,5006,432
2097152,0,137,mixed,40.775543078780174,4,"[8246,8230,8214,8198]",8198,8222.0,8246,401,2097150,"[5408,170,32,13,5]",5,1125.6,5408,405
2097152,0,138,mixed,41.142538189888,4,"[8247,8231,8215,8199]",8199,8223.0,8247,382,2097152,"[5782,194,33,14,6]",6,1205.8,5782,386
2097152,0,139,mixed,42.94245038181543,4,"[8248,8232,8216,8200]",8200,8224.0,8248,359,2097149,"[6133,222,34,15]",15,1601.0,6133,363
2097152,0,140,mixed,41.64563398808241,4,"[8249,8233,8217,8201]",8201,8225.0,8249,334,2097152,"[6465,246,36,16]",16,1690.75,6465,338
2097152,0,141,mixed,42.984998784959316,4,"[8250,8234,8218,8202]",8202,8226.0,8250,316,2097150,"[6781,262,37]",37,2360.0,6781,320
2097152,0,142,mixed,43.086242862045765,4,"[8251,8235,8219,8203]",8203,8227.0,8251,294,2097135,"[7083,275,38]",38,2465.3333333333335,7083,298
2097152,0,143,mixed,42.88814403116703,4,"[8252,8236,8220,8204]",8204,8228.0,8252,287,2097151,"[7373,278,39,17]",17,1926.75,7373,291
2097152,0,144,mixed,43.22369210422039,4,"[8253,8237,8221,8205]",8205,8229.0,8253,282,2097149,"[7652,281,43,18,7]",7,1600.2,7652,286
2097152,0,145,mixed,43.364791199564934,4,"[8254,8238,8222,8206]",8206,8230.0,8254,277,2097150,"[7921,289,46,19]",19,2068.75,7921,281
2097152,0,146,mixed,52.3427939042449,3,"[8239,8223,8207]",8207,8223.0,8239,1755,2097141,"[8181,301,50]",50,2844.0,8181,1758
2097152,0,147,mixed,40.33644963055849,4,"[8240,8224,8208,8192]",8192,8216.0,8240,887,2097144,"[2025,70,20]",20,705.0,2025,891
2097152,0,148,mixed,39.884855039417744,4,"[8241,8225,8209,8193]",8193,8217.0,8241,654,2097051,[2879],2879,2879.0,2879,658
2097152,0,149,mixed,39.47768360376358,4,"[8242,8226,8210,8194]",8194,8218.0,8242,572,2097150,"[3533,101]",101,1817.0,3533,576
2097152,0,150,mixed,41.004580445587635,4,"[8243,8227,8211,8195]",8195,8219.0,8243,514,2097151,"[4083,123,22,8,3]",3,847.8,4083,518
2097152,0,151,mixed,39.81586080044508,4,"[8244,8228,8212,8196]",8196,8220.0,8244,444,2097144,"[4567,149,24]",24,1580.0,4567,448
2097152,0,152,mixed,41.31081607192755,4,"[8245,8229,8213,8197]",8197,8221.0,8245,433,2097151,"[5005,153,26,9]",9,1298.25,5005,437
2097152,0,153,mixed,42.105164378881454,4,"[8246,8230,8214,8198]",8198,8222.0,8246,402,2097150,"[5407,177,31,11]",11,1406.5,5407,406
2097152,0,154,mixed,40.77804181724787,4,"[8247,8231,8215,8199]",8199,8223.0,8247,352,2097040,[5781],5781,5781.0,5781,356
2097152,0,155,mixed,41.38266481459141,4,"[8248,8232,8216,8200]",8200,8224.0,8248,361,2097139,"[6133,202,32]",32,2122.3333333333335,6133,365
2097152,0,156,mixed,43.251664377748966,4,"[8249,8233,8217,8201]",8201,8225.0,8249,339,2097152,"[6465,228,35,13,4,1]",1,1124.3333333333333,6465,343
2097152,0,157,mixed,43.00563223659992,4,"[8250,8234,8218,8202]",8202,8226.0,8250,316,2097150,"[6781,245]",245,3513.0,6781,320
2097152,0,158,mixed,44.4884467869997,4,"[8251,8235,8219,8203]",8203,8227.0,8251,298,2097150,"[7083,259,37,14,5,3]",3,1233.5,7083,302
2097152,0,159,mixed,43.00070181488991,4,"[8252,8236,8220,8204]",8204,8228.0,8252,289,2097152,"[7373,262,39,15,6]",6,1539.0,7373,293
2097152,0,160,mixed,43.1167334318161,4,"[8253,8237,8221,8205]",8205,8229.0,8253,278,2097133,"[7652,265]",265,3958.5,7652,282
2097152,0,161,mixed,43.535721488296986,4,"[8254,8238,8222,8206]",8206,8230.0,8254,276,2097151,"[7921,274,44,16]",16,2063.75,7921,280
2097152,0,162,mixed,52.402762696146965,3,"[8239,8223,8207]",8207,8223.0,8239,1767,2097135,"[8181,287,46]",46,2838.0,8181,1770
2097152,0,163,mixed,39.9734191596508,4,"[8240,8224,8208,8192]",8192,8216.0,8240,875,2097135,"[2023,66]",66,1044.5,2023,879
2097152,0,164,mixed,40.46777542680502,4,"[8241,8225,8209,8193]",8193,8217.0,8241,665,2097152,"[2878,86,17,7,4]",4,598.4,2878,669
2097152,0,165,mixed,40.47133307904005,4,"[8242,8226,8210,8194]",8194,8218.0,8242,582,2097146,"[3532,94,18]",18,1214.6666666666667,3532,586
2097152,0,166,mixed,40.84911476820707,4,"[8243,8227,8211,8195]",8195,8219.0,8243,520,2097151,"[4082,121,23,8]",8,1058.5,4082,524
2097152,0,167,mixed,40.17143417149782,4,"[8244,8228,8212,8196]",8196,8220.0,8244,445,2097127,"[4566,150]",150,2358.0,4566,449
2097152,0,168,mixed,40.505330078303814,4,"[8245,8229,8213,8197]",8197,8221.0,8245,433,2097151,"[5004,157,28,10,5]",5,1040.8,5004,437
2097152,0,169,mixed,40.68304877728224,4,"[8246,8230,8214,8198]",8198,8222.0,8246,402,2097143,"[5406,183,31]",31,1873.3333333333333,5406,406
2097152,0,170,mixed,40.7379986718297,4,"[8247,8231,8215,8199]",8199,8223.0,8247,355,2097143,"[5780,209,33]",33,2007.3333333333333,5780,359
2097152,0,171,mixed,42.95059200376272,4,"[8248,8232,8216,8200]",8200,8224.0,8248,365,2097149,"[6132,211,34,11]",11,1597.0,6132,369
2097152,0,172,mixed,41.87026806175709,4,"[8249,8233,8217,8201]",8201,8225.0,8249,334,2097147,"[6464,237]",237,3350.5,6464,338
2097152,0,173,mixed,42.16992016881704,4,"[8250,8234,8218,8202]",8202,8226.0,8250,322,2097147,"[6780,255,39,13,6]",6,1418.6,6780,326
2097152,0,174,mixed,42.63392649590969,4,"[8251,8235,8219,8203]",8203,8227.0,8251,296,2097148,"[7082,269,42]",42,2464.3333333333335,7082,300
2097152,0,175,mixed,42.95726027339697,4,"[8252,8236,8220,8204]",8204,8228.0,8252,288,2097152,"[7372,273,44,15]",15,1926.0,7372,292
2097152,0,176,mixed,43.940143659710884,4,"[8253,8237,8221,8205]",8205,8229.0,8253,283,2097147,"[7651,277,48,16,7]",7,1599.8,7651,287
2097152,0,177,mixed,43.27874258160591,4,"[8254,8238,8222,8206]",8206,8230.0,8254,279,2097144,"[7920,286,51,17,8]",8,1656.4,7920,283
2097152,0,178,mixed,52.53344960510731,3,"[8239,8223,8207]",8207,8223.0,8239,1743,2097150,"[8180,299,54]",54,2844.3333333333335,8180,1746
2097152,0,179,mixed,40.255120024085045,4,"[8240,8224,8208,8192]",8192,8216.0,8240,863,2097143,"[2021,63,19]",19,701.0,2021,867
2097152,0,180,mixed,39.83406163752079,4,"[8241,8225,8209,8193]",8193,8217.0,8241,672,2097138,"[2877,68]",68,1472.5,2877,676
2097152,0,181,mixed,40.30804615467787,4,"[8242,8226,8210,8194]",8194,8218.0,8242,587,2097149,"[3531,86,21,9]",9,911.75,3531,591
2097152,0,182,mixed,39.480566047132015,4,"[8243,8227,8211,8195]",8195,8219.0,8243,485,2097140,[4081],4081,4081.0,4081,489
2097152,0,183,mixed,39.79136049747467,4,"[8244,8228,8212,8196]",8196,8220.0,8244,450,2097147,"[4566,120,23]",23,1569.6666666666667,4566,454
2097152,0,184,mixed,41.60210024565458,4,"[8245,8229,8213,8197]",8197,8221.0,8245,436,2097143,"[5004,128,27,10]",10,1292.25,5004,440
2097152,0,185,mixed,40.63986334949732,4,"[8246,8230,8214,8198]",8198,8222.0,8246,407,2097141,"[5406,159,29]",29,1864.6666666666667,5406,411
2097152,0,186,mixed,42.399254627525806,4,"[8247,8231,8215,8199]",8199,8223.0,8247,357,2097148,"[5780,188,33,11]",11,1503.0,5780,361
2097152,0,187,mixed,42.95226093381643,4,"[8248,8232,8216,8200]",8200,8224.0,8248,365,2097147,"[6132,190,35,12]",12,1592.25,6132,369
2097152,0,188,mixed,41.723789647221565,4,"[8249,8233,8217,8201]",8201,8225.0,8249,337,2097138,"[6464,219,37]",37,2240.0,6464,341
2097152,0,189,mixed,42.0880438759923,4,"[8250,8234,8218,8202]",8202,8226.0,8250,321,2097141,"[6780,238,39,14]",14,1767.75,6780,325
2097152,0,190,mixed,42.4465537071228,4,"[8251,8235,8219,8203]",8203,8227.0,8251,298,2097145,"[7082,253,42,15]",15,1848.0,7082,302
2097152,0,191,mixed,43.51079277694225,4,"[8252,8236,8220,8204]",8204,8228.0,8252,284,2097148,"[7372,257]",257,3814.5,7372,288
2097152,0,192,mixed,42.90082026273012,4,"[8253,8237,8221,8205]",8205,8229.0,8253,279,2097109,"[7651,262]",262,3956.5,7651,283
2097152,0,193,mixed,43.5373829677701,4,"[8254,8238,8222,8206]",8206,8230.0,8254,276,2097136,"[7920,272,45]",45,2745.6666666666665,7920,280
2097152,0,194,mixed,52.49745864421129,3,"[8239,8223,8207]",8207,8223.0,8239,1759,2097150,"[8180,286,47]",47,2837.6666666666665,8180,1762
2097152,0,195,mixed,40.22387135773897,4,"[8240,8224,8208,8192]",8192,8216.0,8240,886,2097139,"[2019,61,16]",16,698.6666666666666,2019,890
2097152,0,196,mixed,40.1364229619503,4,"[8241,8225,8209,8193]",8193,8217.0,8241,683,2097137,"[2875,88,19]",19,994.0,2875,687
2097152,0,197,mixed,38.9756616204977,4,"[8242,8226,8210,8194]",8194,8218.0,8242,556,2097140,"[3529,114]",114,1821.5,3529,560
2097152,0,198,mixed,39.48060795664787,4,"[8243,8227,8211,8195]",8195,8219.0,8243,489,2097141,"[4080,119]",119,2099.5,4080,493
2097152,0,199,mixed,39.870922453701496,4,"[8244,8228,8212,8196]",8196,8220.0,8244,453,2097128,"[4565,123,22]",22,1570.0,4565,457
2097152,0,200,mixed,40.4236251488328,4,"[8245,8229,8213,8197]",8197,8221.0,8245,438,2097139,"[5003,134,26]",26,1721.0,5003,442
2097152,0,201,mixed,40.75999464839697,4,"[8246,8230,8214,8198]",8198,8222.0,8246,407,2097136,"[5405,166,30]",30,1867.0,5405,411
2097152,0,202,mixed,40.799072943627834,4,"[8247,8231,8215,8199]",8199,8223.0,8247,356,2097130,"[5779,196]",196,2987.5,5779,360
2097152,0,203,mixed,41.59787576645613,4,"[8248,8232,8216,8200]",8200,8224.0,8248,365,2097147,"[6131,200,33]",33,2121.3333333333335,6131,369
2097152,0,204,mixed,41.61502327769995,4,"[8249,8233,8217,8201]",8201,8225.0,8249,340,2097135,"[6463,229,37]",37,2243.0,6463,344
2097152,0,205,mixed,42.14826039969921,4,"[8250,8234,8218,8202]",8202,8226.0,8250,318,2097115,"[6779,248]",248,3513.5,6779,322
2097152,0,206,mixed,42.72093251347542,4,"[8251,8235,8219,8203]",8203,8227.0,8251,298,2097152,"[7081,264,42]",42,2462.3333333333335,7081,302
2097152,0,207,mixed,42.986830696463585,4,"[8252,8236,8220,8204]",8204,8228.0,8252,288,2097119,"[7371,269,45]",45,2561.6666666666665,7371,292
2097152,0,208,mixed,42.90600214153528,4,"[8253,8237,8221,8205]",8205,8229.0,8253,282,2097113,"[7650,274,49]",49,2657.6666666666665,7650,286
2097152,0,209,mixed,43.26455760747194,4,"[8254,8238,8222,8206]",8206,8230.0,8254,277,2097113,"[7919,284,52]",52,2751.6666666666665,7919,281
2097152,0,210,mixed,52.70368419587612,3,"[8239,8223,8207]",8207,8223.0,8239,1734,2097133,"[8179,298,55]",55,2844.0,8179,1737
2097152,0,211,mixed,40.0481391698122,4,"[8240,8224,8208,8192]",8192,8216.0,8240,871,2097125,"[2017,57]",57,1037.0,2017,875
2097152,0,212,mixed,40.17503093928099,4,"[8241,8225,8209,8193]",8193,8217.0,8241,691,2097111,"[2874,71]",71,1472.5,2874,695
2097152,0,213,mixed,39.33524899184704,4,"[8242,8226,8210,8194]",8194,8218.0,8242,561,2097139,"[3528,108]",108,1818.0,3528,565
2097152,0,214,mixed,39.23194296658039,4,"[8243,8227,8211,8195]",8195,8219.0,8243,493,2097150,"[4079,118]",118,2098.5,4079,497
2097152,0,215,mixed,39.76138588041067,4,"[8244,8228,8212,8196]",8196,8220.0,8244,452,2097042,"[4564,126]",126,2345.0,4564,456
2097152,0,216,mixed,40.080755949020386,4,"[8245,8229,8213,8197]",8197,8221.0,8245,435,2096988,"[5002,140]",140,2571.0,5002,439
2097152,0,217,mixed,40.483277291059494,4,"[8246,8230,8214,8198]",8198,8222.0,8246,375,2097000,[5404],5404,5404.0,5404,379
2097152,0,218,mixed,40.65311513841152,4,"[8247,8231,8215,8199]",8199,8223.0,8247,356,2097038,"[5779,173]",173,2976.0,5779,360
2097152,0,219,mixed,41.32967907935381,4,"[8248,8232,8216,8200]",8200,8224.0,8248,364,2096962,"[6131,177]",177,3154.0,6131,368
2097152,0,220,mixed,41.667710058391094,4,"[8249,8233,8217,8201]",8201,8225.0,8249,337,2097014,"[6463,209]",209,3336.0,6463,341
2097152,0,221,mixed,41.969357058405876,4,"[8250,8234,8218,8202]",8202,8226.0,8250,319,2097074,"[6779,230]",230,3504.5,6779,323
2097152,0,222,mixed,42.697541415691376,4,"[8251,8235,8219,8203]",8203,8227.0,8251,295,2096935,"[7081,247]",247,3664.0,7081,299
2097152,0,223,mixed,42.96111688017845,4,"[8252,8236,8220,8204]",8204,8228.0,8252,285,2097102,"[7371,252]",252,3811.5,7371,289
2097152,0,224,mixed,42.91750583797693,4,"[8253,8237,8221,8205]",8205,8229.0,8253,280,2097069,"[7650,258]",258,3954.0,7650,284
2097152,0,225,mixed,43.454368598759174,4,"[8254,8238,8222,8206]",8206,8230.0,8254,275,2097025,"[7919,269]",269,4094.0,7919,279
2097152,0,226,mixed,51.96348112076521,3,"[8239,8223,8207]",8207,8223.0,8239,1744,2097068,"[8179,284]",284,4231.5,8179,1747
2097152,0,227,mixed,39.54577259719372,4,"[8240,8224,8208,8192]",8192,8216.0,8240,857,2094508,[2015],2015,2015.0,2015,861
2097152,0,228,mixed,39.62772525846958,4,"[8241,8225,8209,8193]",8193,8217.0,8241,655,2096000,[2872],2872,2872.0,2872,659
2097152,0,229,mixed,39.50670454651117,4,"[8242,8226,8210,8194]",8194,8218.0,8242,551,2095453,[3527],3527,3527.0,3527,555
2097152,0,230,mixed,39.1964465379715,4,"[8243,8227,8211,8195]",8195,8219.0,8243,485,2095685,[4078],4078,4078.0,4078,489
2097152,0,231,mixed,39.657910354435444,4,"[8244,8228,8212,8196]",8196,8220.0,8244,438,2094735,[4563],4563,4563.0,4563,442
2097152,0,232,mixed,40.158248506486416,4,"[8245,8229,8213,8197]",8197,8221.0,8245,403,2096809,[5001],5001,5001.0,5001,407
2097152,0,233,mixed,40.5266797170043,4,"[8246,8230,8214,8198]",8198,8222.0,8246,375,2097000,[5404],5404,5404.0,5404,379
2097152,0,234,mixed,40.84167815744877,4,"[8247,8231,8215,8199]",8199,8223.0,8247,352,2096336,[5779],5779,5779.0,5779,356
2097152,0,235,mixed,41.160943917930126,4,"[8248,8232,8216,8200]",8200,8224.0,8248,332,2090770,[6131],6131,6131.0,6131,336
2097152,0,236,mixed,42.64298174530268,4,"[8249,8233,8217,8201]",8201,8225.0,8249,316,2092394,[6463],6463,6463.0,6463,320
2097152,0,237,mixed,42.108047753572464,4,"[8250,8234,8218,8202]",8202,8226.0,8250,302,2093011,[6779],6779,6779.0,6779,306
2097152,0,238,mixed,42.475439608097076,4,"[8251,8235,8219,8203]",8203,8227.0,8251,290,2095685,[7081],7081,7081.0,7081,294
2097152,0,239,mixed,42.52419527620077,4,"[8252,8236,8220,8204]",8204,8228.0,8252,279,2095569,[7371],7371,7371.0,7371,283
2097152,0,240,mixed,42.93965268880129,4,"[8253,8237,8221,8205]",8205,8229.0,8253,269,2094165,[7650],7650,7650.0,7650,273
2097152,0,241,mixed,43.57606545090675,4,"[8254,8238,8222,8206]",8206,8230.0,8254,260,2092870,[7919],7919,7919.0,7919,264
2097152,0,242,mixed,41.7075427249074,3,"[8239,8223,8207]",8207,8223.0,8239,13,106418,[8179],8179,8179.0,8179,16
2097152,0,243,decode_only,30.251163989305496,4,"[8240,8224,8208,8192]",8192,8216.0,8240,0,0,[],,,,4
2097152,0,244,decode_only,30.010445043444633,4,"[8241,8225,8209,8193]",8193,8217.0,8241,0,0,[],,,,4
2097152,0,245,decode_only,30.087239108979702,4,"[8242,8226,8210,8194]",8194,8218.0,8242,0,0,[],,,,4
2097152,0,246,decode_only,30.14703467488289,4,"[8243,8227,8211,8195]",8195,8219.0,8243,0,0,[],,,,4
2097152,0,247,decode_only,30.150070786476135,4,"[8244,8228,8212,8196]",8196,8220.0,8244,0,0,[],,,,4
2097152,0,248,decode_only,29.95656616985798,4,"[8245,8229,8213,8197]",8197,8221.0,8245,0,0,[],,,,4
2097152,0,249,decode_only,30.04509210586548,4,"[8246,8230,8214,8198]",8198,8222.0,8246,0,0,[],,,,4
2097152,0,250,decode_only,30.16262035816908,4,"[8247,8231,8215,8199]",8199,8223.0,8247,0,0,[],,,,4
2097152,0,251,decode_only,30.21008800715208,4,"[8248,8232,8216,8200]",8200,8224.0,8248,0,0,[],,,,4
2097152,0,252,decode_only,30.184481292963028,4,"[8249,8233,8217,8201]",8201,8225.0,8249,0,0,[],,,,4
2097152,0,253,decode_only,30.057581141591072,4,"[8250,8234,8218,8202]",8202,8226.0,8250,0,0,[],,,,4
2097152,0,254,decode_only,30.048302374780178,4,"[8251,8235,8219,8203]",8203,8227.0,8251,0,0,[],,,,4
2097152,0,255,decode_only,29.923987574875355,4,"[8252,8236,8220,8204]",8204,8228.0,8252,0,0,[],,,,4
2097152,0,256,decode_only,30.063718557357788,4,"[8253,8237,8221,8205]",8205,8229.0,8253,0,0,[],,,,4
2097152,0,257,decode_only,30.141228809952736,4,"[8254,8238,8222,8206]",8206,8230.0,8254,0,0,[],,,,4
2097152,0,258,decode_only,29.186914674937725,3,"[8239,8223,8207]",8207,8223.0,8239,0,0,[],,,,3
2097152,0,259,decode_only,29.246599413454533,3,"[8240,8224,8208]",8208,8224.0,8240,0,0,[],,,,3
2097152,0,260,decode_only,29.355415143072605,3,"[8241,8225,8209]",8209,8225.0,8241,0,0,[],,,,3
2097152,0,261,decode_only,30.384711921215057,3,"[8242,8226,8210]",8210,8226.0,8242,0,0,[],,,,3
2097152,0,262,decode_only,29.29059136658907,3,"[8243,8227,8211]",8211,8227.0,8243,0,0,[],,,,3
2097152,0,263,decode_only,29.320030473172665,3,"[8244,8228,8212]",8212,8228.0,8244,0,0,[],,,,3
2097152,0,264,decode_only,29.340061359107494,3,"[8245,8229,8213]",8213,8229.0,8245,0,0,[],,,,3
2097152,0,265,decode_only,29.23290804028511,3,"[8246,8230,8214]",8214,8230.0,8246,0,0,[],,,,3
2097152,0,266,decode_only,29.26898468285799,3,"[8247,8231,8215]",8215,8231.0,8247,0,0,[],,,,3
2097152,0,267,decode_only,29.3061388656497,3,"[8248,8232,8216]",8216,8232.0,8248,0,0,[],,,,3
2097152,0,268,decode_only,29.276282526552677,3,"[8249,8233,8217]",8217,8233.0,8249,0,0,[],,,,3
2097152,0,269,decode_only,29.285769909620285,3,"[8250,8234,8218]",8218,8234.0,8250,0,0,[],,,,3
2097152,0,270,decode_only,29.351850040256977,3,"[8251,8235,8219]",8219,8235.0,8251,0,0,[],,,,3
2097152,0,271,decode_only,29.316012747585773,3,"[8252,8236,8220]",8220,8236.0,8252,0,0,[],,,,3
2097152,0,272,decode_only,29.22797203063965,3,"[8253,8237,8221]",8221,8237.0,8253,0,0,[],,,,3
2097152,0,273,decode_only,29.32299766689539,3,"[8254,8238,8222]",8222,8238.0,8254,0,0,[],,,,3
2097152,0,274,decode_only,29.289960861206055,2,"[8239,8223]",8223,8231.0,8239,0,0,[],,,,2
2097152,0,275,decode_only,29.286326840519905,2,"[8240,8224]",8224,8232.0,8240,0,0,[],,,,2
2097152,0,276,decode_only,29.385996982455254,2,"[8241,8225]",8225,8233.0,8241,0,0,[],,,,2
2097152,0,277,decode_only,29.60901241749525,2,"[8242,8226]",8226,8234.0,8242,0,0,[],,,,2
2097152,0,278,decode_only,29.527664184570312,2,"[8243,8227]",8227,8235.0,8243,0,0,[],,,,2
2097152,0,279,decode_only,29.30655889213085,2,"[8244,8228]",8228,8236.0,8244,0,0,[],,,,2
2097152,0,280,decode_only,29.536890797317028,2,"[8245,8229]",8229,8237.0,8245,0,0,[],,,,2
2097152,0,281,decode_only,29.633481986820698,2,"[8246,8230]",8230,8238.0,8246,0,0,[],,,,2
2097152,0,282,decode_only,29.302450828254223,2,"[8247,8231]",8231,8239.0,8247,0,0,[],,,,2
2097152,0,283,decode_only,29.334538616240025,2,"[8248,8232]",8232,8240.0,8248,0,0,[],,,,2
2097152,0,284,decode_only,29.34397477656603,2,"[8249,8233]",8233,8241.0,8249,0,0,[],,,,2
2097152,0,285,decode_only,29.31251283735037,2,"[8250,8234]",8234,8242.0,8250,0,0,[],,,,2
2097152,0,286,decode_only,29.374059289693832,2,"[8251,8235]",8235,8243.0,8251,0,0,[],,,,2
2097152,0,287,decode_only,29.508965089917183,2,"[8252,8236]",8236,8244.0,8252,0,0,[],,,,2
2097152,0,288,decode_only,29.40198127180338,2,"[8253,8237]",8237,8245.0,8253,0,0,[],,,,2
2097152,0,289,decode_only,29.362821951508522,2,"[8254,8238]",8238,8246.0,8254,0,0,[],,,,2
2097152,0,290,decode_only,30.051881447434425,1,[8239],8239,8239.0,8239,0,0,[],,,,1
2097152,0,291,decode_only,30.10181337594986,1,[8240],8240,8240.0,8240,0,0,[],,,,1
2097152,0,292,decode_only,30.051114037632942,1,[8241],8241,8241.0,8241,0,0,[],,,,1
2097152,0,293,decode_only,29.99673131853342,1,[8242],8242,8242.0,8242,0,0,[],,,,1
2097152,0,294,decode_only,30.098694376647472,1,[8243],8243,8243.0,8243,0,0,[],,,,1
2097152,0,295,decode_only,30.03848996013403,1,[8244],8244,8244.0,8244,0,0,[],,,,1
2097152,0,296,decode_only,30.011889524757862,1,[8245],8245,8245.0,8245,0,0,[],,,,1
2097152,0,297,decode_only,30.036252923309803,1,[8246],8246,8246.0,8246,0,0,[],,,,1
2097152,0,298,decode_only,29.996873810887337,1,[8247],8247,8247.0,8247,0,0,[],,,,1
2097152,0,299,decode_only,30.000219121575356,1,[8248],8248,8248.0,8248,0,0,[],,,,1
2097152,0,300,decode_only,29.97748926281929,1,[8249],8249,8249.0,8249,0,0,[],,,,1
2097152,0,301,decode_only,29.984028078615665,1,[8250],8250,8250.0,8250,0,0,[],,,,1
2097152,0,302,decode_only,29.948679730296135,1,[8251],8251,8251.0,8251,0,0,[],,,,1
2097152,0,303,decode_only,29.994905926287174,1,[8252],8252,8252.0,8252,0,0,[],,,,1
2097152,0,304,decode_only,30.031902715563774,1,[8253],8253,8253.0,8253,0,0,[],,,,1
2097152,0,305,decode_only,29.979005455970764,1,[8254],8254,8254.0,8254,0,0,[],,,,1
2097152,1,0,prefill_only,17.399944365024567,0,[],,,,2048,2098176,[0],0,0.0,0,2048
2097152,1,1,prefill_only,20.38111910223961,0,[],,,,2048,6292480,[2048],2048,2048.0,2048,2048
2097152,1,2,prefill_only,23.57922215014696,0,[],,,,2048,10486784,[4096],4096,4096.0,4096,2048
2097152,1,3,prefill_only,57.03540053218603,0,[],,,,6144,18877440,"[6144,0,0]",0,2048.0,6144,6144
2097152,1,4,mixed,39.76703528314829,1,[8192],8192,8192.0,8192,848,2096680,[2048],2048,2048.0,2048,849
2097152,1,5,mixed,41.169870644807816,1,[8193],8193,8193.0,8193,698,2097152,"[2896,2048,0]",0,1648.0,2896,699
2097152,1,6,mixed,41.22051317244768,1,[8194],8194,8194.0,8194,583,2097151,"[3546,2049,47,0,0]",0,1128.4,3546,584
2097152,1,7,mixed,41.44445154815912,1,[8195],8195,8195.0,8195,501,2097152,"[4094,2050,71,8,2,0]",0,1037.5,4094,502
2097152,1,8,mixed,40.67785665392876,1,[8196],8196,8196.0,8196,437,2095852,[4577],4577,4577.0,4577,438
2097152,1,9,mixed,41.23583156615496,1,[8197],8197,8197.0,8197,402,2096631,[5014],5014,5014.0,5014,403
2097152,1,10,mixed,41.45202413201332,1,[8198],8198,8198.0,8198,374,2095709,[5416],5416,5416.0,5416,375
2097152,1,11,mixed,43.56768541038036,1,[8199],8199,8199.0,8199,368,2097150,"[5790,2051,81,12]",12,1983.5,5790,369
2097152,1,12,mixed,42.420074343681335,1,[8200],8200,8200.0,8200,347,2097151,"[6141,2052,92,17,3]",3,1661.0,6141,348
2097152,1,13,mixed,42.46908240020275,1,[8201],8201,8201.0,8201,316,2095554,[6473],6473,6473.0,6473,317
2097152,1,14,mixed,42.958687990903854,1,[8202],8202,8202.0,8202,302,2096031,[6789],6789,6789.0,6789,303
2097152,1,15,mixed,43.46686974167824,1,[8203],8203,8203.0,8203,313,2097152,"[7091,2053,102,18,6,2,0]",0,1324.5714285714287,7091,314
2097152,1,16,mixed,43.96320693194866,1,[8204],8204,8204.0,8204,289,2097151,"[7380,2055,118,21,7]",7,1916.2,7380,290
2097152,1,17,mixed,43.96437760442495,1,[8205],8205,8205.0,8205,269,2096317,[7658],7658,7658.0,7658,270
2097152,1,18,mixed,44.252035208046436,1,[8206],8206,8206.0,8206,262,2097132,"[7927,2058,122]",122,3369.0,7927,263
2097152,1,19,mixed,48.39122388511896,1,[8207],8207,8207.0,8207,861,2097152,"[8187,2059,123,24,8,3,1,0,0]",0,1156.111111111111,8187,862
2097152,1,20,mixed,40.16316868364811,2,"[8208,8192]",8192,8200.0,8208,660,2097150,"[2889,140,28,9,4]",4,614.0,2889,662
2097152,1,21,mixed,39.98853825032711,2,"[8209,8193]",8193,8201.0,8209,565,2097147,"[3541,144,30,10]",10,931.25,3541,567
2097152,1,22,mixed,39.950418286025524,2,"[8210,8194]",8194,8202.0,8210,489,2097152,"[4090,158,31,11,5]",5,859.0,4090,491
2097152,1,23,mixed,39.99758791178465,2,"[8211,8195]",8195,8203.0,8211,455,2097148,"[4574,159,32]",32,1588.3333333333333,4574,457
2097152,1,24,mixed,39.990066550672054,2,"[8212,8196]",8196,8204.0,8212,414,2097147,"[5011,174,35]",35,1740.0,5011,416
2097152,1,25,mixed,41.74075182527304,2,"[8213,8197]",8197,8205.0,8213,390,2097150,"[5413,183,38,13]",13,1411.75,5413,392
2097152,1,26,mixed,40.90489633381367,2,"[8214,8198]",8198,8206.0,8214,371,2097143,"[5787,196]",196,2991.5,5787,373
2097152,1,27,mixed,42.70082525908947,2,"[8215,8199]",8199,8207.0,8215,355,2097149,"[6138,216,40,14]",14,1602.0,6138,357
2097152,1,28,mixed,41.417247615754604,2,"[8216,8200]",8200,8208.0,8216,330,2097148,"[6470,233,45,15]",15,1690.75,6470,332
2097152,1,29,mixed,42.63344872742891,2,"[8217,8201]",8201,8209.0,8217,310,2097105,"[6786,243]",243,3514.5,6786,312
2097152,1,30,mixed,43.05894300341606,2,"[8218,8202]",8202,8210.0,8218,318,2097139,"[7088,251,48]",48,2462.3333333333335,7088,320
2097152,1,31,mixed,43.00015885382891,2,"[8219,8203]",8203,8211.0,8219,304,2097114,"[7377,276]",276,3826.5,7377,306
2097152,1,32,mixed,42.899833992123604,2,"[8220,8204]",8204,8212.0,8220,276,2097142,"[7655,302,52]",52,2669.6666666666665,7655,278
2097152,1,33,mixed,43.08301396667957,2,"[8221,8205]",8205,8213.0,8221,272,2097146,"[7924,307,54]",54,2761.6666666666665,7924,274
2097152,1,34,mixed,52.24753450602293,2,"[8222,8206]",8206,8214.0,8222,1761,2097151,"[8184,316,57,16,6]",6,1715.8,8184,1763
2097152,1,35,mixed,40.03333207219839,3,"[8223,8207,8192]",8192,8207.333333333334,8223,874,2097141,"[2039,84]",84,1061.5,2039,877
2097152,1,36,mixed,40.94106797128916,3,"[8224,8208,8193]",8193,8208.333333333334,8224,663,2097151,"[2889,108,17,8,2]",2,604.8,2889,666
2097152,1,37,mixed,40.42699467390776,3,"[8225,8209,8194]",8194,8209.333333333334,8225,570,2097152,"[3541,113,21]",21,1225.0,3541,573
2097152,1,38,mixed,40.505100041627884,3,"[8226,8210,8195]",8195,8210.333333333334,8226,489,2097152,"[4090,130,25,9]",9,1063.5,4090,492
2097152,1,39,mixed,40.93236569315195,3,"[8227,8211,8196]",8196,8211.333333333334,8227,459,2097152,"[4574,131,28,10]",10,1185.75,4574,462
2097152,1,40,mixed,40.16823414713144,3,"[8228,8212,8197]",8197,8212.333333333334,8228,413,2097130,"[5011,149]",149,2580.0,5011,416
2097152,1,41,mixed,41.959380730986595,3,"[8229,8213,8198]",8198,8213.333333333334,8229,391,2097151,"[5413,160,30,12]",12,1403.75,5413,394
2097152,1,42,mixed,40.892353281378746,3,"[8230,8214,8199]",8199,8214.333333333334,8230,374,2097148,"[5787,175,31]",31,1997.6666666666667,5787,377
2097152,1,43,mixed,41.3317596539855,3,"[8231,8215,8200]",8200,8215.333333333334,8231,357,2097152,"[6138,197,32,13,3]",3,1276.6,6138,360
2097152,1,44,mixed,41.60136077553034,3,"[8232,8216,8201]",8201,8216.333333333334,8232,331,2097152,"[6470,216,35,14]",14,1683.75,6470,334
2097152,1,45,mixed,42.39011090248823,3,"[8233,8217,8202]",8202,8217.333333333334,8233,315,2097152,"[6786,227,37,16]",16,1766.5,6786,318
2097152,1,46,mixed,42.40718577057123,3,"[8234,8218,8203]",8203,8218.333333333334,8234,318,2097145,"[7088,235,41]",41,2454.6666666666665,7088,321
2097152,1,47,mixed,43.62239968031645,3,"[8235,8219,8204]",8204,8219.333333333334,8235,309,2097152,"[7377,262,43,17,5]",5,1540.8,7377,312
2097152,1,48,mixed,43.01639273762703,3,"[8236,8220,8205]",8205,8220.333333333334,8236,279,2097150,"[7655,289,45,18]",18,2001.75,7655,282
2097152,1,49,mixed,43.77957433462143,3,"[8237,8221,8206]",8206,8221.333333333334,8237,277,2097152,"[7924,294,48,20,6]",6,1658.4,7924,280
2097152,1,50,mixed,52.73098032921553,3,"[8238,8222,8207]",8207,8222.333333333334,8238,1772,2097149,"[8184,303,53,21]",21,2140.25,8184,1775
2097152,1,51,mixed,40.43398052453995,4,"[8239,8223,8208,8192]",8192,8215.5,8239,866,2097147,"[2037,82,22]",22,713.6666666666666,2037,870
2097152,1,52,mixed,40.44613800942898,4,"[8240,8224,8209,8193]",8193,8216.5,8240,669,2097152,"[2888,94,25,8,1]",1,603.2,2888,673
2097152,1,53,mixed,39.389343932271004,4,"[8241,8225,8210,8194]",8194,8217.5,8241,572,2097149,"[3540,106]",106,1823.0,3540,576
2097152,1,54,mixed,40.24139139801264,4,"[8242,8226,8211,8195]",8195,8218.5,8242,493,2097152,"[4089,129,28,9,2]",2,851.4,4089,497
2097152,1,55,mixed,39.780618622899055,4,"[8243,8227,8212,8196]",8196,8219.5,8243,458,2097149,"[4573,134]",134,2353.5,4573,462
2097152,1,56,mixed,40.05542676895857,4,"[8244,8228,8213,8197]",8197,8220.5,8244,415,2097129,"[5010,155]",155,2582.5,5010,419
2097152,1,57,mixed,40.734780952334404,4,"[8245,8229,8214,8198]",8198,8221.5,8245,396,2097152,"[5412,168,29,10,4]",4,1124.6,5412,400
2097152,1,58,mixed,42.47142467647791,4,"[8246,8230,8215,8199]",8199,8222.5,8246,379,2097150,"[5786,184,32,11]",11,1503.25,5786,383
2097152,1,59,mixed,42.90674813091755,4,"[8247,8231,8216,8200]",8200,8223.5,8247,356,2097152,"[6137,206,37,12,6,1]",1,1066.5,6137,360
2097152,1,60,mixed,41.592104360461235,4,"[8248,8232,8217,8201]",8201,8224.5,8248,331,2097148,"[6469,226,38,13]",13,1686.5,6469,335
2097152,1,61,mixed,42.20053553581238,4,"[8249,8233,8218,8202]",8202,8225.5,8249,315,2097149,"[6785,238,39,15]",15,1769.25,6785,319
2097152,1,62,mixed,42.46257618069649,4,"[8250,8234,8219,8203]",8203,8226.5,8250,317,2097138,"[7087,247,42]",42,2458.6666666666665,7087,321
2097152,1,63,mixed,42.43569076061249,4,"[8251,8235,8220,8204]",8204,8227.5,8251,279,2096964,[7376],7376,7376.0,7376,283
2097152,1,64,mixed,43.22379361838102,4,"[8252,8236,8221,8205]",8205,8228.5,8252,281,2097150,"[7655,274,43,16,7]",7,1599.0,7655,285
2097152,1,65,mixed,43.326796032488346,4,"[8253,8237,8222,8206]",8206,8229.5,8253,274,2097151,"[7924,279,48,17]",17,2067.0,7924,278
2097152,1,66,mixed,52.932532504200935,4,"[8254,8238,8223,8207]",8207,8230.5,8254,1788,2097152,"[8184,289,50,19,8,2,0,0]",0,1069.0,8184,1792
2097152,1,67,mixed,40.40227644145489,4,"[8239,8224,8208,8192]",8192,8215.75,8239,881,2097146,"[2035,79]",79,1057.0,2035,885
2097152,1,68,mixed,40.919519029557705,4,"[8240,8225,8209,8193]",8193,8216.75,8240,679,2097152,"[2886,109,20,9,3,1]",1,504.6666666666667,2886,683
2097152,1,69,mixed,40.14952760189772,4,"[8241,8226,8210,8194]",8194,8217.75,8241,578,2097143,"[3538,130,23]",23,1230.3333333333333,3538,582
2097152,1,70,mixed,39.746545255184174,4,"[8242,8227,8211,8195]",8195,8218.75,8242,496,2097148,"[4087,156,26]",26,1423.0,4087,500
2097152,1,71,mixed,40.05832597613335,4,"[8243,8228,8212,8196]",8196,8219.75,8243,459,2097135,"[4571,166]",166,2368.5,4571,463
2097152,1,72,mixed,40.358563885092735,4,"[8244,8229,8213,8197]",8197,8220.75,8244,422,2097145,"[5008,188,28]",28,1741.3333333333333,5008,426
2097152,1,73,mixed,40.717851370573044,4,"[8245,8230,8214,8198]",8198,8221.75,8245,396,2097151,"[5410,202,34,10,4]",4,1132.0,5410,400
2097152,1,74,mixed,40.94082582741976,4,"[8246,8231,8215,8199]",8199,8222.75,8246,376,2097145,"[5784,219,36]",36,2013.0,5784,380
2097152,1,75,mixed,41.188305243849754,4,"[8247,8232,8216,8200]",8200,8223.75,8247,352,2097128,"[6135,241]",241,3188.0,6135,356
2097152,1,76,mixed,41.77216999232769,4,"[8248,8233,8217,8201]",8201,8224.75,8248,329,2097142,"[6467,261]",261,3364.0,6467,333
2097152,1,77,mixed,42.850468307733536,4,"[8249,8234,8218,8202]",8202,8225.75,8249,316,2097150,"[6783,274,39,12]",12,1777.0,6783,320
2097152,1,78,mixed,42.783050797879696,4,"[8250,8235,8219,8203]",8203,8226.75,8250,291,2097130,"[7085,284]",284,3684.5,7085,295
2097152,1,79,mixed,43.538196943700314,4,"[8251,8236,8220,8204]",8204,8227.75,8251,284,2097149,"[7375,285,42]",42,2567.3333333333335,7375,288
2097152,1,80,mixed,42.83556807786226,4,"[8252,8237,8221,8205]",8205,8228.75,8252,280,2097151,"[7654,286,46,13]",13,1999.75,7654,284
2097152,1,81,mixed,43.39446313679218,4,"[8253,8238,8222,8206]",8206,8229.75,8253,275,2097145,"[7923,292,49]",49,2754.6666666666665,7923,279
2097152,1,82,mixed,52.60744038969278,4,"[8254,8239,8223,8207]",8207,8230.75,8254,1767,2097147,"[8183,302,54,15]",15,2138.5,8183,1771
2097152,1,83,mixed,40.3712373226881,4,"[8240,8224,8208,8192]",8192,8216.0,8240,874,2097151,"[2033,78,18]",18,709.6666666666666,2033,878
2097152,1,84,mixed,40.44250026345253,4,"[8241,8225,8209,8193]",8193,8217.0,8241,686,2097152,"[2885,96,22,5,2,1,0]",0,430.14285714285717,2885,690
2097152,1,85,mixed,40.27112014591694,4,"[8242,8226,8210,8194]",8194,8218.0,8242,553,2097152,"[3537,125,23]",23,1228.3333333333333,3537,557
2097152,1,86,mixed,40.22856708616018,4,"[8243,8227,8211,8195]",8195,8219.0,8243,501,2097150,"[4087,127,24,6,3]",3,849.4,4087,505
2097152,1,87,mixed,39.98078033328056,4,"[8244,8228,8212,8196]",8196,8220.0,8244,466,2097144,"[4571,139,26]",26,1578.6666666666667,4571,470
2097152,1,88,mixed,40.36159161478281,4,"[8245,8229,8213,8197]",8197,8221.0,8245,423,2097144,"[5008,164,30]",30,1734.0,5008,427
2097152,1,89,mixed,40.57913739234209,4,"[8246,8230,8214,8198]",8198,8222.0,8246,395,2097148,"[5410,180,35]",35,1875.0,5410,399
2097152,1,90,mixed,42.73780435323715,4,"[8247,8231,8215,8199]",8199,8223.0,8247,382,2097151,"[5784,199,37,8,4,2]",2,1005.6666666666666,5784,386
2097152,1,91,mixed,42.78060421347618,4,"[8248,8232,8216,8200]",8200,8224.0,8248,357,2097147,"[6135,223,39,11]",11,1602.0,6135,361
2097152,1,92,mixed,41.68421123176813,4,"[8249,8233,8217,8201]",8201,8225.0,8249,334,2097146,"[6467,244,42]",42,2251.0,6467,338
2097152,1,93,mixed,42.077082209289074,4,"[8250,8234,8218,8202]",8202,8226.0,8250,313,2097112,"[6783,257]",257,3520.0,6783,317
2097152,1,94,mixed,42.53049287945032,4,"[8251,8235,8219,8203]",8203,8227.0,8251,291,2097114,"[7085,268]",268,3676.5,7085,295
2097152,1,95,mixed,43.03597379475832,4,"[8252,8236,8220,8204]",8204,8228.0,8252,287,2097150,"[7375,269,47,12,5]",5,1541.6,7375,291
2097152,1,96,mixed,42.719267308712006,4,"[8253,8237,8221,8205]",8205,8229.0,8253,280,2097147,"[7654,270,50]",50,2658.0,7654,284
2097152,1,97,mixed,45.676750130951405,4,"[8254,8238,8222,8206]",8206,8230.0,8254,276,2097152,"[7923,276,55,15,6,3]",3,1379.6666666666667,7923,280
2097152,1,98,mixed,52.269598469138145,3,"[8239,8223,8207]",8207,8223.0,8239,1773,2097150,"[8183,287,57,16]",16,2135.75,8183,1776
2097152,1,99,mixed,39.87254295498133,4,"[8240,8224,8208,8192]",8192,8216.0,8240,859,2097151,"[2031,76]",76,1053.5,2031,863
2097152,1,100,mixed,40.46026151627302,4,"[8241,8225,8209,8193]",8193,8217.0,8241,660,2097152,"[2884,82,17,7,4]",4,598.8,2884,664
2097152,1,101,mixed,39.17251154780388,4,"[8242,8226,8210,8194]",8194,8218.0,8242,553,2097139,"[3537,86]",86,1811.5,3537,557
2097152,1,102,mixed,39.52849470078945,4,"[8243,8227,8211,8195]",8195,8219.0,8243,501,2097144,"[4087,89]",89,2088.0,4087,505
2097152,1,103,mixed,39.78243097662926,4,"[8244,8228,8212,8196]",8196,8220.0,8244,469,2097150,"[4571,106]",106,2338.5,4571,473
2097152,1,104,mixed,40.4991926625371,4,"[8245,8229,8213,8197]",8197,8221.0,8245,428,2097151,"[5008,138,18,8,5]",5,1035.4,5008,432
2097152,1,105,mixed,40.68948607891798,4,"[8246,8230,8214,8198]",8198,8222.0,8246,401,2097152,"[5410,157,23]",23,1863.3333333333333,5410,405
2097152,1,106,mixed,40.998369455337524,4,"[8247,8231,8215,8199]",8199,8223.0,8247,378,2097144,"[5784,178]",178,2981.0,5784,382
2097152,1,107,mixed,41.178023442626,4,"[8248,8232,8216,8200]",8200,8224.0,8248,357,2097150,"[6135,205,29]",29,2123.0,6135,361
2097152,1,108,mixed,41.59042239189148,4,"[8249,8233,8217,8201]",8201,8225.0,8249,337,2097146,"[6467,228,31,9]",9,1683.75,6467,341
2097152,1,109,mixed,42.0250054448843,4,"[8250,8234,8218,8202]",8202,8226.0,8250,318,2097142,"[6783,242,36]",36,2353.6666666666665,6783,322
2097152,1,110,mixed,42.446945793926716,4,"[8251,8235,8219,8203]",8203,8227.0,8251,292,2097141,"[7085,253,41]",41,2459.6666666666665,7085,296
2097152,1,111,mixed,44.80550345033407,4,"[8252,8236,8220,8204]",8204,8228.0,8252,288,2097152,"[7375,254,42,11,6,1]",1,1281.5,7375,292
2097152,1,112,mixed,43.03755983710289,4,"[8253,8237,8221,8205]",8205,8229.0,8253,278,2097149,"[7654,255,46]",46,2651.6666666666665,7654,282
2097152,1,113,mixed,44.51390542089939,4,"[8254,8238,8222,8206]",8206,8230.0,8254,272,2097132,"[7923,262]",262,4092.5,7923,276
2097152,1,114,mixed,52.67779529094696,3,"[8239,8223,8207]",8207,8223.0,8239,1795,2097152,"[8183,274,48,13,7,2,0]",0,1218.142857142857,8183,1798
2097152,1,115,mixed,40.43407365679741,4,"[8240,8224,8208,8192]",8192,8216.0,8240,884,2097152,"[2029,75,14,8,3]",3,425.8,2029,888
2097152,1,116,mixed,40.42230453342199,4,"[8241,8225,8209,8193]",8193,8217.0,8241,672,2097152,"[2882,99,18,9]",9,752.0,2882,676
2097152,1,117,mixed,40.39387218654156,4,"[8242,8226,8210,8194]",8194,8218.0,8242,564,2097151,"[3535,114,21,10]",10,920.0,3535,568
2097152,1,118,mixed,39.90323655307293,4,"[8243,8227,8211,8195]",8195,8219.0,8243,506,2097150,"[4085,125,23]",23,1411.0,4085,510
2097152,1,119,mixed,39.84300326555967,4,"[8244,8228,8212,8196]",8196,8220.0,8244,467,2097141,"[4569,144]",144,2356.5,4569,471
2097152,1,120,mixed,41.45915526896715,4,"[8245,8229,8213,8197]",8197,8221.0,8245,426,2097152,"[5006,174,26,11,5,1]",1,870.5,5006,430
2097152,1,121,mixed,40.60529079288244,4,"[8246,8230,8214,8198]",8198,8222.0,8246,399,2097140,"[5408,194,27]",27,1876.3333333333333,5408,403
2097152,1,122,mixed,41.59595724195242,4,"[8247,8231,8215,8199]",8199,8223.0,8247,385,2097152,"[5782,215,31,12,6,2,0]",0,864.0,5782,389
2097152,1,123,mixed,42.986770160496235,4,"[8248,8232,8216,8200]",8200,8224.0,8248,360,2097150,"[6133,240,36,13]",13,1605.5,6133,364
2097152,1,124,mixed,41.64575599133968,4,"[8249,8233,8217,8201]",8201,8225.0,8249,334,2097150,"[6465,262,40,15]",15,1695.5,6465,338
2097152,1,125,mixed,42.04734321683645,4,"[8250,8234,8218,8202]",8202,8226.0,8250,317,2097146,"[6781,277,41]",41,2366.3333333333335,6781,321
2097152,1,126,mixed,42.66076907515526,4,"[8251,8235,8219,8203]",8203,8227.0,8251,293,2097138,"[7083,289]",289,3686.0,7083,297
2097152,1,127,mixed,42.76673309504986,4,"[8252,8236,8220,8204]",8204,8228.0,8252,285,2097147,"[7373,292,44]",44,2569.6666666666665,7373,289
2097152,1,128,mixed,43.06378960609436,4,"[8253,8237,8221,8205]",8205,8229.0,8253,278,2097147,"[7652,295,47]",47,2664.6666666666665,7652,282
2097152,1,129,mixed,44.448746368288994,4,"[8254,8238,8222,8206]",8206,8230.0,8254,272,2097104,"[7921,303]",303,4112.0,7921,276
2097152,1,130,mixed,52.162473089993,3,"[8239,8223,8207]",8207,8223.0,8239,1750,2097152,"[8181,315,48,17,7]",7,1713.6,8181,1753
2097152,1,131,mixed,40.051731280982494,4,"[8240,8224,8208,8192]",8192,8216.0,8240,869,2097145,"[2027,72,18]",18,705.6666666666666,2027,873
2097152,1,132,mixed,40.14580976217985,4,"[8241,8225,8209,8193]",8193,8217.0,8241,677,2097140,"[2881,84]",84,1482.5,2881,681
2097152,1,133,mixed,40.72193801403046,4,"[8242,8226,8210,8194]",8194,8218.0,8242,572,2097151,"[3534,108,21,9,3,1,0]",0,525.1428571428571,3534,576
2097152,1,134,mixed,40.874396450817585,4,"[8243,8227,8211,8195]",8195,8219.0,8243,512,2097148,"[4084,124,23,10]",10,1060.25,4084,516
2097152,1,135,mixed,40.93951731920242,4,"[8244,8228,8212,8196]",8196,8220.0,8244,444,2097151,"[4568,146,28,11,4,2]",2,793.1666666666666,4568,448
2097152,1,136,mixed,41.433343663811684,4,"[8245,8229,8213,8197]",8197,8221.0,8245,428,2097148,"[5006,147,30,12]",12,1298.75,5006,432
2097152,1,137,mixed,40.78479204326868,4,"[8246,8230,8214,8198]",8198,8222.0,8246,401,2097150,"[5408,170,32,13,5]",5,1125.6,5408,405
2097152,1,138,mixed,41.21853318065405,4,"[8247,8231,8215,8199]",8199,8223.0,8247,382,2097152,"[5782,194,33,14,6]",6,1205.8,5782,386
2097152,1,139,mixed,42.97530930489302,4,"[8248,8232,8216,8200]",8200,8224.0,8248,359,2097149,"[6133,222,34,15]",15,1601.0,6133,363
2097152,1,140,mixed,41.621122509241104,4,"[8249,8233,8217,8201]",8201,8225.0,8249,334,2097152,"[6465,246,36,16]",16,1690.75,6465,338
2097152,1,141,mixed,42.75435674935579,4,"[8250,8234,8218,8202]",8202,8226.0,8250,316,2097150,"[6781,262,37]",37,2360.0,6781,320
2097152,1,142,mixed,43.14462374895811,4,"[8251,8235,8219,8203]",8203,8227.0,8251,294,2097135,"[7083,275,38]",38,2465.3333333333335,7083,298
2097152,1,143,mixed,42.780385352671146,4,"[8252,8236,8220,8204]",8204,8228.0,8252,287,2097151,"[7373,278,39,17]",17,1926.75,7373,291
2097152,1,144,mixed,43.032409623265266,4,"[8253,8237,8221,8205]",8205,8229.0,8253,282,2097149,"[7652,281,43,18,7]",7,1600.2,7652,286
2097152,1,145,mixed,43.25870797038078,4,"[8254,8238,8222,8206]",8206,8230.0,8254,277,2097150,"[7921,289,46,19]",19,2068.75,7921,281
2097152,1,146,mixed,52.36577056348324,3,"[8239,8223,8207]",8207,8223.0,8239,1755,2097141,"[8181,301,50]",50,2844.0,8181,1758
2097152,1,147,mixed,40.38504511117935,4,"[8240,8224,8208,8192]",8192,8216.0,8240,887,2097144,"[2025,70,20]",20,705.0,2025,891
2097152,1,148,mixed,39.800554513931274,4,"[8241,8225,8209,8193]",8193,8217.0,8241,654,2097051,[2879],2879,2879.0,2879,658
2097152,1,149,mixed,39.37817085534334,4,"[8242,8226,8210,8194]",8194,8218.0,8242,572,2097150,"[3533,101]",101,1817.0,3533,576
2097152,1,150,mixed,40.526180528104305,4,"[8243,8227,8211,8195]",8195,8219.0,8243,514,2097151,"[4083,123,22,8,3]",3,847.8,4083,518
2097152,1,151,mixed,39.591691456735134,4,"[8244,8228,8212,8196]",8196,8220.0,8244,444,2097144,"[4567,149,24]",24,1580.0,4567,448
2097152,1,152,mixed,41.56400728970766,4,"[8245,8229,8213,8197]",8197,8221.0,8245,433,2097151,"[5005,153,26,9]",9,1298.25,5005,437
2097152,1,153,mixed,41.90572910010815,4,"[8246,8230,8214,8198]",8198,8222.0,8246,402,2097150,"[5407,177,31,11]",11,1406.5,5407,406
2097152,1,154,mixed,40.87860509753227,4,"[8247,8231,8215,8199]",8199,8223.0,8247,352,2097040,[5781],5781,5781.0,5781,356
2097152,1,155,mixed,41.595011949539185,4,"[8248,8232,8216,8200]",8200,8224.0,8248,361,2097139,"[6133,202,32]",32,2122.3333333333335,6133,365
2097152,1,156,mixed,43.37622784078121,4,"[8249,8233,8217,8201]",8201,8225.0,8249,339,2097152,"[6465,228,35,13,4,1]",1,1124.3333333333333,6465,343
2097152,1,157,mixed,42.907497845590115,4,"[8250,8234,8218,8202]",8202,8226.0,8250,316,2097150,"[6781,245]",245,3513.0,6781,320
2097152,1,158,mixed,44.5008622482419,4,"[8251,8235,8219,8203]",8203,8227.0,8251,298,2097150,"[7083,259,37,14,5,3]",3,1233.5,7083,302
2097152,1,159,mixed,43.03656332194805,4,"[8252,8236,8220,8204]",8204,8228.0,8252,289,2097152,"[7373,262,39,15,6]",6,1539.0,7373,293
2097152,1,160,mixed,43.05718746036291,4,"[8253,8237,8221,8205]",8205,8229.0,8253,278,2097133,"[7652,265]",265,3958.5,7652,282
2097152,1,161,mixed,43.55426877737045,4,"[8254,8238,8222,8206]",8206,8230.0,8254,276,2097151,"[7921,274,44,16]",16,2063.75,7921,280
2097152,1,162,mixed,52.41490714251995,3,"[8239,8223,8207]",8207,8223.0,8239,1767,2097135,"[8181,287,46]",46,2838.0,8181,1770
2097152,1,163,mixed,40.14225862920284,4,"[8240,8224,8208,8192]",8192,8216.0,8240,875,2097135,"[2023,66]",66,1044.5,2023,879
2097152,1,164,mixed,40.413075126707554,4,"[8241,8225,8209,8193]",8193,8217.0,8241,665,2097152,"[2878,86,17,7,4]",4,598.4,2878,669
2097152,1,165,mixed,40.35785514861345,4,"[8242,8226,8210,8194]",8194,8218.0,8242,582,2097146,"[3532,94,18]",18,1214.6666666666667,3532,586
2097152,1,166,mixed,40.99050723016262,4,"[8243,8227,8211,8195]",8195,8219.0,8243,520,2097151,"[4082,121,23,8]",8,1058.5,4082,524
2097152,1,167,mixed,40.460449643433094,4,"[8244,8228,8212,8196]",8196,8220.0,8244,445,2097127,"[4566,150]",150,2358.0,4566,449
2097152,1,168,mixed,40.76026380062103,4,"[8245,8229,8213,8197]",8197,8221.0,8245,433,2097151,"[5004,157,28,10,5]",5,1040.8,5004,437
2097152,1,169,mixed,40.657746605575085,4,"[8246,8230,8214,8198]",8198,8222.0,8246,402,2097143,"[5406,183,31]",31,1873.3333333333333,5406,406
2097152,1,170,mixed,40.842107497155666,4,"[8247,8231,8215,8199]",8199,8223.0,8247,355,2097143,"[5780,209,33]",33,2007.3333333333333,5780,359
2097152,1,171,mixed,43.02344284951687,4,"[8248,8232,8216,8200]",8200,8224.0,8248,365,2097149,"[6132,211,34,11]",11,1597.0,6132,369
2097152,1,172,mixed,42.11769253015518,4,"[8249,8233,8217,8201]",8201,8225.0,8249,334,2097147,"[6464,237]",237,3350.5,6464,338
2097152,1,173,mixed,42.23008267581463,4,"[8250,8234,8218,8202]",8202,8226.0,8250,322,2097147,"[6780,255,39,13,6]",6,1418.6,6780,326
2097152,1,174,mixed,42.547497898340225,4,"[8251,8235,8219,8203]",8203,8227.0,8251,296,2097148,"[7082,269,42]",42,2464.3333333333335,7082,300
2097152,1,175,mixed,43.01151353865862,4,"[8252,8236,8220,8204]",8204,8228.0,8252,288,2097152,"[7372,273,44,15]",15,1926.0,7372,292
2097152,1,176,mixed,43.884423561394215,4,"[8253,8237,8221,8205]",8205,8229.0,8253,283,2097147,"[7651,277,48,16,7]",7,1599.8,7651,287
2097152,1,177,mixed,43.36490575224161,4,"[8254,8238,8222,8206]",8206,8230.0,8254,279,2097144,"[7920,286,51,17,8]",8,1656.4,7920,283
2097152,1,178,mixed,52.266196347773075,3,"[8239,8223,8207]",8207,8223.0,8239,1743,2097150,"[8180,299,54]",54,2844.3333333333335,8180,1746
2097152,1,179,mixed,40.36552179604769,4,"[8240,8224,8208,8192]",8192,8216.0,8240,863,2097143,"[2021,63,19]",19,701.0,2021,867
2097152,1,180,mixed,40.10781832039356,4,"[8241,8225,8209,8193]",8193,8217.0,8241,672,2097138,"[2877,68]",68,1472.5,2877,676
2097152,1,181,mixed,40.14510568231344,4,"[8242,8226,8210,8194]",8194,8218.0,8242,587,2097149,"[3531,86,21,9]",9,911.75,3531,591
2097152,1,182,mixed,39.532710798084736,4,"[8243,8227,8211,8195]",8195,8219.0,8243,485,2097140,[4081],4081,4081.0,4081,489
2097152,1,183,mixed,39.97013624757528,4,"[8244,8228,8212,8196]",8196,8220.0,8244,450,2097147,"[4566,120,23]",23,1569.6666666666667,4566,454
2097152,1,184,mixed,41.61363281309605,4,"[8245,8229,8213,8197]",8197,8221.0,8245,436,2097143,"[5004,128,27,10]",10,1292.25,5004,440
2097152,1,185,mixed,40.63807986676693,4,"[8246,8230,8214,8198]",8198,8222.0,8246,407,2097141,"[5406,159,29]",29,1864.6666666666667,5406,411
2097152,1,186,mixed,42.31458716094494,4,"[8247,8231,8215,8199]",8199,8223.0,8247,357,2097148,"[5780,188,33,11]",11,1503.0,5780,361
2097152,1,187,mixed,43.273650109767914,4,"[8248,8232,8216,8200]",8200,8224.0,8248,365,2097147,"[6132,190,35,12]",12,1592.25,6132,369
2097152,1,188,mixed,41.57721344381571,4,"[8249,8233,8217,8201]",8201,8225.0,8249,337,2097138,"[6464,219,37]",37,2240.0,6464,341
2097152,1,189,mixed,42.021539993584156,4,"[8250,8234,8218,8202]",8202,8226.0,8250,321,2097141,"[6780,238,39,14]",14,1767.75,6780,325
2097152,1,190,mixed,42.33838431537151,4,"[8251,8235,8219,8203]",8203,8227.0,8251,298,2097145,"[7082,253,42,15]",15,1848.0,7082,302
2097152,1,191,mixed,43.57844032347202,4,"[8252,8236,8220,8204]",8204,8228.0,8252,284,2097148,"[7372,257]",257,3814.5,7372,288
2097152,1,192,mixed,42.88474842905998,4,"[8253,8237,8221,8205]",8205,8229.0,8253,279,2097109,"[7651,262]",262,3956.5,7651,283
2097152,1,193,mixed,43.4427335858345,4,"[8254,8238,8222,8206]",8206,8230.0,8254,276,2097136,"[7920,272,45]",45,2745.6666666666665,7920,280
2097152,1,194,mixed,52.52902302891016,3,"[8239,8223,8207]",8207,8223.0,8239,1759,2097150,"[8180,286,47]",47,2837.6666666666665,8180,1762
2097152,1,195,mixed,40.4598219320178,4,"[8240,8224,8208,8192]",8192,8216.0,8240,886,2097139,"[2019,61,16]",16,698.6666666666666,2019,890
2097152,1,196,mixed,40.19727651029825,4,"[8241,8225,8209,8193]",8193,8217.0,8241,683,2097137,"[2875,88,19]",19,994.0,2875,687
2097152,1,197,mixed,39.45633955299854,4,"[8242,8226,8210,8194]",8194,8218.0,8242,556,2097140,"[3529,114]",114,1821.5,3529,560
2097152,1,198,mixed,39.4580103456974,4,"[8243,8227,8211,8195]",8195,8219.0,8243,489,2097141,"[4080,119]",119,2099.5,4080,493
2097152,1,199,mixed,39.64701667428017,4,"[8244,8228,8212,8196]",8196,8220.0,8244,453,2097128,"[4565,123,22]",22,1570.0,4565,457
2097152,1,200,mixed,40.01600947231054,4,"[8245,8229,8213,8197]",8197,8221.0,8245,438,2097139,"[5003,134,26]",26,1721.0,5003,442
2097152,1,201,mixed,40.718753822147846,4,"[8246,8230,8214,8198]",8198,8222.0,8246,407,2097136,"[5405,166,30]",30,1867.0,5405,411
2097152,1,202,mixed,40.740422904491425,4,"[8247,8231,8215,8199]",8199,8223.0,8247,356,2097130,"[5779,196]",196,2987.5,5779,360
2097152,1,203,mixed,41.58440139144659,4,"[8248,8232,8216,8200]",8200,8224.0,8248,365,2097147,"[6131,200,33]",33,2121.3333333333335,6131,369
2097152,1,204,mixed,41.78651701658964,4,"[8249,8233,8217,8201]",8201,8225.0,8249,340,2097135,"[6463,229,37]",37,2243.0,6463,344
2097152,1,205,mixed,42.117140255868435,4,"[8250,8234,8218,8202]",8202,8226.0,8250,318,2097115,"[6779,248]",248,3513.5,6779,322
2097152,1,206,mixed,42.54021402448416,4,"[8251,8235,8219,8203]",8203,8227.0,8251,298,2097152,"[7081,264,42]",42,2462.3333333333335,7081,302
2097152,1,207,mixed,43.005699291825294,4,"[8252,8236,8220,8204]",8204,8228.0,8252,288,2097119,"[7371,269,45]",45,2561.6666666666665,7371,292
2097152,1,208,mixed,42.939516715705395,4,"[8253,8237,8221,8205]",8205,8229.0,8253,282,2097113,"[7650,274,49]",49,2657.6666666666665,7650,286
2097152,1,209,mixed,43.728782795369625,4,"[8254,8238,8222,8206]",8206,8230.0,8254,277,2097113,"[7919,284,52]",52,2751.6666666666665,7919,281
2097152,1,210,mixed,55.8283906430006,3,"[8239,8223,8207]",8207,8223.0,8239,1734,2097133,"[8179,298,55]",55,2844.0,8179,1737
2097152,1,211,mixed,40.083643049001694,4,"[8240,8224,8208,8192]",8192,8216.0,8240,871,2097125,"[2017,57]",57,1037.0,2017,875
2097152,1,212,mixed,40.074448101222515,4,"[8241,8225,8209,8193]",8193,8217.0,8241,691,2097111,"[2874,71]",71,1472.5,2874,695
2097152,1,213,mixed,39.50820583850145,4,"[8242,8226,8210,8194]",8194,8218.0,8242,561,2097139,"[3528,108]",108,1818.0,3528,565
2097152,1,214,mixed,39.4393615424633,4,"[8243,8227,8211,8195]",8195,8219.0,8243,493,2097150,"[4079,118]",118,2098.5,4079,497
2097152,1,215,mixed,39.830632507801056,4,"[8244,8228,8212,8196]",8196,8220.0,8244,452,2097042,"[4564,126]",126,2345.0,4564,456
2097152,1,216,mixed,40.11212754994631,4,"[8245,8229,8213,8197]",8197,8221.0,8245,435,2096988,"[5002,140]",140,2571.0,5002,439
2097152,1,217,mixed,40.57252872735262,4,"[8246,8230,8214,8198]",8198,8222.0,8246,375,2097000,[5404],5404,5404.0,5404,379
2097152,1,218,mixed,40.844022296369076,4,"[8247,8231,8215,8199]",8199,8223.0,8247,356,2097038,"[5779,173]",173,2976.0,5779,360
2097152,1,219,mixed,41.858539916574955,4,"[8248,8232,8216,8200]",8200,8224.0,8248,364,2096962,"[6131,177]",177,3154.0,6131,368
2097152,1,220,mixed,43.91388222575188,4,"[8249,8233,8217,8201]",8201,8225.0,8249,337,2097014,"[6463,209]",209,3336.0,6463,341
2097152,1,221,mixed,42.13151056319475,4,"[8250,8234,8218,8202]",8202,8226.0,8250,319,2097074,"[6779,230]",230,3504.5,6779,323
2097152,1,222,mixed,42.798143811523914,4,"[8251,8235,8219,8203]",8203,8227.0,8251,295,2096935,"[7081,247]",247,3664.0,7081,299
2097152,1,223,mixed,43.13945025205612,4,"[8252,8236,8220,8204]",8204,8228.0,8252,285,2097102,"[7371,252]",252,3811.5,7371,289
2097152,1,224,mixed,42.94156935065985,4,"[8253,8237,8221,8205]",8205,8229.0,8253,280,2097069,"[7650,258]",258,3954.0,7650,284
2097152,1,225,mixed,43.65344438701868,4,"[8254,8238,8222,8206]",8206,8230.0,8254,275,2097025,"[7919,269]",269,4094.0,7919,279
2097152,1,226,mixed,52.39165294915438,3,"[8239,8223,8207]",8207,8223.0,8239,1744,2097068,"[8179,284]",284,4231.5,8179,1747
2097152,1,227,mixed,39.836050011217594,4,"[8240,8224,8208,8192]",8192,8216.0,8240,857,2094508,[2015],2015,2015.0,2015,861
2097152,1,228,mixed,40.32290168106556,4,"[8241,8225,8209,8193]",8193,8217.0,8241,655,2096000,[2872],2872,2872.0,2872,659
2097152,1,229,mixed,39.70077633857727,4,"[8242,8226,8210,8194]",8194,8218.0,8242,551,2095453,[3527],3527,3527.0,3527,555
2097152,1,230,mixed,39.494541473686695,4,"[8243,8227,8211,8195]",8195,8219.0,8243,485,2095685,[4078],4078,4078.0,4078,489
2097152,1,231,mixed,39.83937110751867,4,"[8244,8228,8212,8196]",8196,8220.0,8244,438,2094735,[4563],4563,4563.0,4563,442
2097152,1,232,mixed,40.085469372570515,4,"[8245,8229,8213,8197]",8197,8221.0,8245,403,2096809,[5001],5001,5001.0,5001,407
2097152,1,233,mixed,40.41424114257097,4,"[8246,8230,8214,8198]",8198,8222.0,8246,375,2097000,[5404],5404,5404.0,5404,379
2097152,1,234,mixed,40.87123554199934,4,"[8247,8231,8215,8199]",8199,8223.0,8247,352,2096336,[5779],5779,5779.0,5779,356
2097152,1,235,mixed,41.12724028527737,4,"[8248,8232,8216,8200]",8200,8224.0,8248,332,2090770,[6131],6131,6131.0,6131,336
2097152,1,236,mixed,42.24065691232681,4,"[8249,8233,8217,8201]",8201,8225.0,8249,316,2092394,[6463],6463,6463.0,6463,320
2097152,1,237,mixed,42.102403938770294,4,"[8250,8234,8218,8202]",8202,8226.0,8250,302,2093011,[6779],6779,6779.0,6779,306
2097152,1,238,mixed,42.430175468325615,4,"[8251,8235,8219,8203]",8203,8227.0,8251,290,2095685,[7081],7081,7081.0,7081,294
2097152,1,239,mixed,42.66424849629402,4,"[8252,8236,8220,8204]",8204,8228.0,8252,279,2095569,[7371],7371,7371.0,7371,283
2097152,1,240,mixed,42.92420297861099,4,"[8253,8237,8221,8205]",8205,8229.0,8253,269,2094165,[7650],7650,7650.0,7650,273
2097152,1,241,mixed,43.58262196183205,4,"[8254,8238,8222,8206]",8206,8230.0,8254,260,2092870,[7919],7919,7919.0,7919,264
2097152,1,242,mixed,41.699351742863655,3,"[8239,8223,8207]",8207,8223.0,8239,13,106418,[8179],8179,8179.0,8179,16
2097152,1,243,decode_only,30.65751399844885,4,"[8240,8224,8208,8192]",8192,8216.0,8240,0,0,[],,,,4
2097152,1,244,decode_only,30.19164688885212,4,"[8241,8225,8209,8193]",8193,8217.0,8241,0,0,[],,,,4
2097152,1,245,decode_only,30.022425577044487,4,"[8242,8226,8210,8194]",8194,8218.0,8242,0,0,[],,,,4
2097152,1,246,decode_only,29.948899522423744,4,"[8243,8227,8211,8195]",8195,8219.0,8243,0,0,[],,,,4
2097152,1,247,decode_only,30.322200618684292,4,"[8244,8228,8212,8196]",8196,8220.0,8244,0,0,[],,,,4
2097152,1,248,decode_only,30.242149718105793,4,"[8245,8229,8213,8197]",8197,8221.0,8245,0,0,[],,,,4
2097152,1,249,decode_only,30.339042656123638,4,"[8246,8230,8214,8198]",8198,8222.0,8246,0,0,[],,,,4
2097152,1,250,decode_only,30.172036960721016,4,"[8247,8231,8215,8199]",8199,8223.0,8247,0,0,[],,,,4
2097152,1,251,decode_only,30.42926825582981,4,"[8248,8232,8216,8200]",8200,8224.0,8248,0,0,[],,,,4
2097152,1,252,decode_only,30.27924057096243,4,"[8249,8233,8217,8201]",8201,8225.0,8249,0,0,[],,,,4
2097152,1,253,decode_only,30.182037502527237,4,"[8250,8234,8218,8202]",8202,8226.0,8250,0,0,[],,,,4
2097152,1,254,decode_only,30.24805709719658,4,"[8251,8235,8219,8203]",8203,8227.0,8251,0,0,[],,,,4
2097152,1,255,decode_only,30.24529479444027,4,"[8252,8236,8220,8204]",8204,8228.0,8252,0,0,[],,,,4
2097152,1,256,decode_only,30.17659019678831,4,"[8253,8237,8221,8205]",8205,8229.0,8253,0,0,[],,,,4
2097152,1,257,decode_only,30.319014564156532,4,"[8254,8238,8222,8206]",8206,8230.0,8254,0,0,[],,,,4
2097152,1,258,decode_only,29.27027177065611,3,"[8239,8223,8207]",8207,8223.0,8239,0,0,[],,,,3
2097152,1,259,decode_only,29.288683086633682,3,"[8240,8224,8208]",8208,8224.0,8240,0,0,[],,,,3
2097152,1,260,decode_only,29.33992352336645,3,"[8241,8225,8209]",8209,8225.0,8241,0,0,[],,,,3
2097152,1,261,decode_only,29.312239959836006,3,"[8242,8226,8210]",8210,8226.0,8242,0,0,[],,,,3
2097152,1,262,decode_only,29.269607737660408,3,"[8243,8227,8211]",8211,8227.0,8243,0,0,[],,,,3
2097152,1,263,decode_only,29.29084561765194,3,"[8244,8228,8212]",8212,8228.0,8244,0,0,[],,,,3
2097152,1,264,decode_only,29.327153228223324,3,"[8245,8229,8213]",8213,8229.0,8245,0,0,[],,,,3
2097152,1,265,decode_only,29.292854480445385,3,"[8246,8230,8214]",8214,8230.0,8246,0,0,[],,,,3
2097152,1,266,decode_only,29.315289109945297,3,"[8247,8231,8215]",8215,8231.0,8247,0,0,[],,,,3
2097152,1,267,decode_only,29.387613758444786,3,"[8248,8232,8216]",8216,8232.0,8248,0,0,[],,,,3
2097152,1,268,decode_only,29.303191229701042,3,"[8249,8233,8217]",8217,8233.0,8249,0,0,[],,,,3
2097152,1,269,decode_only,29.29830178618431,3,"[8250,8234,8218]",8218,8234.0,8250,0,0,[],,,,3
2097152,1,270,decode_only,29.317529872059822,3,"[8251,8235,8219]",8219,8235.0,8251,0,0,[],,,,3
2097152,1,271,decode_only,29.316614381968975,3,"[8252,8236,8220]",8220,8236.0,8252,0,0,[],,,,3
2097152,1,272,decode_only,29.293284751474857,3,"[8253,8237,8221]",8221,8237.0,8253,0,0,[],,,,3
2097152,1,273,decode_only,29.294577427208424,3,"[8254,8238,8222]",8222,8238.0,8254,0,0,[],,,,3
2097152,1,274,decode_only,29.370151460170746,2,"[8239,8223]",8223,8231.0,8239,0,0,[],,,,2
2097152,1,275,decode_only,29.58124130964279,2,"[8240,8224]",8224,8232.0,8240,0,0,[],,,,2
2097152,1,276,decode_only,29.381894506514072,2,"[8241,8225]",8225,8233.0,8241,0,0,[],,,,2
2097152,1,277,decode_only,29.274807311594486,2,"[8242,8226]",8226,8234.0,8242,0,0,[],,,,2
2097152,1,278,decode_only,29.514766298234463,2,"[8243,8227]",8227,8235.0,8243,0,0,[],,,,2
2097152,1,279,decode_only,29.43964023143053,2,"[8244,8228]",8228,8236.0,8244,0,0,[],,,,2
2097152,1,280,decode_only,29.35568243265152,2,"[8245,8229]",8229,8237.0,8245,0,0,[],,,,2
2097152,1,281,decode_only,29.480647295713425,2,"[8246,8230]",8230,8238.0,8246,0,0,[],,,,2
2097152,1,282,decode_only,29.366744682192802,2,"[8247,8231]",8231,8239.0,8247,0,0,[],,,,2
2097152,1,283,decode_only,29.369759373366833,2,"[8248,8232]",8232,8240.0,8248,0,0,[],,,,2
2097152,1,284,decode_only,29.560456983745098,2,"[8249,8233]",8233,8241.0,8249,0,0,[],,,,2
2097152,1,285,decode_only,29.564942233264446,2,"[8250,8234]",8234,8242.0,8250,0,0,[],,,,2
2097152,1,286,decode_only,29.321590438485146,2,"[8251,8235]",8235,8243.0,8251,0,0,[],,,,2
2097152,1,287,decode_only,29.322070069611073,2,"[8252,8236]",8236,8244.0,8252,0,0,[],,,,2
2097152,1,288,decode_only,29.561507515609264,2,"[8253,8237]",8237,8245.0,8253,0,0,[],,,,2
2097152,1,289,decode_only,29.576645232737064,2,"[8254,8238]",8238,8246.0,8254,0,0,[],,,,2
2097152,1,290,decode_only,30.006051063537598,1,[8239],8239,8239.0,8239,0,0,[],,,,1
2097152,1,291,decode_only,30.1093440502882,1,[8240],8240,8240.0,8240,0,0,[],,,,1
2097152,1,292,decode_only,30.064872466027737,1,[8241],8241,8241.0,8241,0,0,[],,,,1
2097152,1,293,decode_only,30.09912557899952,1,[8242],8242,8242.0,8242,0,0,[],,,,1
2097152,1,294,decode_only,30.126603320240974,1,[8243],8243,8243.0,8243,0,0,[],,,,1
2097152,1,295,decode_only,30.132584273815155,1,[8244],8244,8244.0,8244,0,0,[],,,,1
2097152,1,296,decode_only,30.056978575885296,1,[8245],8245,8245.0,8245,0,0,[],,,,1
2097152,1,297,decode_only,30.10636568069458,1,[8246],8246,8246.0,8246,0,0,[],,,,1
2097152,1,298,decode_only,30.176065862178802,1,[8247],8247,8247.0,8247,0,0,[],,,,1
2097152,1,299,decode_only,30.050279572606087,1,[8248],8248,8248.0,8248,0,0,[],,,,1
2097152,1,300,decode_only,30.103477649390697,1,[8249],8249,8249.0,8249,0,0,[],,,,1
2097152,1,301,decode_only,30.11405374854803,1,[8250],8250,8250.0,8250,0,0,[],,,,1
2097152,1,302,decode_only,30.07594496011734,1,[8251],8251,8251.0,8251,0,0,[],,,,1
2097152,1,303,decode_only,30.09942267090082,1,[8252],8252,8252.0,8252,0,0,[],,,,1
2097152,1,304,decode_only,30.21142166107893,1,[8253],8253,8253.0,8253,0,0,[],,,,1
2097152,1,305,decode_only,30.087503604590893,1,[8254],8254,8254.0,8254,0,0,[],,,,1
2097152,2,0,prefill_only,17.238354310393333,0,[],,,,2048,2098176,[0],0,0.0,0,2048
2097152,2,1,prefill_only,20.340248942375183,0,[],,,,2048,6292480,[2048],2048,2048.0,2048,2048
2097152,2,2,prefill_only,23.72554037719965,0,[],,,,2048,10486784,[4096],4096,4096.0,4096,2048
2097152,2,3,prefill_only,57.22476169466972,0,[],,,,6144,18877440,"[6144,0,0]",0,2048.0,6144,6144
2097152,2,4,mixed,40.26521556079388,1,[8192],8192,8192.0,8192,848,2096680,[2048],2048,2048.0,2048,849
2097152,2,5,mixed,41.250004433095455,1,[8193],8193,8193.0,8193,698,2097152,"[2896,2048,0]",0,1648.0,2896,699
2097152,2,6,mixed,41.19424149394035,1,[8194],8194,8194.0,8194,583,2097151,"[3546,2049,47,0,0]",0,1128.4,3546,584
2097152,2,7,mixed,41.524783708155155,1,[8195],8195,8195.0,8195,501,2097152,"[4094,2050,71,8,2,0]",0,1037.5,4094,502
2097152,2,8,mixed,40.79756326973438,1,[8196],8196,8196.0,8196,437,2095852,[4577],4577,4577.0,4577,438
2097152,2,9,mixed,41.37339722365141,1,[8197],8197,8197.0,8197,402,2096631,[5014],5014,5014.0,5014,403
2097152,2,10,mixed,41.61457438021898,1,[8198],8198,8198.0,8198,374,2095709,[5416],5416,5416.0,5416,375
2097152,2,11,mixed,43.44556760042906,1,[8199],8199,8199.0,8199,368,2097150,"[5790,2051,81,12]",12,1983.5,5790,369
2097152,2,12,mixed,42.436741292476654,1,[8200],8200,8200.0,8200,347,2097151,"[6141,2052,92,17,3]",3,1661.0,6141,348
2097152,2,13,mixed,42.54407435655594,1,[8201],8201,8201.0,8201,316,2095554,[6473],6473,6473.0,6473,317
2097152,2,14,mixed,43.00128202885389,1,[8202],8202,8202.0,8202,302,2096031,[6789],6789,6789.0,6789,303
2097152,2,15,mixed,43.547919020056725,1,[8203],8203,8203.0,8203,313,2097152,"[7091,2053,102,18,6,2,0]",0,1324.5714285714287,7091,314
2097152,2,16,mixed,43.9797593280673,1,[8204],8204,8204.0,8204,289,2097151,"[7380,2055,118,21,7]",7,1916.2,7380,290
2097152,2,17,mixed,43.987506069242954,1,[8205],8205,8205.0,8205,269,2096317,[7658],7658,7658.0,7658,270
2097152,2,18,mixed,44.32519618421793,1,[8206],8206,8206.0,8206,262,2097132,"[7927,2058,122]",122,3369.0,7927,263
2097152,2,19,mixed,48.32328110933304,1,[8207],8207,8207.0,8207,861,2097152,"[8187,2059,123,24,8,3,1,0,0]",0,1156.111111111111,8187,862
2097152,2,20,mixed,40.154652670025826,2,"[8208,8192]",8192,8200.0,8208,660,2097150,"[2889,140,28,9,4]",4,614.0,2889,662
2097152,2,21,mixed,40.07795825600624,2,"[8209,8193]",8193,8201.0,8209,565,2097147,"[3541,144,30,10]",10,931.25,3541,567
2097152,2,22,mixed,39.883376099169254,2,"[8210,8194]",8194,8202.0,8210,489,2097152,"[4090,158,31,11,5]",5,859.0,4090,491
2097152,2,23,mixed,39.647853933274746,2,"[8211,8195]",8195,8203.0,8211,455,2097148,"[4574,159,32]",32,1588.3333333333333,4574,457
2097152,2,24,mixed,40.105861611664295,2,"[8212,8196]",8196,8204.0,8212,414,2097147,"[5011,174,35]",35,1740.0,5011,416
2097152,2,25,mixed,41.88090283423662,2,"[8213,8197]",8197,8205.0,8213,390,2097150,"[5413,183,38,13]",13,1411.75,5413,392
2097152,2,26,mixed,40.79203587025404,2,"[8214,8198]",8198,8206.0,8214,371,2097143,"[5787,196]",196,2991.5,5787,373
2097152,2,27,mixed,42.87406150251627,2,"[8215,8199]",8199,8207.0,8215,355,2097149,"[6138,216,40,14]",14,1602.0,6138,357
2097152,2,28,mixed,41.4792550727725,2,"[8216,8200]",8200,8208.0,8216,330,2097148,"[6470,233,45,15]",15,1690.75,6470,332
2097152,2,29,mixed,42.82286949455738,2,"[8217,8201]",8201,8209.0,8217,310,2097105,"[6786,243]",243,3514.5,6786,312
2097152,2,30,mixed,42.97287575900555,2,"[8218,8202]",8202,8210.0,8218,318,2097139,"[7088,251,48]",48,2462.3333333333335,7088,320
2097152,2,31,mixed,43.01932826638222,2,"[8219,8203]",8203,8211.0,8219,304,2097114,"[7377,276]",276,3826.5,7377,306
2097152,2,32,mixed,42.920151725411415,2,"[8220,8204]",8204,8212.0,8220,276,2097142,"[7655,302,52]",52,2669.6666666666665,7655,278
2097152,2,33,mixed,43.10745093971491,2,"[8221,8205]",8205,8213.0,8221,272,2097146,"[7924,307,54]",54,2761.6666666666665,7924,274
2097152,2,34,mixed,52.38365847617388,2,"[8222,8206]",8206,8214.0,8222,1761,2097151,"[8184,316,57,16,6]",6,1715.8,8184,1763
2097152,2,35,mixed,40.57640582323074,3,"[8223,8207,8192]",8192,8207.333333333334,8223,874,2097141,"[2039,84]",84,1061.5,2039,877
2097152,2,36,mixed,40.77081475406885,3,"[8224,8208,8193]",8193,8208.333333333334,8224,663,2097151,"[2889,108,17,8,2]",2,604.8,2889,666
2097152,2,37,mixed,40.19995033740997,3,"[8225,8209,8194]",8194,8209.333333333334,8225,570,2097152,"[3541,113,21]",21,1225.0,3541,573
2097152,2,38,mixed,40.495602414011955,3,"[8226,8210,8195]",8195,8210.333333333334,8226,489,2097152,"[4090,130,25,9]",9,1063.5,4090,492
2097152,2,39,mixed,41.105941869318485,3,"[8227,8211,8196]",8196,8211.333333333334,8227,459,2097152,"[4574,131,28,10]",10,1185.75,4574,462
2097152,2,40,mixed,40.28064478188753,3,"[8228,8212,8197]",8197,8212.333333333334,8228,413,2097130,"[5011,149]",149,2580.0,5011,416
2097152,2,41,mixed,41.925275698304176,3,"[8229,8213,8198]",8198,8213.333333333334,8229,391,2097151,"[5413,160,30,12]",12,1403.75,5413,394
2097152,2,42,mixed,40.9835884347558,3,"[8230,8214,8199]",8199,8214.333333333334,8230,374,2097148,"[5787,175,31]",31,1997.6666666666667,5787,377
2097152,2,43,mixed,41.2991875782609,3,"[8231,8215,8200]",8200,8215.333333333334,8231,357,2097152,"[6138,197,32,13,3]",3,1276.6,6138,360
2097152,2,44,mixed,41.5404113009572,3,"[8232,8216,8201]",8201,8216.333333333334,8232,331,2097152,"[6470,216,35,14]",14,1683.75,6470,334
2097152,2,45,mixed,42.13013965636492,3,"[8233,8217,8202]",8202,8217.333333333334,8233,315,2097152,"[6786,227,37,16]",16,1766.5,6786,318
2097152,2,46,mixed,42.44913253933191,3,"[8234,8218,8203]",8203,8218.333333333334,8234,318,2097145,"[7088,235,41]",41,2454.6666666666665,7088,321
2097152,2,47,mixed,43.81962399929762,3,"[8235,8219,8204]",8204,8219.333333333334,8235,309,2097152,"[7377,262,43,17,5]",5,1540.8,7377,312
2097152,2,48,mixed,42.848652228713036,3,"[8236,8220,8205]",8205,8220.333333333334,8236,279,2097150,"[7655,289,45,18]",18,2001.75,7655,282
2097152,2,49,mixed,43.549937196075916,3,"[8237,8221,8206]",8206,8221.333333333334,8237,277,2097152,"[7924,294,48,20,6]",6,1658.4,7924,280
2097152,2,50,mixed,52.60111205279827,3,"[8238,8222,8207]",8207,8222.333333333334,8238,1772,2097149,"[8184,303,53,21]",21,2140.25,8184,1775
2097152,2,51,mixed,40.140739642083645,4,"[8239,8223,8208,8192]",8192,8215.5,8239,866,2097147,"[2037,82,22]",22,713.6666666666666,2037,870
2097152,2,52,mixed,40.44233541935682,4,"[8240,8224,8209,8193]",8193,8216.5,8240,669,2097152,"[2888,94,25,8,1]",1,603.2,2888,673
2097152,2,53,mixed,39.260003715753555,4,"[8241,8225,8210,8194]",8194,8217.5,8241,572,2097149,"[3540,106]",106,1823.0,3540,576
2097152,2,54,mixed,40.219441056251526,4,"[8242,8226,8211,8195]",8195,8218.5,8242,493,2097152,"[4089,129,28,9,2]",2,851.4,4089,497
2097152,2,55,mixed,39.814505726099014,4,"[8243,8227,8212,8196]",8196,8219.5,8243,458,2097149,"[4573,134]",134,2353.5,4573,462
2097152,2,56,mixed,40.21093435585499,4,"[8244,8228,8213,8197]",8197,8220.5,8244,415,2097129,"[5010,155]",155,2582.5,5010,419
2097152,2,57,mixed,40.80153722316027,4,"[8245,8229,8214,8198]",8198,8221.5,8245,396,2097152,"[5412,168,29,10,4]",4,1124.6,5412,400
2097152,2,58,mixed,42.599488981068134,4,"[8246,8230,8215,8199]",8199,8222.5,8246,379,2097150,"[5786,184,32,11]",11,1503.25,5786,383
2097152,2,59,mixed,42.972817085683346,4,"[8247,8231,8216,8200]",8200,8223.5,8247,356,2097152,"[6137,206,37,12,6,1]",1,1066.5,6137,360
2097152,2,60,mixed,41.52951668947935,4,"[8248,8232,8217,8201]",8201,8224.5,8248,331,2097148,"[6469,226,38,13]",13,1686.5,6469,335
2097152,2,61,mixed,42.037686333060265,4,"[8249,8233,8218,8202]",8202,8225.5,8249,315,2097149,"[6785,238,39,15]",15,1769.25,6785,319
2097152,2,62,mixed,42.63579286634922,4,"[8250,8234,8219,8203]",8203,8226.5,8250,317,2097138,"[7087,247,42]",42,2458.6666666666665,7087,321
2097152,2,63,mixed,42.56615974009037,4,"[8251,8235,8220,8204]",8204,8227.5,8251,279,2096964,[7376],7376,7376.0,7376,283
2097152,2,64,mixed,43.228534050285816,4,"[8252,8236,8221,8205]",8205,8228.5,8252,281,2097150,"[7655,274,43,16,7]",7,1599.0,7655,285
2097152,2,65,mixed,43.47683861851692,4,"[8253,8237,8222,8206]",8206,8229.5,8253,274,2097151,"[7924,279,48,17]",17,2067.0,7924,278
2097152,2,66,mixed,52.73826792836189,4,"[8254,8238,8223,8207]",8207,8230.5,8254,1788,2097152,"[8184,289,50,19,8,2,0,0]",0,1069.0,8184,1792
2097152,2,67,mixed,40.1693657040596,4,"[8239,8224,8208,8192]",8192,8215.75,8239,881,2097146,"[2035,79]",79,1057.0,2035,885
2097152,2,68,mixed,40.830451995134354,4,"[8240,8225,8209,8193]",8193,8216.75,8240,679,2097152,"[2886,109,20,9,3,1]",1,504.6666666666667,2886,683
2097152,2,69,mixed,40.223787538707256,4,"[8241,8226,8210,8194]",8194,8217.75,8241,578,2097143,"[3538,130,23]",23,1230.3333333333333,3538,582
2097152,2,70,mixed,39.990550838410854,4,"[8242,8227,8211,8195]",8195,8218.75,8242,496,2097148,"[4087,156,26]",26,1423.0,4087,500
2097152,2,71,mixed,39.98659458011389,4,"[8243,8228,8212,8196]",8196,8219.75,8243,459,2097135,"[4571,166]",166,2368.5,4571,463
2097152,2,72,mixed,40.149811655282974,4,"[8244,8229,8213,8197]",8197,8220.75,8244,422,2097145,"[5008,188,28]",28,1741.3333333333333,5008,426
2097152,2,73,mixed,40.9806314855814,4,"[8245,8230,8214,8198]",8198,8221.75,8245,396,2097151,"[5410,202,34,10,4]",4,1132.0,5410,400
2097152,2,74,mixed,41.02152306586504,4,"[8246,8231,8215,8199]",8199,8222.75,8246,376,2097145,"[5784,219,36]",36,2013.0,5784,380
2097152,2,75,mixed,41.24570079147816,4,"[8247,8232,8216,8200]",8200,8223.75,8247,352,2097128,"[6135,241]",241,3188.0,6135,356
2097152,2,76,mixed,41.80207569152117,4,"[8248,8233,8217,8201]",8201,8224.75,8248,329,2097142,"[6467,261]",261,3364.0,6467,333
2097152,2,77,mixed,42.74029191583395,4,"[8249,8234,8218,8202]",8202,8225.75,8249,316,2097150,"[6783,274,39,12]",12,1777.0,6783,320
2097152,2,78,mixed,42.77116246521473,4,"[8250,8235,8219,8203]",8203,8226.75,8250,291,2097130,"[7085,284]",284,3684.5,7085,295
2097152,2,79,mixed,43.60432270914316,4,"[8251,8236,8220,8204]",8204,8227.75,8251,284,2097149,"[7375,285,42]",42,2567.3333333333335,7375,288
2097152,2,80,mixed,42.84874349832535,4,"[8252,8237,8221,8205]",8205,8228.75,8252,280,2097151,"[7654,286,46,13]",13,1999.75,7654,284
2097152,2,81,mixed,43.37294027209282,4,"[8253,8238,8222,8206]",8206,8229.75,8253,275,2097145,"[7923,292,49]",49,2754.6666666666665,7923,279
2097152,2,82,mixed,52.47826036065817,4,"[8254,8239,8223,8207]",8207,8230.75,8254,1767,2097147,"[8183,302,54,15]",15,2138.5,8183,1771
2097152,2,83,mixed,40.15428479760885,4,"[8240,8224,8208,8192]",8192,8216.0,8240,874,2097151,"[2033,78,18]",18,709.6666666666666,2033,878
2097152,2,84,mixed,40.453179739415646,4,"[8241,8225,8209,8193]",8193,8217.0,8241,686,2097152,"[2885,96,22,5,2,1,0]",0,430.14285714285717,2885,690
2097152,2,85,mixed,40.49599729478359,4,"[8242,8226,8210,8194]",8194,8218.0,8242,553,2097152,"[3537,125,23]",23,1228.3333333333333,3537,557
2097152,2,86,mixed,40.278551168739796,4,"[8243,8227,8211,8195]",8195,8219.0,8243,501,2097150,"[4087,127,24,6,3]",3,849.4,4087,505
2097152,2,87,mixed,40.143624879419804,4,"[8244,8228,8212,8196]",8196,8220.0,8244,466,2097144,"[4571,139,26]",26,1578.6666666666667,4571,470
2097152,2,88,mixed,40.29692988842726,4,"[8245,8229,8213,8197]",8197,8221.0,8245,423,2097144,"[5008,164,30]",30,1734.0,5008,427
2097152,2,89,mixed,40.68297613412142,4,"[8246,8230,8214,8198]",8198,8222.0,8246,395,2097148,"[5410,180,35]",35,1875.0,5410,399
2097152,2,90,mixed,42.760806158185005,4,"[8247,8231,8215,8199]",8199,8223.0,8247,382,2097151,"[5784,199,37,8,4,2]",2,1005.6666666666666,5784,386
2097152,2,91,mixed,42.82523039728403,4,"[8248,8232,8216,8200]",8200,8224.0,8248,357,2097147,"[6135,223,39,11]",11,1602.0,6135,361
2097152,2,92,mixed,41.77367500960827,4,"[8249,8233,8217,8201]",8201,8225.0,8249,334,2097146,"[6467,244,42]",42,2251.0,6467,338
2097152,2,93,mixed,42.366950772702694,4,"[8250,8234,8218,8202]",8202,8226.0,8250,313,2097112,"[6783,257]",257,3520.0,6783,317
2097152,2,94,mixed,42.77641326189041,4,"[8251,8235,8219,8203]",8203,8227.0,8251,291,2097114,"[7085,268]",268,3676.5,7085,295
2097152,2,95,mixed,43.05090010166168,4,"[8252,8236,8220,8204]",8204,8228.0,8252,287,2097150,"[7375,269,47,12,5]",5,1541.6,7375,291
2097152,2,96,mixed,42.72665735334158,4,"[8253,8237,8221,8205]",8205,8229.0,8253,280,2097147,"[7654,270,50]",50,2658.0,7654,284
2097152,2,97,mixed,45.61394639313221,4,"[8254,8238,8222,8206]",8206,8230.0,8254,276,2097152,"[7923,276,55,15,6,3]",3,1379.6666666666667,7923,280
2097152,2,98,mixed,52.417791448533535,3,"[8239,8223,8207]",8207,8223.0,8239,1773,2097150,"[8183,287,57,16]",16,2135.75,8183,1776
2097152,2,99,mixed,39.9268539622426,4,"[8240,8224,8208,8192]",8192,8216.0,8240,859,2097151,"[2031,76]",76,1053.5,2031,863
2097152,2,100,mixed,40.38979299366474,4,"[8241,8225,8209,8193]",8193,8217.0,8241,660,2097152,"[2884,82,17,7,4]",4,598.8,2884,664
2097152,2,101,mixed,39.39323965460062,4,"[8242,8226,8210,8194]",8194,8218.0,8242,553,2097139,"[3537,86]",86,1811.5,3537,557
2097152,2,102,mixed,39.34434428811073,4,"[8243,8227,8211,8195]",8195,8219.0,8243,501,2097144,"[4087,89]",89,2088.0,4087,505
2097152,2,103,mixed,40.087287314236164,4,"[8244,8228,8212,8196]",8196,8220.0,8244,469,2097150,"[4571,106]",106,2338.5,4571,473
2097152,2,104,mixed,40.82493856549263,4,"[8245,8229,8213,8197]",8197,8221.0,8245,428,2097151,"[5008,138,18,8,5]",5,1035.4,5008,432
2097152,2,105,mixed,40.486812591552734,4,"[8246,8230,8214,8198]",8198,8222.0,8246,401,2097152,"[5410,157,23]",23,1863.3333333333333,5410,405
2097152,2,106,mixed,41.03212524205446,4,"[8247,8231,8215,8199]",8199,8223.0,8247,378,2097144,"[5784,178]",178,2981.0,5784,382
2097152,2,107,mixed,41.248331777751446,4,"[8248,8232,8216,8200]",8200,8224.0,8248,357,2097150,"[6135,205,29]",29,2123.0,6135,361
2097152,2,108,mixed,41.59874655306339,4,"[8249,8233,8217,8201]",8201,8225.0,8249,337,2097146,"[6467,228,31,9]",9,1683.75,6467,341
2097152,2,109,mixed,42.056918144226074,4,"[8250,8234,8218,8202]",8202,8226.0,8250,318,2097142,"[6783,242,36]",36,2353.6666666666665,6783,322
2097152,2,110,mixed,42.522517032921314,4,"[8251,8235,8219,8203]",8203,8227.0,8251,292,2097141,"[7085,253,41]",41,2459.6666666666665,7085,296
2097152,2,111,mixed,44.75642368197441,4,"[8252,8236,8220,8204]",8204,8228.0,8252,288,2097152,"[7375,254,42,11,6,1]",1,1281.5,7375,292
2097152,2,112,mixed,42.98075474798679,4,"[8253,8237,8221,8205]",8205,8229.0,8253,278,2097149,"[7654,255,46]",46,2651.6666666666665,7654,282
2097152,2,113,mixed,44.4173002615571,4,"[8254,8238,8222,8206]",8206,8230.0,8254,272,2097132,"[7923,262]",262,4092.5,7923,276
2097152,2,114,mixed,52.911930717527866,3,"[8239,8223,8207]",8207,8223.0,8239,1795,2097152,"[8183,274,48,13,7,2,0]",0,1218.142857142857,8183,1798
2097152,2,115,mixed,40.43727181851864,4,"[8240,8224,8208,8192]",8192,8216.0,8240,884,2097152,"[2029,75,14,8,3]",3,425.8,2029,888
2097152,2,116,mixed,40.47189652919769,4,"[8241,8225,8209,8193]",8193,8217.0,8241,672,2097152,"[2882,99,18,9]",9,752.0,2882,676
2097152,2,117,mixed,40.32675549387932,4,"[8242,8226,8210,8194]",8194,8218.0,8242,564,2097151,"[3535,114,21,10]",10,920.0,3535,568
2097152,2,118,mixed,39.79233279824257,4,"[8243,8227,8211,8195]",8195,8219.0,8243,506,2097150,"[4085,125,23]",23,1411.0,4085,510
2097152,2,119,mixed,39.96383398771286,4,"[8244,8228,8212,8196]",8196,8220.0,8244,467,2097141,"[4569,144]",144,2356.5,4569,471
2097152,2,120,mixed,41.62502381950617,4,"[8245,8229,8213,8197]",8197,8221.0,8245,426,2097152,"[5006,174,26,11,5,1]",1,870.5,5006,430
2097152,2,121,mixed,40.49136210232973,4,"[8246,8230,8214,8198]",8198,8222.0,8246,399,2097140,"[5408,194,27]",27,1876.3333333333333,5408,403
2097152,2,122,mixed,41.770840995013714,4,"[8247,8231,8215,8199]",8199,8223.0,8247,385,2097152,"[5782,215,31,12,6,2,0]",0,864.0,5782,389
2097152,2,123,mixed,43.06873306632042,4,"[8248,8232,8216,8200]",8200,8224.0,8248,360,2097150,"[6133,240,36,13]",13,1605.5,6133,364
2097152,2,124,mixed,41.61793738603592,4,"[8249,8233,8217,8201]",8201,8225.0,8249,334,2097150,"[6465,262,40,15]",15,1695.5,6465,338
2097152,2,125,mixed,42.02809277921915,4,"[8250,8234,8218,8202]",8202,8226.0,8250,317,2097146,"[6781,277,41]",41,2366.3333333333335,6781,321
2097152,2,126,mixed,42.67956502735615,4,"[8251,8235,8219,8203]",8203,8227.0,8251,293,2097138,"[7083,289]",289,3686.0,7083,297
2097152,2,127,mixed,42.85008553415537,4,"[8252,8236,8220,8204]",8204,8228.0,8252,285,2097147,"[7373,292,44]",44,2569.6666666666665,7373,289
2097152,2,128,mixed,43.03393326699734,4,"[8253,8237,8221,8205]",8205,8229.0,8253,278,2097147,"[7652,295,47]",47,2664.6666666666665,7652,282
2097152,2,129,mixed,44.37605291604996,4,"[8254,8238,8222,8206]",8206,8230.0,8254,272,2097104,"[7921,303]",303,4112.0,7921,276
2097152,2,130,mixed,52.29982454329729,3,"[8239,8223,8207]",8207,8223.0,8239,1750,2097152,"[8181,315,48,17,7]",7,1713.6,8181,1753
2097152,2,131,mixed,40.12115579098463,4,"[8240,8224,8208,8192]",8192,8216.0,8240,869,2097145,"[2027,72,18]",18,705.6666666666666,2027,873
2097152,2,132,mixed,40.08124768733978,4,"[8241,8225,8209,8193]",8193,8217.0,8241,677,2097140,"[2881,84]",84,1482.5,2881,681
2097152,2,133,mixed,40.36162607371807,4,"[8242,8226,8210,8194]",8194,8218.0,8242,572,2097151,"[3534,108,21,9,3,1,0]",0,525.1428571428571,3534,576
2097152,2,134,mixed,40.747564285993576,4,"[8243,8227,8211,8195]",8195,8219.0,8243,512,2097148,"[4084,124,23,10]",10,1060.25,4084,516
2097152,2,135,mixed,40.773121640086174,4,"[8244,8228,8212,8196]",8196,8220.0,8244,444,2097151,"[4568,146,28,11,4,2]",2,793.1666666666666,4568,448
2097152,2,136,mixed,41.32295399904251,4,"[8245,8229,8213,8197]",8197,8221.0,8245,428,2097148,"[5006,147,30,12]",12,1298.75,5006,432
2097152,2,137,mixed,40.95754399895668,4,"[8246,8230,8214,8198]",8198,8222.0,8246,401,2097150,"[5408,170,32,13,5]",5,1125.6,5408,405
2097152,2,138,mixed,41.09971038997173,4,"[8247,8231,8215,8199]",8199,8223.0,8247,382,2097152,"[5782,194,33,14,6]",6,1205.8,5782,386
2097152,2,139,mixed,42.922438122332096,4,"[8248,8232,8216,8200]",8200,8224.0,8248,359,2097149,"[6133,222,34,15]",15,1601.0,6133,363
2097152,2,140,mixed,41.71429853886366,4,"[8249,8233,8217,8201]",8201,8225.0,8249,334,2097152,"[6465,246,36,16]",16,1690.75,6465,338
2097152,2,141,mixed,42.68023371696472,4,"[8250,8234,8218,8202]",8202,8226.0,8250,316,2097150,"[6781,262,37]",37,2360.0,6781,320
2097152,2,142,mixed,43.28377824276686,4,"[8251,8235,8219,8203]",8203,8227.0,8251,294,2097135,"[7083,275,38]",38,2465.3333333333335,7083,298
2097152,2,143,mixed,42.89350938051939,4,"[8252,8236,8220,8204]",8204,8228.0,8252,287,2097151,"[7373,278,39,17]",17,1926.75,7373,291
2097152,2,144,mixed,43.101937510073185,4,"[8253,8237,8221,8205]",8205,8229.0,8253,282,2097149,"[7652,281,43,18,7]",7,1600.2,7652,286
2097152,2,145,mixed,43.263048864901066,4,"[8254,8238,8222,8206]",8206,8230.0,8254,277,2097150,"[7921,289,46,19]",19,2068.75,7921,281
2097152,2,146,mixed,52.20548342913389,3,"[8239,8223,8207]",8207,8223.0,8239,1755,2097141,"[8181,301,50]",50,2844.0,8181,1758
2097152,2,147,mixed,40.185642428696156,4,"[8240,8224,8208,8192]",8192,8216.0,8240,887,2097144,"[2025,70,20]",20,705.0,2025,891
2097152,2,148,mixed,39.746553637087345,4,"[8241,8225,8209,8193]",8193,8217.0,8241,654,2097051,[2879],2879,2879.0,2879,658
2097152,2,149,mixed,39.442374370992184,4,"[8242,8226,8210,8194]",8194,8218.0,8242,572,2097150,"[3533,101]",101,1817.0,3533,576
2097152,2,150,mixed,40.546742267906666,4,"[8243,8227,8211,8195]",8195,8219.0,8243,514,2097151,"[4083,123,22,8,3]",3,847.8,4083,518
2097152,2,151,mixed,39.701296016573906,4,"[8244,8228,8212,8196]",8196,8220.0,8244,444,2097144,"[4567,149,24]",24,1580.0,4567,448
2097152,2,152,mixed,41.4239102974534,4,"[8245,8229,8213,8197]",8197,8221.0,8245,433,2097151,"[5005,153,26,9]",9,1298.25,5005,437
2097152,2,153,mixed,41.87698196619749,4,"[8246,8230,8214,8198]",8198,8222.0,8246,402,2097150,"[5407,177,31,11]",11,1406.5,5407,406
2097152,2,154,mixed,40.93057941645384,4,"[8247,8231,8215,8199]",8199,8223.0,8247,352,2097040,[5781],5781,5781.0,5781,356
2097152,2,155,mixed,41.28692764788866,4,"[8248,8232,8216,8200]",8200,8224.0,8248,361,2097139,"[6133,202,32]",32,2122.3333333333335,6133,365
2097152,2,156,mixed,43.329608626663685,4,"[8249,8233,8217,8201]",8201,8225.0,8249,339,2097152,"[6465,228,35,13,4,1]",1,1124.3333333333333,6465,343
2097152,2,157,mixed,43.01735386252403,4,"[8250,8234,8218,8202]",8202,8226.0,8250,316,2097150,"[6781,245]",245,3513.0,6781,320
2097152,2,158,mixed,44.440098106861115,4,"[8251,8235,8219,8203]",8203,8227.0,8251,298,2097150,"[7083,259,37,14,5,3]",3,1233.5,7083,302
2097152,2,159,mixed,42.93746966868639,4,"[8252,8236,8220,8204]",8204,8228.0,8252,289,2097152,"[7373,262,39,15,6]",6,1539.0,7373,293
2097152,2,160,mixed,43.007344007492065,4,"[8253,8237,8221,8205]",8205,8229.0,8253,278,2097133,"[7652,265]",265,3958.5,7652,282
2097152,2,161,mixed,43.44559460878372,4,"[8254,8238,8222,8206]",8206,8230.0,8254,276,2097151,"[7921,274,44,16]",16,2063.75,7921,280
2097152,2,162,mixed,52.501680329442024,3,"[8239,8223,8207]",8207,8223.0,8239,1767,2097135,"[8181,287,46]",46,2838.0,8181,1770
2097152,2,163,mixed,40.154291316866875,4,"[8240,8224,8208,8192]",8192,8216.0,8240,875,2097135,"[2023,66]",66,1044.5,2023,879
2097152,2,164,mixed,40.366390720009804,4,"[8241,8225,8209,8193]",8193,8217.0,8241,665,2097152,"[2878,86,17,7,4]",4,598.4,2878,669
2097152,2,165,mixed,40.17180483788252,4,"[8242,8226,8210,8194]",8194,8218.0,8242,582,2097146,"[3532,94,18]",18,1214.6666666666667,3532,586
2097152,2,166,mixed,40.93744698911905,4,"[8243,8227,8211,8195]",8195,8219.0,8243,520,2097151,"[4082,121,23,8]",8,1058.5,4082,524
2097152,2,167,mixed,39.772093296051025,4,"[8244,8228,8212,8196]",8196,8220.0,8244,445,2097127,"[4566,150]",150,2358.0,4566,449
2097152,2,168,mixed,40.699503384530544,4,"[8245,8229,8213,8197]",8197,8221.0,8245,433,2097151,"[5004,157,28,10,5]",5,1040.8,5004,437
2097152,2,169,mixed,40.59557802975178,4,"[8246,8230,8214,8198]",8198,8222.0,8246,402,2097143,"[5406,183,31]",31,1873.3333333333333,5406,406
2097152,2,170,mixed,40.71259684860706,4,"[8247,8231,8215,8199]",8199,8223.0,8247,355,2097143,"[5780,209,33]",33,2007.3333333333333,5780,359
2097152,2,171,mixed,42.92589146643877,4,"[8248,8232,8216,8200]",8200,8224.0,8248,365,2097149,"[6132,211,34,11]",11,1597.0,6132,369
2097152,2,172,mixed,41.665987111628056,4,"[8249,8233,8217,8201]",8201,8225.0,8249,334,2097147,"[6464,237]",237,3350.5,6464,338
2097152,2,173,mixed,42.150674387812614,4,"[8250,8234,8218,8202]",8202,8226.0,8250,322,2097147,"[6780,255,39,13,6]",6,1418.6,6780,326
2097152,2,174,mixed,42.43283346295357,4,"[8251,8235,8219,8203]",8203,8227.0,8251,296,2097148,"[7082,269,42]",42,2464.3333333333335,7082,300
2097152,2,175,mixed,42.72377863526344,4,"[8252,8236,8220,8204]",8204,8228.0,8252,288,2097152,"[7372,273,44,15]",15,1926.0,7372,292
2097152,2,176,mixed,43.833767995238304,4,"[8253,8237,8221,8205]",8205,8229.0,8253,283,2097147,"[7651,277,48,16,7]",7,1599.8,7651,287
2097152,2,177,mixed,43.26613247394562,4,"[8254,8238,8222,8206]",8206,8230.0,8254,279,2097144,"[7920,286,51,17,8]",8,1656.4,7920,283
2097152,2,178,mixed,52.23284009844065,3,"[8239,8223,8207]",8207,8223.0,8239,1743,2097150,"[8180,299,54]",54,2844.3333333333335,8180,1746
2097152,2,179,mixed,40.30490014702082,4,"[8240,8224,8208,8192]",8192,8216.0,8240,863,2097143,"[2021,63,19]",19,701.0,2021,867
2097152,2,180,mixed,40.040633641183376,4,"[8241,8225,8209,8193]",8193,8217.0,8241,672,2097138,"[2877,68]",68,1472.5,2877,676
2097152,2,181,mixed,40.19393678754568,4,"[8242,8226,8210,8194]",8194,8218.0,8242,587,2097149,"[3531,86,21,9]",9,911.75,3531,591
2097152,2,182,mixed,39.370058104395866,4,"[8243,8227,8211,8195]",8195,8219.0,8243,485,2097140,[4081],4081,4081.0,4081,489
2097152,2,183,mixed,39.85731303691864,4,"[8244,8228,8212,8196]",8196,8220.0,8244,450,2097147,"[4566,120,23]",23,1569.6666666666667,4566,454
2097152,2,184,mixed,41.512155905365944,4,"[8245,8229,8213,8197]",8197,8221.0,8245,436,2097143,"[5004,128,27,10]",10,1292.25,5004,440
2097152,2,185,mixed,40.699428878724575,4,"[8246,8230,8214,8198]",8198,8222.0,8246,407,2097141,"[5406,159,29]",29,1864.6666666666667,5406,411
2097152,2,186,mixed,42.187088169157505,4,"[8247,8231,8215,8199]",8199,8223.0,8247,357,2097148,"[5780,188,33,11]",11,1503.0,5780,361
2097152,2,187,mixed,43.04671846330166,4,"[8248,8232,8216,8200]",8200,8224.0,8248,365,2097147,"[6132,190,35,12]",12,1592.25,6132,369
2097152,2,188,mixed,41.56317003071308,4,"[8249,8233,8217,8201]",8201,8225.0,8249,337,2097138,"[6464,219,37]",37,2240.0,6464,341
2097152,2,189,mixed,41.97940044105053,4,"[8250,8234,8218,8202]",8202,8226.0,8250,321,2097141,"[6780,238,39,14]",14,1767.75,6780,325
2097152,2,190,mixed,42.38483589142561,4,"[8251,8235,8219,8203]",8203,8227.0,8251,298,2097145,"[7082,253,42,15]",15,1848.0,7082,302
2097152,2,191,mixed,43.41793619096279,4,"[8252,8236,8220,8204]",8204,8228.0,8252,284,2097148,"[7372,257]",257,3814.5,7372,288
2097152,2,192,mixed,42.91629232466221,4,"[8253,8237,8221,8205]",8205,8229.0,8253,279,2097109,"[7651,262]",262,3956.5,7651,283
2097152,2,193,mixed,43.51286496967077,4,"[8254,8238,8222,8206]",8206,8230.0,8254,276,2097136,"[7920,272,45]",45,2745.6666666666665,7920,280
2097152,2,194,mixed,53.658122196793556,3,"[8239,8223,8207]",8207,8223.0,8239,1759,2097150,"[8180,286,47]",47,2837.6666666666665,8180,1762
2097152,2,195,mixed,40.11005815118551,4,"[8240,8224,8208,8192]",8192,8216.0,8240,886,2097139,"[2019,61,16]",16,698.6666666666666,2019,890
2097152,2,196,mixed,40.09065963327885,4,"[8241,8225,8209,8193]",8193,8217.0,8241,683,2097137,"[2875,88,19]",19,994.0,2875,687
2097152,2,197,mixed,39.314134046435356,4,"[8242,8226,8210,8194]",8194,8218.0,8242,556,2097140,"[3529,114]",114,1821.5,3529,560
2097152,2,198,mixed,39.47832155972719,4,"[8243,8227,8211,8195]",8195,8219.0,8243,489,2097141,"[4080,119]",119,2099.5,4080,493
2097152,2,199,mixed,40.15018045902252,4,"[8244,8228,8212,8196]",8196,8220.0,8244,453,2097128,"[4565,123,22]",22,1570.0,4565,457
2097152,2,200,mixed,40.236204862594604,4,"[8245,8229,8213,8197]",8197,8221.0,8245,438,2097139,"[5003,134,26]",26,1721.0,5003,442
2097152,2,201,mixed,40.94117693603039,4,"[8246,8230,8214,8198]",8198,8222.0,8246,407,2097136,"[5405,166,30]",30,1867.0,5405,411
2097152,2,202,mixed,40.75317084789276,4,"[8247,8231,8215,8199]",8199,8223.0,8247,356,2097130,"[5779,196]",196,2987.5,5779,360
2097152,2,203,mixed,41.370779275894165,4,"[8248,8232,8216,8200]",8200,8224.0,8248,365,2097147,"[6131,200,33]",33,2121.3333333333335,6131,369
2097152,2,204,mixed,41.64691735059023,4,"[8249,8233,8217,8201]",8201,8225.0,8249,340,2097135,"[6463,229,37]",37,2243.0,6463,344
2097152,2,205,mixed,42.04757418483496,4,"[8250,8234,8218,8202]",8202,8226.0,8250,318,2097115,"[6779,248]",248,3513.5,6779,322
2097152,2,206,mixed,42.413728311657906,4,"[8251,8235,8219,8203]",8203,8227.0,8251,298,2097152,"[7081,264,42]",42,2462.3333333333335,7081,302
2097152,2,207,mixed,42.76248347014189,4,"[8252,8236,8220,8204]",8204,8228.0,8252,288,2097119,"[7371,269,45]",45,2561.6666666666665,7371,292
2097152,2,208,mixed,42.88837127387524,4,"[8253,8237,8221,8205]",8205,8229.0,8253,282,2097113,"[7650,274,49]",49,2657.6666666666665,7650,286
2097152,2,209,mixed,43.45509875565767,4,"[8254,8238,8222,8206]",8206,8230.0,8254,277,2097113,"[7919,284,52]",52,2751.6666666666665,7919,281
2097152,2,210,mixed,52.346864715218544,3,"[8239,8223,8207]",8207,8223.0,8239,1734,2097133,"[8179,298,55]",55,2844.0,8179,1737
2097152,2,211,mixed,40.13686906546354,4,"[8240,8224,8208,8192]",8192,8216.0,8240,871,2097125,"[2017,57]",57,1037.0,2017,875
2097152,2,212,mixed,40.06544966250658,4,"[8241,8225,8209,8193]",8193,8217.0,8241,691,2097111,"[2874,71]",71,1472.5,2874,695
2097152,2,213,mixed,39.43178337067366,4,"[8242,8226,8210,8194]",8194,8218.0,8242,561,2097139,"[3528,108]",108,1818.0,3528,565
2097152,2,214,mixed,39.153301157057285,4,"[8243,8227,8211,8195]",8195,8219.0,8243,493,2097150,"[4079,118]",118,2098.5,4079,497
2097152,2,215,mixed,39.78067263960838,4,"[8244,8228,8212,8196]",8196,8220.0,8244,452,2097042,"[4564,126]",126,2345.0,4564,456
2097152,2,216,mixed,40.06383195519447,4,"[8245,8229,8213,8197]",8197,8221.0,8245,435,2096988,"[5002,140]",140,2571.0,5002,439
2097152,2,217,mixed,40.51043000072241,4,"[8246,8230,8214,8198]",8198,8222.0,8246,375,2097000,[5404],5404,5404.0,5404,379
2097152,2,218,mixed,40.74942320585251,4,"[8247,8231,8215,8199]",8199,8223.0,8247,356,2097038,"[5779,173]",173,2976.0,5779,360
2097152,2,219,mixed,41.29232559353113,4,"[8248,8232,8216,8200]",8200,8224.0,8248,364,2096962,"[6131,177]",177,3154.0,6131,368
2097152,2,220,mixed,41.72508139163256,4,"[8249,8233,8217,8201]",8201,8225.0,8249,337,2097014,"[6463,209]",209,3336.0,6463,341
2097152,2,221,mixed,42.04375762492418,4,"[8250,8234,8218,8202]",8202,8226.0,8250,319,2097074,"[6779,230]",230,3504.5,6779,323
2097152,2,222,mixed,42.35608037561178,4,"[8251,8235,8219,8203]",8203,8227.0,8251,295,2096935,"[7081,247]",247,3664.0,7081,299
2097152,2,223,mixed,42.96653438359499,4,"[8252,8236,8220,8204]",8204,8228.0,8252,285,2097102,"[7371,252]",252,3811.5,7371,289
2097152,2,224,mixed,42.85992495715618,4,"[8253,8237,8221,8205]",8205,8229.0,8253,280,2097069,"[7650,258]",258,3954.0,7650,284
2097152,2,225,mixed,43.57246682047844,4,"[8254,8238,8222,8206]",8206,8230.0,8254,275,2097025,"[7919,269]",269,4094.0,7919,279
2097152,2,226,mixed,52.075996063649654,3,"[8239,8223,8207]",8207,8223.0,8239,1744,2097068,"[8179,284]",284,4231.5,8179,1747
2097152,2,227,mixed,39.41860422492027,4,"[8240,8224,8208,8192]",8192,8216.0,8240,857,2094508,[2015],2015,2015.0,2015,861
2097152,2,228,mixed,39.66260701417923,4,"[8241,8225,8209,8193]",8193,8217.0,8241,655,2096000,[2872],2872,2872.0,2872,659
2097152,2,229,mixed,39.37721811234951,4,"[8242,8226,8210,8194]",8194,8218.0,8242,551,2095453,[3527],3527,3527.0,3527,555
2097152,2,230,mixed,39.334253408014774,4,"[8243,8227,8211,8195]",8195,8219.0,8243,485,2095685,[4078],4078,4078.0,4078,489
2097152,2,231,mixed,39.768035523593426,4,"[8244,8228,8212,8196]",8196,8220.0,8244,438,2094735,[4563],4563,4563.0,4563,442
2097152,2,232,mixed,40.29404744505882,4,"[8245,8229,8213,8197]",8197,8221.0,8245,403,2096809,[5001],5001,5001.0,5001,407
2097152,2,233,mixed,40.528093464672565,4,"[8246,8230,8214,8198]",8198,8222.0,8246,375,2097000,[5404],5404,5404.0,5404,379
2097152,2,234,mixed,40.673237293958664,4,"[8247,8231,8215,8199]",8199,8223.0,8247,352,2096336,[5779],5779,5779.0,5779,356
2097152,2,235,mixed,41.17356985807419,4,"[8248,8232,8216,8200]",8200,8224.0,8248,332,2090770,[6131],6131,6131.0,6131,336
2097152,2,236,mixed,42.21568629145622,4,"[8249,8233,8217,8201]",8201,8225.0,8249,316,2092394,[6463],6463,6463.0,6463,320
2097152,2,237,mixed,42.0233141630888,4,"[8250,8234,8218,8202]",8202,8226.0,8250,302,2093011,[6779],6779,6779.0,6779,306
2097152,2,238,mixed,42.40402486175299,4,"[8251,8235,8219,8203]",8203,8227.0,8251,290,2095685,[7081],7081,7081.0,7081,294
2097152,2,239,mixed,42.46216360479593,4,"[8252,8236,8220,8204]",8204,8228.0,8252,279,2095569,[7371],7371,7371.0,7371,283
2097152,2,240,mixed,42.95639228075743,4,"[8253,8237,8221,8205]",8205,8229.0,8253,269,2094165,[7650],7650,7650.0,7650,273
2097152,2,241,mixed,43.402605690062046,4,"[8254,8238,8222,8206]",8206,8230.0,8254,260,2092870,[7919],7919,7919.0,7919,264
2097152,2,242,mixed,41.762364096939564,3,"[8239,8223,8207]",8207,8223.0,8239,13,106418,[8179],8179,8179.0,8179,16
2097152,2,243,decode_only,30.25912493467331,4,"[8240,8224,8208,8192]",8192,8216.0,8240,0,0,[],,,,4
2097152,2,244,decode_only,30.566006898880005,4,"[8241,8225,8209,8193]",8193,8217.0,8241,0,0,[],,,,4
2097152,2,245,decode_only,30.251757241785526,4,"[8242,8226,8210,8194]",8194,8218.0,8242,0,0,[],,,,4
2097152,2,246,decode_only,30.3103169426322,4,"[8243,8227,8211,8195]",8195,8219.0,8243,0,0,[],,,,4
2097152,2,247,decode_only,30.16088157892227,4,"[8244,8228,8212,8196]",8196,8220.0,8244,0,0,[],,,,4
2097152,2,248,decode_only,30.158134177327156,4,"[8245,8229,8213,8197]",8197,8221.0,8245,0,0,[],,,,4
2097152,2,249,decode_only,30.178148299455643,4,"[8246,8230,8214,8198]",8198,8222.0,8246,0,0,[],,,,4
2097152,2,250,decode_only,30.081008560955524,4,"[8247,8231,8215,8199]",8199,8223.0,8247,0,0,[],,,,4
2097152,2,251,decode_only,30.352230183780193,4,"[8248,8232,8216,8200]",8200,8224.0,8248,0,0,[],,,,4
2097152,2,252,decode_only,30.306369997560978,4,"[8249,8233,8217,8201]",8201,8225.0,8249,0,0,[],,,,4
2097152,2,253,decode_only,30.08213546127081,4,"[8250,8234,8218,8202]",8202,8226.0,8250,0,0,[],,,,4
2097152,2,254,decode_only,30.282759107649326,4,"[8251,8235,8219,8203]",8203,8227.0,8251,0,0,[],,,,4
2097152,2,255,decode_only,30.22268321365118,4,"[8252,8236,8220,8204]",8204,8228.0,8252,0,0,[],,,,4
2097152,2,256,decode_only,30.577952973544598,4,"[8253,8237,8221,8205]",8205,8229.0,8253,0,0,[],,,,4
2097152,2,257,decode_only,30.207719653844833,4,"[8254,8238,8222,8206]",8206,8230.0,8254,0,0,[],,,,4
2097152,2,258,decode_only,29.260501265525818,3,"[8239,8223,8207]",8207,8223.0,8239,0,0,[],,,,3
2097152,2,259,decode_only,29.234612360596657,3,"[8240,8224,8208]",8208,8224.0,8240,0,0,[],,,,3
2097152,2,260,decode_only,29.23476602882147,3,"[8241,8225,8209]",8209,8225.0,8241,0,0,[],,,,3
2097152,2,261,decode_only,29.25608493387699,3,"[8242,8226,8210]",8210,8226.0,8242,0,0,[],,,,3
2097152,2,262,decode_only,29.228664934635162,3,"[8243,8227,8211]",8211,8227.0,8243,0,0,[],,,,3
2097152,2,263,decode_only,29.1666267439723,3,"[8244,8228,8212]",8212,8228.0,8244,0,0,[],,,,3
2097152,2,264,decode_only,29.25004716962576,3,"[8245,8229,8213]",8213,8229.0,8245,0,0,[],,,,3
2097152,2,265,decode_only,29.295663349330425,3,"[8246,8230,8214]",8214,8230.0,8246,0,0,[],,,,3
2097152,2,266,decode_only,29.249073937535286,3,"[8247,8231,8215]",8215,8231.0,8247,0,0,[],,,,3
2097152,2,267,decode_only,29.310617595911026,3,"[8248,8232,8216]",8216,8232.0,8248,0,0,[],,,,3
2097152,2,268,decode_only,29.360419139266014,3,"[8249,8233,8217]",8217,8233.0,8249,0,0,[],,,,3
2097152,2,269,decode_only,29.322296380996704,3,"[8250,8234,8218]",8218,8234.0,8250,0,0,[],,,,3
2097152,2,270,decode_only,29.37306370586157,3,"[8251,8235,8219]",8219,8235.0,8251,0,0,[],,,,3
2097152,2,271,decode_only,29.370464384555817,3,"[8252,8236,8220]",8220,8236.0,8252,0,0,[],,,,3
2097152,2,272,decode_only,29.35203444212675,3,"[8253,8237,8221]",8221,8237.0,8253,0,0,[],,,,3
2097152,2,273,decode_only,29.31910753250122,3,"[8254,8238,8222]",8222,8238.0,8254,0,0,[],,,,3
2097152,2,274,decode_only,29.748753644526005,2,"[8239,8223]",8223,8231.0,8239,0,0,[],,,,2
2097152,2,275,decode_only,29.378361999988556,2,"[8240,8224]",8224,8232.0,8240,0,0,[],,,,2
2097152,2,276,decode_only,29.253140091896057,2,"[8241,8225]",8225,8233.0,8241,0,0,[],,,,2
2097152,2,277,decode_only,29.271533712744713,2,"[8242,8226]",8226,8234.0,8242,0,0,[],,,,2
2097152,2,278,decode_only,29.431914910674095,2,"[8243,8227]",8227,8235.0,8243,0,0,[],,,,2
2097152,2,279,decode_only,29.598668217658997,2,"[8244,8228]",8228,8236.0,8244,0,0,[],,,,2
2097152,2,280,decode_only,29.195190407335758,2,"[8245,8229]",8229,8237.0,8245,0,0,[],,,,2
2097152,2,281,decode_only,29.42708507180214,2,"[8246,8230]",8230,8238.0,8246,0,0,[],,,,2
2097152,2,282,decode_only,29.60862684994936,2,"[8247,8231]",8231,8239.0,8247,0,0,[],,,,2
2097152,2,283,decode_only,29.373856261372566,2,"[8248,8232]",8232,8240.0,8248,0,0,[],,,,2
2097152,2,284,decode_only,29.298272915184498,2,"[8249,8233]",8233,8241.0,8249,0,0,[],,,,2
2097152,2,285,decode_only,29.442952014505863,2,"[8250,8234]",8234,8242.0,8250,0,0,[],,,,2
2097152,2,286,decode_only,29.520527459681034,2,"[8251,8235]",8235,8243.0,8251,0,0,[],,,,2
2097152,2,287,decode_only,29.4488612562418,2,"[8252,8236]",8236,8244.0,8252,0,0,[],,,,2
2097152,2,288,decode_only,29.438268393278122,2,"[8253,8237]",8237,8245.0,8253,0,0,[],,,,2
2097152,2,289,decode_only,29.308436438441277,2,"[8254,8238]",8238,8246.0,8254,0,0,[],,,,2
2097152,2,290,decode_only,29.976550489664078,1,[8239],8239,8239.0,8239,0,0,[],,,,1
2097152,2,291,decode_only,30.03013227134943,1,[8240],8240,8240.0,8240,0,0,[],,,,1
2097152,2,292,decode_only,30.04330024123192,1,[8241],8241,8241.0,8241,0,0,[],,,,1
2097152,2,293,decode_only,30.02327401190996,1,[8242],8242,8242.0,8242,0,0,[],,,,1
2097152,2,294,decode_only,30.02915531396866,1,[8243],8243,8243.0,8243,0,0,[],,,,1
2097152,2,295,decode_only,30.13974241912365,1,[8244],8244,8244.0,8244,0,0,[],,,,1
2097152,2,296,decode_only,30.146141536533833,1,[8245],8245,8245.0,8245,0,0,[],,,,1
2097152,2,297,decode_only,30.05783259868622,1,[8246],8246,8246.0,8246,0,0,[],,,,1
2097152,2,298,decode_only,30.145244672894478,1,[8247],8247,8247.0,8247,0,0,[],,,,1
2097152,2,299,decode_only,30.15767317265272,1,[8248],8248,8248.0,8248,0,0,[],,,,1
2097152,2,300,decode_only,30.02313617616892,1,[8249],8249,8249.0,8249,0,0,[],,,,1
2097152,2,301,decode_only,30.090145766735077,1,[8250],8250,8250.0,8250,0,0,[],,,,1
2097152,2,302,decode_only,30.08720651268959,1,[8251],8251,8251.0,8251,0,0,[],,,,1
2097152,2,303,decode_only,29.989393427968025,1,[8252],8252,8252.0,8252,0,0,[],,,,1
2097152,2,304,decode_only,30.017409473657608,1,[8253],8253,8253.0,8253,0,0,[],,,,1
2097152,2,305,decode_only,30.14091867953539,1,[8254],8254,8254.0,8254,0,0,[],,,,1
1048576,0,0,prefill_only,17.28508248925209,0,[],,,,2048,2098176,[0],0,0.0,0,2048
1048576,0,1,prefill_only,20.40113601833582,0,[],,,,2048,6292480,[2048],2048,2048.0,2048,2048
1048576,0,2,prefill_only,23.81166536360979,0,[],,,,2048,10486784,[4096],4096,4096.0,4096,2048
1048576,0,3,prefill_only,58.105881325900555,0,[],,,,6144,18877440,"[6144,0,0]",0,2048.0,6144,6144
1048576,0,4,mixed,36.34674195200205,1,[8192],8192,8192.0,8192,460,1048110,[2048],2048,2048.0,2048,461
1048576,0,5,mixed,37.3311135917902,1,[8193],8193,8193.0,8193,388,1048570,[2508],2508,2508.0,2508,389
1048576,0,6,mixed,38.24989963322878,1,[8194],8194,8194.0,8194,384,1048575,"[2896,2048,0,0,0]",0,988.8,2896,385
1048576,0,7,mixed,38.062059320509434,1,[8195],8195,8195.0,8195,309,1048128,[3237],3237,3237.0,3237,310
1048576,0,8,mixed,38.34312967956066,1,[8196],8196,8196.0,8196,284,1047534,[3546],3546,3546.0,3546,285
1048576,0,9,mixed,38.71546685695648,1,[8197],8197,8197.0,8197,277,1048576,"[3830,2049,36,4]",4,1479.75,3830,278
1048576,0,10,mixed,40.19714146852493,1,[8198],8198,8198.0,8198,262,1048576,"[4094,2050,46,6,2,0]",0,1033.0,4094,263
1048576,0,11,mixed,38.99317979812622,1,[8199],8199,8199.0,8199,235,1048100,[4342],4342,4342.0,4342,236
1048576,0,12,mixed,39.54819031059742,1,[8200],8200,8200.0,8200,244,1048576,"[4577,2051,52,10,3,2,0]",0,956.4285714285714,4577,245
1048576,0,13,mixed,39.52545765787363,1,[8201],8201,8201.0,8201,236,1048575,"[4800,2052,66,13,4]",4,1387.0,4800,237
1048576,0,14,mixed,39.60643149912357,1,[8202],8202,8202.0,8202,217,1048573,"[5013,2053,83,16]",16,1791.25,5013,218
1048576,0,15,mixed,39.71183206886053,1,[8203],8203,8203.0,8203,197,1047252,[5217],5217,5217.0,5217,198
1048576,0,16,mixed,39.69437628984451,1,[8204],8204,8204.0,8204,190,1046805,[5414],5414,5414.0,5414,191
1048576,0,17,mixed,39.848120883107185,1,[8205],8205,8205.0,8205,184,1048156,[5604],5604,5604.0,5604,185
1048576,0,18,mixed,40.67351669073105,1,[8206],8206,8206.0,8206,184,1048573,"[5788,2055,93,17]",17,1988.25,5788,185
1048576,0,19,mixed,40.699677541852,1,[8207],8207,8207.0,8207,173,1047169,[5966],5966,5966.0,5966,174
1048576,0,20,mixed,41.13038256764412,1,[8208],8208,8208.0,8208,184,1048576,"[6139,2056,96,19,6,3,1]",1,1188.5714285714287,6139,185
1048576,0,21,mixed,40.77191278338432,1,[8209],8209,8209.0,8209,164,1047878,[6307],6307,6307.0,6307,165
1048576,0,22,mixed,40.96314311027527,1,[8210],8210,8210.0,8210,160,1048240,[6471],6471,6471.0,6471,161
1048576,0,23,mixed,41.00439604371786,1,[8211],8211,8211.0,8211,156,1046682,[6631],6631,6631.0,6631,157
1048576,0,24,mixed,41.12043138593435,1,[8212],8212,8212.0,8212,168,1048568,"[6787,2057,105,21]",21,2242.5,6787,169
1048576,0,25,mixed,41.4996761828661,1,[8213],8213,8213.0,8213,168,1048576,"[6939,2059,115,25,8,4,2,0]",0,1144.0,6939,169
1048576,0,26,mixed,41.47581849247217,1,[8214],8214,8214.0,8214,154,1048550,"[7088,2060,126]",126,3091.3333333333335,7088,155
1048576,0,27,mixed,41.767628863453865,1,[8215],8215,8215.0,8215,160,1048574,"[7234,2061,133,28,9]",9,1893.0,7234,161
1048576,0,28,mixed,41.965894401073456,1,[8216],8216,8216.0,8216,157,1048568,"[7377,2062,145,30]",30,2403.5,7377,158
1048576,0,29,mixed,42.06480365246534,1,[8217],8217,8217.0,8217,138,1046937,[7517],7517,7517.0,7517,139
1048576,0,30,mixed,42.44665056467056,1,[8218],8218,8218.0,8218,152,1048575,"[7655,2064,156,34,11,5,3]",3,1418.2857142857142,7655,153
1048576,0,31,mixed,42.32965223491192,1,[8219],8219,8219.0,8219,146,1048570,"[7790,2066,167,35]",35,2514.5,7790,147
1048576,0,32,mixed,42.486587539315224,1,[8220],8220,8220.0,8220,131,1046559,[7923],7923,7923.0,7923,132
1048576,0,33,mixed,42.65906475484371,1,[8221],8221,8221.0,8221,129,1047351,[8054],8054,8054.0,8054,130
1048576,0,34,mixed,44.78175286203623,1,[8222],8222,8222.0,8222,441,1048569,"[8183,2067,175]",175,3475.0,8183,442
1048576,0,35,mixed,35.60144733637571,2,"[8223,8192]",8192,8207.5,8223,405,1048575,"[2494,180,39]",39,904.3333333333334,2494,407
1048576,0,36,mixed,36.77663020789623,2,"[8224,8193]",8193,8208.5,8224,352,1048576,"[2883,193,42,12,6,4]",4,523.3333333333334,2883,354
1048576,0,37,mixed,36.456963047385216,2,"[8225,8194]",8194,8209.5,8225,315,1048576,"[3226,196,44,14,7]",7,697.4,3226,317
1048576,0,38,mixed,37.664554081857204,2,"[8226,8195]",8195,8210.5,8226,285,1048515,[3536],3536,3536.0,3536,287
1048576,0,39,mixed,37.459089420735836,2,"[8227,8196]",8196,8211.5,8227,273,1048576,"[3821,197,46,15,8]",8,817.4,3821,275
1048576,0,40,mixed,38.17915078252554,2,"[8228,8197]",8197,8212.5,8228,249,1048539,[4086],4086,4086.0,4086,251
1048576,0,41,mixed,37.85728756338358,2,"[8229,8198]",8198,8213.5,8229,246,1048560,"[4335,200,49]",49,1528.0,4335,248
1048576,0,42,mixed,38.64511847496033,2,"[8230,8199]",8199,8214.5,8230,246,1048574,"[4570,210,50,16,9]",9,971.0,4570,248
1048576,0,43,mixed,38.248335011303425,2,"[8231,8200]",8200,8215.5,8231,234,1048562,"[4793,230,51]",51,1691.3333333333333,4793,236
1048576,0,44,mixed,38.42766210436821,2,"[8232,8201]",8201,8216.5,8232,213,1048573,"[5006,250,52]",52,1769.3333333333333,5006,215
1048576,0,45,mixed,38.852013647556305,2,"[8233,8202]",8202,8217.5,8233,209,1048575,"[5211,254,56]",56,1840.3333333333333,5211,211
1048576,0,46,mixed,38.92619349062443,2,"[8234,8203]",8203,8218.5,8234,205,1048570,"[5408,263,59,17]",17,1436.75,5408,207
1048576,0,47,mixed,39.06435891985893,2,"[8235,8204]",8204,8219.5,8235,191,1048559,"[5598,273,62]",62,1977.6666666666667,5598,193
1048576,0,48,mixed,39.067093282938,2,"[8236,8205]",8205,8220.5,8236,190,1048541,"[5782,278]",278,3030.0,5782,192
1048576,0,49,mixed,39.73462898284197,2,"[8237,8206]",8206,8221.5,8237,183,1048572,"[5960,290,64,19]",19,1583.25,5960,185
1048576,0,50,mixed,39.99409731477499,2,"[8238,8207]",8207,8222.5,8238,182,1048571,"[6133,298,65]",65,2165.3333333333335,6133,184
1048576,0,51,mixed,40.347266010940075,2,"[8239,8208]",8208,8223.5,8239,172,1048574,"[6301,311,66,20]",20,1674.5,6301,174
1048576,0,52,mixed,41.33445117622614,2,"[8240,8209]",8209,8224.5,8240,164,1048554,"[6465,316]",316,3390.5,6465,166
1048576,0,53,mixed,40.4866524040699,2,"[8241,8210]",8210,8225.5,8241,168,1048572,"[6625,320,67,22]",22,1758.5,6625,170
1048576,0,54,mixed,40.634565986692905,2,"[8242,8211]",8211,8226.5,8242,172,1048558,"[6781,328,70]",70,2393.0,6781,174
1048576,0,55,mixed,41.12802539020777,2,"[8243,8212]",8212,8227.5,8243,163,1048569,"[6933,346,72]",72,2450.3333333333335,6933,165
1048576,0,56,mixed,41.165322065353394,2,"[8244,8213]",8213,8228.5,8244,159,1048566,"[7082,358,74]",74,2504.6666666666665,7082,161
1048576,0,57,mixed,41.21614899486303,2,"[8245,8214]",8214,8229.5,8245,158,1048575,"[7228,368,77,23]",23,1924.0,7228,160
1048576,0,58,mixed,41.81654192507267,2,"[8246,8215]",8215,8230.5,8246,164,1048576,"[7371,380,79,24,10,5,1]",1,1124.2857142857142,7371,166
1048576,0,59,mixed,41.26942064613104,2,"[8247,8216]",8216,8231.5,8247,144,1048512,"[7511,397]",397,3954.0,7511,146
1048576,0,60,mixed,41.63582809269428,2,"[8248,8217]",8217,8232.5,8248,154,1048569,"[7649,403,80,26]",26,2039.5,7649,156
1048576,0,61,mixed,41.27361532300711,2,"[8249,8218]",8218,8233.5,8249,146,1048568,"[7784,419,82,27]",27,2078.0,7784,148
1048576,0,62,mixed,41.216795332729816,2,"[8250,8219]",8219,8234.5,8250,140,1048567,"[7917,429,83,29]",29,2114.5,7917,142
1048576,0,63,mixed,41.94603022187948,2,"[8251,8220]",8220,8235.5,8251,138,1048575,"[8048,435,85,30,11]",11,1721.8,8048,140
1048576,0,64,mixed,46.66385147720575,2,"[8252,8221]",8221,8236.5,8252,1012,1048567,"[8177,439,87]",87,2901.0,8177,1014
1048576,0,65,mixed,36.940003745257854,3,"[8253,8222,8192]",8192,8222.333333333334,8253,612,1048546,"[1429,94]",94,761.5,1429,615
1048576,0,66,mixed,36.51594463735819,3,"[8254,8223,8193]",8193,8223.333333333334,8254,480,1048564,"[2034,101,32]",32,722.3333333333334,2034,483
1048576,0,67,mixed,36.34949307888746,2,"[8224,8194]",8194,8209.0,8224,403,1048556,"[2496,118]",118,1307.0,2496,405
1048576,0,68,mixed,36.33314277976751,2,"[8225,8195]",8195,8210.0,8225,343,1048551,[2885],2885,2885.0,2885,345
1048576,0,69,mixed,36.814190447330475,2,"[8226,8196]",8196,8211.0,8226,333,1048573,"[3228,132,33]",33,1131.0,3228,335
1048576,0,70,mixed,38.11731841415167,2,"[8227,8197]",8197,8212.0,8227,310,1048574,"[3537,154,35,12,6]",6,748.8,3537,312
1048576,0,71,mixed,37.323128432035446,2,"[8228,8198]",8198,8213.0,8228,271,1048573,"[3821,175,38,13]",13,1011.75,3821,273
1048576,0,72,mixed,37.903119809925556,2,"[8229,8199]",8199,8214.0,8229,249,1048539,[4086],4086,4086.0,4086,251
1048576,0,73,mixed,38.101550191640854,2,"[8230,8200]",8200,8215.0,8230,248,1048571,"[4335,179,39]",39,1517.6666666666667,4335,250
1048576,0,74,mixed,38.37060369551182,2,"[8231,8201]",8201,8216.0,8231,247,1048576,"[4570,190,41,14]",14,1203.75,4570,249
1048576,0,75,mixed,38.15771546214819,2,"[8232,8202]",8202,8217.0,8232,238,1048561,"[4793,212,42]",42,1682.3333333333333,4793,240
1048576,0,76,mixed,38.289885967969894,2,"[8233,8203]",8203,8218.0,8233,211,1048572,"[5006,233,46]",46,1761.6666666666667,5006,213
1048576,0,77,mixed,38.559162989258766,2,"[8234,8204]",8204,8219.0,8234,209,1048569,"[5211,238,47,15]",15,1377.75,5211,211
1048576,0,78,mixed,38.65989204496145,2,"[8235,8205]",8205,8220.0,8235,204,1048575,"[5408,248,48,16]",16,1430.0,5408,206
1048576,0,79,mixed,38.68118114769459,2,"[8236,8206]",8206,8221.0,8236,193,1048572,"[5598,259,50]",50,1969.0,5598,195
1048576,0,80,mixed,39.14804570376873,2,"[8237,8207]",8207,8222.0,8237,196,1048576,"[5782,264,54,17,7]",7,1224.8,5782,198
1048576,0,81,mixed,39.892515167593956,2,"[8238,8208]",8208,8223.0,8238,185,1048571,"[5960,276,57,18]",18,1577.75,5960,187
1048576,0,82,mixed,40.24073760956526,2,"[8239,8209]",8209,8224.0,8239,185,1048573,"[6133,284,60]",60,2159.0,6133,187
1048576,0,83,mixed,40.269664488732815,2,"[8240,8210]",8210,8225.0,8240,174,1048576,"[6301,297,64,19,9]",9,1338.0,6301,176
1048576,0,84,mixed,40.36938399076462,2,"[8241,8211]",8211,8226.0,8241,165,1048565,"[6465,302,66]",66,2277.6666666666665,6465,167
1048576,0,85,mixed,40.34582246094942,2,"[8242,8212]",8212,8227.0,8242,165,1048545,"[6625,306]",306,3465.5,6625,167
1048576,0,86,mixed,40.27965757995844,2,"[8243,8213]",8213,8228.0,8243,171,1048515,"[6781,315]",315,3548.0,6781,173
1048576,0,87,mixed,40.47062713652849,2,"[8244,8214]",8214,8229.0,8244,165,1048556,"[6933,334,67]",67,2444.6666666666665,6933,167
1048576,0,88,mixed,40.71405529975891,2,"[8245,8215]",8215,8230.0,8245,157,1048575,"[7082,346]",346,3714.0,7082,159
1048576,0,89,mixed,40.7684026286006,2,"[8246,8216]",8216,8231.0,8246,159,1048556,"[7228,357,71]",71,2552.0,7228,161
1048576,0,90,mixed,41.03208240121603,2,"[8247,8217]",8217,8232.0,8247,162,1048568,"[7371,369,75,21]",21,1959.0,7371,164
1048576,0,91,mixed,41.407846845686436,2,"[8248,8218]",8218,8233.0,8248,147,1048573,"[7511,386,79,22]",22,1999.5,7511,149
1048576,0,92,mixed,41.4844723418355,2,"[8249,8219]",8219,8234.0,8249,160,1048576,"[7649,392,80,24,10,3,0]",0,1165.4285714285713,7649,162
1048576,0,93,mixed,41.61542747169733,2,"[8250,8220]",8220,8235.0,8250,146,1048576,"[7784,408,84]",84,2758.6666666666665,7784,148
1048576,0,94,mixed,41.296555660665035,2,"[8251,8221]",8221,8236.0,8251,140,1048569,"[7917,418,87]",87,2807.3333333333335,7917,142
1048576,0,95,mixed,42.98540763556957,2,"[8252,8222]",8222,8237.0,8252,136,1048559,"[8048,424,90]",90,2854.0,8048,138
1048576,0,96,mixed,47.86333069205284,2,"[8253,8223]",8223,8238.0,8253,1016,1048567,"[8177,428,93,25]",25,2180.75,8177,1018
1048576,0,97,mixed,36.84162814170122,3,"[8254,8224,8192]",8192,8223.333333333334,8254,611,1048562,"[1426,94]",94,760.0,1426,614
1048576,0,98,mixed,36.60363517701626,2,"[8225,8193]",8193,8209.0,8225,468,1048575,"[2032,99,27,11]",11,542.25,2032,470
1048576,0,99,mixed,36.32817231118679,2,"[8226,8194]",8194,8210.0,8226,409,1048567,"[2495,102,28]",28,875.0,2495,411
1048576,0,100,mixed,37.17133402824402,2,"[8227,8195]",8195,8211.0,8227,350,1048573,"[2884,121,29,12]",12,761.5,2884,352
1048576,0,101,mixed,37.589424289762974,2,"[8228,8196]",8196,8212.0,8228,310,1048575,[3227],3227,3227.0,3227,312
1048576,0,102,mixed,37.42677811533213,2,"[8229,8197]",8197,8213.0,8229,312,1048575,"[3537,123,32,14]",14,926.5,3537,314
1048576,0,103,mixed,37.73364517837763,2,"[8230,8198]",8198,8214.0,8230,270,1048570,"[3821,149]",149,1985.0,3821,272
1048576,0,104,mixed,37.58488781750202,2,"[8231,8199]",8199,8215.0,8231,249,1048539,[4086],4086,4086.0,4086,251
1048576,0,105,mixed,37.99930773675442,2,"[8232,8200]",8200,8216.0,8232,248,1048548,"[4335,154]",154,2244.5,4335,250
1048576,0,106,mixed,38.91615942120552,2,"[8233,8201]",8201,8217.0,8233,252,1048574,"[4570,167,33]",33,1590.0,4570,254
1048576,0,107,mixed,39.089092053472996,2,"[8234,8202]",8202,8218.0,8234,241,1048574,"[4793,191,38]",38,1674.0,4793,243
1048576,0,108,mixed,38.43793459236622,2,"[8235,8203]",8203,8219.0,8235,213,1048565,"[5006,214,43]",43,1754.3333333333333,5006,215
1048576,0,109,mixed,38.65159023553133,2,"[8236,8204]",8204,8220.0,8236,208,1048545,"[5211,219]",219,2715.0,5211,210
1048576,0,110,mixed,38.95304352045059,2,"[8237,8205]",8205,8221.0,8237,208,1048576,"[5408,230,46,15,4,2,0,0]",0,713.125,5408,210
1048576,0,111,mixed,38.73063810169697,2,"[8238,8206]",8206,8222.0,8238,191,1048573,"[5598,242,47]",47,1962.3333333333333,5598,193
1048576,0,112,mixed,38.900721818208694,2,"[8239,8207]",8207,8223.0,8239,195,1048576,"[5782,248,48,16]",16,1523.5,5782,197
1048576,0,113,mixed,39.468283765017986,2,"[8240,8208]",8208,8224.0,8240,183,1048576,"[5960,261,50]",50,2090.3333333333335,5960,185
1048576,0,114,mixed,39.541817270219326,2,"[8241,8209]",8209,8225.0,8241,187,1048575,"[6133,270,51,18,5]",5,1295.4,6133,189
1048576,0,115,mixed,39.595749229192734,2,"[8242,8210]",8210,8226.0,8242,174,1048572,"[6301,284,53,20]",20,1664.5,6301,176
1048576,0,116,mixed,39.94504641741514,2,"[8243,8211]",8211,8227.0,8243,166,1048563,"[6465,289,57]",57,2270.3333333333335,6465,168
1048576,0,117,mixed,39.96729198843241,2,"[8244,8212]",8212,8228.0,8244,168,1048571,"[6625,293,59,21]",21,1749.5,6625,170
1048576,0,118,mixed,41.269159875810146,2,"[8245,8213]",8213,8229.0,8245,178,1048576,"[6781,302,61,22,6]",6,1434.4,6781,180
1048576,0,119,mixed,41.13915376365185,2,"[8246,8214]",8214,8230.0,8246,165,1048573,"[6933,321,65,24]",24,1835.75,6933,167
1048576,0,120,mixed,41.55791085213423,2,"[8247,8215]",8215,8231.0,8247,161,1048573,"[7082,334,66,26,7]",7,1503.0,7082,163
1048576,0,121,mixed,41.06655716896057,2,"[8248,8216]",8216,8232.0,8248,158,1048573,"[7228,345,67,28]",28,1917.0,7228,160
1048576,0,122,mixed,41.22865851968527,2,"[8249,8217]",8217,8233.0,8249,160,1048564,"[7371,358,68]",68,2599.0,7371,162
1048576,0,123,mixed,41.79440904408693,2,"[8250,8218]",8218,8234.0,8250,151,1048576,"[7511,376,70,29,8,3,1,1]",1,999.875,7511,153
1048576,0,124,mixed,41.743640787899494,2,"[8251,8219]",8219,8235.0,8251,158,1048575,"[7649,382,72,30,9,4,2]",2,1164.0,7649,160
1048576,0,125,mixed,41.813540272414684,2,"[8252,8220]",8220,8236.0,8252,149,1048574,"[7784,399,73,31,11]",11,1659.6,7784,151
1048576,0,126,mixed,41.509528644382954,2,"[8253,8221]",8221,8237.0,8253,141,1048566,"[7917,409,77]",77,2801.0,7917,143
1048576,0,127,mixed,41.65205452591181,2,"[8254,8222]",8222,8238.0,8254,139,1048576,"[8048,415,81,32,12]",12,1717.6,8048,141
1048576,0,128,mixed,48.942241817712784,1,[8223],8223,8223.0,8223,1028,1048571,"[8177,419,84,34,13]",13,1745.4,8177,1029
1048576,0,129,mixed,36.44619882106781,2,"[8224,8192]",8192,8208.0,8224,610,1048565,"[1423,90]",90,756.5,1423,612
1048576,0,130,mixed,36.6500336676836,2,"[8225,8193]",8193,8209.0,8225,477,1048575,"[2030,93,36]",36,719.6666666666666,2030,479
1048576,0,131,mixed,36.27200052142143,2,"[8226,8194]",8194,8210.0,8226,390,1048515,[2493],2493,2493.0,2493,392
1048576,0,132,mixed,36.826109513640404,2,"[8227,8195]",8195,8211.0,8227,352,1048576,"[2883,105,38,14,5]",5,609.0,2883,354
1048576,0,133,mixed,37.160949781537056,2,"[8228,8196]",8196,8212.0,8228,314,1048571,"[3226,111,39]",39,1125.3333333333333,3226,316
1048576,0,134,mixed,37.791332229971886,2,"[8229,8197]",8197,8213.0,8229,285,1048515,[3536],3536,3536.0,3536,287
1048576,0,135,mixed,38.03325444459915,2,"[8230,8198]",8198,8214.0,8230,274,1048574,"[3821,113,41,15,6]",6,799.2,3821,276
1048576,0,136,mixed,37.83878963440657,2,"[8231,8199]",8199,8215.0,8231,249,1048539,[4086],4086,4086.0,4086,251
1048576,0,137,mixed,37.907772697508335,2,"[8232,8200]",8200,8216.0,8232,254,1048573,"[4335,119,42,16]",16,1128.0,4335,256
1048576,0,138,mixed,38.65060769021511,2,"[8233,8201]",8201,8217.0,8233,255,1048571,"[4570,135,43]",43,1582.6666666666667,4570,257
1048576,0,139,mixed,38.53604570031166,2,"[8234,8202]",8202,8218.0,8234,242,1048572,"[4793,164,46,18]",18,1255.25,4793,244
1048576,0,140,mixed,38.23542036116123,2,"[8235,8203]",8203,8219.0,8235,212,1048560,"[5006,191,47]",47,1748.0,5006,214
1048576,0,141,mixed,38.58740162104368,2,"[8236,8204]",8204,8220.0,8236,210,1048561,"[5211,197,48]",48,1818.6666666666667,5211,212
1048576,0,142,mixed,38.872272707521915,2,"[8237,8205]",8205,8221.0,8237,205,1048574,"[5408,209,49]",49,1888.6666666666667,5408,207
1048576,0,143,mixed,39.032709784805775,2,"[8238,8206]",8206,8222.0,8238,193,1048564,"[5598,222,51]",51,1957.0,5598,195
1048576,0,144,mixed,38.887531496584415,2,"[8239,8207]",8207,8223.0,8239,196,1048576,"[5782,228,54,19]",19,1520.75,5782,198
1048576,0,145,mixed,39.58947118371725,2,"[8240,8208]",8208,8224.0,8240,187,1048573,"[5960,242,56,21]",21,1569.75,5960,189
1048576,0,146,mixed,40.70393927395344,2,"[8241,8209]",8209,8225.0,8241,186,1048570,"[6133,251,59,23]",23,1616.5,6133,188
1048576,0,147,mixed,40.41885957121849,2,"[8242,8210]",8210,8226.0,8242,171,1048573,"[6301,266,61]",61,2209.3333333333335,6301,173
1048576,0,148,mixed,40.580639615654945,2,"[8243,8211]",8211,8227.0,8243,167,1048570,"[6465,272,62]",62,2266.3333333333335,6465,169
1048576,0,149,mixed,40.39274901151657,2,"[8244,8212]",8212,8228.0,8244,166,1048561,"[6625,276]",276,3450.5,6625,168
1048576,0,150,mixed,41.15705378353596,2,"[8245,8213]",8213,8229.0,8245,178,1048573,"[6781,286,65,24,7]",7,1432.6,6781,180
1048576,0,151,mixed,40.70580191910267,2,"[8246,8214]",8214,8230.0,8246,167,1048573,"[6933,306,69,25]",25,1833.25,6933,169
1048576,0,152,mixed,40.67746177315712,2,"[8247,8215]",8215,8231.0,8247,165,1048576,"[7082,319,73,26,8,3]",3,1251.8333333333333,7082,167
1048576,0,153,mixed,40.97566194832325,2,"[8248,8216]",8216,8232.0,8248,161,1048574,"[7228,330,76,28]",28,1915.5,7228,163
1048576,0,154,mixed,41.28345940262079,2,"[8249,8217]",8217,8233.0,8249,159,1048517,"[7371,343]",343,3857.0,7371,161
1048576,0,155,mixed,41.07831511646509,2,"[8250,8218]",8218,8234.0,8250,148,1048576,"[7511,362,79,30]",30,1995.5,7511,150
1048576,0,156,mixed,41.49425029754639,2,"[8251,8219]",8219,8235.0,8251,157,1048574,"[7649,368,82,31]",31,2032.5,7649,159
1048576,0,157,mixed,41.388871148228645,2,"[8252,8220]",8220,8236.0,8252,145,1048571,"[7784,385,86]",86,2751.6666666666665,7784,147
1048576,0,158,mixed,41.59903526306152,2,"[8253,8221]",8221,8237.0,8253,138,1048573,"[7917,396]",396,4156.5,7917,140
1048576,0,159,mixed,41.87969397753477,2,"[8254,8222]",8222,8238.0,8254,137,1048557,"[8048,403,87]",87,2846.0,8048,139
1048576,0,160,mixed,48.599228262901306,1,[8223],8223,8223.0,8223,1047,1048576,"[8177,407,91,32,9,5,2,0,0]",0,969.2222222222222,8177,1048
1048576,0,161,mixed,37.09602728486061,2,"[8224,8192]",8192,8208.0,8224,615,1048567,"[1419,104,33]",33,518.6666666666666,1419,617
1048576,0,162,mixed,36.58439125865698,2,"[8225,8193]",8193,8209.0,8225,468,1048573,"[2027,110,34,11,6]",6,437.6,2027,470
1048576,0,163,mixed,36.390659399330616,2,"[8226,8194]",8194,8210.0,8226,398,1048576,"[2491,111,35]",35,879.0,2491,400
1048576,0,164,mixed,36.99355944991112,2,"[8227,8195]",8195,8211.0,8227,354,1048543,"[2881,118]",118,1499.5,2881,356
1048576,0,165,mixed,37.029664032161236,2,"[8228,8196]",8196,8212.0,8228,317,1048576,"[3224,129]",129,1676.5,3224,319
1048576,0,166,mixed,37.42798697203398,2,"[8229,8197]",8197,8213.0,8229,291,1048574,"[3534,136,36]",36,1235.3333333333333,3534,293
1048576,0,167,mixed,37.51453664153814,2,"[8230,8198]",8198,8214.0,8230,277,1048569,"[3819,140,38,12]",12,1002.25,3819,279
1048576,0,168,mixed,37.71172370761633,2,"[8231,8199]",8199,8215.0,8231,254,1048576,"[4084,148,41]",41,1424.3333333333333,4084,256
1048576,0,169,mixed,37.866249680519104,2,"[8232,8200]",8200,8216.0,8232,251,1048537,"[4333,151]",151,2242.0,4333,253
1048576,0,170,mixed,37.69379574805498,2,"[8233,8201]",8201,8217.0,8233,224,1048432,[4568],4568,4568.0,4568,226
1048576,0,171,mixed,38.13520446419716,2,"[8234,8202]",8202,8218.0,8234,214,1048493,[4792],4792,4792.0,4792,216
1048576,0,172,mixed,38.27832359820604,2,"[8235,8203]",8203,8219.0,8235,212,1048542,"[5006,167]",167,2586.5,5006,214
1048576,0,173,mixed,38.5444238781929,2,"[8236,8204]",8204,8220.0,8236,214,1048572,"[5211,174,43,13]",13,1360.25,5211,216
1048576,0,174,mixed,38.56057487428188,2,"[8237,8205]",8205,8221.0,8237,211,1048575,"[5408,187,46,14,7,3]",3,944.1666666666666,5408,213
1048576,0,175,mixed,38.61564677208662,2,"[8238,8206]",8206,8222.0,8238,194,1048572,"[5598,201,49,16]",16,1466.0,5598,196
1048576,0,176,mixed,39.198365062475204,2,"[8239,8207]",8207,8223.0,8239,200,1048576,"[5782,208,50,18,8,4]",4,1011.6666666666666,5782,202
1048576,0,177,mixed,40.17615504562855,2,"[8240,8208]",8208,8224.0,8240,187,1048568,"[5960,223,53,20]",20,1564.0,5960,189
1048576,0,178,mixed,40.14486167579889,2,"[8241,8209]",8209,8225.0,8241,187,1048575,"[6133,233,55]",55,2140.3333333333335,6133,189
1048576,0,179,mixed,40.28184246271849,2,"[8242,8210]",8210,8226.0,8242,174,1048575,"[6301,249,58,22]",22,1657.5,6301,176
1048576,0,180,mixed,40.186175145208836,2,"[8243,8211]",8211,8227.0,8243,165,1048570,"[6465,255]",255,3360.0,6465,167
1048576,0,181,mixed,40.56705068796873,2,"[8244,8212]",8212,8228.0,8244,170,1048575,"[6625,260,60,24]",24,1742.25,6625,172
1048576,0,182,mixed,40.523854084312916,2,"[8245,8213]",8213,8229.0,8245,174,1048533,"[6781,270]",270,3525.5,6781,176
1048576,0,183,mixed,40.67995958030224,2,"[8246,8214]",8214,8230.0,8246,167,1048567,"[6933,292,62,26]",26,1828.25,6933,169
1048576,0,184,mixed,41.397721506655216,2,"[8247,8215]",8215,8231.0,8247,164,1048576,"[7082,306,64,28,9,5,1]",1,1070.7142857142858,7082,166
1048576,0,185,mixed,41.08117055147886,2,"[8248,8216]",8216,8232.0,8248,162,1048575,"[7228,318,65,29,11,6,2]",2,1094.142857142857,7228,164
1048576,0,186,mixed,41.523875668644905,2,"[8249,8217]",8217,8233.0,8249,164,1048575,"[7371,332,66,30]",30,1949.75,7371,166
1048576,0,187,mixed,41.358331218361855,2,"[8250,8218]",8218,8234.0,8250,151,1048576,"[7511,351,69,32,12,7]",7,1330.3333333333333,7511,153
1048576,0,188,mixed,41.44410043954849,2,"[8251,8219]",8219,8235.0,8251,156,1048575,"[7649,357,73,33]",33,2028.0,7649,158
1048576,0,189,mixed,41.59418772906065,2,"[8252,8220]",8220,8236.0,8252,148,1048576,"[7784,375,75,34,13]",13,1656.2,7784,150
1048576,0,190,mixed,41.50828719139099,2,"[8253,8221]",8221,8237.0,8253,138,1048503,"[7917,386]",386,4151.5,7917,140
1048576,0,191,mixed,42.079996317625046,2,"[8254,8222]",8222,8238.0,8254,134,1048557,"[8048,393]",393,4220.5,8048,136
1048576,0,192,mixed,48.236981965601444,1,[8223],8223,8223.0,8223,1045,1048576,"[8177,398,77,35,14,8,3,1]",1,1089.125,8177,1046
1048576,0,193,mixed,35.86149215698242,2,"[8224,8192]",8192,8208.0,8224,628,1048542,"[1417,83]",83,750.0,1417,630
1048576,0,194,mixed,35.59501562267542,2,"[8225,8193]",8193,8209.0,8225,474,1048565,"[2025,103]",103,1064.0,2025,476
1048576,0,195,mixed,36.21155209839344,2,"[8226,8194]",8194,8210.0,8226,405,1048568,"[2489,113,36,15]",15,663.25,2489,407
1048576,0,196,mixed,37.072138860821724,2,"[8227,8195]",8195,8211.0,8227,361,1048576,"[2879,126,37,16]",16,764.5,2879,363
1048576,0,197,mixed,36.774782463908195,2,"[8228,8196]",8196,8212.0,8228,322,1048569,"[3222,141,38]",38,1133.6666666666667,3222,324
1048576,0,198,mixed,38.03414758294821,2,"[8229,8197]",8197,8213.0,8229,296,1048572,"[3532,151,40,18,9]",9,750.0,3532,298
1048576,0,199,mixed,37.6788480207324,2,"[8230,8198]",8198,8214.0,8230,276,1048554,"[3817,158]",158,1987.5,3817,278
1048576,0,200,mixed,38.02395053207874,2,"[8231,8199]",8199,8215.0,8231,259,1048576,"[4082,169,42,19]",19,1078.0,4082,261
1048576,0,201,mixed,37.96099592000246,2,"[8232,8200]",8200,8216.0,8232,254,1048576,"[4331,174,45]",45,1516.6666666666667,4331,256
1048576,0,202,mixed,37.87800669670105,2,"[8233,8201]",8201,8217.0,8233,227,1048560,"[4566,190]",190,2378.0,4566,229
1048576,0,203,mixed,37.996191531419754,2,"[8234,8202]",8202,8218.0,8234,219,1048575,"[4790,193,48,21]",21,1263.0,4790,221
1048576,0,204,mixed,38.15810102969408,2,"[8235,8203]",8203,8219.0,8235,213,1048531,"[5004,195]",195,2599.5,5004,215
1048576,0,205,mixed,38.156984373927116,2,"[8236,8204]",8204,8220.0,8236,213,1048562,"[5209,203,50]",50,1820.6666666666667,5209,215
1048576,0,206,mixed,38.40792365372181,2,"[8237,8205]",8205,8221.0,8237,208,1048570,"[5406,216,53,22]",22,1424.25,5406,210
1048576,0,207,mixed,39.15171790868044,2,"[8238,8206]",8206,8222.0,8238,192,1048560,"[5596,230]",230,2913.0,5596,194
1048576,0,208,mixed,39.32376578450203,2,"[8239,8207]",8207,8223.0,8239,195,1048574,"[5780,238,55]",55,2024.3333333333333,5780,197
1048576,0,209,mixed,39.8593470454216,2,"[8240,8208]",8208,8224.0,8240,187,1048572,"[5958,253,57,24]",24,1573.0,5958,189
1048576,0,210,mixed,39.685508236289024,2,"[8241,8209]",8209,8225.0,8241,184,1048548,"[6131,263]",263,3197.0,6131,186
1048576,0,211,mixed,39.84254505485296,2,"[8242,8210]",8210,8226.0,8242,171,1048547,"[6299,279]",279,3289.0,6299,173
1048576,0,212,mixed,40.81658739596605,2,"[8243,8211]",8211,8227.0,8243,171,1048576,"[6463,286,60,25,10,4]",4,1141.3333333333333,6463,173
1048576,0,213,mixed,41.04523826390505,2,"[8244,8212]",8212,8228.0,8244,173,1048576,"[6623,291,62,26,11,6,2,0]",0,877.625,6623,175
1048576,0,214,mixed,41.25457536429167,2,"[8245,8213]",8213,8229.0,8245,178,1048573,"[6779,301,64,27,12]",12,1436.6,6779,180
1048576,0,215,mixed,41.281845420598984,2,"[8246,8214]",8214,8230.0,8246,164,1048562,"[6931,321,68]",68,2440.0,6931,166
1048576,0,216,mixed,40.99883884191513,2,"[8247,8215]",8215,8231.0,8247,158,1048509,"[7080,335]",335,3707.5,7080,160
1048576,0,217,mixed,41.265105828642845,2,"[8248,8216]",8216,8232.0,8248,161,1048576,"[7226,347,69]",69,2547.3333333333335,7226,163
1048576,0,218,mixed,41.51933081448078,2,"[8249,8217]",8217,8233.0,8249,159,1048560,"[7369,360]",360,3864.5,7369,161
1048576,0,219,mixed,41.39409586787224,2,"[8250,8218]",8218,8234.0,8250,145,1048514,"[7509,379]",379,3944.0,7509,147
1048576,0,220,mixed,41.26014839857817,2,"[8251,8219]",8219,8235.0,8251,157,1048575,"[7647,386,74,28]",28,2033.75,7647,159
1048576,0,221,mixed,42.051139287650585,2,"[8252,8220]",8220,8236.0,8252,146,1048575,"[7782,403,78]",78,2754.3333333333335,7782,148
1048576,0,222,mixed,42.70461108535528,2,"[8253,8221]",8221,8237.0,8253,144,1048576,"[7915,414,80,29,13,7,3,1]",1,1057.75,7915,146
1048576,0,223,mixed,42.8073788061738,2,"[8254,8222]",8222,8238.0,8254,138,1048576,"[8046,421,81,30,14,8]",8,1433.3333333333333,8046,140
1048576,0,224,mixed,47.70561587065458,1,[8223],8223,8223.0,8223,1022,1048576,"[8175,426,82,31,15,9]",9,1456.3333333333333,8175,1023
1048576,0,225,mixed,36.477163434028625,2,"[8224,8192]",8192,8208.0,8224,615,1048566,"[1413,97,32,16]",16,389.5,1413,617
1048576,0,226,mixed,36.3558167591691,2,"[8225,8193]",8193,8209.0,8225,484,1048576,"[2023,99,34]",34,718.6666666666666,2023,486
1048576,0,227,mixed,36.45807970315218,2,"[8226,8194]",8194,8210.0,8226,411,1048566,"[2487,117,36]",36,880.0,2487,413
1048576,0,228,mixed,36.58523038029671,2,"[8227,8195]",8195,8211.0,8227,362,1048562,"[2877,135]",135,1506.0,2877,364
1048576,0,229,mixed,36.7661751806736,2,"[8228,8196]",8196,8212.0,8228,326,1048575,"[3220,154,39,17]",17,857.5,3220,328
1048576,0,230,mixed,37.83043287694454,2,"[8229,8197]",8197,8213.0,8229,296,1048571,"[3530,167,40]",40,1245.6666666666667,3530,298
1048576,0,231,mixed,37.22204361110926,2,"[8230,8198]",8198,8214.0,8230,281,1048571,"[3815,177,41,19]",19,1013.0,3815,283
1048576,0,232,mixed,38.27843256294727,2,"[8231,8199]",8199,8215.0,8231,264,1048575,"[4080,189,44,20,10,4,2,0]",0,543.625,4080,266
1048576,0,233,mixed,38.47353905439377,2,"[8232,8200]",8200,8216.0,8232,252,1048530,"[4329,196]",196,2262.5,4329,254
1048576,0,234,mixed,37.79369778931141,2,"[8233,8201]",8201,8217.0,8233,232,1048567,"[4564,213,47,21]",21,1211.25,4564,234
1048576,0,235,mixed,37.988411262631416,2,"[8234,8202]",8202,8218.0,8234,219,1048566,"[4788,217,50]",50,1685.0,4788,221
1048576,0,236,mixed,38.28537743538618,2,"[8235,8203]",8203,8219.0,8235,214,1048559,"[5002,221]",221,2611.5,5002,216
1048576,0,237,mixed,38.39119803160429,2,"[8236,8204]",8204,8220.0,8236,215,1048569,"[5207,230,51,22]",22,1377.5,5207,217
1048576,0,238,mixed,38.46098855137825,2,"[8237,8205]",8205,8221.0,8237,208,1048574,"[5404,243,54,24]",24,1431.25,5404,210
1048576,0,239,mixed,38.86885941028595,2,"[8238,8206]",8206,8222.0,8238,197,1048575,"[5594,257,56,26,11]",11,1188.8,5594,199
1048576,0,240,mixed,39.4127806648612,2,"[8239,8207]",8207,8223.0,8239,194,1048569,"[5778,265,58]",58,2033.6666666666667,5778,196
1048576,0,241,mixed,39.73628859966993,2,"[8240,8208]",8208,8224.0,8240,188,1048568,"[5956,280,59,27]",27,1580.5,5956,190
1048576,0,242,mixed,39.803252555429935,2,"[8241,8209]",8209,8225.0,8241,188,1048576,"[6129,290,63,28,13]",13,1304.6,6129,190
1048576,0,243,mixed,39.9803901091218,2,"[8242,8210]",8210,8226.0,8242,174,1048566,"[6297,305,66,29]",29,1674.25,6297,176
1048576,0,244,mixed,39.96357787400484,2,"[8243,8211]",8211,8227.0,8243,166,1048533,"[6461,312]",312,3386.5,6461,168
1048576,0,245,mixed,40.19873961806297,2,"[8244,8212]",8212,8228.0,8244,169,1048567,"[6621,318,68]",68,2335.6666666666665,6621,171
1048576,0,246,mixed,40.596041828393936,2,"[8245,8213]",8213,8229.0,8245,173,1048574,"[6777,328,71]",71,2392.0,6777,175
1048576,0,247,mixed,40.484811179339886,2,"[8246,8214]",8214,8230.0,8246,163,1048573,"[6929,348]",348,3638.5,6929,165
1048576,0,248,mixed,40.70773255079985,2,"[8247,8215]",8215,8231.0,8247,158,1048541,"[7078,362]",362,3720.0,7078,160
1048576,0,249,mixed,41.061246767640114,2,"[8248,8216]",8216,8232.0,8248,161,1048566,"[7224,374,72,30]",30,1925.0,7224,163
1048576,0,250,mixed,44.3350188434124,2,"[8249,8217]",8217,8233.0,8249,161,1048573,"[7367,387,75,32]",32,1965.25,7367,163
1048576,0,251,mixed,42.06298105418682,2,"[8250,8218]",8218,8234.0,8250,148,1048567,"[7507,405,77,33]",33,2005.5,7507,150
1048576,0,252,mixed,41.882771998643875,2,"[8251,8219]",8219,8235.0,8251,154,1048571,"[7645,412,78]",78,2711.6666666666665,7645,156
1048576,0,253,mixed,41.7875275015831,2,"[8252,8220]",8220,8236.0,8252,148,1048574,"[7780,429,80,35,14,5]",5,1390.5,7780,150
1048576,0,254,mixed,42.38254111260176,2,"[8253,8221]",8221,8237.0,8253,142,1048575,"[7913,440,81,36,15]",15,1697.0,7913,144
1048576,0,255,mixed,41.79943446069956,2,"[8254,8222]",8222,8238.0,8254,137,1048566,"[8044,447,83]",83,2858.0,8044,139
1048576,0,256,mixed,47.92167991399765,1,[8223],8223,8223.0,8223,986,1048561,"[8173,452,86,37]",37,2187.0,8173,987
1048576,0,257,mixed,36.76033392548561,2,"[8224,8192]",8192,8208.0,8224,612,1048570,"[1410,93]",93,751.5,1410,614
1048576,0,258,mixed,36.55561339110136,2,"[8225,8193]",8193,8209.0,8225,472,1048571,"[2021,94,39,16]",16,542.5,2021,474
1048576,0,259,mixed,36.41255386173725,2,"[8226,8194]",8194,8210.0,8226,415,1048560,"[2486,98]",98,1292.0,2486,417
1048576,0,260,mixed,36.65643557906151,2,"[8227,8195]",8195,8211.0,8227,366,1048569,"[2876,123]",123,1499.5,2876,368
1048576,0,261,mixed,36.733646877110004,2,"[8228,8196]",8196,8212.0,8228,326,1048567,"[3219,146]",146,1682.5,3219,328
1048576,0,262,mixed,37.4938752502203,2,"[8229,8197]",8197,8213.0,8229,297,1048542,"[3529,162]",162,1845.5,3529,299
1048576,0,263,mixed,37.202853709459305,2,"[8230,8198]",8198,8214.0,8230,282,1048576,"[3814,174,40,18]",18,1011.5,3814,284
1048576,0,264,mixed,38.05074002593756,2,"[8231,8199]",8199,8215.0,8231,259,1048575,"[4079,188,41]",41,1436.0,4079,261
1048576,0,265,mixed,37.884353660047054,2,"[8232,8200]",8200,8216.0,8232,254,1048570,"[4328,197,42]",42,1522.3333333333333,4328,256
1048576,0,266,mixed,37.797845900058746,2,"[8233,8201]",8201,8217.0,8233,235,1048573,"[4563,215,43,20,6]",6,969.4,4563,237
1048576,0,267,mixed,38.023509085178375,2,"[8234,8202]",8202,8218.0,8234,219,1048538,"[4787,220]",220,2503.5,4787,221
1048576,0,268,mixed,38.33221923559904,2,"[8235,8203]",8203,8219.0,8235,220,1048575,"[5001,225,46,21,8]",8,1060.2,5001,222
1048576,0,269,mixed,38.51062059402466,2,"[8236,8204]",8204,8220.0,8236,213,1048567,"[5206,234,49]",49,1829.6666666666667,5206,215
1048576,0,270,mixed,38.88969402760267,2,"[8237,8205]",8205,8221.0,8237,205,1048555,"[5403,248]",248,2825.5,5403,207
1048576,0,271,mixed,39.08201400190592,2,"[8238,8206]",8206,8222.0,8238,193,1048544,"[5593,263]",263,2928.0,5593,195
1048576,0,272,mixed,39.48869928717613,2,"[8239,8207]",8207,8223.0,8239,197,1048576,"[5777,272,51,22,10]",10,1226.4,5777,199
1048576,0,273,mixed,40.35715851932764,2,"[8240,8208]",8208,8224.0,8240,186,1048567,"[5955,287,53,23]",23,1579.5,5955,188
1048576,0,274,mixed,39.98922649770975,2,"[8241,8209]",8209,8225.0,8241,188,1048575,"[6128,298,54]",54,2160.0,6128,190
1048576,0,275,mixed,40.18836468458176,2,"[8242,8210]",8210,8226.0,8242,177,1048576,"[6296,313,59,24,11]",11,1340.6,6296,179
1048576,0,276,mixed,40.619186125695705,2,"[8243,8211]",8211,8227.0,8243,169,1048576,"[6460,320,63,25]",25,1717.0,6460,171
1048576,0,277,mixed,40.80014303326607,2,"[8244,8212]",8212,8228.0,8244,170,1048551,"[6620,326,65]",65,2337.0,6620,172
1048576,0,278,mixed,41.22602008283138,2,"[8245,8213]",8213,8229.0,8245,153,1048509,[6776],6776,6776.0,6776,155
1048576,0,279,mixed,40.802810341119766,2,"[8246,8214]",8214,8230.0,8246,166,1048573,"[6929,336,69,26]",26,1840.0,6929,168
1048576,0,280,mixed,41.19217675179243,2,"[8247,8215]",8215,8231.0,8247,161,1048570,"[7078,350,71,27]",27,1881.5,7078,163
1048576,0,281,mixed,41.269089095294476,2,"[8248,8216]",8216,8232.0,8248,158,1048575,"[7224,362,73]",73,2553.0,7224,160
1048576,0,282,mixed,41.26143269240856,2,"[8249,8217]",8217,8233.0,8249,163,1048574,"[7367,376,74]",74,2605.6666666666665,7367,165
1048576,0,283,mixed,41.37639328837395,2,"[8250,8218]",8218,8234.0,8250,150,1048576,"[7507,394,79,28,12]",12,1604.0,7507,152
1048576,0,284,mixed,41.83223843574524,2,"[8251,8219]",8219,8235.0,8251,156,1048559,"[7645,401,81]",81,2709.0,7645,158
1048576,0,285,mixed,42.466011829674244,2,"[8252,8220]",8220,8236.0,8252,147,1048576,"[7780,418,85]",85,2761.0,7780,149
1048576,0,286,mixed,42.10891015827656,2,"[8253,8221]",8221,8237.0,8253,141,1048550,"[7913,429,88]",88,2810.0,7913,143
1048576,0,287,mixed,42.337807826697826,2,"[8254,8222]",8222,8238.0,8254,138,1048566,"[8044,436,91,30]",30,2150.25,8044,140
1048576,0,288,mixed,47.628408297896385,1,[8223],8223,8223.0,8223,985,1048544,"[8173,441]",441,4307.0,8173,986
1048576,0,289,mixed,36.73087153583765,2,"[8224,8192]",8192,8208.0,8224,631,1048571,"[1407,94,31]",31,510.6666666666667,1407,633
1048576,0,290,mixed,36.69140487909317,2,"[8225,8193]",8193,8209.0,8225,485,1048574,"[2018,112,33,13,3,1]",1,363.3333333333333,2018,487
1048576,0,291,mixed,36.46628372371197,2,"[8226,8194]",8194,8210.0,8226,400,1048576,"[2483,127,34]",34,881.3333333333334,2483,402
1048576,0,292,mixed,36.332206800580025,2,"[8227,8195]",8195,8211.0,8227,348,1048546,"[2874,135]",135,1504.5,2874,350
1048576,0,293,mixed,36.64149157702923,2,"[8228,8196]",8196,8212.0,8228,331,1048569,"[3218,139,35]",35,1130.6666666666667,3218,333
1048576,0,294,mixed,37.30032779276371,2,"[8229,8197]",8197,8213.0,8229,299,1048538,"[3528,157]",157,1842.5,3528,301
1048576,0,295,mixed,37.34214045107365,2,"[8230,8198]",8198,8214.0,8230,281,1048562,"[3813,171]",171,1992.0,3813,283
1048576,0,296,mixed,38.37084863334894,2,"[8231,8199]",8199,8215.0,8231,264,1048575,"[4078,187,38,14,5,2]",2,720.6666666666666,4078,266
1048576,0,297,mixed,38.9992780983448,2,"[8232,8200]",8200,8216.0,8232,258,1048576,"[4327,197,40,15,6,3]",3,764.6666666666666,4327,260
1048576,0,298,mixed,37.75217570364475,2,"[8233,8201]",8201,8217.0,8233,235,1048569,"[4562,216,41,16]",16,1208.75,4562,237
1048576,0,299,mixed,37.96111233532429,2,"[8234,8202]",8202,8218.0,8234,220,1048562,"[4786,222]",222,2504.0,4786,222
1048576,0,300,mixed,39.68028165400028,2,"[8235,8203]",8203,8219.0,8235,220,1048573,"[5000,228,44,18,7,4]",4,883.5,5000,222
1048576,0,301,mixed,38.545542396605015,2,"[8236,8204]",8204,8220.0,8236,216,1048570,"[5205,238,46]",46,1829.6666666666667,5205,218
1048576,0,302,mixed,38.870627991855145,2,"[8237,8205]",8205,8221.0,8237,209,1048571,"[5402,252,51,19]",19,1431.0,5402,211
1048576,0,303,mixed,39.093769155442715,2,"[8238,8206]",8206,8222.0,8238,196,1048561,"[5592,267,53]",53,1970.6666666666667,5592,198
1048576,0,304,mixed,39.28074799478054,2,"[8239,8207]",8207,8223.0,8239,198,1048575,"[5776,276,56,21]",21,1532.25,5776,200
1048576,0,305,mixed,39.86486606299877,2,"[8240,8208]",8208,8224.0,8240,188,1048569,"[5954,291,60,22]",22,1581.75,5954,190
1048576,0,306,mixed,40.02798534929752,2,"[8241,8209]",8209,8225.0,8241,185,1048564,"[6127,302,63]",63,2164.0,6127,187
1048576,0,307,mixed,40.39520584046841,2,"[8242,8210]",8210,8226.0,8242,173,1048555,"[6295,318,64]",64,2225.6666666666665,6295,175
1048576,0,308,mixed,40.672698989510536,2,"[8243,8211]",8211,8227.0,8243,170,1048567,"[6459,326,65]",65,2283.3333333333335,6459,172
1048576,0,309,mixed,40.66202789545059,2,"[8244,8212]",8212,8228.0,8244,167,1048528,"[6619,332]",332,3475.5,6619,169
1048576,0,310,mixed,41.10944829881191,2,"[8245,8213]",8213,8229.0,8245,153,1048356,[6775],6775,6775.0,6775,155
1048576,0,311,mixed,40.828571654856205,2,"[8246,8214]",8214,8230.0,8246,166,1048567,"[6928,343,69]",69,2446.6666666666665,6928,168
1048576,0,312,mixed,40.98310228437185,2,"[8247,8215]",8215,8231.0,8247,161,1048557,"[7077,357,72]",72,2502.0,7077,163
1048576,0,313,mixed,41.301390156149864,2,"[8248,8216]",8216,8232.0,8248,161,1048575,"[7223,369,75,23,8]",8,1539.6,7223,163
1048576,0,314,mixed,41.344501078128815,2,"[8249,8217]",8217,8233.0,8249,163,1048570,"[7366,383,76]",76,2608.3333333333335,7366,165
1048576,0,315,mixed,41.09942354261875,2,"[8250,8218]",8218,8234.0,8250,152,1048571,"[7506,401,81,24,10,5]",5,1337.8333333333333,7506,154
1048576,0,316,mixed,41.548834182322025,2,"[8251,8219]",8219,8235.0,8251,156,1048555,"[7644,408,84]",84,2712.0,7644,158
1048576,0,317,mixed,41.737060993909836,2,"[8252,8220]",8220,8236.0,8252,150,1048575,"[7779,425,88,26,11,6]",6,1389.1666666666667,7779,152
1048576,0,318,mixed,42.1055955812335,2,"[8253,8221]",8221,8237.0,8253,142,1048572,"[7912,436,91]",91,2813.0,7912,144
1048576,0,319,mixed,41.737150400877,2,"[8254,8222]",8222,8238.0,8254,138,1048552,"[8043,443,95]",95,2860.3333333333335,8043,140
1048576,0,320,mixed,47.32139967381954,1,[8223],8223,8223.0,8223,984,1048574,"[8172,448,99,27,12]",12,1751.6,8172,985
1048576,0,321,mixed,35.495747812092304,2,"[8224,8192]",8192,8208.0,8224,616,1048548,"[1403,104]",104,753.5,1403,618
1048576,0,322,mixed,35.85044853389263,2,"[8225,8193]",8193,8209.0,8225,472,1048576,"[2016,107,29,14]",14,541.5,2016,474
1048576,0,323,mixed,35.58169398456812,2,"[8226,8194]",8194,8210.0,8226,407,1048574,"[2482,109,31,16,7]",7,529.0,2482,409
1048576,0,324,mixed,36.059499718248844,2,"[8227,8195]",8195,8211.0,8227,352,1048561,"[2873,121,33]",33,1009.0,2873,354
1048576,0,325,mixed,36.68348491191864,2,"[8228,8196]",8196,8212.0,8228,332,1048544,"[3217,128]",128,1672.5,3217,334
1048576,0,326,mixed,37.26273775100708,2,"[8229,8197]",8197,8213.0,8229,304,1048575,"[3527,150,34,17]",17,932.0,3527,306
1048576,0,327,mixed,38.11492770910263,2,"[8230,8198]",8198,8214.0,8230,287,1048573,"[3812,166,36,18]",18,1008.0,3812,289
1048576,0,328,mixed,37.78071980923414,2,"[8231,8199]",8199,8215.0,8231,261,1048572,"[4077,183]",183,2130.0,4077,263
1048576,0,329,mixed,38.171145133674145,2,"[8232,8200]",8200,8216.0,8232,258,1048576,"[4326,195,40]",40,1520.3333333333333,4326,260
1048576,0,330,mixed,37.78793755918741,2,"[8233,8201]",8201,8217.0,8233,236,1048573,"[4561,215,43,19]",19,1209.5,4561,238
1048576,0,331,mixed,37.98920940607786,2,"[8234,8202]",8202,8218.0,8234,226,1048573,"[4785,222,46,21,8]",8,1016.4,4785,228
1048576,0,332,mixed,38.26205898076296,2,"[8235,8203]",8203,8219.0,8235,219,1048568,"[4999,228,50,22,9]",9,1061.6,4999,221
1048576,0,333,mixed,38.546993397176266,2,"[8236,8204]",8204,8220.0,8236,215,1048555,"[5204,239,51]",51,1831.3333333333333,5204,217
1048576,0,334,mixed,38.75530790537596,2,"[8237,8205]",8205,8221.0,8237,206,1048535,"[5401,254]",254,2827.5,5401,208
1048576,0,335,mixed,38.91587723046541,2,"[8238,8206]",8206,8222.0,8238,195,1048574,"[5591,270,54]",54,1971.6666666666667,5591,197
1048576,0,336,mixed,38.89382816851139,2,"[8239,8207]",8207,8223.0,8239,195,1048553,"[5775,280,55]",55,2036.6666666666667,5775,197
1048576,0,337,mixed,39.26994651556015,2,"[8240,8208]",8208,8224.0,8240,185,1048550,"[5953,296]",296,3124.5,5953,187
1048576,0,338,mixed,40.10885301977396,2,"[8241,8209]",8209,8225.0,8241,187,1048567,"[6126,308,56,23]",23,1628.25,6126,189
1048576,0,339,mixed,40.73404520750046,2,"[8242,8210]",8210,8226.0,8242,175,1048554,"[6294,324,58]",58,2225.3333333333335,6294,177
1048576,0,340,mixed,40.37511441856623,2,"[8243,8211]",8211,8227.0,8243,168,1048574,"[6458,332,61]",61,2283.6666666666665,6458,170
1048576,0,341,mixed,40.13490956276655,2,"[8244,8212]",8212,8228.0,8244,169,1048576,"[6618,339,62]",62,2339.6666666666665,6618,171
1048576,0,342,mixed,40.436508134007454,2,"[8245,8213]",8213,8229.0,8245,154,1048554,"[6774,350]",350,3562.0,6774,156
1048576,0,343,mixed,40.37236329168081,2,"[8246,8214]",8214,8230.0,8246,168,1048566,"[6927,351,64,24]",24,1841.5,6927,170
1048576,0,344,mixed,40.60689266771078,2,"[8247,8215]",8215,8231.0,8247,162,1048563,"[7076,365,67]",67,2502.6666666666665,7076,164
1048576,0,345,mixed,40.8199904486537,2,"[8248,8216]",8216,8232.0,8248,159,1048570,"[7222,377,71]",71,2556.6666666666665,7222,161
1048576,0,346,mixed,40.431659668684006,2,"[8249,8217]",8217,8233.0,8249,141,1048476,[7365],7365,7365.0,7365,143
1048576,0,347,mixed,40.854896418750286,2,"[8250,8218]",8218,8234.0,8250,150,1048564,"[7506,391,73]",73,2656.6666666666665,7506,152
1048576,0,348,mixed,41.37047752737999,2,"[8251,8219]",8219,8235.0,8251,156,1048572,"[7644,398,78,26,10]",10,1631.2,7644,158
1048576,0,349,mixed,41.4566146209836,2,"[8252,8220]",8220,8236.0,8252,149,1048570,"[7779,416,79]",79,2758.0,7779,151
1048576,0,350,mixed,41.3534352555871,2,"[8253,8221]",8221,8237.0,8253,139,1048570,"[7912,427]",427,4169.5,7912,141
1048576,0,351,mixed,41.372690349817276,2,"[8254,8222]",8222,8238.0,8254,135,1048563,"[8043,435]",435,4239.0,8043,137
1048576,0,352,mixed,47.636023722589016,1,[8223],8223,8223.0,8223,984,1048576,"[8172,441,84,27]",27,2181.0,8172,985
1048576,0,353,mixed,36.75139229744673,2,"[8224,8192]",8192,8208.0,8224,631,1048573,"[1401,87,28,11]",11,381.75,1401,633
1048576,0,354,mixed,36.18527762591839,2,"[8225,8193]",8193,8209.0,8225,478,1048564,"[2014,103,29]",29,715.3333333333334,2014,480
1048576,0,355,mixed,36.33071109652519,2,"[8226,8194]",8194,8210.0,8226,410,1048570,"[2480,114,30]",30,874.6666666666666,2480,412
1048576,0,356,mixed,37.3235484585166,2,"[8227,8195]",8195,8211.0,8227,359,1048574,"[2871,132,31,12]",12,761.5,2871,361
1048576,0,357,mixed,36.98023967444897,2,"[8228,8196]",8196,8212.0,8228,314,1048574,"[3215,143,33,14]",14,851.25,3215,316
1048576,0,358,mixed,37.972189486026764,2,"[8229,8197]",8197,8213.0,8229,307,1048574,"[3526,144,34]",34,1234.6666666666667,3526,309
1048576,0,359,mixed,38.17662503570318,2,"[8230,8198]",8198,8214.0,8230,288,1048564,"[3811,162,38,15]",15,1006.5,3811,290
1048576,0,360,mixed,37.72279992699623,2,"[8231,8199]",8199,8215.0,8231,265,1048570,"[4076,181,41,16]",16,1078.5,4076,267
1048576,0,361,mixed,38.228895515203476,2,"[8232,8200]",8200,8216.0,8232,260,1048561,"[4325,194,42,18]",18,1144.75,4325,262
1048576,0,362,mixed,37.68825903534889,2,"[8233,8201]",8201,8217.0,8233,236,1048557,"[4560,215,45,19]",19,1209.75,4560,238
1048576,0,363,mixed,38.030742667615414,2,"[8234,8202]",8202,8218.0,8234,225,1048572,"[4784,223,48]",48,1685.0,4784,227
1048576,0,364,mixed,38.276683539152145,2,"[8235,8203]",8203,8219.0,8235,217,1048543,"[4998,230]",230,2614.0,4998,219
1048576,0,365,mixed,38.52277994155884,2,"[8236,8204]",8204,8220.0,8236,215,1048576,"[5203,242,52,20]",20,1379.25,5203,217
1048576,0,366,mixed,38.877894170582294,2,"[8237,8205]",8205,8221.0,8237,209,1048574,"[5400,258,53]",53,1903.6666666666667,5400,211
1048576,0,367,mixed,38.946413435041904,2,"[8238,8206]",8206,8222.0,8238,198,1048571,"[5590,274,56,21]",21,1485.25,5590,200
1048576,0,368,mixed,39.20545056462288,2,"[8239,8207]",8207,8223.0,8239,197,1048566,"[5774,284,59]",59,2039.0,5774,199
1048576,0,369,mixed,39.55208323895931,2,"[8240,8208]",8208,8224.0,8240,188,1048575,"[5952,300,62,22]",22,1584.0,5952,190
1048576,0,370,mixed,39.82898499816656,2,"[8241,8209]",8209,8225.0,8241,189,1048571,"[6125,312,64,23]",23,1631.0,6125,191
1048576,0,371,mixed,40.774707682430744,2,"[8242,8210]",8210,8226.0,8242,178,1048573,"[6293,328,67,25]",25,1678.25,6293,180
1048576,0,372,mixed,40.47811031341553,2,"[8243,8211]",8211,8227.0,8243,170,1048553,"[6457,336,71,27]",27,1722.75,6457,172
1048576,0,373,mixed,40.58932140469551,2,"[8244,8212]",8212,8228.0,8244,170,1048562,"[6617,343,73]",73,2344.3333333333335,6617,172
1048576,0,374,mixed,40.45707546174526,2,"[8245,8213]",8213,8229.0,8245,156,1048560,"[6773,354,76]",76,2401.0,6773,158
1048576,0,375,mixed,40.818783454596996,2,"[8246,8214]",8214,8230.0,8246,168,1048575,"[6926,355,78,28]",28,1846.75,6926,170
1048576,0,376,mixed,40.6800601631403,2,"[8247,8215]",8215,8231.0,8247,159,1048569,"[7075,369]",369,3722.0,7075,161
1048576,0,377,mixed,40.74442479759455,2,"[8248,8216]",8216,8232.0,8248,160,1048549,"[7221,382,82,29]",29,1928.5,7221,162
1048576,0,378,mixed,40.4586773365736,2,"[8249,8217]",8217,8233.0,8249,141,1048335,[7364],7364,7364.0,7364,143
1048576,0,379,mixed,40.98207037895918,2,"[8250,8218]",8218,8234.0,8250,147,1048570,"[7505,396,84]",84,2661.6666666666665,7505,149
1048576,0,380,mixed,41.258745826780796,2,"[8251,8219]",8219,8235.0,8251,155,1048545,"[7643,404,85,30]",30,2040.5,7643,157
1048576,0,381,mixed,41.35906416922808,2,"[8252,8220]",8220,8236.0,8252,145,1048527,"[7778,422]",422,4100.0,7778,147
1048576,0,382,mixed,41.2429952993989,2,"[8253,8221]",8221,8237.0,8253,139,1048495,"[7911,434]",434,4172.5,7911,141
1048576,0,383,mixed,42.47095063328743,2,"[8254,8222]",8222,8238.0,8254,136,1048563,"[8042,442,86]",86,2856.6666666666665,8042,138
1048576,0,384,mixed,47.447677701711655,1,[8223],8223,8223.0,8223,980,1048546,"[8171,448,87,31]",31,2184.25,8171,981
1048576,0,385,mixed,35.5514632537961,2,"[8224,8192]",8192,8208.0,8224,615,1048575,[1397],1397,1397.0,1397,617
1048576,0,386,mixed,35.2485915645957,2,"[8225,8193]",8193,8209.0,8225,487,1048547,"[2012,95,33]",33,713.3333333333334,2012,489
1048576,0,387,mixed,35.268981009721756,2,"[8226,8194]",8194,8210.0,8226,394,1048555,"[2478,115,34]",34,875.6666666666666,2478,396
1048576,0,388,mixed,36.225744523108006,2,"[8227,8195]",8195,8211.0,8227,361,1048553,"[2870,116,35]",35,1007.0,2870,363
1048576,0,389,mixed,36.77931986749172,2,"[8228,8196]",8196,8212.0,8228,316,1048546,"[3214,131,37]",37,1127.3333333333333,3214,318
1048576,0,390,mixed,36.96954343467951,2,"[8229,8197]",8197,8213.0,8229,309,1048548,"[3525,134,39]",39,1232.6666666666667,3525,311
1048576,0,391,mixed,38.421984761953354,2,"[8230,8198]",8198,8214.0,8230,287,1048558,"[3810,155]",155,1982.5,3810,289
1048576,0,392,mixed,37.91726008057594,2,"[8231,8199]",8199,8215.0,8231,264,1048575,"[4075,177]",177,2126.0,4075,266
1048576,0,393,mixed,37.35335823148489,2,"[8232,8200]",8200,8216.0,8232,236,1048430,[4324],4324,4324.0,4324,238
1048576,0,394,mixed,37.6787269487977,2,"[8233,8201]",8201,8217.0,8233,236,1048545,"[4560,192,42]",42,1598.0,4560,238
1048576,0,395,mixed,37.926942110061646,2,"[8234,8202]",8202,8218.0,8234,225,1048566,"[4784,201,45]",45,1676.6666666666667,4784,227
1048576,0,396,mixed,38.280969485640526,2,"[8235,8203]",8203,8219.0,8235,219,1048562,"[4998,209,48]",48,1751.6666666666667,4998,221
1048576,0,397,mixed,38.481174036860466,2,"[8236,8204]",8204,8220.0,8236,217,1048574,"[5203,222,49]",49,1824.6666666666667,5203,219
1048576,0,398,mixed,38.78149576485157,2,"[8237,8205]",8205,8221.0,8237,210,1048523,"[5400,239,52]",52,1897.0,5400,212
1048576,0,399,mixed,39.04913458973169,2,"[8238,8206]",8206,8222.0,8238,197,1048575,"[5590,256,55]",55,1967.0,5590,199
1048576,0,400,mixed,39.2482727766037,2,"[8239,8207]",8207,8223.0,8239,198,1048572,"[5774,267,57]",57,2032.6666666666667,5774,200
1048576,0,401,mixed,40.17828684300184,2,"[8240,8208]",8208,8224.0,8240,186,1048530,"[5952,284]",284,3118.0,5952,188
1048576,0,402,mixed,39.68478087335825,2,"[8241,8209]",8209,8225.0,8241,187,1048521,"[6125,297,60]",60,2160.6666666666665,6125,189
1048576,0,403,mixed,39.87305238842964,2,"[8242,8210]",8210,8226.0,8242,174,1048516,"[6293,314,62]",62,2223.0,6293,176
1048576,0,404,mixed,40.40422756224871,2,"[8243,8211]",8211,8227.0,8243,171,1048551,"[6457,323,63]",63,2281.0,6457,173
1048576,0,405,mixed,40.60726519674063,2,"[8244,8212]",8212,8228.0,8244,168,1048536,"[6617,330]",330,3473.5,6617,170
1048576,0,406,mixed,40.84527213126421,2,"[8245,8213]",8213,8229.0,8245,156,1048530,"[6773,342,67]",67,2394.0,6773,158
1048576,0,407,mixed,40.7519843429327,2,"[8246,8214]",8214,8230.0,8246,166,1048555,"[6926,343,69]",69,2446.0,6926,168
1048576,0,408,mixed,40.783665142953396,2,"[8247,8215]",8215,8231.0,8247,161,1048571,"[7075,358,71]",71,2501.3333333333335,7075,163
1048576,0,409,mixed,41.13940987735987,2,"[8248,8216]",8216,8232.0,8248,161,1048500,"[7221,371,73]",73,2555.0,7221,163
1048576,0,410,mixed,40.82848224788904,2,"[8249,8217]",8217,8233.0,8249,141,1048335,[7364],7364,7364.0,7364,143
1048576,0,411,mixed,41.28193948417902,2,"[8250,8218]",8218,8234.0,8250,148,1048554,"[7505,385,77]",77,2655.6666666666665,7505,150
1048576,0,412,mixed,41.409557685256004,2,"[8251,8219]",8219,8235.0,8251,157,1048556,"[7643,393,79]",79,2705.0,7643,159
1048576,0,413,mixed,41.6607977822423,2,"[8252,8220]",8220,8236.0,8252,147,1048564,"[7778,411,83]",83,2757.3333333333335,7778,149
1048576,0,414,mixed,41.132284328341484,2,"[8253,8221]",8221,8237.0,8253,140,1048493,"[7911,423,85]",85,2806.3333333333335,7911,142
1048576,0,415,mixed,42.05177631229162,2,"[8254,8222]",8222,8238.0,8254,136,1048497,"[8042,431,86]",86,2853.0,8042,138
1048576,0,416,mixed,47.113352455198765,1,[8223],8223,8223.0,8223,979,1048522,"[8171,437,87]",87,2898.3333333333335,8171,980
1048576,0,417,mixed,35.71424353867769,2,"[8224,8192]",8192,8208.0,8224,633,1048485,"[1394,88]",88,741.0,1394,635
1048576,0,418,mixed,34.98197253793478,2,"[8225,8193]",8193,8209.0,8225,476,1048480,"[2009,106]",106,1057.5,2009,478
1048576,0,419,mixed,35.60361824929714,2,"[8226,8194]",8194,8210.0,8226,400,1048576,"[2476,115]",115,1295.5,2476,402
1048576,0,420,mixed,35.606072284281254,2,"[8227,8195]",8195,8211.0,8227,363,1048459,"[2868,123]",123,1495.5,2868,365
1048576,0,421,mixed,36.83100175112486,2,"[8228,8196]",8196,8212.0,8228,318,1048470,"[3212,142]",142,1677.0,3212,320
1048576,0,422,mixed,37.373293191194534,2,"[8229,8197]",8197,8213.0,8229,308,1048513,"[3523,149]",149,1836.0,3523,310
1048576,0,423,mixed,37.844086065888405,2,"[8230,8198]",8198,8214.0,8230,266,1048439,[3808],3808,3808.0,3808,268
1048576,0,424,mixed,37.58359048515558,2,"[8231,8199]",8199,8215.0,8231,265,1048439,"[4074,172]",172,2123.0,4074,267
1048576,0,425,mixed,37.33563143759966,2,"[8232,8200]",8200,8216.0,8232,238,1048573,"[4323,188]",188,2255.5,4323,240
1048576,0,426,mixed,37.665327079594135,2,"[8233,8201]",8201,8217.0,8233,235,1048572,"[4559,190]",190,2374.5,4559,237
1048576,0,427,mixed,37.98406105488539,2,"[8234,8202]",8202,8218.0,8234,223,1048421,"[4783,201]",201,2492.0,4783,225
1048576,0,428,mixed,38.19974418729544,2,"[8235,8203]",8203,8219.0,8235,219,1048545,"[4997,210]",210,2603.5,4997,221
1048576,0,429,mixed,38.503571413457394,2,"[8236,8204]",8204,8220.0,8236,215,1048500,"[5202,224]",224,2713.0,5202,217
1048576,0,430,mixed,38.78021705895662,2,"[8237,8205]",8205,8221.0,8237,208,1048482,"[5399,242]",242,2820.5,5399,210
1048576,0,431,mixed,38.93214091658592,2,"[8238,8206]",8206,8222.0,8238,195,1048322,"[5589,260]",260,2924.5,5589,197
1048576,0,432,mixed,39.18657451868057,2,"[8239,8207]",8207,8223.0,8239,196,1048574,"[5773,271]",271,3022.0,5773,198
1048576,0,433,mixed,40.28181079775095,2,"[8240,8208]",8208,8224.0,8240,186,1048422,"[5951,289]",289,3120.0,5951,188
1048576,0,434,mixed,40.04188999533653,2,"[8241,8209]",8209,8225.0,8241,185,1048315,"[6124,302]",302,3213.0,6124,187
1048576,0,435,mixed,40.2939273044467,2,"[8242,8210]",8210,8226.0,8242,173,1048334,"[6292,319]",319,3305.5,6292,175
1048576,0,436,mixed,40.43001867830753,2,"[8243,8211]",8211,8227.0,8243,168,1048500,"[6456,328]",328,3392.0,6456,170
1048576,0,437,mixed,40.211889892816544,2,"[8244,8212]",8212,8228.0,8244,168,1048452,"[6616,336]",336,3476.0,6616,170
1048576,0,438,mixed,40.27407895773649,2,"[8245,8213]",8213,8229.0,8245,154,1048246,"[6772,348]",348,3560.0,6772,156
1048576,0,439,mixed,41.29674285650253,2,"[8246,8214]",8214,8230.0,8246,164,1048355,"[6925,349]",349,3637.0,6925,166
1048576,0,440,mixed,41.38954449445009,2,"[8247,8215]",8215,8231.0,8247,159,1048358,"[7074,364]",364,3719.0,7074,161
1048576,0,441,mixed,41.4931857958436,2,"[8248,8216]",8216,8232.0,8248,158,1048531,"[7220,377]",377,3798.5,7220,160
1048576,0,442,mixed,40.748775005340576,2,"[8249,8217]",8217,8233.0,8249,141,1048194,[7363],7363,7363.0,7363,143
1048576,0,443,mixed,41.2133876234293,2,"[8250,8218]",8218,8234.0,8250,146,1048315,"[7504,392]",392,3948.0,7504,148
1048576,0,444,mixed,41.85610171407461,2,"[8251,8219]",8219,8235.0,8251,153,1048221,"[7642,400]",400,4021.0,7642,155
1048576,0,445,mixed,41.34253226220608,2,"[8252,8220]",8220,8236.0,8252,145,1048346,"[7777,418]",418,4097.5,7777,147
1048576,0,446,mixed,41.279456578195095,2,"[8253,8221]",8221,8237.0,8253,139,1048332,"[7910,430]",430,4170.0,7910,141
1048576,0,447,mixed,41.1535669118166,2,"[8254,8222]",8222,8238.0,8254,135,1048323,"[8041,438]",438,4239.5,8041,137
1048576,0,448,mixed,46.859681606292725,1,[8223],8223,8223.0,8223,968,1047948,"[8170,444]",444,4307.0,8170,969
1048576,0,449,mixed,35.45738477259874,2,"[8224,8192]",8192,8208.0,8224,617,1048283,[1390],1390,1390.0,1390,619
1048576,0,450,mixed,34.96903367340565,2,"[8225,8193]",8193,8209.0,8225,467,1046547,[2007],2007,2007.0,2007,469
1048576,0,451,mixed,35.31695809215307,2,"[8226,8194]",8194,8210.0,8226,392,1046836,[2474],2474,2474.0,2474,394
1048576,0,452,mixed,36.165797151625156,2,"[8227,8195]",8195,8211.0,8227,345,1048455,[2866],2866,2866.0,2866,347
1048576,0,453,mixed,36.65573708713055,2,"[8228,8196]",8196,8212.0,8228,311,1047137,[3211],3211,3211.0,3211,313
1048576,0,454,mixed,37.63783723115921,2,"[8229,8197]",8197,8213.0,8229,286,1048333,[3522],3522,3522.0,3522,288
1048576,0,455,mixed,38.050499744713306,2,"[8230,8198]",8198,8214.0,8230,266,1048439,[3808],3808,3808.0,3808,268
1048576,0,456,mixed,37.505799904465675,2,"[8231,8199]",8199,8215.0,8231,249,1045551,[4074],4074,4074.0,4074,251
1048576,0,457,mixed,37.32038661837578,2,"[8232,8200]",8200,8216.0,8232,236,1048194,[4323],4323,4323.0,4323,238
1048576,0,458,mixed,37.52872999757528,2,"[8233,8201]",8201,8217.0,8233,224,1046416,[4559],4559,4559.0,4559,226
1048576,0,459,mixed,37.84432541579008,2,"[8234,8202]",8202,8218.0,8234,214,1046567,[4783],4783,4783.0,4783,216
1048576,0,460,mixed,38.26394863426685,2,"[8235,8203]",8203,8219.0,8235,205,1045500,[4997],4997,4997.0,4997,207
1048576,0,461,mixed,38.43998722732067,2,"[8236,8204]",8204,8220.0,8236,197,1044297,[5202],5202,5202.0,5202,199
1048576,0,462,mixed,38.668530993163586,2,"[8237,8205]",8205,8221.0,8237,190,1043955,[5399],5399,5399.0,5399,192
1048576,0,463,mixed,38.88416849076748,2,"[8238,8206]",8206,8222.0,8238,184,1045396,[5589],5589,5589.0,5589,186
1048576,0,464,mixed,39.29473739117384,2,"[8239,8207]",8207,8223.0,8239,178,1043525,[5773],5773,5773.0,5773,180
1048576,0,465,mixed,39.6175654605031,2,"[8240,8208]",8208,8224.0,8240,173,1044574,[5951],5951,5951.0,5951,175
1048576,0,466,mixed,39.86379783600569,2,"[8241,8209]",8209,8225.0,8241,168,1043028,[6124],6124,6124.0,6124,170
1048576,0,467,mixed,40.3988491743803,2,"[8242,8210]",8210,8226.0,8242,164,1045418,[6292],6292,6292.0,6292,166
1048576,0,468,mixed,39.76226504892111,2,"[8243,8211]",8211,8227.0,8243,160,1045840,[6456],6456,6456.0,6456,162
1048576,0,469,mixed,40.12265894562006,2,"[8244,8212]",8212,8228.0,8244,156,1044342,[6616],6616,6616.0,6616,158
1048576,0,470,mixed,40.82925245165825,2,"[8245,8213]",8213,8229.0,8245,153,1047897,[6772],6772,6772.0,6772,155
1048576,0,471,mixed,40.37875682115555,2,"[8246,8214]",8214,8230.0,8246,149,1043000,[6925],6925,6925.0,6925,151
1048576,0,472,mixed,40.510437451303005,2,"[8247,8215]",8215,8231.0,8247,146,1043535,[7074],7074,7074.0,7074,148
1048576,0,473,mixed,40.83771072328091,2,"[8248,8216]",8216,8232.0,8248,143,1042756,[7220],7220,7220.0,7220,145
1048576,0,474,mixed,40.32432194799185,2,"[8249,8217]",8217,8233.0,8249,141,1048194,[7363],7363,7363.0,7363,143
1048576,0,475,mixed,41.11005086451769,2,"[8250,8218]",8218,8234.0,8250,138,1045143,[7504],7504,7504.0,7504,140
1048576,0,476,mixed,40.85348732769489,2,"[8251,8219]",8219,8235.0,8251,135,1040850,[7642],7642,7642.0,7642,137
1048576,0,477,mixed,41.07650462538004,2,"[8252,8220]",8220,8236.0,8252,133,1043252,[7777],7777,7777.0,7777,135
1048576,0,478,mixed,41.86731576919556,2,"[8253,8221]",8221,8237.0,8253,131,1044856,[7910],7910,7910.0,7910,133
1048576,0,479,mixed,41.40942357480526,2,"[8254,8222]",8222,8238.0,8254,129,1045674,[8041],8041,8041.0,8041,131
1048576,0,480,mixed,41.66407138109207,1,[8223],8223,8223.0,8223,22,179993,[8170],8170,8170.0,8170,23
1048576,0,481,decode_only,28.737105429172516,2,"[8224,8192]",8192,8208.0,8224,0,0,[],,,,2
1048576,0,482,decode_only,28.75434421002865,2,"[8225,8193]",8193,8209.0,8225,0,0,[],,,,2
1048576,0,483,decode_only,28.846239671111107,2,"[8226,8194]",8194,8210.0,8226,0,0,[],,,,2
1048576,0,484,decode_only,28.654880821704865,2,"[8227,8195]",8195,8211.0,8227,0,0,[],,,,2
1048576,0,485,decode_only,28.910822235047817,2,"[8228,8196]",8196,8212.0,8228,0,0,[],,,,2
1048576,0,486,decode_only,29.068781062960625,2,"[8229,8197]",8197,8213.0,8229,0,0,[],,,,2
1048576,0,487,decode_only,28.987165540456772,2,"[8230,8198]",8198,8214.0,8230,0,0,[],,,,2
1048576,0,488,decode_only,29.043459333479404,2,"[8231,8199]",8199,8215.0,8231,0,0,[],,,,2
1048576,0,489,decode_only,29.13165930658579,2,"[8232,8200]",8200,8216.0,8232,0,0,[],,,,2
1048576,0,490,decode_only,29.294254258275032,2,"[8233,8201]",8201,8217.0,8233,0,0,[],,,,2
1048576,0,491,decode_only,29.227768070995808,2,"[8234,8202]",8202,8218.0,8234,0,0,[],,,,2
1048576,0,492,decode_only,29.14811484515667,2,"[8235,8203]",8203,8219.0,8235,0,0,[],,,,2
1048576,0,493,decode_only,29.390656389296055,2,"[8236,8204]",8204,8220.0,8236,0,0,[],,,,2
1048576,0,494,decode_only,29.243147000670433,2,"[8237,8205]",8205,8221.0,8237,0,0,[],,,,2
1048576,0,495,decode_only,29.113080352544785,2,"[8238,8206]",8206,8222.0,8238,0,0,[],,,,2
1048576,0,496,decode_only,29.44975346326828,2,"[8239,8207]",8207,8223.0,8239,0,0,[],,,,2
1048576,0,497,decode_only,29.46198359131813,2,"[8240,8208]",8208,8224.0,8240,0,0,[],,,,2
1048576,0,498,decode_only,29.441007412970066,2,"[8241,8209]",8209,8225.0,8241,0,0,[],,,,2
1048576,0,499,decode_only,29.337933287024498,2,"[8242,8210]",8210,8226.0,8242,0,0,[],,,,2
1048576,0,500,decode_only,29.176349751651287,2,"[8243,8211]",8211,8227.0,8243,0,0,[],,,,2
1048576,0,501,decode_only,29.331459663808346,2,"[8244,8212]",8212,8228.0,8244,0,0,[],,,,2
1048576,0,502,decode_only,29.2346877977252,2,"[8245,8213]",8213,8229.0,8245,0,0,[],,,,2
1048576,0,503,decode_only,29.473457485437393,2,"[8246,8214]",8214,8230.0,8246,0,0,[],,,,2
1048576,0,504,decode_only,29.38285656273365,2,"[8247,8215]",8215,8231.0,8247,0,0,[],,,,2
1048576,0,505,decode_only,29.33778613805771,2,"[8248,8216]",8216,8232.0,8248,0,0,[],,,,2
1048576,0,506,decode_only,29.315772466361523,2,"[8249,8217]",8217,8233.0,8249,0,0,[],,,,2
1048576,0,507,decode_only,29.33688648045063,2,"[8250,8218]",8218,8234.0,8250,0,0,[],,,,2
1048576,0,508,decode_only,29.3660219758749,2,"[8251,8219]",8219,8235.0,8251,0,0,[],,,,2
1048576,0,509,decode_only,29.298124834895134,2,"[8252,8220]",8220,8236.0,8252,0,0,[],,,,2
1048576,0,510,decode_only,29.3157659471035,2,"[8253,8221]",8221,8237.0,8253,0,0,[],,,,2
1048576,0,511,decode_only,29.194816015660763,2,"[8254,8222]",8222,8238.0,8254,0,0,[],,,,2
1048576,0,512,decode_only,29.857405461370945,1,[8223],8223,8223.0,8223,0,0,[],,,,1
1048576,0,513,decode_only,29.983417131006718,1,[8224],8224,8224.0,8224,0,0,[],,,,1
1048576,0,514,decode_only,29.921106062829494,1,[8225],8225,8225.0,8225,0,0,[],,,,1
1048576,0,515,decode_only,29.850549064576626,1,[8226],8226,8226.0,8226,0,0,[],,,,1
1048576,0,516,decode_only,29.91077397018671,1,[8227],8227,8227.0,8227,0,0,[],,,,1
1048576,0,517,decode_only,29.952281154692173,1,[8228],8228,8228.0,8228,0,0,[],,,,1
1048576,0,518,decode_only,29.845792800188065,1,[8229],8229,8229.0,8229,0,0,[],,,,1
1048576,0,519,decode_only,29.82423175126314,1,[8230],8230,8230.0,8230,0,0,[],,,,1
1048576,0,520,decode_only,29.949977062642574,1,[8231],8231,8231.0,8231,0,0,[],,,,1
1048576,0,521,decode_only,29.89161852747202,1,[8232],8232,8232.0,8232,0,0,[],,,,1
1048576,0,522,decode_only,29.80566117912531,1,[8233],8233,8233.0,8233,0,0,[],,,,1
1048576,0,523,decode_only,29.945616610348225,1,[8234],8234,8234.0,8234,0,0,[],,,,1
1048576,0,524,decode_only,29.90339882671833,1,[8235],8235,8235.0,8235,0,0,[],,,,1
1048576,0,525,decode_only,29.824799858033657,1,[8236],8236,8236.0,8236,0,0,[],,,,1
1048576,0,526,decode_only,29.87657580524683,1,[8237],8237,8237.0,8237,0,0,[],,,,1
1048576,0,527,decode_only,29.8519441857934,1,[8238],8238,8238.0,8238,0,0,[],,,,1
1048576,0,528,decode_only,29.768099077045918,1,[8239],8239,8239.0,8239,0,0,[],,,,1
1048576,0,529,decode_only,29.827551916241646,1,[8240],8240,8240.0,8240,0,0,[],,,,1
1048576,0,530,decode_only,29.88945785909891,1,[8241],8241,8241.0,8241,0,0,[],,,,1
1048576,0,531,decode_only,29.87979631870985,1,[8242],8242,8242.0,8242,0,0,[],,,,1
1048576,0,532,decode_only,29.89768609404564,1,[8243],8243,8243.0,8243,0,0,[],,,,1
1048576,0,533,decode_only,29.9517884850502,1,[8244],8244,8244.0,8244,0,0,[],,,,1
1048576,0,534,decode_only,29.92400713264942,1,[8245],8245,8245.0,8245,0,0,[],,,,1
1048576,0,535,decode_only,29.82107549905777,1,[8246],8246,8246.0,8246,0,0,[],,,,1
1048576,0,536,decode_only,29.877515509724617,1,[8247],8247,8247.0,8247,0,0,[],,,,1
1048576,0,537,decode_only,29.938933439552784,1,[8248],8248,8248.0,8248,0,0,[],,,,1
1048576,0,538,decode_only,29.892003163695335,1,[8249],8249,8249.0,8249,0,0,[],,,,1
1048576,0,539,decode_only,29.870801605284214,1,[8250],8250,8250.0,8250,0,0,[],,,,1
1048576,0,540,decode_only,30.011003836989403,1,[8251],8251,8251.0,8251,0,0,[],,,,1
1048576,0,541,decode_only,29.94437236338854,1,[8252],8252,8252.0,8252,0,0,[],,,,1
1048576,0,542,decode_only,29.922968707978725,1,[8253],8253,8253.0,8253,0,0,[],,,,1
1048576,0,543,decode_only,29.954115860164165,1,[8254],8254,8254.0,8254,0,0,[],,,,1
1048576,1,0,prefill_only,17.34861545264721,0,[],,,,2048,2098176,[0],0,0.0,0,2048
1048576,1,1,prefill_only,20.373454317450523,0,[],,,,2048,6292480,[2048],2048,2048.0,2048,2048
1048576,1,2,prefill_only,23.69753085076809,0,[],,,,2048,10486784,[4096],4096,4096.0,4096,2048
1048576,1,3,prefill_only,57.53380712121725,0,[],,,,6144,18877440,"[6144,0,0]",0,2048.0,6144,6144
1048576,1,4,mixed,36.20070777833462,1,[8192],8192,8192.0,8192,460,1048110,[2048],2048,2048.0,2048,461
1048576,1,5,mixed,36.211502738296986,1,[8193],8193,8193.0,8193,388,1048570,[2508],2508,2508.0,2508,389
1048576,1,6,mixed,38.23444712907076,1,[8194],8194,8194.0,8194,384,1048575,"[2896,2048,0,0,0]",0,988.8,2896,385
1048576,1,7,mixed,38.0397429689765,1,[8195],8195,8195.0,8195,309,1048128,[3237],3237,3237.0,3237,310
1048576,1,8,mixed,38.31747267395258,1,[8196],8196,8196.0,8196,284,1047534,[3546],3546,3546.0,3546,285
1048576,1,9,mixed,38.85840717703104,1,[8197],8197,8197.0,8197,277,1048576,"[3830,2049,36,4]",4,1479.75,3830,278
1048576,1,10,mixed,40.03849998116493,1,[8198],8198,8198.0,8198,262,1048576,"[4094,2050,46,6,2,0]",0,1033.0,4094,263
1048576,1,11,mixed,39.094353094697,1,[8199],8199,8199.0,8199,235,1048100,[4342],4342,4342.0,4342,236
1048576,1,12,mixed,39.675706066191196,1,[8200],8200,8200.0,8200,244,1048576,"[4577,2051,52,10,3,2,0]",0,956.4285714285714,4577,245
1048576,1,13,mixed,39.38625194132328,1,[8201],8201,8201.0,8201,236,1048575,"[4800,2052,66,13,4]",4,1387.0,4800,237
1048576,1,14,mixed,39.61525857448578,1,[8202],8202,8202.0,8202,217,1048573,"[5013,2053,83,16]",16,1791.25,5013,218
1048576,1,15,mixed,39.723497815430164,1,[8203],8203,8203.0,8203,197,1047252,[5217],5217,5217.0,5217,198
1048576,1,16,mixed,39.79603014886379,1,[8204],8204,8204.0,8204,190,1046805,[5414],5414,5414.0,5414,191
1048576,1,17,mixed,39.92534801363945,1,[8205],8205,8205.0,8205,184,1048156,[5604],5604,5604.0,5604,185
1048576,1,18,mixed,40.29006231576204,1,[8206],8206,8206.0,8206,184,1048573,"[5788,2055,93,17]",17,1988.25,5788,185
1048576,1,19,mixed,40.7111756503582,1,[8207],8207,8207.0,8207,173,1047169,[5966],5966,5966.0,5966,174
1048576,1,20,mixed,41.14633612334728,1,[8208],8208,8208.0,8208,184,1048576,"[6139,2056,96,19,6,3,1]",1,1188.5714285714287,6139,185
1048576,1,21,mixed,40.9694192931056,1,[8209],8209,8209.0,8209,164,1047878,[6307],6307,6307.0,6307,165
1048576,1,22,mixed,41.02386627346277,1,[8210],8210,8210.0,8210,160,1048240,[6471],6471,6471.0,6471,161
1048576,1,23,mixed,41.11258778721094,1,[8211],8211,8211.0,8211,156,1046682,[6631],6631,6631.0,6631,157
1048576,1,24,mixed,41.192999109625816,1,[8212],8212,8212.0,8212,168,1048568,"[6787,2057,105,21]",21,2242.5,6787,169
1048576,1,25,mixed,41.661118157207966,1,[8213],8213,8213.0,8213,168,1048576,"[6939,2059,115,25,8,4,2,0]",0,1144.0,6939,169
1048576,1,26,mixed,41.61440394818783,1,[8214],8214,8214.0,8214,154,1048550,"[7088,2060,126]",126,3091.3333333333335,7088,155
1048576,1,27,mixed,41.75544623285532,1,[8215],8215,8215.0,8215,160,1048574,"[7234,2061,133,28,9]",9,1893.0,7234,161
1048576,1,28,mixed,41.96352884173393,1,[8216],8216,8216.0,8216,157,1048568,"[7377,2062,145,30]",30,2403.5,7377,158
1048576,1,29,mixed,42.03728400170803,1,[8217],8217,8217.0,8217,138,1046937,[7517],7517,7517.0,7517,139
1048576,1,30,mixed,42.49995015561581,1,[8218],8218,8218.0,8218,152,1048575,"[7655,2064,156,34,11,5,3]",3,1418.2857142857142,7655,153
1048576,1,31,mixed,42.37627051770687,1,[8219],8219,8219.0,8219,146,1048570,"[7790,2066,167,35]",35,2514.5,7790,147
1048576,1,32,mixed,42.353978380560875,1,[8220],8220,8220.0,8220,131,1046559,[7923],7923,7923.0,7923,132
1048576,1,33,mixed,42.64821484684944,1,[8221],8221,8221.0,8221,129,1047351,[8054],8054,8054.0,8054,130
1048576,1,34,mixed,44.5506302639842,1,[8222],8222,8222.0,8222,441,1048569,"[8183,2067,175]",175,3475.0,8183,442
1048576,1,35,mixed,35.631769336760044,2,"[8223,8192]",8192,8207.5,8223,405,1048575,"[2494,180,39]",39,904.3333333333334,2494,407
1048576,1,36,mixed,36.52527555823326,2,"[8224,8193]",8193,8208.5,8224,352,1048576,"[2883,193,42,12,6,4]",4,523.3333333333334,2883,354
1048576,1,37,mixed,36.01761441677809,2,"[8225,8194]",8194,8209.5,8225,315,1048576,"[3226,196,44,14,7]",7,697.4,3226,317
1048576,1,38,mixed,37.64359466731548,2,"[8226,8195]",8195,8210.5,8226,285,1048515,[3536],3536,3536.0,3536,287
1048576,1,39,mixed,37.27755416184664,2,"[8227,8196]",8196,8211.5,8227,273,1048576,"[3821,197,46,15,8]",8,817.4,3821,275
1048576,1,40,mixed,37.62186970561743,2,"[8228,8197]",8197,8212.5,8228,249,1048539,[4086],4086,4086.0,4086,251
1048576,1,41,mixed,38.020859472453594,2,"[8229,8198]",8198,8213.5,8229,246,1048560,"[4335,200,49]",49,1528.0,4335,248
1048576,1,42,mixed,38.40955998748541,2,"[8230,8199]",8199,8214.5,8230,246,1048574,"[4570,210,50,16,9]",9,971.0,4570,248
1048576,1,43,mixed,38.08757569640875,2,"[8231,8200]",8200,8215.5,8231,234,1048562,"[4793,230,51]",51,1691.3333333333333,4793,236
1048576,1,44,mixed,38.26859965920448,2,"[8232,8201]",8201,8216.5,8232,213,1048573,"[5006,250,52]",52,1769.3333333333333,5006,215
1048576,1,45,mixed,38.58269564807415,2,"[8233,8202]",8202,8217.5,8233,209,1048575,"[5211,254,56]",56,1840.3333333333333,5211,211
1048576,1,46,mixed,38.51029835641384,2,"[8234,8203]",8203,8218.5,8234,205,1048570,"[5408,263,59,17]",17,1436.75,5408,207
1048576,1,47,mixed,38.6598939076066,2,"[8235,8204]",8204,8219.5,8235,191,1048559,"[5598,273,62]",62,1977.6666666666667,5598,193
1048576,1,48,mixed,39.35183025896549,2,"[8236,8205]",8205,8220.5,8236,190,1048541,"[5782,278]",278,3030.0,5782,192
1048576,1,49,mixed,40.00674467533827,2,"[8237,8206]",8206,8221.5,8237,183,1048572,"[5960,290,64,19]",19,1583.25,5960,185
1048576,1,50,mixed,40.32547026872635,2,"[8238,8207]",8207,8222.5,8238,182,1048571,"[6133,298,65]",65,2165.3333333333335,6133,184
1048576,1,51,mixed,39.98368326574564,2,"[8239,8208]",8208,8223.5,8239,172,1048574,"[6301,311,66,20]",20,1674.5,6301,174
1048576,1,52,mixed,40.66220764070749,2,"[8240,8209]",8209,8224.5,8240,164,1048554,"[6465,316]",316,3390.5,6465,166
1048576,1,53,mixed,40.398528799414635,2,"[8241,8210]",8210,8225.5,8241,168,1048572,"[6625,320,67,22]",22,1758.5,6625,170
1048576,1,54,mixed,40.57888127863407,2,"[8242,8211]",8211,8226.5,8242,172,1048558,"[6781,328,70]",70,2393.0,6781,174
1048576,1,55,mixed,40.704105980694294,2,"[8243,8212]",8212,8227.5,8243,163,1048569,"[6933,346,72]",72,2450.3333333333335,6933,165
1048576,1,56,mixed,40.67346453666687,2,"[8244,8213]",8213,8228.5,8244,159,1048566,"[7082,358,74]",74,2504.6666666666665,7082,161
1048576,1,57,mixed,40.69307632744312,2,"[8245,8214]",8214,8229.5,8245,158,1048575,"[7228,368,77,23]",23,1924.0,7228,160
1048576,1,58,mixed,42.10931807756424,2,"[8246,8215]",8215,8230.5,8246,164,1048576,"[7371,380,79,24,10,5,1]",1,1124.2857142857142,7371,166
1048576,1,59,mixed,42.10005886852741,2,"[8247,8216]",8216,8231.5,8247,144,1048512,"[7511,397]",397,3954.0,7511,146
1048576,1,60,mixed,42.16671735048294,2,"[8248,8217]",8217,8232.5,8248,154,1048569,"[7649,403,80,26]",26,2039.5,7649,156
1048576,1,61,mixed,41.62902105599642,2,"[8249,8218]",8218,8233.5,8249,146,1048568,"[7784,419,82,27]",27,2078.0,7784,148
1048576,1,62,mixed,41.462681256234646,2,"[8250,8219]",8219,8234.5,8250,140,1048567,"[7917,429,83,29]",29,2114.5,7917,142
1048576,1,63,mixed,42.08945482969284,2,"[8251,8220]",8220,8235.5,8251,138,1048575,"[8048,435,85,30,11]",11,1721.8,8048,140
1048576,1,64,mixed,46.60405870527029,2,"[8252,8221]",8221,8236.5,8252,1012,1048567,"[8177,439,87]",87,2901.0,8177,1014
1048576,1,65,mixed,36.44647169858217,3,"[8253,8222,8192]",8192,8222.333333333334,8253,612,1048546,"[1429,94]",94,761.5,1429,615
1048576,1,66,mixed,36.69226635247469,3,"[8254,8223,8193]",8193,8223.333333333334,8254,480,1048564,"[2034,101,32]",32,722.3333333333334,2034,483
1048576,1,67,mixed,36.19647957384586,2,"[8224,8194]",8194,8209.0,8224,403,1048556,"[2496,118]",118,1307.0,2496,405
1048576,1,68,mixed,36.36592347174883,2,"[8225,8195]",8195,8210.0,8225,343,1048551,[2885],2885,2885.0,2885,345
1048576,1,69,mixed,36.77395265549421,2,"[8226,8196]",8196,8211.0,8226,333,1048573,"[3228,132,33]",33,1131.0,3228,335
1048576,1,70,mixed,38.02890703082085,2,"[8227,8197]",8197,8212.0,8227,310,1048574,"[3537,154,35,12,6]",6,748.8,3537,312
1048576,1,71,mixed,37.43320982903242,2,"[8228,8198]",8198,8213.0,8228,271,1048573,"[3821,175,38,13]",13,1011.75,3821,273
1048576,1,72,mixed,37.658462300896645,2,"[8229,8199]",8199,8214.0,8229,249,1048539,[4086],4086,4086.0,4086,251
1048576,1,73,mixed,37.99819853156805,2,"[8230,8200]",8200,8215.0,8230,248,1048571,"[4335,179,39]",39,1517.6666666666667,4335,250
1048576,1,74,mixed,38.34402374923229,2,"[8231,8201]",8201,8216.0,8231,247,1048576,"[4570,190,41,14]",14,1203.75,4570,249
1048576,1,75,mixed,38.04486524313688,2,"[8232,8202]",8202,8217.0,8232,238,1048561,"[4793,212,42]",42,1682.3333333333333,4793,240
1048576,1,76,mixed,38.354791700839996,2,"[8233,8203]",8203,8218.0,8233,211,1048572,"[5006,233,46]",46,1761.6666666666667,5006,213
1048576,1,77,mixed,38.60274236649275,2,"[8234,8204]",8204,8219.0,8234,209,1048569,"[5211,238,47,15]",15,1377.75,5211,211
1048576,1,78,mixed,38.765352219343185,2,"[8235,8205]",8205,8220.0,8235,204,1048575,"[5408,248,48,16]",16,1430.0,5408,206
1048576,1,79,mixed,38.76703232526779,2,"[8236,8206]",8206,8221.0,8236,193,1048572,"[5598,259,50]",50,1969.0,5598,195
1048576,1,80,mixed,38.98090124130249,2,"[8237,8207]",8207,8222.0,8237,196,1048576,"[5782,264,54,17,7]",7,1224.8,5782,198
1048576,1,81,mixed,39.46863394230604,2,"[8238,8208]",8208,8223.0,8238,185,1048571,"[5960,276,57,18]",18,1577.75,5960,187
1048576,1,82,mixed,39.58368021994829,2,"[8239,8209]",8209,8224.0,8239,185,1048573,"[6133,284,60]",60,2159.0,6133,187
1048576,1,83,mixed,39.64041266590357,2,"[8240,8210]",8210,8225.0,8240,174,1048576,"[6301,297,64,19,9]",9,1338.0,6301,176
1048576,1,84,mixed,39.894793182611465,2,"[8241,8211]",8211,8226.0,8241,165,1048565,"[6465,302,66]",66,2277.6666666666665,6465,167
1048576,1,85,mixed,40.036789141595364,2,"[8242,8212]",8212,8227.0,8242,165,1048545,"[6625,306]",306,3465.5,6625,167
1048576,1,86,mixed,40.8753203228116,2,"[8243,8213]",8213,8228.0,8243,171,1048515,"[6781,315]",315,3548.0,6781,173
1048576,1,87,mixed,41.27850383520126,2,"[8244,8214]",8214,8229.0,8244,165,1048556,"[6933,334,67]",67,2444.6666666666665,6933,167
1048576,1,88,mixed,41.44254047423601,2,"[8245,8215]",8215,8230.0,8245,157,1048575,"[7082,346]",346,3714.0,7082,159
1048576,1,89,mixed,41.23192001134157,2,"[8246,8216]",8216,8231.0,8246,159,1048556,"[7228,357,71]",71,2552.0,7228,161
1048576,1,90,mixed,41.077377274632454,2,"[8247,8217]",8217,8232.0,8247,162,1048568,"[7371,369,75,21]",21,1959.0,7371,164
1048576,1,91,mixed,41.358381509780884,2,"[8248,8218]",8218,8233.0,8248,147,1048573,"[7511,386,79,22]",22,1999.5,7511,149
1048576,1,92,mixed,41.86911415308714,2,"[8249,8219]",8219,8234.0,8249,160,1048576,"[7649,392,80,24,10,3,0]",0,1165.4285714285713,7649,162
1048576,1,93,mixed,41.7648209258914,2,"[8250,8220]",8220,8235.0,8250,146,1048576,"[7784,408,84]",84,2758.6666666666665,7784,148
1048576,1,94,mixed,41.5195282548666,2,"[8251,8221]",8221,8236.0,8251,140,1048569,"[7917,418,87]",87,2807.3333333333335,7917,142
1048576,1,95,mixed,42.65397135168314,2,"[8252,8222]",8222,8237.0,8252,136,1048559,"[8048,424,90]",90,2854.0,8048,138
1048576,1,96,mixed,46.60995025187731,2,"[8253,8223]",8223,8238.0,8253,1016,1048567,"[8177,428,93,25]",25,2180.75,8177,1018
1048576,1,97,mixed,36.10324114561081,3,"[8254,8224,8192]",8192,8223.333333333334,8254,611,1048562,"[1426,94]",94,760.0,1426,614
1048576,1,98,mixed,35.86676437407732,2,"[8225,8193]",8193,8209.0,8225,468,1048575,"[2032,99,27,11]",11,542.25,2032,470
1048576,1,99,mixed,35.62662471085787,2,"[8226,8194]",8194,8210.0,8226,409,1048567,"[2495,102,28]",28,875.0,2495,411
1048576,1,100,mixed,36.168791353702545,2,"[8227,8195]",8195,8211.0,8227,350,1048573,"[2884,121,29,12]",12,761.5,2884,352
1048576,1,101,mixed,37.274918518960476,2,"[8228,8196]",8196,8212.0,8228,310,1048575,[3227],3227,3227.0,3227,312
1048576,1,102,mixed,37.20864187926054,2,"[8229,8197]",8197,8213.0,8229,312,1048575,"[3537,123,32,14]",14,926.5,3537,314
1048576,1,103,mixed,37.55506407469511,2,"[8230,8198]",8198,8214.0,8230,270,1048570,"[3821,149]",149,1985.0,3821,272
1048576,1,104,mixed,37.75682579725981,2,"[8231,8199]",8199,8215.0,8231,249,1048539,[4086],4086,4086.0,4086,251
1048576,1,105,mixed,38.03247958421707,2,"[8232,8200]",8200,8216.0,8232,248,1048548,"[4335,154]",154,2244.5,4335,250
1048576,1,106,mixed,38.94133772701025,2,"[8233,8201]",8201,8217.0,8233,252,1048574,"[4570,167,33]",33,1590.0,4570,254
1048576,1,107,mixed,39.30476773530245,2,"[8234,8202]",8202,8218.0,8234,241,1048574,"[4793,191,38]",38,1674.0,4793,243
1048576,1,108,mixed,38.20823039859533,2,"[8235,8203]",8203,8219.0,8235,213,1048565,"[5006,214,43]",43,1754.3333333333333,5006,215
1048576,1,109,mixed,38.73739670962095,2,"[8236,8204]",8204,8220.0,8236,208,1048545,"[5211,219]",219,2715.0,5211,210
1048576,1,110,mixed,38.96123543381691,2,"[8237,8205]",8205,8221.0,8237,208,1048576,"[5408,230,46,15,4,2,0,0]",0,713.125,5408,210
1048576,1,111,mixed,39.089408703148365,2,"[8238,8206]",8206,8222.0,8238,191,1048573,"[5598,242,47]",47,1962.3333333333333,5598,193
1048576,1,112,mixed,39.007846266031265,2,"[8239,8207]",8207,8223.0,8239,195,1048576,"[5782,248,48,16]",16,1523.5,5782,197
1048576,1,113,mixed,39.742788299918175,2,"[8240,8208]",8208,8224.0,8240,183,1048576,"[5960,261,50]",50,2090.3333333333335,5960,185
1048576,1,114,mixed,40.11753387749195,2,"[8241,8209]",8209,8225.0,8241,187,1048575,"[6133,270,51,18,5]",5,1295.4,6133,189
1048576,1,115,mixed,40.39074946194887,2,"[8242,8210]",8210,8226.0,8242,174,1048572,"[6301,284,53,20]",20,1664.5,6301,176
1048576,1,116,mixed,40.55572301149368,2,"[8243,8211]",8211,8227.0,8243,166,1048563,"[6465,289,57]",57,2270.3333333333335,6465,168
1048576,1,117,mixed,40.7500509172678,2,"[8244,8212]",8212,8228.0,8244,168,1048571,"[6625,293,59,21]",21,1749.5,6625,170
1048576,1,118,mixed,41.21260438114405,2,"[8245,8213]",8213,8229.0,8245,178,1048576,"[6781,302,61,22,6]",6,1434.4,6781,180
1048576,1,119,mixed,40.75221437960863,2,"[8246,8214]",8214,8230.0,8246,165,1048573,"[6933,321,65,24]",24,1835.75,6933,167
1048576,1,120,mixed,40.801798924803734,2,"[8247,8215]",8215,8231.0,8247,161,1048573,"[7082,334,66,26,7]",7,1503.0,7082,163
1048576,1,121,mixed,40.95819033682346,2,"[8248,8216]",8216,8232.0,8248,158,1048573,"[7228,345,67,28]",28,1917.0,7228,160
1048576,1,122,mixed,41.99714586138725,2,"[8249,8217]",8217,8233.0,8249,160,1048564,"[7371,358,68]",68,2599.0,7371,162
1048576,1,123,mixed,42.6232535392046,2,"[8250,8218]",8218,8234.0,8250,151,1048576,"[7511,376,70,29,8,3,1,1]",1,999.875,7511,153
1048576,1,124,mixed,41.92414414137602,2,"[8251,8219]",8219,8235.0,8251,158,1048575,"[7649,382,72,30,9,4,2]",2,1164.0,7649,160
1048576,1,125,mixed,42.07771271467209,2,"[8252,8220]",8220,8236.0,8252,149,1048574,"[7784,399,73,31,11]",11,1659.6,7784,151
1048576,1,126,mixed,41.526373475790024,2,"[8253,8221]",8221,8237.0,8253,141,1048566,"[7917,409,77]",77,2801.0,7917,143
1048576,1,127,mixed,41.60768166184425,2,"[8254,8222]",8222,8238.0,8254,139,1048576,"[8048,415,81,32,12]",12,1717.6,8048,141
1048576,1,128,mixed,48.22496324777603,1,[8223],8223,8223.0,8223,1028,1048571,"[8177,419,84,34,13]",13,1745.4,8177,1029
1048576,1,129,mixed,36.873324774205685,2,"[8224,8192]",8192,8208.0,8224,610,1048565,"[1423,90]",90,756.5,1423,612
1048576,1,130,mixed,36.37593053281307,2,"[8225,8193]",8193,8209.0,8225,477,1048575,"[2030,93,36]",36,719.6666666666666,2030,479
1048576,1,131,mixed,36.21732350438833,2,"[8226,8194]",8194,8210.0,8226,390,1048515,[2493],2493,2493.0,2493,392
1048576,1,132,mixed,36.837007850408554,2,"[8227,8195]",8195,8211.0,8227,352,1048576,"[2883,105,38,14,5]",5,609.0,2883,354
1048576,1,133,mixed,36.91212646663189,2,"[8228,8196]",8196,8212.0,8228,314,1048571,"[3226,111,39]",39,1125.3333333333333,3226,316
1048576,1,134,mixed,37.89629973471165,2,"[8229,8197]",8197,8213.0,8229,285,1048515,[3536],3536,3536.0,3536,287
1048576,1,135,mixed,38.23059145361185,2,"[8230,8198]",8198,8214.0,8230,274,1048574,"[3821,113,41,15,6]",6,799.2,3821,276
1048576,1,136,mixed,37.514819763600826,2,"[8231,8199]",8199,8215.0,8231,249,1048539,[4086],4086,4086.0,4086,251
1048576,1,137,mixed,38.13440818339586,2,"[8232,8200]",8200,8216.0,8232,254,1048573,"[4335,119,42,16]",16,1128.0,4335,256
1048576,1,138,mixed,38.48430793732405,2,"[8233,8201]",8201,8217.0,8233,255,1048571,"[4570,135,43]",43,1582.6666666666667,4570,257
1048576,1,139,mixed,38.70399948209524,2,"[8234,8202]",8202,8218.0,8234,242,1048572,"[4793,164,46,18]",18,1255.25,4793,244
1048576,1,140,mixed,38.320898078382015,2,"[8235,8203]",8203,8219.0,8235,212,1048560,"[5006,191,47]",47,1748.0,5006,214
1048576,1,141,mixed,38.503230549395084,2,"[8236,8204]",8204,8220.0,8236,210,1048561,"[5211,197,48]",48,1818.6666666666667,5211,212
1048576,1,142,mixed,38.86521700769663,2,"[8237,8205]",8205,8221.0,8237,205,1048574,"[5408,209,49]",49,1888.6666666666667,5408,207
1048576,1,143,mixed,39.09021895378828,2,"[8238,8206]",8206,8222.0,8238,193,1048564,"[5598,222,51]",51,1957.0,5598,195
1048576,1,144,mixed,39.22790940850973,2,"[8239,8207]",8207,8223.0,8239,196,1048576,"[5782,228,54,19]",19,1520.75,5782,198
1048576,1,145,mixed,39.57604710012674,2,"[8240,8208]",8208,8224.0,8240,187,1048573,"[5960,242,56,21]",21,1569.75,5960,189
1048576,1,146,mixed,40.374246425926685,2,"[8241,8209]",8209,8225.0,8241,186,1048570,"[6133,251,59,23]",23,1616.5,6133,188
1048576,1,147,mixed,40.59152863919735,2,"[8242,8210]",8210,8226.0,8242,171,1048573,"[6301,266,61]",61,2209.3333333333335,6301,173
1048576,1,148,mixed,40.60163535177708,2,"[8243,8211]",8211,8227.0,8243,167,1048570,"[6465,272,62]",62,2266.3333333333335,6465,169
1048576,1,149,mixed,40.52639752626419,2,"[8244,8212]",8212,8228.0,8244,166,1048561,"[6625,276]",276,3450.5,6625,168
1048576,1,150,mixed,41.237181052565575,2,"[8245,8213]",8213,8229.0,8245,178,1048573,"[6781,286,65,24,7]",7,1432.6,6781,180
1048576,1,151,mixed,40.73104169219732,2,"[8246,8214]",8214,8230.0,8246,167,1048573,"[6933,306,69,25]",25,1833.25,6933,169
1048576,1,152,mixed,41.06007982045412,2,"[8247,8215]",8215,8231.0,8247,165,1048576,"[7082,319,73,26,8,3]",3,1251.8333333333333,7082,167
1048576,1,153,mixed,41.14704392850399,2,"[8248,8216]",8216,8232.0,8248,161,1048574,"[7228,330,76,28]",28,1915.5,7228,163
1048576,1,154,mixed,41.21655412018299,2,"[8249,8217]",8217,8233.0,8249,159,1048517,"[7371,343]",343,3857.0,7371,161
1048576,1,155,mixed,41.352846659719944,2,"[8250,8218]",8218,8234.0,8250,148,1048576,"[7511,362,79,30]",30,1995.5,7511,150
1048576,1,156,mixed,41.2101810798049,2,"[8251,8219]",8219,8235.0,8251,157,1048574,"[7649,368,82,31]",31,2032.5,7649,159
1048576,1,157,mixed,41.681318543851376,2,"[8252,8220]",8220,8236.0,8252,145,1048571,"[7784,385,86]",86,2751.6666666666665,7784,147
1048576,1,158,mixed,41.44146852195263,2,"[8253,8221]",8221,8237.0,8253,138,1048573,"[7917,396]",396,4156.5,7917,140
1048576,1,159,mixed,41.9719647616148,2,"[8254,8222]",8222,8238.0,8254,137,1048557,"[8048,403,87]",87,2846.0,8048,139
1048576,1,160,mixed,48.30753430724144,1,[8223],8223,8223.0,8223,1047,1048576,"[8177,407,91,32,9,5,2,0,0]",0,969.2222222222222,8177,1048
1048576,1,161,mixed,36.20702400803566,2,"[8224,8192]",8192,8208.0,8224,615,1048567,"[1419,104,33]",33,518.6666666666666,1419,617
1048576,1,162,mixed,35.59306729584932,2,"[8225,8193]",8193,8209.0,8225,468,1048573,"[2027,110,34,11,6]",6,437.6,2027,470
1048576,1,163,mixed,35.38290597498417,2,"[8226,8194]",8194,8210.0,8226,398,1048576,"[2491,111,35]",35,879.0,2491,400
1048576,1,164,mixed,36.39078140258789,2,"[8227,8195]",8195,8211.0,8227,354,1048543,"[2881,118]",118,1499.5,2881,356
1048576,1,165,mixed,37.112683057785034,2,"[8228,8196]",8196,8212.0,8228,317,1048576,"[3224,129]",129,1676.5,3224,319
1048576,1,166,mixed,37.30991203337908,2,"[8229,8197]",8197,8213.0,8229,291,1048574,"[3534,136,36]",36,1235.3333333333333,3534,293
1048576,1,167,mixed,37.49404288828373,2,"[8230,8198]",8198,8214.0,8230,277,1048569,"[3819,140,38,12]",12,1002.25,3819,279
1048576,1,168,mixed,37.486325949430466,2,"[8231,8199]",8199,8215.0,8231,254,1048576,"[4084,148,41]",41,1424.3333333333333,4084,256
1048576,1,169,mixed,37.91078086942434,2,"[8232,8200]",8200,8216.0,8232,251,1048537,"[4333,151]",151,2242.0,4333,253
1048576,1,170,mixed,37.7196641638875,2,"[8233,8201]",8201,8217.0,8233,224,1048432,[4568],4568,4568.0,4568,226
1048576,1,171,mixed,37.97816950827837,2,"[8234,8202]",8202,8218.0,8234,214,1048493,[4792],4792,4792.0,4792,216
1048576,1,172,mixed,38.36633265018463,2,"[8235,8203]",8203,8219.0,8235,212,1048542,"[5006,167]",167,2586.5,5006,214
1048576,1,173,mixed,38.54278940707445,2,"[8236,8204]",8204,8220.0,8236,214,1048572,"[5211,174,43,13]",13,1360.25,5211,216
1048576,1,174,mixed,38.78493048250675,2,"[8237,8205]",8205,8221.0,8237,211,1048575,"[5408,187,46,14,7,3]",3,944.1666666666666,5408,213
1048576,1,175,mixed,39.15202058851719,2,"[8238,8206]",8206,8222.0,8238,194,1048572,"[5598,201,49,16]",16,1466.0,5598,196
1048576,1,176,mixed,39.450716227293015,2,"[8239,8207]",8207,8223.0,8239,200,1048576,"[5782,208,50,18,8,4]",4,1011.6666666666666,5782,202
1048576,1,177,mixed,40.01588001847267,2,"[8240,8208]",8208,8224.0,8240,187,1048568,"[5960,223,53,20]",20,1564.0,5960,189
1048576,1,178,mixed,39.95457012206316,2,"[8241,8209]",8209,8225.0,8241,187,1048575,"[6133,233,55]",55,2140.3333333333335,6133,189
1048576,1,179,mixed,40.38860369473696,2,"[8242,8210]",8210,8226.0,8242,174,1048575,"[6301,249,58,22]",22,1657.5,6301,176
1048576,1,180,mixed,40.04552122205496,2,"[8243,8211]",8211,8227.0,8243,165,1048570,"[6465,255]",255,3360.0,6465,167
1048576,1,181,mixed,40.61037115752697,2,"[8244,8212]",8212,8228.0,8244,170,1048575,"[6625,260,60,24]",24,1742.25,6625,172
1048576,1,182,mixed,40.67052993923426,2,"[8245,8213]",8213,8229.0,8245,174,1048533,"[6781,270]",270,3525.5,6781,176
1048576,1,183,mixed,40.835252963006496,2,"[8246,8214]",8214,8230.0,8246,167,1048567,"[6933,292,62,26]",26,1828.25,6933,169
1048576,1,184,mixed,41.726717725396156,2,"[8247,8215]",8215,8231.0,8247,164,1048576,"[7082,306,64,28,9,5,1]",1,1070.7142857142858,7082,166
1048576,1,185,mixed,41.03365633636713,2,"[8248,8216]",8216,8232.0,8248,162,1048575,"[7228,318,65,29,11,6,2]",2,1094.142857142857,7228,164
1048576,1,186,mixed,41.52332525700331,2,"[8249,8217]",8217,8233.0,8249,164,1048575,"[7371,332,66,30]",30,1949.75,7371,166
1048576,1,187,mixed,41.08235705643892,2,"[8250,8218]",8218,8234.0,8250,151,1048576,"[7511,351,69,32,12,7]",7,1330.3333333333333,7511,153
1048576,1,188,mixed,41.321348398923874,2,"[8251,8219]",8219,8235.0,8251,156,1048575,"[7649,357,73,33]",33,2028.0,7649,158
1048576,1,189,mixed,41.69945791363716,2,"[8252,8220]",8220,8236.0,8252,148,1048576,"[7784,375,75,34,13]",13,1656.2,7784,150
1048576,1,190,mixed,41.460550390183926,2,"[8253,8221]",8221,8237.0,8253,138,1048503,"[7917,386]",386,4151.5,7917,140
1048576,1,191,mixed,42.25801024585962,2,"[8254,8222]",8222,8238.0,8254,134,1048557,"[8048,393]",393,4220.5,8048,136
1048576,1,192,mixed,48.22309222072363,1,[8223],8223,8223.0,8223,1045,1048576,"[8177,398,77,35,14,8,3,1]",1,1089.125,8177,1046
1048576,1,193,mixed,35.591717809438705,2,"[8224,8192]",8192,8208.0,8224,628,1048542,"[1417,83]",83,750.0,1417,630
1048576,1,194,mixed,35.220499150455,2,"[8225,8193]",8193,8209.0,8225,474,1048565,"[2025,103]",103,1064.0,2025,476
1048576,1,195,mixed,36.08063142746687,2,"[8226,8194]",8194,8210.0,8226,405,1048568,"[2489,113,36,15]",15,663.25,2489,407
1048576,1,196,mixed,36.626159213483334,2,"[8227,8195]",8195,8211.0,8227,361,1048576,"[2879,126,37,16]",16,764.5,2879,363
1048576,1,197,mixed,36.543780006468296,2,"[8228,8196]",8196,8212.0,8228,322,1048569,"[3222,141,38]",38,1133.6666666666667,3222,324
1048576,1,198,mixed,37.912117317318916,2,"[8229,8197]",8197,8213.0,8229,296,1048572,"[3532,151,40,18,9]",9,750.0,3532,298
1048576,1,199,mixed,37.71770093590021,2,"[8230,8198]",8198,8214.0,8230,276,1048554,"[3817,158]",158,1987.5,3817,278
1048576,1,200,mixed,38.002124056220055,2,"[8231,8199]",8199,8215.0,8231,259,1048576,"[4082,169,42,19]",19,1078.0,4082,261
1048576,1,201,mixed,37.95265685766935,2,"[8232,8200]",8200,8216.0,8232,254,1048576,"[4331,174,45]",45,1516.6666666666667,4331,256
1048576,1,202,mixed,37.819734774529934,2,"[8233,8201]",8201,8217.0,8233,227,1048560,"[4566,190]",190,2378.0,4566,229
1048576,1,203,mixed,38.01986761391163,2,"[8234,8202]",8202,8218.0,8234,219,1048575,"[4790,193,48,21]",21,1263.0,4790,221
1048576,1,204,mixed,38.22526801377535,2,"[8235,8203]",8203,8219.0,8235,213,1048531,"[5004,195]",195,2599.5,5004,215
1048576,1,205,mixed,38.33814896643162,2,"[8236,8204]",8204,8220.0,8236,213,1048562,"[5209,203,50]",50,1820.6666666666667,5209,215
1048576,1,206,mixed,38.477846421301365,2,"[8237,8205]",8205,8221.0,8237,208,1048570,"[5406,216,53,22]",22,1424.25,5406,210
1048576,1,207,mixed,38.77698536962271,2,"[8238,8206]",8206,8222.0,8238,192,1048560,"[5596,230]",230,2913.0,5596,194
1048576,1,208,mixed,39.55892380326986,2,"[8239,8207]",8207,8223.0,8239,195,1048574,"[5780,238,55]",55,2024.3333333333333,5780,197
1048576,1,209,mixed,39.84666336327791,2,"[8240,8208]",8208,8224.0,8240,187,1048572,"[5958,253,57,24]",24,1573.0,5958,189
1048576,1,210,mixed,39.977733977138996,2,"[8241,8209]",8209,8225.0,8241,184,1048548,"[6131,263]",263,3197.0,6131,186
1048576,1,211,mixed,39.80488609522581,2,"[8242,8210]",8210,8226.0,8242,171,1048547,"[6299,279]",279,3289.0,6299,173
1048576,1,212,mixed,40.28880503028631,2,"[8243,8211]",8211,8227.0,8243,171,1048576,"[6463,286,60,25,10,4]",4,1141.3333333333333,6463,173
1048576,1,213,mixed,40.30891600996256,2,"[8244,8212]",8212,8228.0,8244,173,1048576,"[6623,291,62,26,11,6,2,0]",0,877.625,6623,175
1048576,1,214,mixed,40.94172269105911,2,"[8245,8213]",8213,8229.0,8245,178,1048573,"[6779,301,64,27,12]",12,1436.6,6779,180
1048576,1,215,mixed,41.02382808923721,2,"[8246,8214]",8214,8230.0,8246,164,1048562,"[6931,321,68]",68,2440.0,6931,166
1048576,1,216,mixed,40.65130650997162,2,"[8247,8215]",8215,8231.0,8247,158,1048509,"[7080,335]",335,3707.5,7080,160
1048576,1,217,mixed,41.114834137260914,2,"[8248,8216]",8216,8232.0,8248,161,1048576,"[7226,347,69]",69,2547.3333333333335,7226,163
1048576,1,218,mixed,41.85926541686058,2,"[8249,8217]",8217,8233.0,8249,159,1048560,"[7369,360]",360,3864.5,7369,161
1048576,1,219,mixed,41.77194833755493,2,"[8250,8218]",8218,8234.0,8250,145,1048514,"[7509,379]",379,3944.0,7509,147
1048576,1,220,mixed,41.708420030772686,2,"[8251,8219]",8219,8235.0,8251,157,1048575,"[7647,386,74,28]",28,2033.75,7647,159
1048576,1,221,mixed,41.57212469726801,2,"[8252,8220]",8220,8236.0,8252,146,1048575,"[7782,403,78]",78,2754.3333333333335,7782,148
1048576,1,222,mixed,42.05031227320433,2,"[8253,8221]",8221,8237.0,8253,144,1048576,"[7915,414,80,29,13,7,3,1]",1,1057.75,7915,146
1048576,1,223,mixed,41.7740261182189,2,"[8254,8222]",8222,8238.0,8254,138,1048576,"[8046,421,81,30,14,8]",8,1433.3333333333333,8046,140
1048576,1,224,mixed,47.67489247024059,1,[8223],8223,8223.0,8223,1022,1048576,"[8175,426,82,31,15,9]",9,1456.3333333333333,8175,1023
1048576,1,225,mixed,36.95784602314234,2,"[8224,8192]",8192,8208.0,8224,615,1048566,"[1413,97,32,16]",16,389.5,1413,617
1048576,1,226,mixed,36.10127605497837,2,"[8225,8193]",8193,8209.0,8225,484,1048576,"[2023,99,34]",34,718.6666666666666,2023,486
1048576,1,227,mixed,36.3998431712389,2,"[8226,8194]",8194,8210.0,8226,411,1048566,"[2487,117,36]",36,880.0,2487,413
1048576,1,228,mixed,36.65030747652054,2,"[8227,8195]",8195,8211.0,8227,362,1048562,"[2877,135]",135,1506.0,2877,364
1048576,1,229,mixed,36.61666996777058,2,"[8228,8196]",8196,8212.0,8228,326,1048575,"[3220,154,39,17]",17,857.5,3220,328
1048576,1,230,mixed,37.820249795913696,2,"[8229,8197]",8197,8213.0,8229,296,1048571,"[3530,167,40]",40,1245.6666666666667,3530,298
1048576,1,231,mixed,37.17132285237312,2,"[8230,8198]",8198,8214.0,8230,281,1048571,"[3815,177,41,19]",19,1013.0,3815,283
1048576,1,232,mixed,38.23066130280495,2,"[8231,8199]",8199,8215.0,8231,264,1048575,"[4080,189,44,20,10,4,2,0]",0,543.625,4080,266
1048576,1,233,mixed,38.50188106298447,2,"[8232,8200]",8200,8216.0,8232,252,1048530,"[4329,196]",196,2262.5,4329,254
1048576,1,234,mixed,37.725381553173065,2,"[8233,8201]",8201,8217.0,8233,232,1048567,"[4564,213,47,21]",21,1211.25,4564,234
1048576,1,235,mixed,38.01240399479866,2,"[8234,8202]",8202,8218.0,8234,219,1048566,"[4788,217,50]",50,1685.0,4788,221
1048576,1,236,mixed,38.31752948462963,2,"[8235,8203]",8203,8219.0,8235,214,1048559,"[5002,221]",221,2611.5,5002,216
1048576,1,237,mixed,38.49884867668152,2,"[8236,8204]",8204,8220.0,8236,215,1048569,"[5207,230,51,22]",22,1377.5,5207,217
1048576,1,238,mixed,38.890971802175045,2,"[8237,8205]",8205,8221.0,8237,208,1048574,"[5404,243,54,24]",24,1431.25,5404,210
1048576,1,239,mixed,39.085316471755505,2,"[8238,8206]",8206,8222.0,8238,197,1048575,"[5594,257,56,26,11]",11,1188.8,5594,199
1048576,1,240,mixed,39.22559134662151,2,"[8239,8207]",8207,8223.0,8239,194,1048569,"[5778,265,58]",58,2033.6666666666667,5778,196
1048576,1,241,mixed,39.43610470741987,2,"[8240,8208]",8208,8224.0,8240,188,1048568,"[5956,280,59,27]",27,1580.5,5956,190
1048576,1,242,mixed,39.85515329986811,2,"[8241,8209]",8209,8225.0,8241,188,1048576,"[6129,290,63,28,13]",13,1304.6,6129,190
1048576,1,243,mixed,40.50028417259455,2,"[8242,8210]",8210,8226.0,8242,174,1048566,"[6297,305,66,29]",29,1674.25,6297,176
1048576,1,244,mixed,40.4868395999074,2,"[8243,8211]",8211,8227.0,8243,166,1048533,"[6461,312]",312,3386.5,6461,168
1048576,1,245,mixed,40.68898316472769,2,"[8244,8212]",8212,8228.0,8244,169,1048567,"[6621,318,68]",68,2335.6666666666665,6621,171
1048576,1,246,mixed,40.59529956430197,2,"[8245,8213]",8213,8229.0,8245,173,1048574,"[6777,328,71]",71,2392.0,6777,175
1048576,1,247,mixed,40.731736458837986,2,"[8246,8214]",8214,8230.0,8246,163,1048573,"[6929,348]",348,3638.5,6929,165
1048576,1,248,mixed,40.97665846347809,2,"[8247,8215]",8215,8231.0,8247,158,1048541,"[7078,362]",362,3720.0,7078,160
1048576,1,249,mixed,41.40943195670843,2,"[8248,8216]",8216,8232.0,8248,161,1048566,"[7224,374,72,30]",30,1925.0,7224,163
1048576,1,250,mixed,41.35004710406065,2,"[8249,8217]",8217,8233.0,8249,161,1048573,"[7367,387,75,32]",32,1965.25,7367,163
1048576,1,251,mixed,41.134024038910866,2,"[8250,8218]",8218,8234.0,8250,148,1048567,"[7507,405,77,33]",33,2005.5,7507,150
1048576,1,252,mixed,41.35544691234827,2,"[8251,8219]",8219,8235.0,8251,154,1048571,"[7645,412,78]",78,2711.6666666666665,7645,156
1048576,1,253,mixed,41.67480207979679,2,"[8252,8220]",8220,8236.0,8252,148,1048574,"[7780,429,80,35,14,5]",5,1390.5,7780,150
1048576,1,254,mixed,42.02171787619591,2,"[8253,8221]",8221,8237.0,8253,142,1048575,"[7913,440,81,36,15]",15,1697.0,7913,144
1048576,1,255,mixed,41.78587533533573,2,"[8254,8222]",8222,8238.0,8254,137,1048566,"[8044,447,83]",83,2858.0,8044,139
1048576,1,256,mixed,47.50801622867584,1,[8223],8223,8223.0,8223,986,1048561,"[8173,452,86,37]",37,2187.0,8173,987
1048576,1,257,mixed,36.118258722126484,2,"[8224,8192]",8192,8208.0,8224,612,1048570,"[1410,93]",93,751.5,1410,614
1048576,1,258,mixed,36.69748082756996,2,"[8225,8193]",8193,8209.0,8225,472,1048571,"[2021,94,39,16]",16,542.5,2021,474
1048576,1,259,mixed,36.236722022295,2,"[8226,8194]",8194,8210.0,8226,415,1048560,"[2486,98]",98,1292.0,2486,417
1048576,1,260,mixed,36.642050370574,2,"[8227,8195]",8195,8211.0,8227,366,1048569,"[2876,123]",123,1499.5,2876,368
1048576,1,261,mixed,36.74549702554941,2,"[8228,8196]",8196,8212.0,8228,326,1048567,"[3219,146]",146,1682.5,3219,328
1048576,1,262,mixed,37.446023896336555,2,"[8229,8197]",8197,8213.0,8229,297,1048542,"[3529,162]",162,1845.5,3529,299
1048576,1,263,mixed,37.319145165383816,2,"[8230,8198]",8198,8214.0,8230,282,1048576,"[3814,174,40,18]",18,1011.5,3814,284
1048576,1,264,mixed,37.940205074846745,2,"[8231,8199]",8199,8215.0,8231,259,1048575,"[4079,188,41]",41,1436.0,4079,261
1048576,1,265,mixed,38.030258379876614,2,"[8232,8200]",8200,8216.0,8232,254,1048570,"[4328,197,42]",42,1522.3333333333333,4328,256
1048576,1,266,mixed,37.86671161651611,2,"[8233,8201]",8201,8217.0,8233,235,1048573,"[4563,215,43,20,6]",6,969.4,4563,237
1048576,1,267,mixed,37.941087037324905,2,"[8234,8202]",8202,8218.0,8234,219,1048538,"[4787,220]",220,2503.5,4787,221
1048576,1,268,mixed,38.40396273881197,2,"[8235,8203]",8203,8219.0,8235,220,1048575,"[5001,225,46,21,8]",8,1060.2,5001,222
1048576,1,269,mixed,38.52793946862221,2,"[8236,8204]",8204,8220.0,8236,213,1048567,"[5206,234,49]",49,1829.6666666666667,5206,215
1048576,1,270,mixed,38.76144904643297,2,"[8237,8205]",8205,8221.0,8237,205,1048555,"[5403,248]",248,2825.5,5403,207
1048576,1,271,mixed,39.05290551483631,2,"[8238,8206]",8206,8222.0,8238,193,1048544,"[5593,263]",263,2928.0,5593,195
1048576,1,272,mixed,39.35252036899328,2,"[8239,8207]",8207,8223.0,8239,197,1048576,"[5777,272,51,22,10]",10,1226.4,5777,199
1048576,1,273,mixed,40.30005633831024,2,"[8240,8208]",8208,8224.0,8240,186,1048567,"[5955,287,53,23]",23,1579.5,5955,188
1048576,1,274,mixed,39.69049546867609,2,"[8241,8209]",8209,8225.0,8241,188,1048575,"[6128,298,54]",54,2160.0,6128,190
1048576,1,275,mixed,39.68373965471983,2,"[8242,8210]",8210,8226.0,8242,177,1048576,"[6296,313,59,24,11]",11,1340.6,6296,179
1048576,1,276,mixed,40.58839473873377,2,"[8243,8211]",8211,8227.0,8243,169,1048576,"[6460,320,63,25]",25,1717.0,6460,171
1048576,1,277,mixed,40.87306838482618,2,"[8244,8212]",8212,8228.0,8244,170,1048551,"[6620,326,65]",65,2337.0,6620,172
1048576,1,278,mixed,41.34591110050678,2,"[8245,8213]",8213,8229.0,8245,153,1048509,[6776],6776,6776.0,6776,155
1048576,1,279,mixed,40.904974564909935,2,"[8246,8214]",8214,8230.0,8246,166,1048573,"[6929,336,69,26]",26,1840.0,6929,168
1048576,1,280,mixed,41.03146959096193,2,"[8247,8215]",8215,8231.0,8247,161,1048570,"[7078,350,71,27]",27,1881.5,7078,163
1048576,1,281,mixed,41.028670966625214,2,"[8248,8216]",8216,8232.0,8248,158,1048575,"[7224,362,73]",73,2553.0,7224,160
1048576,1,282,mixed,41.456012055277824,2,"[8249,8217]",8217,8233.0,8249,163,1048574,"[7367,376,74]",74,2605.6666666666665,7367,165
1048576,1,283,mixed,42.02789440751076,2,"[8250,8218]",8218,8234.0,8250,150,1048576,"[7507,394,79,28,12]",12,1604.0,7507,152
1048576,1,284,mixed,41.97402857244015,2,"[8251,8219]",8219,8235.0,8251,156,1048559,"[7645,401,81]",81,2709.0,7645,158
1048576,1,285,mixed,42.363667860627174,2,"[8252,8220]",8220,8236.0,8252,147,1048576,"[7780,418,85]",85,2761.0,7780,149
1048576,1,286,mixed,41.617357172071934,2,"[8253,8221]",8221,8237.0,8253,141,1048550,"[7913,429,88]",88,2810.0,7913,143
1048576,1,287,mixed,42.12201666086912,2,"[8254,8222]",8222,8238.0,8254,138,1048566,"[8044,436,91,30]",30,2150.25,8044,140
1048576,1,288,mixed,47.90698550641537,1,[8223],8223,8223.0,8223,985,1048544,"[8173,441]",441,4307.0,8173,986
1048576,1,289,mixed,36.334747448563576,2,"[8224,8192]",8192,8208.0,8224,631,1048571,"[1407,94,31]",31,510.6666666666667,1407,633
1048576,1,290,mixed,36.477506160736084,2,"[8225,8193]",8193,8209.0,8225,485,1048574,"[2018,112,33,13,3,1]",1,363.3333333333333,2018,487
1048576,1,291,mixed,36.52317449450493,2,"[8226,8194]",8194,8210.0,8226,400,1048576,"[2483,127,34]",34,881.3333333333334,2483,402
1048576,1,292,mixed,36.26048285514116,2,"[8227,8195]",8195,8211.0,8227,348,1048546,"[2874,135]",135,1504.5,2874,350
1048576,1,293,mixed,36.81313060224056,2,"[8228,8196]",8196,8212.0,8228,331,1048569,"[3218,139,35]",35,1130.6666666666667,3218,333
1048576,1,294,mixed,37.45291009545326,2,"[8229,8197]",8197,8213.0,8229,299,1048538,"[3528,157]",157,1842.5,3528,301
1048576,1,295,mixed,37.11566887795925,2,"[8230,8198]",8198,8214.0,8230,281,1048562,"[3813,171]",171,1992.0,3813,283
1048576,1,296,mixed,39.08455837517977,2,"[8231,8199]",8199,8215.0,8231,264,1048575,"[4078,187,38,14,5,2]",2,720.6666666666666,4078,266
1048576,1,297,mixed,39.1053706407547,2,"[8232,8200]",8200,8216.0,8232,258,1048576,"[4327,197,40,15,6,3]",3,764.6666666666666,4327,260
1048576,1,298,mixed,37.80390601605177,2,"[8233,8201]",8201,8217.0,8233,235,1048569,"[4562,216,41,16]",16,1208.75,4562,237
1048576,1,299,mixed,37.96985559165478,2,"[8234,8202]",8202,8218.0,8234,220,1048562,"[4786,222]",222,2504.0,4786,222
1048576,1,300,mixed,39.50987849384546,2,"[8235,8203]",8203,8219.0,8235,220,1048573,"[5000,228,44,18,7,4]",4,883.5,5000,222
1048576,1,301,mixed,38.59663009643555,2,"[8236,8204]",8204,8220.0,8236,216,1048570,"[5205,238,46]",46,1829.6666666666667,5205,218
1048576,1,302,mixed,38.80724590271711,2,"[8237,8205]",8205,8221.0,8237,209,1048571,"[5402,252,51,19]",19,1431.0,5402,211
1048576,1,303,mixed,38.962907157838345,2,"[8238,8206]",8206,8222.0,8238,196,1048561,"[5592,267,53]",53,1970.6666666666667,5592,198
1048576,1,304,mixed,39.042677730321884,2,"[8239,8207]",8207,8223.0,8239,198,1048575,"[5776,276,56,21]",21,1532.25,5776,200
1048576,1,305,mixed,39.514088071882725,2,"[8240,8208]",8208,8224.0,8240,188,1048569,"[5954,291,60,22]",22,1581.75,5954,190
1048576,1,306,mixed,40.051900781691074,2,"[8241,8209]",8209,8225.0,8241,185,1048564,"[6127,302,63]",63,2164.0,6127,187
1048576,1,307,mixed,40.15748016536236,2,"[8242,8210]",8210,8226.0,8242,173,1048555,"[6295,318,64]",64,2225.6666666666665,6295,175
1048576,1,308,mixed,40.37577472627163,2,"[8243,8211]",8211,8227.0,8243,170,1048567,"[6459,326,65]",65,2283.3333333333335,6459,172
1048576,1,309,mixed,40.4823012650013,2,"[8244,8212]",8212,8228.0,8244,167,1048528,"[6619,332]",332,3475.5,6619,169
1048576,1,310,mixed,41.023232974112034,2,"[8245,8213]",8213,8229.0,8245,153,1048356,[6775],6775,6775.0,6775,155
1048576,1,311,mixed,40.4755650088191,2,"[8246,8214]",8214,8230.0,8246,166,1048567,"[6928,343,69]",69,2446.6666666666665,6928,168
1048576,1,312,mixed,40.66256992518902,2,"[8247,8215]",8215,8231.0,8247,161,1048557,"[7077,357,72]",72,2502.0,7077,163
1048576,1,313,mixed,40.871722623705864,2,"[8248,8216]",8216,8232.0,8248,161,1048575,"[7223,369,75,23,8]",8,1539.6,7223,163
1048576,1,314,mixed,41.05373192578554,2,"[8249,8217]",8217,8233.0,8249,163,1048570,"[7366,383,76]",76,2608.3333333333335,7366,165
1048576,1,315,mixed,41.10172111541033,2,"[8250,8218]",8218,8234.0,8250,152,1048571,"[7506,401,81,24,10,5]",5,1337.8333333333333,7506,154
1048576,1,316,mixed,41.4066556841135,2,"[8251,8219]",8219,8235.0,8251,156,1048555,"[7644,408,84]",84,2712.0,7644,158
1048576,1,317,mixed,41.559902019798756,2,"[8252,8220]",8220,8236.0,8252,150,1048575,"[7779,425,88,26,11,6]",6,1389.1666666666667,7779,152
1048576,1,318,mixed,42.364650405943394,2,"[8253,8221]",8221,8237.0,8253,142,1048572,"[7912,436,91]",91,2813.0,7912,144
1048576,1,319,mixed,41.72347113490105,2,"[8254,8222]",8222,8238.0,8254,138,1048552,"[8043,443,95]",95,2860.3333333333335,8043,140
1048576,1,320,mixed,47.52018582075834,1,[8223],8223,8223.0,8223,984,1048574,"[8172,448,99,27,12]",12,1751.6,8172,985
1048576,1,321,mixed,36.475338973104954,2,"[8224,8192]",8192,8208.0,8224,616,1048548,"[1403,104]",104,753.5,1403,618
1048576,1,322,mixed,36.449032835662365,2,"[8225,8193]",8193,8209.0,8225,472,1048576,"[2016,107,29,14]",14,541.5,2016,474
1048576,1,323,mixed,36.556088365614414,2,"[8226,8194]",8194,8210.0,8226,407,1048574,"[2482,109,31,16,7]",7,529.0,2482,409
1048576,1,324,mixed,36.58536076545715,2,"[8227,8195]",8195,8211.0,8227,352,1048561,"[2873,121,33]",33,1009.0,2873,354
1048576,1,325,mixed,36.70748695731163,2,"[8228,8196]",8196,8212.0,8228,332,1048544,"[3217,128]",128,1672.5,3217,334
1048576,1,326,mixed,37.44160197675228,2,"[8229,8197]",8197,8213.0,8229,304,1048575,"[3527,150,34,17]",17,932.0,3527,306
1048576,1,327,mixed,38.19338232278824,2,"[8230,8198]",8198,8214.0,8230,287,1048573,"[3812,166,36,18]",18,1008.0,3812,289
1048576,1,328,mixed,37.70302515476942,2,"[8231,8199]",8199,8215.0,8231,261,1048572,"[4077,183]",183,2130.0,4077,263
1048576,1,329,mixed,38.15403115004301,2,"[8232,8200]",8200,8216.0,8232,258,1048576,"[4326,195,40]",40,1520.3333333333333,4326,260
1048576,1,330,mixed,37.76954393833876,2,"[8233,8201]",8201,8217.0,8233,236,1048573,"[4561,215,43,19]",19,1209.5,4561,238
1048576,1,331,mixed,38.17447181791067,2,"[8234,8202]",8202,8218.0,8234,226,1048573,"[4785,222,46,21,8]",8,1016.4,4785,228
1048576,1,332,mixed,38.29666040837765,2,"[8235,8203]",8203,8219.0,8235,219,1048568,"[4999,228,50,22,9]",9,1061.6,4999,221
1048576,1,333,mixed,38.43573201447725,2,"[8236,8204]",8204,8220.0,8236,215,1048555,"[5204,239,51]",51,1831.3333333333333,5204,217
1048576,1,334,mixed,38.81457820534706,2,"[8237,8205]",8205,8221.0,8237,206,1048535,"[5401,254]",254,2827.5,5401,208
1048576,1,335,mixed,39.05095439404249,2,"[8238,8206]",8206,8222.0,8238,195,1048574,"[5591,270,54]",54,1971.6666666666667,5591,197
1048576,1,336,mixed,39.251748472452164,2,"[8239,8207]",8207,8223.0,8239,195,1048553,"[5775,280,55]",55,2036.6666666666667,5775,197
1048576,1,337,mixed,39.47638254612684,2,"[8240,8208]",8208,8224.0,8240,185,1048550,"[5953,296]",296,3124.5,5953,187
1048576,1,338,mixed,39.742027409374714,2,"[8241,8209]",8209,8225.0,8241,187,1048567,"[6126,308,56,23]",23,1628.25,6126,189
1048576,1,339,mixed,40.91774299740791,2,"[8242,8210]",8210,8226.0,8242,175,1048554,"[6294,324,58]",58,2225.3333333333335,6294,177
1048576,1,340,mixed,40.518902242183685,2,"[8243,8211]",8211,8227.0,8243,168,1048574,"[6458,332,61]",61,2283.6666666666665,6458,170
1048576,1,341,mixed,40.64907133579254,2,"[8244,8212]",8212,8228.0,8244,169,1048576,"[6618,339,62]",62,2339.6666666666665,6618,171
1048576,1,342,mixed,40.38791358470917,2,"[8245,8213]",8213,8229.0,8245,154,1048554,"[6774,350]",350,3562.0,6774,156
1048576,1,343,mixed,40.72917439043522,2,"[8246,8214]",8214,8230.0,8246,168,1048566,"[6927,351,64,24]",24,1841.5,6927,170
1048576,1,344,mixed,40.957133285701275,2,"[8247,8215]",8215,8231.0,8247,162,1048563,"[7076,365,67]",67,2502.6666666666665,7076,164
1048576,1,345,mixed,41.35820269584656,2,"[8248,8216]",8216,8232.0,8248,159,1048570,"[7222,377,71]",71,2556.6666666666665,7222,161
1048576,1,346,mixed,40.71095772087574,2,"[8249,8217]",8217,8233.0,8249,141,1048476,[7365],7365,7365.0,7365,143
1048576,1,347,mixed,41.05811566114426,2,"[8250,8218]",8218,8234.0,8250,150,1048564,"[7506,391,73]",73,2656.6666666666665,7506,152
1048576,1,348,mixed,41.59646201878786,2,"[8251,8219]",8219,8235.0,8251,156,1048572,"[7644,398,78,26,10]",10,1631.2,7644,158
1048576,1,349,mixed,41.376812383532524,2,"[8252,8220]",8220,8236.0,8252,149,1048570,"[7779,416,79]",79,2758.0,7779,151
1048576,1,350,mixed,41.01693816483021,2,"[8253,8221]",8221,8237.0,8253,139,1048570,"[7912,427]",427,4169.5,7912,141
1048576,1,351,mixed,41.222973726689816,2,"[8254,8222]",8222,8238.0,8254,135,1048563,"[8043,435]",435,4239.0,8043,137
1048576,1,352,mixed,47.17960208654404,1,[8223],8223,8223.0,8223,984,1048576,"[8172,441,84,27]",27,2181.0,8172,985
1048576,1,353,mixed,35.91837082058191,2,"[8224,8192]",8192,8208.0,8224,631,1048573,"[1401,87,28,11]",11,381.75,1401,633
1048576,1,354,mixed,35.3678772225976,2,"[8225,8193]",8193,8209.0,8225,478,1048564,"[2014,103,29]",29,715.3333333333334,2014,480
1048576,1,355,mixed,35.285296849906445,2,"[8226,8194]",8194,8210.0,8226,410,1048570,"[2480,114,30]",30,874.6666666666666,2480,412
1048576,1,356,mixed,36.80197987705469,2,"[8227,8195]",8195,8211.0,8227,359,1048574,"[2871,132,31,12]",12,761.5,2871,361
1048576,1,357,mixed,36.96353081613779,2,"[8228,8196]",8196,8212.0,8228,314,1048574,"[3215,143,33,14]",14,851.25,3215,316
1048576,1,358,mixed,37.70329337567091,2,"[8229,8197]",8197,8213.0,8229,307,1048574,"[3526,144,34]",34,1234.6666666666667,3526,309
1048576,1,359,mixed,38.183191791176796,2,"[8230,8198]",8198,8214.0,8230,288,1048564,"[3811,162,38,15]",15,1006.5,3811,290
1048576,1,360,mixed,37.65138238668442,2,"[8231,8199]",8199,8215.0,8231,265,1048570,"[4076,181,41,16]",16,1078.5,4076,267
1048576,1,361,mixed,38.222325034439564,2,"[8232,8200]",8200,8216.0,8232,260,1048561,"[4325,194,42,18]",18,1144.75,4325,262
1048576,1,362,mixed,37.826850078999996,2,"[8233,8201]",8201,8217.0,8233,236,1048557,"[4560,215,45,19]",19,1209.75,4560,238
1048576,1,363,mixed,37.95554116368294,2,"[8234,8202]",8202,8218.0,8234,225,1048572,"[4784,223,48]",48,1685.0,4784,227
1048576,1,364,mixed,38.339611142873764,2,"[8235,8203]",8203,8219.0,8235,217,1048543,"[4998,230]",230,2614.0,4998,219
1048576,1,365,mixed,38.510154001414776,2,"[8236,8204]",8204,8220.0,8236,215,1048576,"[5203,242,52,20]",20,1379.25,5203,217
1048576,1,366,mixed,38.798099383711815,2,"[8237,8205]",8205,8221.0,8237,209,1048574,"[5400,258,53]",53,1903.6666666666667,5400,211
1048576,1,367,mixed,39.17833976447582,2,"[8238,8206]",8206,8222.0,8238,198,1048571,"[5590,274,56,21]",21,1485.25,5590,200
1048576,1,368,mixed,39.271172136068344,2,"[8239,8207]",8207,8223.0,8239,197,1048566,"[5774,284,59]",59,2039.0,5774,199
1048576,1,369,mixed,39.629874750971794,2,"[8240,8208]",8208,8224.0,8240,188,1048575,"[5952,300,62,22]",22,1584.0,5952,190
1048576,1,370,mixed,39.772952906787395,2,"[8241,8209]",8209,8225.0,8241,189,1048571,"[6125,312,64,23]",23,1631.0,6125,191
1048576,1,371,mixed,40.69520253688097,2,"[8242,8210]",8210,8226.0,8242,178,1048573,"[6293,328,67,25]",25,1678.25,6293,180
1048576,1,372,mixed,40.491643361747265,2,"[8243,8211]",8211,8227.0,8243,170,1048553,"[6457,336,71,27]",27,1722.75,6457,172
1048576,1,373,mixed,40.69546144455671,2,"[8244,8212]",8212,8228.0,8244,170,1048562,"[6617,343,73]",73,2344.3333333333335,6617,172
1048576,1,374,mixed,40.576668456196785,2,"[8245,8213]",8213,8229.0,8245,156,1048560,"[6773,354,76]",76,2401.0,6773,158
1048576,1,375,mixed,40.568241849541664,2,"[8246,8214]",8214,8230.0,8246,168,1048575,"[6926,355,78,28]",28,1846.75,6926,170
1048576,1,376,mixed,40.877548046410084,2,"[8247,8215]",8215,8231.0,8247,159,1048569,"[7075,369]",369,3722.0,7075,161
1048576,1,377,mixed,41.07272531837225,2,"[8248,8216]",8216,8232.0,8248,160,1048549,"[7221,382,82,29]",29,1928.5,7221,162
1048576,1,378,mixed,40.83507042378187,2,"[8249,8217]",8217,8233.0,8249,141,1048335,[7364],7364,7364.0,7364,143
1048576,1,379,mixed,41.238403879106045,2,"[8250,8218]",8218,8234.0,8250,147,1048570,"[7505,396,84]",84,2661.6666666666665,7505,149
1048576,1,380,mixed,41.4772555232048,2,"[8251,8219]",8219,8235.0,8251,155,1048545,"[7643,404,85,30]",30,2040.5,7643,157
1048576,1,381,mixed,41.58438742160797,2,"[8252,8220]",8220,8236.0,8252,145,1048527,"[7778,422]",422,4100.0,7778,147
1048576,1,382,mixed,41.164711117744446,2,"[8253,8221]",8221,8237.0,8253,139,1048495,"[7911,434]",434,4172.5,7911,141
1048576,1,383,mixed,42.05544292926788,2,"[8254,8222]",8222,8238.0,8254,136,1048563,"[8042,442,86]",86,2856.6666666666665,8042,138
1048576,1,384,mixed,47.48087842017412,1,[8223],8223,8223.0,8223,980,1048546,"[8171,448,87,31]",31,2184.25,8171,981
1048576,1,385,mixed,35.384371876716614,2,"[8224,8192]",8192,8208.0,8224,615,1048575,[1397],1397,1397.0,1397,617
1048576,1,386,mixed,35.513185895979404,2,"[8225,8193]",8193,8209.0,8225,487,1048547,"[2012,95,33]",33,713.3333333333334,2012,489
1048576,1,387,mixed,35.27774289250374,2,"[8226,8194]",8194,8210.0,8226,394,1048555,"[2478,115,34]",34,875.6666666666666,2478,396
1048576,1,388,mixed,35.35737935453653,2,"[8227,8195]",8195,8211.0,8227,361,1048553,"[2870,116,35]",35,1007.0,2870,363
1048576,1,389,mixed,36.34023666381836,2,"[8228,8196]",8196,8212.0,8228,316,1048546,"[3214,131,37]",37,1127.3333333333333,3214,318
1048576,1,390,mixed,37.02938184142113,2,"[8229,8197]",8197,8213.0,8229,309,1048548,"[3525,134,39]",39,1232.6666666666667,3525,311
1048576,1,391,mixed,38.34674693644047,2,"[8230,8198]",8198,8214.0,8230,287,1048558,"[3810,155]",155,1982.5,3810,289
1048576,1,392,mixed,37.93107531964779,2,"[8231,8199]",8199,8215.0,8231,264,1048575,"[4075,177]",177,2126.0,4075,266
1048576,1,393,mixed,37.36629616469145,2,"[8232,8200]",8200,8216.0,8232,236,1048430,[4324],4324,4324.0,4324,238
1048576,1,394,mixed,37.720827385783195,2,"[8233,8201]",8201,8217.0,8233,236,1048545,"[4560,192,42]",42,1598.0,4560,238
1048576,1,395,mixed,38.073559291660786,2,"[8234,8202]",8202,8218.0,8234,225,1048566,"[4784,201,45]",45,1676.6666666666667,4784,227
1048576,1,396,mixed,38.23401685804129,2,"[8235,8203]",8203,8219.0,8235,219,1048562,"[4998,209,48]",48,1751.6666666666667,4998,221
1048576,1,397,mixed,38.620809093117714,2,"[8236,8204]",8204,8220.0,8236,217,1048574,"[5203,222,49]",49,1824.6666666666667,5203,219
1048576,1,398,mixed,38.84488437324762,2,"[8237,8205]",8205,8221.0,8237,210,1048523,"[5400,239,52]",52,1897.0,5400,212
1048576,1,399,mixed,39.05351832509041,2,"[8238,8206]",8206,8222.0,8238,197,1048575,"[5590,256,55]",55,1967.0,5590,199
1048576,1,400,mixed,38.97382132709026,2,"[8239,8207]",8207,8223.0,8239,198,1048572,"[5774,267,57]",57,2032.6666666666667,5774,200
1048576,1,401,mixed,39.92249723523855,2,"[8240,8208]",8208,8224.0,8240,186,1048530,"[5952,284]",284,3118.0,5952,188
1048576,1,402,mixed,39.76472746580839,2,"[8241,8209]",8209,8225.0,8241,187,1048521,"[6125,297,60]",60,2160.6666666666665,6125,189
1048576,1,403,mixed,40.41798412799835,2,"[8242,8210]",8210,8226.0,8242,174,1048516,"[6293,314,62]",62,2223.0,6293,176
1048576,1,404,mixed,40.55808298289776,2,"[8243,8211]",8211,8227.0,8243,171,1048551,"[6457,323,63]",63,2281.0,6457,173
1048576,1,405,mixed,40.128531865775585,2,"[8244,8212]",8212,8228.0,8244,168,1048536,"[6617,330]",330,3473.5,6617,170
1048576,1,406,mixed,40.70105403661728,2,"[8245,8213]",8213,8229.0,8245,156,1048530,"[6773,342,67]",67,2394.0,6773,158
1048576,1,407,mixed,40.560309775173664,2,"[8246,8214]",8214,8230.0,8246,166,1048555,"[6926,343,69]",69,2446.0,6926,168
1048576,1,408,mixed,40.867879055440426,2,"[8247,8215]",8215,8231.0,8247,161,1048571,"[7075,358,71]",71,2501.3333333333335,7075,163
1048576,1,409,mixed,40.958051569759846,2,"[8248,8216]",8216,8232.0,8248,161,1048500,"[7221,371,73]",73,2555.0,7221,163
1048576,1,410,mixed,40.53167253732681,2,"[8249,8217]",8217,8233.0,8249,141,1048335,[7364],7364,7364.0,7364,143
1048576,1,411,mixed,41.07253160327673,2,"[8250,8218]",8218,8234.0,8250,148,1048554,"[7505,385,77]",77,2655.6666666666665,7505,150
1048576,1,412,mixed,41.39348957687616,2,"[8251,8219]",8219,8235.0,8251,157,1048556,"[7643,393,79]",79,2705.0,7643,159
1048576,1,413,mixed,41.578011587262154,2,"[8252,8220]",8220,8236.0,8252,147,1048564,"[7778,411,83]",83,2757.3333333333335,7778,149
1048576,1,414,mixed,41.203285567462444,2,"[8253,8221]",8221,8237.0,8253,140,1048493,"[7911,423,85]",85,2806.3333333333335,7911,142
1048576,1,415,mixed,42.11892653256655,2,"[8254,8222]",8222,8238.0,8254,136,1048497,"[8042,431,86]",86,2853.0,8042,138
1048576,1,416,mixed,46.973055228590965,1,[8223],8223,8223.0,8223,979,1048522,"[8171,437,87]",87,2898.3333333333335,8171,980
1048576,1,417,mixed,35.46512685716152,2,"[8224,8192]",8192,8208.0,8224,633,1048485,"[1394,88]",88,741.0,1394,635
1048576,1,418,mixed,35.03742907196283,2,"[8225,8193]",8193,8209.0,8225,476,1048480,"[2009,106]",106,1057.5,2009,478
1048576,1,419,mixed,35.428003408014774,2,"[8226,8194]",8194,8210.0,8226,400,1048576,"[2476,115]",115,1295.5,2476,402
1048576,1,420,mixed,36.69828549027443,2,"[8227,8195]",8195,8211.0,8227,363,1048459,"[2868,123]",123,1495.5,2868,365
1048576,1,421,mixed,37.54709381610155,2,"[8228,8196]",8196,8212.0,8228,318,1048470,"[3212,142]",142,1677.0,3212,320
1048576,1,422,mixed,37.31623198837042,2,"[8229,8197]",8197,8213.0,8229,308,1048513,"[3523,149]",149,1836.0,3523,310
1048576,1,423,mixed,38.02065830677748,2,"[8230,8198]",8198,8214.0,8230,266,1048439,[3808],3808,3808.0,3808,268
1048576,1,424,mixed,37.67100442200899,2,"[8231,8199]",8199,8215.0,8231,265,1048439,"[4074,172]",172,2123.0,4074,267
1048576,1,425,mixed,37.4416233971715,2,"[8232,8200]",8200,8216.0,8232,238,1048573,"[4323,188]",188,2255.5,4323,240
1048576,1,426,mixed,37.68287878483534,2,"[8233,8201]",8201,8217.0,8233,235,1048572,"[4559,190]",190,2374.5,4559,237
1048576,1,427,mixed,37.961105816066265,2,"[8234,8202]",8202,8218.0,8234,223,1048421,"[4783,201]",201,2492.0,4783,225
1048576,1,428,mixed,38.28611224889755,2,"[8235,8203]",8203,8219.0,8235,219,1048545,"[4997,210]",210,2603.5,4997,221
1048576,1,429,mixed,38.57260663062334,2,"[8236,8204]",8204,8220.0,8236,215,1048500,"[5202,224]",224,2713.0,5202,217
1048576,1,430,mixed,38.64511754363775,2,"[8237,8205]",8205,8221.0,8237,208,1048482,"[5399,242]",242,2820.5,5399,210
1048576,1,431,mixed,38.66391070187092,2,"[8238,8206]",8206,8222.0,8238,195,1048322,"[5589,260]",260,2924.5,5589,197
1048576,1,432,mixed,38.80123607814312,2,"[8239,8207]",8207,8223.0,8239,196,1048574,"[5773,271]",271,3022.0,5773,198
1048576,1,433,mixed,40.11767916381359,2,"[8240,8208]",8208,8224.0,8240,186,1048422,"[5951,289]",289,3120.0,5951,188
1048576,1,434,mixed,40.06744269281626,2,"[8241,8209]",8209,8225.0,8241,185,1048315,"[6124,302]",302,3213.0,6124,187
1048576,1,435,mixed,40.27065820991993,2,"[8242,8210]",8210,8226.0,8242,173,1048334,"[6292,319]",319,3305.5,6292,175
1048576,1,436,mixed,39.96287379413843,2,"[8243,8211]",8211,8227.0,8243,168,1048500,"[6456,328]",328,3392.0,6456,170
1048576,1,437,mixed,40.37043359130621,2,"[8244,8212]",8212,8228.0,8244,168,1048452,"[6616,336]",336,3476.0,6616,170
1048576,1,438,mixed,40.252888575196266,2,"[8245,8213]",8213,8229.0,8245,154,1048246,"[6772,348]",348,3560.0,6772,156
1048576,1,439,mixed,41.13260470330715,2,"[8246,8214]",8214,8230.0,8246,164,1048355,"[6925,349]",349,3637.0,6925,166
1048576,1,440,mixed,40.953874588012695,2,"[8247,8215]",8215,8231.0,8247,159,1048358,"[7074,364]",364,3719.0,7074,161
1048576,1,441,mixed,41.445580311119556,2,"[8248,8216]",8216,8232.0,8248,158,1048531,"[7220,377]",377,3798.5,7220,160
1048576,1,442,mixed,41.21962562203407,2,"[8249,8217]",8217,8233.0,8249,141,1048194,[7363],7363,7363.0,7363,143
1048576,1,443,mixed,41.19908809661865,2,"[8250,8218]",8218,8234.0,8250,146,1048315,"[7504,392]",392,3948.0,7504,148
1048576,1,444,mixed,42.07188729196787,2,"[8251,8219]",8219,8235.0,8251,153,1048221,"[7642,400]",400,4021.0,7642,155
1048576,1,445,mixed,41.59419611096382,2,"[8252,8220]",8220,8236.0,8252,145,1048346,"[7777,418]",418,4097.5,7777,147
1048576,1,446,mixed,41.28443170338869,2,"[8253,8221]",8221,8237.0,8253,139,1048332,"[7910,430]",430,4170.0,7910,141
1048576,1,447,mixed,41.40896163880825,2,"[8254,8222]",8222,8238.0,8254,135,1048323,"[8041,438]",438,4239.5,8041,137
1048576,1,448,mixed,47.00475838035345,1,[8223],8223,8223.0,8223,968,1047948,"[8170,444]",444,4307.0,8170,969
1048576,1,449,mixed,35.540263168513775,2,"[8224,8192]",8192,8208.0,8224,617,1048283,[1390],1390,1390.0,1390,619
1048576,1,450,mixed,34.86878704279661,2,"[8225,8193]",8193,8209.0,8225,467,1046547,[2007],2007,2007.0,2007,469
1048576,1,451,mixed,35.106780007481575,2,"[8226,8194]",8194,8210.0,8226,392,1046836,[2474],2474,2474.0,2474,394
1048576,1,452,mixed,35.18050163984299,2,"[8227,8195]",8195,8211.0,8227,345,1048455,[2866],2866,2866.0,2866,347
1048576,1,453,mixed,36.92554123699665,2,"[8228,8196]",8196,8212.0,8228,311,1047137,[3211],3211,3211.0,3211,313
1048576,1,454,mixed,37.48183511197567,2,"[8229,8197]",8197,8213.0,8229,286,1048333,[3522],3522,3522.0,3522,288
1048576,1,455,mixed,38.0673436447978,2,"[8230,8198]",8198,8214.0,8230,266,1048439,[3808],3808,3808.0,3808,268
1048576,1,456,mixed,37.635285407304764,2,"[8231,8199]",8199,8215.0,8231,249,1045551,[4074],4074,4074.0,4074,251
1048576,1,457,mixed,37.27622143924236,2,"[8232,8200]",8200,8216.0,8232,236,1048194,[4323],4323,4323.0,4323,238
1048576,1,458,mixed,37.687123753130436,2,"[8233,8201]",8201,8217.0,8233,224,1046416,[4559],4559,4559.0,4559,226
1048576,1,459,mixed,37.880572490394115,2,"[8234,8202]",8202,8218.0,8234,214,1046567,[4783],4783,4783.0,4783,216
1048576,1,460,mixed,38.133177906274796,2,"[8235,8203]",8203,8219.0,8235,205,1045500,[4997],4997,4997.0,4997,207
1048576,1,461,mixed,38.423259742558,2,"[8236,8204]",8204,8220.0,8236,197,1044297,[5202],5202,5202.0,5202,199
1048576,1,462,mixed,38.8390738517046,2,"[8237,8205]",8205,8221.0,8237,190,1043955,[5399],5399,5399.0,5399,192
1048576,1,463,mixed,39.11412786692381,2,"[8238,8206]",8206,8222.0,8238,184,1045396,[5589],5589,5589.0,5589,186
1048576,1,464,mixed,39.67201616615057,2,"[8239,8207]",8207,8223.0,8239,178,1043525,[5773],5773,5773.0,5773,180
1048576,1,465,mixed,39.54266384243965,2,"[8240,8208]",8208,8224.0,8240,173,1044574,[5951],5951,5951.0,5951,175
1048576,1,466,mixed,39.39508181065321,2,"[8241,8209]",8209,8225.0,8241,168,1043028,[6124],6124,6124.0,6124,170
1048576,1,467,mixed,40.163472294807434,2,"[8242,8210]",8210,8226.0,8242,164,1045418,[6292],6292,6292.0,6292,166
1048576,1,468,mixed,40.17901327461004,2,"[8243,8211]",8211,8227.0,8243,160,1045840,[6456],6456,6456.0,6456,162
1048576,1,469,mixed,40.650537237524986,2,"[8244,8212]",8212,8228.0,8244,156,1044342,[6616],6616,6616.0,6616,158
1048576,1,470,mixed,41.47466365247965,2,"[8245,8213]",8213,8229.0,8245,153,1047897,[6772],6772,6772.0,6772,155
1048576,1,471,mixed,40.67684058099985,2,"[8246,8214]",8214,8230.0,8246,149,1043000,[6925],6925,6925.0,6925,151
1048576,1,472,mixed,40.74747860431671,2,"[8247,8215]",8215,8231.0,8247,146,1043535,[7074],7074,7074.0,7074,148
1048576,1,473,mixed,41.22002236545086,2,"[8248,8216]",8216,8232.0,8248,143,1042756,[7220],7220,7220.0,7220,145
1048576,1,474,mixed,40.663400664925575,2,"[8249,8217]",8217,8233.0,8249,141,1048194,[7363],7363,7363.0,7363,143
1048576,1,475,mixed,41.2340322509408,2,"[8250,8218]",8218,8234.0,8250,138,1045143,[7504],7504,7504.0,7504,140
1048576,1,476,mixed,40.89038819074631,2,"[8251,8219]",8219,8235.0,8251,135,1040850,[7642],7642,7642.0,7642,137
1048576,1,477,mixed,41.05988331139088,2,"[8252,8220]",8220,8236.0,8252,133,1043252,[7777],7777,7777.0,7777,135
1048576,1,478,mixed,41.93586390465498,2,"[8253,8221]",8221,8237.0,8253,131,1044856,[7910],7910,7910.0,7910,133
1048576,1,479,mixed,41.51803161948919,2,"[8254,8222]",8222,8238.0,8254,129,1045674,[8041],8041,8041.0,8041,131
1048576,1,480,mixed,41.54764208942652,1,[8223],8223,8223.0,8223,22,179993,[8170],8170,8170.0,8170,23
1048576,1,481,decode_only,28.576835058629513,2,"[8224,8192]",8192,8208.0,8224,0,0,[],,,,2
1048576,1,482,decode_only,28.619782999157906,2,"[8225,8193]",8193,8209.0,8225,0,0,[],,,,2
1048576,1,483,decode_only,28.56171876192093,2,"[8226,8194]",8194,8210.0,8226,0,0,[],,,,2
1048576,1,484,decode_only,29.331788420677185,2,"[8227,8195]",8195,8211.0,8227,0,0,[],,,,2
1048576,1,485,decode_only,29.117138125002384,2,"[8228,8196]",8196,8212.0,8228,0,0,[],,,,2
1048576,1,486,decode_only,29.160100035369396,2,"[8229,8197]",8197,8213.0,8229,0,0,[],,,,2
1048576,1,487,decode_only,29.15461640805006,2,"[8230,8198]",8198,8214.0,8230,0,0,[],,,,2
1048576,1,488,decode_only,29.28207442164421,2,"[8231,8199]",8199,8215.0,8231,0,0,[],,,,2
1048576,1,489,decode_only,28.999214060604572,2,"[8232,8200]",8200,8216.0,8232,0,0,[],,,,2
1048576,1,490,decode_only,29.186462052166462,2,"[8233,8201]",8201,8217.0,8233,0,0,[],,,,2
1048576,1,491,decode_only,29.345043934881687,2,"[8234,8202]",8202,8218.0,8234,0,0,[],,,,2
1048576,1,492,decode_only,29.32241652160883,2,"[8235,8203]",8203,8219.0,8235,0,0,[],,,,2
1048576,1,493,decode_only,29.17814627289772,2,"[8236,8204]",8204,8220.0,8236,0,0,[],,,,2
1048576,1,494,decode_only,29.180770739912987,2,"[8237,8205]",8205,8221.0,8237,0,0,[],,,,2
1048576,1,495,decode_only,29.287529177963734,2,"[8238,8206]",8206,8222.0,8238,0,0,[],,,,2
1048576,1,496,decode_only,29.228960163891315,2,"[8239,8207]",8207,8223.0,8239,0,0,[],,,,2
1048576,1,497,decode_only,29.431880451738834,2,"[8240,8208]",8208,8224.0,8240,0,0,[],,,,2
1048576,1,498,decode_only,29.44740653038025,2,"[8241,8209]",8209,8225.0,8241,0,0,[],,,,2
1048576,1,499,decode_only,29.31254729628563,2,"[8242,8210]",8210,8226.0,8242,0,0,[],,,,2
1048576,1,500,decode_only,29.255596920847893,2,"[8243,8211]",8211,8227.0,8243,0,0,[],,,,2
1048576,1,501,decode_only,29.32976745069027,2,"[8244,8212]",8212,8228.0,8244,0,0,[],,,,2
1048576,1,502,decode_only,29.23231851309538,2,"[8245,8213]",8213,8229.0,8245,0,0,[],,,,2
1048576,1,503,decode_only,29.174509458243847,2,"[8246,8214]",8214,8230.0,8246,0,0,[],,,,2
1048576,1,504,decode_only,29.324067756533623,2,"[8247,8215]",8215,8231.0,8247,0,0,[],,,,2
1048576,1,505,decode_only,29.15946487337351,2,"[8248,8216]",8216,8232.0,8248,0,0,[],,,,2
1048576,1,506,decode_only,29.270624741911888,2,"[8249,8217]",8217,8233.0,8249,0,0,[],,,,2
1048576,1,507,decode_only,29.242808930575848,2,"[8250,8218]",8218,8234.0,8250,0,0,[],,,,2
1048576,1,508,decode_only,29.418310150504112,2,"[8251,8219]",8219,8235.0,8251,0,0,[],,,,2
1048576,1,509,decode_only,29.38083279877901,2,"[8252,8220]",8220,8236.0,8252,0,0,[],,,,2
1048576,1,510,decode_only,29.18449603021145,2,"[8253,8221]",8221,8237.0,8253,0,0,[],,,,2
1048576,1,511,decode_only,29.415013268589973,2,"[8254,8222]",8222,8238.0,8254,0,0,[],,,,2
1048576,1,512,decode_only,29.864192008972168,1,[8223],8223,8223.0,8223,0,0,[],,,,1
1048576,1,513,decode_only,29.800754971802235,1,[8224],8224,8224.0,8224,0,0,[],,,,1
1048576,1,514,decode_only,29.95808981359005,1,[8225],8225,8225.0,8225,0,0,[],,,,1
1048576,1,515,decode_only,29.953820630908012,1,[8226],8226,8226.0,8226,0,0,[],,,,1
1048576,1,516,decode_only,29.850375838577747,1,[8227],8227,8227.0,8227,0,0,[],,,,1
1048576,1,517,decode_only,29.83893733471632,1,[8228],8228,8228.0,8228,0,0,[],,,,1
1048576,1,518,decode_only,29.985456727445126,1,[8229],8229,8229.0,8229,0,0,[],,,,1
1048576,1,519,decode_only,29.864711686968803,1,[8230],8230,8230.0,8230,0,0,[],,,,1
1048576,1,520,decode_only,29.865936376154423,1,[8231],8231,8231.0,8231,0,0,[],,,,1
1048576,1,521,decode_only,29.869647696614265,1,[8232],8232,8232.0,8232,0,0,[],,,,1
1048576,1,522,decode_only,29.912731610238552,1,[8233],8233,8233.0,8233,0,0,[],,,,1
1048576,1,523,decode_only,29.8052579164505,1,[8234],8234,8234.0,8234,0,0,[],,,,1
1048576,1,524,decode_only,29.80959601700306,1,[8235],8235,8235.0,8235,0,0,[],,,,1
1048576,1,525,decode_only,29.90810014307499,1,[8236],8236,8236.0,8236,0,0,[],,,,1
1048576,1,526,decode_only,29.827123507857323,1,[8237],8237,8237.0,8237,0,0,[],,,,1
1048576,1,527,decode_only,29.850355349481106,1,[8238],8238,8238.0,8238,0,0,[],,,,1
1048576,1,528,decode_only,29.94336560368538,1,[8239],8239,8239.0,8239,0,0,[],,,,1
1048576,1,529,decode_only,29.88899778574705,1,[8240],8240,8240.0,8240,0,0,[],,,,1
1048576,1,530,decode_only,29.852821491658688,1,[8241],8241,8241.0,8241,0,0,[],,,,1
1048576,1,531,decode_only,29.93046957999468,1,[8242],8242,8242.0,8242,0,0,[],,,,1
1048576,1,532,decode_only,29.98329419642687,1,[8243],8243,8243.0,8243,0,0,[],,,,1
1048576,1,533,decode_only,29.84980307519436,1,[8244],8244,8244.0,8244,0,0,[],,,,1
1048576,1,534,decode_only,29.905788600444794,1,[8245],8245,8245.0,8245,0,0,[],,,,1
1048576,1,535,decode_only,29.962710104882717,1,[8246],8246,8246.0,8246,0,0,[],,,,1
1048576,1,536,decode_only,29.864865355193615,1,[8247],8247,8247.0,8247,0,0,[],,,,1
1048576,1,537,decode_only,29.84072733670473,1,[8248],8248,8248.0,8248,0,0,[],,,,1
1048576,1,538,decode_only,29.9210324883461,1,[8249],8249,8249.0,8249,0,0,[],,,,1
1048576,1,539,decode_only,29.948840849101543,1,[8250],8250,8250.0,8250,0,0,[],,,,1
1048576,1,540,decode_only,29.856336303055286,1,[8251],8251,8251.0,8251,0,0,[],,,,1
1048576,1,541,decode_only,29.942307621240616,1,[8252],8252,8252.0,8252,0,0,[],,,,1
1048576,1,542,decode_only,29.985240660607815,1,[8253],8253,8253.0,8253,0,0,[],,,,1
1048576,1,543,decode_only,29.902874492108822,1,[8254],8254,8254.0,8254,0,0,[],,,,1
1048576,2,0,prefill_only,17.15643424540758,0,[],,,,2048,2098176,[0],0,0.0,0,2048
1048576,2,1,prefill_only,20.321698859333992,0,[],,,,2048,6292480,[2048],2048,2048.0,2048,2048
1048576,2,2,prefill_only,23.68991356343031,0,[],,,,2048,10486784,[4096],4096,4096.0,4096,2048
1048576,2,3,prefill_only,57.07759968936443,0,[],,,,6144,18877440,"[6144,0,0]",0,2048.0,6144,6144
1048576,2,4,mixed,37.13818918913603,1,[8192],8192,8192.0,8192,460,1048110,[2048],2048,2048.0,2048,461
1048576,2,5,mixed,37.4173354357481,1,[8193],8193,8193.0,8193,388,1048570,[2508],2508,2508.0,2508,389
1048576,2,6,mixed,38.266138173639774,1,[8194],8194,8194.0,8194,384,1048575,"[2896,2048,0,0,0]",0,988.8,2896,385
1048576,2,7,mixed,38.110013119876385,1,[8195],8195,8195.0,8195,309,1048128,[3237],3237,3237.0,3237,310
1048576,2,8,mixed,38.438914343714714,1,[8196],8196,8196.0,8196,284,1047534,[3546],3546,3546.0,3546,285
1048576,2,9,mixed,39.06725533306599,1,[8197],8197,8197.0,8197,277,1048576,"[3830,2049,36,4]",4,1479.75,3830,278
1048576,2,10,mixed,39.63467013090849,1,[8198],8198,8198.0,8198,262,1048576,"[4094,2050,46,6,2,0]",0,1033.0,4094,263
1048576,2,11,mixed,38.628281094133854,1,[8199],8199,8199.0,8199,235,1048100,[4342],4342,4342.0,4342,236
1048576,2,12,mixed,39.566464722156525,1,[8200],8200,8200.0,8200,244,1048576,"[4577,2051,52,10,3,2,0]",0,956.4285714285714,4577,245
1048576,2,13,mixed,39.380868896842,1,[8201],8201,8201.0,8201,236,1048575,"[4800,2052,66,13,4]",4,1387.0,4800,237
1048576,2,14,mixed,39.69128616154194,1,[8202],8202,8202.0,8202,217,1048573,"[5013,2053,83,16]",16,1791.25,5013,218
1048576,2,15,mixed,39.77616410702467,1,[8203],8203,8203.0,8203,197,1047252,[5217],5217,5217.0,5217,198
1048576,2,16,mixed,39.998918771743774,1,[8204],8204,8204.0,8204,190,1046805,[5414],5414,5414.0,5414,191
1048576,2,17,mixed,39.94761686772108,1,[8205],8205,8205.0,8205,184,1048156,[5604],5604,5604.0,5604,185
1048576,2,18,mixed,40.12367967516184,1,[8206],8206,8206.0,8206,184,1048573,"[5788,2055,93,17]",17,1988.25,5788,185
1048576,2,19,mixed,40.684374049305916,1,[8207],8207,8207.0,8207,173,1047169,[5966],5966,5966.0,5966,174
1048576,2,20,mixed,41.16285964846611,1,[8208],8208,8208.0,8208,184,1048576,"[6139,2056,96,19,6,3,1]",1,1188.5714285714287,6139,185
1048576,2,21,mixed,41.06554388999939,1,[8209],8209,8209.0,8209,164,1047878,[6307],6307,6307.0,6307,165
1048576,2,22,mixed,41.138661094009876,1,[8210],8210,8210.0,8210,160,1048240,[6471],6471,6471.0,6471,161
1048576,2,23,mixed,41.243901476264,1,[8211],8211,8211.0,8211,156,1046682,[6631],6631,6631.0,6631,157
1048576,2,24,mixed,41.30631498992443,1,[8212],8212,8212.0,8212,168,1048568,"[6787,2057,105,21]",21,2242.5,6787,169
1048576,2,25,mixed,42.20566526055336,1,[8213],8213,8213.0,8213,168,1048576,"[6939,2059,115,25,8,4,2,0]",0,1144.0,6939,169
1048576,2,26,mixed,41.52785427868366,1,[8214],8214,8214.0,8214,154,1048550,"[7088,2060,126]",126,3091.3333333333335,7088,155
1048576,2,27,mixed,41.86359420418739,1,[8215],8215,8215.0,8215,160,1048574,"[7234,2061,133,28,9]",9,1893.0,7234,161
1048576,2,28,mixed,41.83571320027113,1,[8216],8216,8216.0,8216,157,1048568,"[7377,2062,145,30]",30,2403.5,7377,158
1048576,2,29,mixed,41.9884417206049,1,[8217],8217,8217.0,8217,138,1046937,[7517],7517,7517.0,7517,139
1048576,2,30,mixed,42.40863211452961,1,[8218],8218,8218.0,8218,152,1048575,"[7655,2064,156,34,11,5,3]",3,1418.2857142857142,7655,153
1048576,2,31,mixed,42.41890087723732,1,[8219],8219,8219.0,8219,146,1048570,"[7790,2066,167,35]",35,2514.5,7790,147
1048576,2,32,mixed,42.39299427717924,1,[8220],8220,8220.0,8220,131,1046559,[7923],7923,7923.0,7923,132
1048576,2,33,mixed,42.51343943178654,1,[8221],8221,8221.0,8221,129,1047351,[8054],8054,8054.0,8054,130
1048576,2,34,mixed,44.46034971624613,1,[8222],8222,8222.0,8222,441,1048569,"[8183,2067,175]",175,3475.0,8183,442
1048576,2,35,mixed,35.46102251857519,2,"[8223,8192]",8192,8207.5,8223,405,1048575,"[2494,180,39]",39,904.3333333333334,2494,407
1048576,2,36,mixed,36.86416707932949,2,"[8224,8193]",8193,8208.5,8224,352,1048576,"[2883,193,42,12,6,4]",4,523.3333333333334,2883,354
1048576,2,37,mixed,36.25569771975279,2,"[8225,8194]",8194,8209.5,8225,315,1048576,"[3226,196,44,14,7]",7,697.4,3226,317
1048576,2,38,mixed,36.946579813957214,2,"[8226,8195]",8195,8210.5,8226,285,1048515,[3536],3536,3536.0,3536,287
1048576,2,39,mixed,37.19078563153744,2,"[8227,8196]",8196,8211.5,8227,273,1048576,"[3821,197,46,15,8]",8,817.4,3821,275
1048576,2,40,mixed,37.758843973279,2,"[8228,8197]",8197,8212.5,8228,249,1048539,[4086],4086,4086.0,4086,251
1048576,2,41,mixed,37.969294004142284,2,"[8229,8198]",8198,8213.5,8229,246,1048560,"[4335,200,49]",49,1528.0,4335,248
1048576,2,42,mixed,38.377897813916206,2,"[8230,8199]",8199,8214.5,8230,246,1048574,"[4570,210,50,16,9]",9,971.0,4570,248
1048576,2,43,mixed,38.069652393460274,2,"[8231,8200]",8200,8215.5,8231,234,1048562,"[4793,230,51]",51,1691.3333333333333,4793,236
1048576,2,44,mixed,38.35109435021877,2,"[8232,8201]",8201,8216.5,8232,213,1048573,"[5006,250,52]",52,1769.3333333333333,5006,215
1048576,2,45,mixed,38.51707372814417,2,"[8233,8202]",8202,8217.5,8233,209,1048575,"[5211,254,56]",56,1840.3333333333333,5211,211
1048576,2,46,mixed,38.75052370131016,2,"[8234,8203]",8203,8218.5,8234,205,1048570,"[5408,263,59,17]",17,1436.75,5408,207
1048576,2,47,mixed,38.777291774749756,2,"[8235,8204]",8204,8219.5,8235,191,1048559,"[5598,273,62]",62,1977.6666666666667,5598,193
1048576,2,48,mixed,39.07580114901066,2,"[8236,8205]",8205,8220.5,8236,190,1048541,"[5782,278]",278,3030.0,5782,192
1048576,2,49,mixed,39.56698905676603,2,"[8237,8206]",8206,8221.5,8237,183,1048572,"[5960,290,64,19]",19,1583.25,5960,185
1048576,2,50,mixed,40.21824523806572,2,"[8238,8207]",8207,8222.5,8238,182,1048571,"[6133,298,65]",65,2165.3333333333335,6133,184
1048576,2,51,mixed,40.45988246798515,2,"[8239,8208]",8208,8223.5,8239,172,1048574,"[6301,311,66,20]",20,1674.5,6301,174
1048576,2,52,mixed,40.7459856942296,2,"[8240,8209]",8209,8224.5,8240,164,1048554,"[6465,316]",316,3390.5,6465,166
1048576,2,53,mixed,40.32256547361612,2,"[8241,8210]",8210,8225.5,8241,168,1048572,"[6625,320,67,22]",22,1758.5,6625,170
1048576,2,54,mixed,40.53772334009409,2,"[8242,8211]",8211,8226.5,8242,172,1048558,"[6781,328,70]",70,2393.0,6781,174
1048576,2,55,mixed,40.44103715568781,2,"[8243,8212]",8212,8227.5,8243,163,1048569,"[6933,346,72]",72,2450.3333333333335,6933,165
1048576,2,56,mixed,40.57684727013111,2,"[8244,8213]",8213,8228.5,8244,159,1048566,"[7082,358,74]",74,2504.6666666666665,7082,161
1048576,2,57,mixed,41.90182778984308,2,"[8245,8214]",8214,8229.5,8245,158,1048575,"[7228,368,77,23]",23,1924.0,7228,160
1048576,2,58,mixed,42.68734995275736,2,"[8246,8215]",8215,8230.5,8246,164,1048576,"[7371,380,79,24,10,5,1]",1,1124.2857142857142,7371,166
1048576,2,59,mixed,41.778236627578735,2,"[8247,8216]",8216,8231.5,8247,144,1048512,"[7511,397]",397,3954.0,7511,146
1048576,2,60,mixed,41.98202397674322,2,"[8248,8217]",8217,8232.5,8248,154,1048569,"[7649,403,80,26]",26,2039.5,7649,156
1048576,2,61,mixed,41.66982043534517,2,"[8249,8218]",8218,8233.5,8249,146,1048568,"[7784,419,82,27]",27,2078.0,7784,148
1048576,2,62,mixed,41.25322122126818,2,"[8250,8219]",8219,8234.5,8250,140,1048567,"[7917,429,83,29]",29,2114.5,7917,142
1048576,2,63,mixed,41.875679045915604,2,"[8251,8220]",8220,8235.5,8251,138,1048575,"[8048,435,85,30,11]",11,1721.8,8048,140
1048576,2,64,mixed,46.806334517896175,2,"[8252,8221]",8221,8236.5,8252,1012,1048567,"[8177,439,87]",87,2901.0,8177,1014
1048576,2,65,mixed,36.1652635037899,3,"[8253,8222,8192]",8192,8222.333333333334,8253,612,1048546,"[1429,94]",94,761.5,1429,615
1048576,2,66,mixed,35.78003961592913,3,"[8254,8223,8193]",8193,8223.333333333334,8254,480,1048564,"[2034,101,32]",32,722.3333333333334,2034,483
1048576,2,67,mixed,35.60434281826019,2,"[8224,8194]",8194,8209.0,8224,403,1048556,"[2496,118]",118,1307.0,2496,405
1048576,2,68,mixed,35.36790329962969,2,"[8225,8195]",8195,8210.0,8225,343,1048551,[2885],2885,2885.0,2885,345
1048576,2,69,mixed,36.398633383214474,2,"[8226,8196]",8196,8211.0,8226,333,1048573,"[3228,132,33]",33,1131.0,3228,335
1048576,2,70,mixed,37.955665960907936,2,"[8227,8197]",8197,8212.0,8227,310,1048574,"[3537,154,35,12,6]",6,748.8,3537,312
1048576,2,71,mixed,37.282682955265045,2,"[8228,8198]",8198,8213.0,8228,271,1048573,"[3821,175,38,13]",13,1011.75,3821,273
1048576,2,72,mixed,37.85277716815472,2,"[8229,8199]",8199,8214.0,8229,249,1048539,[4086],4086,4086.0,4086,251
1048576,2,73,mixed,37.8445740789175,2,"[8230,8200]",8200,8215.0,8230,248,1048571,"[4335,179,39]",39,1517.6666666666667,4335,250
1048576,2,74,mixed,38.43739815056324,2,"[8231,8201]",8201,8216.0,8231,247,1048576,"[4570,190,41,14]",14,1203.75,4570,249
1048576,2,75,mixed,38.18817902356386,2,"[8232,8202]",8202,8217.0,8232,238,1048561,"[4793,212,42]",42,1682.3333333333333,4793,240
1048576,2,76,mixed,38.28301839530468,2,"[8233,8203]",8203,8218.0,8233,211,1048572,"[5006,233,46]",46,1761.6666666666667,5006,213
1048576,2,77,mixed,38.73678483068943,2,"[8234,8204]",8204,8219.0,8234,209,1048569,"[5211,238,47,15]",15,1377.75,5211,211
1048576,2,78,mixed,38.809957914054394,2,"[8235,8205]",8205,8220.0,8235,204,1048575,"[5408,248,48,16]",16,1430.0,5408,206
1048576,2,79,mixed,39.061239920556545,2,"[8236,8206]",8206,8221.0,8236,193,1048572,"[5598,259,50]",50,1969.0,5598,195
1048576,2,80,mixed,39.44006375968456,2,"[8237,8207]",8207,8222.0,8237,196,1048576,"[5782,264,54,17,7]",7,1224.8,5782,198
1048576,2,81,mixed,39.80098199099302,2,"[8238,8208]",8208,8223.0,8238,185,1048571,"[5960,276,57,18]",18,1577.75,5960,187
1048576,2,82,mixed,40.06734024733305,2,"[8239,8209]",8209,8224.0,8239,185,1048573,"[6133,284,60]",60,2159.0,6133,187
1048576,2,83,mixed,40.05169775336981,2,"[8240,8210]",8210,8225.0,8240,174,1048576,"[6301,297,64,19,9]",9,1338.0,6301,176
1048576,2,84,mixed,40.06179980933666,2,"[8241,8211]",8211,8226.0,8241,165,1048565,"[6465,302,66]",66,2277.6666666666665,6465,167
1048576,2,85,mixed,40.028865449130535,2,"[8242,8212]",8212,8227.0,8242,165,1048545,"[6625,306]",306,3465.5,6625,167
1048576,2,86,mixed,40.40236584842205,2,"[8243,8213]",8213,8228.0,8243,171,1048515,"[6781,315]",315,3548.0,6781,173
1048576,2,87,mixed,41.02126322686672,2,"[8244,8214]",8214,8229.0,8244,165,1048556,"[6933,334,67]",67,2444.6666666666665,6933,167
1048576,2,88,mixed,41.421078145504,2,"[8245,8215]",8215,8230.0,8245,157,1048575,"[7082,346]",346,3714.0,7082,159
1048576,2,89,mixed,41.65254905819893,2,"[8246,8216]",8216,8231.0,8246,159,1048556,"[7228,357,71]",71,2552.0,7228,161
1048576,2,90,mixed,41.33581183850765,2,"[8247,8217]",8217,8232.0,8247,162,1048568,"[7371,369,75,21]",21,1959.0,7371,164
1048576,2,91,mixed,41.398003697395325,2,"[8248,8218]",8218,8233.0,8248,147,1048573,"[7511,386,79,22]",22,1999.5,7511,149
1048576,2,92,mixed,41.9643884524703,2,"[8249,8219]",8219,8234.0,8249,160,1048576,"[7649,392,80,24,10,3,0]",0,1165.4285714285713,7649,162
1048576,2,93,mixed,41.72359220683575,2,"[8250,8220]",8220,8235.0,8250,146,1048576,"[7784,408,84]",84,2758.6666666666665,7784,148
1048576,2,94,mixed,41.393810883164406,2,"[8251,8221]",8221,8236.0,8251,140,1048569,"[7917,418,87]",87,2807.3333333333335,7917,142
1048576,2,95,mixed,42.371043004095554,2,"[8252,8222]",8222,8237.0,8252,136,1048559,"[8048,424,90]",90,2854.0,8048,138
1048576,2,96,mixed,46.48313671350479,2,"[8253,8223]",8223,8238.0,8253,1016,1048567,"[8177,428,93,25]",25,2180.75,8177,1018
1048576,2,97,mixed,36.86168044805527,3,"[8254,8224,8192]",8192,8223.333333333334,8254,611,1048562,"[1426,94]",94,760.0,1426,614
1048576,2,98,mixed,36.799523048102856,2,"[8225,8193]",8193,8209.0,8225,468,1048575,"[2032,99,27,11]",11,542.25,2032,470
1048576,2,99,mixed,36.423577927052975,2,"[8226,8194]",8194,8210.0,8226,409,1048567,"[2495,102,28]",28,875.0,2495,411
1048576,2,100,mixed,37.08797972649336,2,"[8227,8195]",8195,8211.0,8227,350,1048573,"[2884,121,29,12]",12,761.5,2884,352
1048576,2,101,mixed,37.56447322666645,2,"[8228,8196]",8196,8212.0,8228,310,1048575,[3227],3227,3227.0,3227,312
1048576,2,102,mixed,37.22350671887398,2,"[8229,8197]",8197,8213.0,8229,312,1048575,"[3537,123,32,14]",14,926.5,3537,314
1048576,2,103,mixed,37.69626468420029,2,"[8230,8198]",8198,8214.0,8230,270,1048570,"[3821,149]",149,1985.0,3821,272
1048576,2,104,mixed,37.30597905814648,2,"[8231,8199]",8199,8215.0,8231,249,1048539,[4086],4086,4086.0,4086,251
1048576,2,105,mixed,38.0661990493536,2,"[8232,8200]",8200,8216.0,8232,248,1048548,"[4335,154]",154,2244.5,4335,250
1048576,2,106,mixed,38.57176844030619,2,"[8233,8201]",8201,8217.0,8233,252,1048574,"[4570,167,33]",33,1590.0,4570,254
1048576,2,107,mixed,38.826536387205124,2,"[8234,8202]",8202,8218.0,8234,241,1048574,"[4793,191,38]",38,1674.0,4793,243
1048576,2,108,mixed,38.305762223899364,2,"[8235,8203]",8203,8219.0,8235,213,1048565,"[5006,214,43]",43,1754.3333333333333,5006,215
1048576,2,109,mixed,38.58371637761593,2,"[8236,8204]",8204,8220.0,8236,208,1048545,"[5211,219]",219,2715.0,5211,210
1048576,2,110,mixed,39.085754193365574,2,"[8237,8205]",8205,8221.0,8237,208,1048576,"[5408,230,46,15,4,2,0,0]",0,713.125,5408,210
1048576,2,111,mixed,39.06596824526787,2,"[8238,8206]",8206,8222.0,8238,191,1048573,"[5598,242,47]",47,1962.3333333333333,5598,193
1048576,2,112,mixed,39.25933130085468,2,"[8239,8207]",8207,8223.0,8239,195,1048576,"[5782,248,48,16]",16,1523.5,5782,197
1048576,2,113,mixed,39.57855049520731,2,"[8240,8208]",8208,8224.0,8240,183,1048576,"[5960,261,50]",50,2090.3333333333335,5960,185
1048576,2,114,mixed,39.77466281503439,2,"[8241,8209]",8209,8225.0,8241,187,1048575,"[6133,270,51,18,5]",5,1295.4,6133,189
1048576,2,115,mixed,40.04309233278036,2,"[8242,8210]",8210,8226.0,8242,174,1048572,"[6301,284,53,20]",20,1664.5,6301,176
1048576,2,116,mixed,39.916071109473705,2,"[8243,8211]",8211,8227.0,8243,166,1048563,"[6465,289,57]",57,2270.3333333333335,6465,168
1048576,2,117,mixed,40.48165678977966,2,"[8244,8212]",8212,8228.0,8244,168,1048571,"[6625,293,59,21]",21,1749.5,6625,170
1048576,2,118,mixed,41.60369839519262,2,"[8245,8213]",8213,8229.0,8245,178,1048576,"[6781,302,61,22,6]",6,1434.4,6781,180
1048576,2,119,mixed,41.1497987806797,2,"[8246,8214]",8214,8230.0,8246,165,1048573,"[6933,321,65,24]",24,1835.75,6933,167
1048576,2,120,mixed,40.96746910363436,2,"[8247,8215]",8215,8231.0,8247,161,1048573,"[7082,334,66,26,7]",7,1503.0,7082,163
1048576,2,121,mixed,41.131576523184776,2,"[8248,8216]",8216,8232.0,8248,158,1048573,"[7228,345,67,28]",28,1917.0,7228,160
1048576,2,122,mixed,41.30164161324501,2,"[8249,8217]",8217,8233.0,8249,160,1048564,"[7371,358,68]",68,2599.0,7371,162
1048576,2,123,mixed,41.91402345895767,2,"[8250,8218]",8218,8234.0,8250,151,1048576,"[7511,376,70,29,8,3,1,1]",1,999.875,7511,153
1048576,2,124,mixed,41.524942964315414,2,"[8251,8219]",8219,8235.0,8251,158,1048575,"[7649,382,72,30,9,4,2]",2,1164.0,7649,160
1048576,2,125,mixed,41.860757395625114,2,"[8252,8220]",8220,8236.0,8252,149,1048574,"[7784,399,73,31,11]",11,1659.6,7784,151
1048576,2,126,mixed,41.37148056179285,2,"[8253,8221]",8221,8237.0,8253,141,1048566,"[7917,409,77]",77,2801.0,7917,143
1048576,2,127,mixed,41.64588637650013,2,"[8254,8222]",8222,8238.0,8254,139,1048576,"[8048,415,81,32,12]",12,1717.6,8048,141
1048576,2,128,mixed,47.99394961446524,1,[8223],8223,8223.0,8223,1028,1048571,"[8177,419,84,34,13]",13,1745.4,8177,1029
1048576,2,129,mixed,35.573252476751804,2,"[8224,8192]",8192,8208.0,8224,610,1048565,"[1423,90]",90,756.5,1423,612
1048576,2,130,mixed,35.65634973347187,2,"[8225,8193]",8193,8209.0,8225,477,1048575,"[2030,93,36]",36,719.6666666666666,2030,479
1048576,2,131,mixed,35.369389690458775,2,"[8226,8194]",8194,8210.0,8226,390,1048515,[2493],2493,2493.0,2493,392
1048576,2,132,mixed,36.22990753501654,2,"[8227,8195]",8195,8211.0,8227,352,1048576,"[2883,105,38,14,5]",5,609.0,2883,354
1048576,2,133,mixed,36.865237168967724,2,"[8228,8196]",8196,8212.0,8228,314,1048571,"[3226,111,39]",39,1125.3333333333333,3226,316
1048576,2,134,mixed,37.59299777448177,2,"[8229,8197]",8197,8213.0,8229,285,1048515,[3536],3536,3536.0,3536,287
1048576,2,135,mixed,38.09487912803888,2,"[8230,8198]",8198,8214.0,8230,274,1048574,"[3821,113,41,15,6]",6,799.2,3821,276
1048576,2,136,mixed,37.55396977066994,2,"[8231,8199]",8199,8215.0,8231,249,1048539,[4086],4086,4086.0,4086,251
1048576,2,137,mixed,37.81886771321297,2,"[8232,8200]",8200,8216.0,8232,254,1048573,"[4335,119,42,16]",16,1128.0,4335,256
1048576,2,138,mixed,38.44464849680662,2,"[8233,8201]",8201,8217.0,8233,255,1048571,"[4570,135,43]",43,1582.6666666666667,4570,257
1048576,2,139,mixed,38.65691926330328,2,"[8234,8202]",8202,8218.0,8234,242,1048572,"[4793,164,46,18]",18,1255.25,4793,244
1048576,2,140,mixed,38.25834020972252,2,"[8235,8203]",8203,8219.0,8235,212,1048560,"[5006,191,47]",47,1748.0,5006,214
1048576,2,141,mixed,38.50481379777193,2,"[8236,8204]",8204,8220.0,8236,210,1048561,"[5211,197,48]",48,1818.6666666666667,5211,212
1048576,2,142,mixed,38.771020248532295,2,"[8237,8205]",8205,8221.0,8237,205,1048574,"[5408,209,49]",49,1888.6666666666667,5408,207
1048576,2,143,mixed,38.81118539720774,2,"[8238,8206]",8206,8222.0,8238,193,1048564,"[5598,222,51]",51,1957.0,5598,195
1048576,2,144,mixed,38.882154040038586,2,"[8239,8207]",8207,8223.0,8239,196,1048576,"[5782,228,54,19]",19,1520.75,5782,198
1048576,2,145,mixed,39.75031338632107,2,"[8240,8208]",8208,8224.0,8240,187,1048573,"[5960,242,56,21]",21,1569.75,5960,189
1048576,2,146,mixed,40.68221990019083,2,"[8241,8209]",8209,8225.0,8241,186,1048570,"[6133,251,59,23]",23,1616.5,6133,188
1048576,2,147,mixed,40.409427136182785,2,"[8242,8210]",8210,8226.0,8242,171,1048573,"[6301,266,61]",61,2209.3333333333335,6301,173
1048576,2,148,mixed,40.25573469698429,2,"[8243,8211]",8211,8227.0,8243,167,1048570,"[6465,272,62]",62,2266.3333333333335,6465,169
1048576,2,149,mixed,40.08683282881975,2,"[8244,8212]",8212,8228.0,8244,166,1048561,"[6625,276]",276,3450.5,6625,168
1048576,2,150,mixed,41.04217700660229,2,"[8245,8213]",8213,8229.0,8245,178,1048573,"[6781,286,65,24,7]",7,1432.6,6781,180
1048576,2,151,mixed,40.50933197140694,2,"[8246,8214]",8214,8230.0,8246,167,1048573,"[6933,306,69,25]",25,1833.25,6933,169
1048576,2,152,mixed,40.87148793041706,2,"[8247,8215]",8215,8231.0,8247,165,1048576,"[7082,319,73,26,8,3]",3,1251.8333333333333,7082,167
1048576,2,153,mixed,40.918183512985706,2,"[8248,8216]",8216,8232.0,8248,161,1048574,"[7228,330,76,28]",28,1915.5,7228,163
1048576,2,154,mixed,40.97869899123907,2,"[8249,8217]",8217,8233.0,8249,159,1048517,"[7371,343]",343,3857.0,7371,161
1048576,2,155,mixed,41.323729790747166,2,"[8250,8218]",8218,8234.0,8250,148,1048576,"[7511,362,79,30]",30,1995.5,7511,150
1048576,2,156,mixed,41.19796026498079,2,"[8251,8219]",8219,8235.0,8251,157,1048574,"[7649,368,82,31]",31,2032.5,7649,159
1048576,2,157,mixed,41.553568094968796,2,"[8252,8220]",8220,8236.0,8252,145,1048571,"[7784,385,86]",86,2751.6666666666665,7784,147
1048576,2,158,mixed,41.897437535226345,2,"[8253,8221]",8221,8237.0,8253,138,1048573,"[7917,396]",396,4156.5,7917,140
1048576,2,159,mixed,41.945358738303185,2,"[8254,8222]",8222,8238.0,8254,137,1048557,"[8048,403,87]",87,2846.0,8048,139
1048576,2,160,mixed,48.381632193923,1,[8223],8223,8223.0,8223,1047,1048576,"[8177,407,91,32,9,5,2,0,0]",0,969.2222222222222,8177,1048
1048576,2,161,mixed,35.908691585063934,2,"[8224,8192]",8192,8208.0,8224,615,1048567,"[1419,104,33]",33,518.6666666666666,1419,617
1048576,2,162,mixed,35.62508802860975,2,"[8225,8193]",8193,8209.0,8225,468,1048573,"[2027,110,34,11,6]",6,437.6,2027,470
1048576,2,163,mixed,35.5549119412899,2,"[8226,8194]",8194,8210.0,8226,398,1048576,"[2491,111,35]",35,879.0,2491,400
1048576,2,164,mixed,35.89188028126955,2,"[8227,8195]",8195,8211.0,8227,354,1048543,"[2881,118]",118,1499.5,2881,356
1048576,2,165,mixed,36.461157724261284,2,"[8228,8196]",8196,8212.0,8228,317,1048576,"[3224,129]",129,1676.5,3224,319
1048576,2,166,mixed,37.389324977993965,2,"[8229,8197]",8197,8213.0,8229,291,1048574,"[3534,136,36]",36,1235.3333333333333,3534,293
1048576,2,167,mixed,37.34667878597975,2,"[8230,8198]",8198,8214.0,8230,277,1048569,"[3819,140,38,12]",12,1002.25,3819,279
1048576,2,168,mixed,37.556727416813374,2,"[8231,8199]",8199,8215.0,8231,254,1048576,"[4084,148,41]",41,1424.3333333333333,4084,256
1048576,2,169,mixed,37.81383950263262,2,"[8232,8200]",8200,8216.0,8232,251,1048537,"[4333,151]",151,2242.0,4333,253
1048576,2,170,mixed,37.71440498530865,2,"[8233,8201]",8201,8217.0,8233,224,1048432,[4568],4568,4568.0,4568,226
1048576,2,171,mixed,38.0053399130702,2,"[8234,8202]",8202,8218.0,8234,214,1048493,[4792],4792,4792.0,4792,216
1048576,2,172,mixed,38.2483983412385,2,"[8235,8203]",8203,8219.0,8235,212,1048542,"[5006,167]",167,2586.5,5006,214
1048576,2,173,mixed,38.46378065645695,2,"[8236,8204]",8204,8220.0,8236,214,1048572,"[5211,174,43,13]",13,1360.25,5211,216
1048576,2,174,mixed,38.54317590594292,2,"[8237,8205]",8205,8221.0,8237,211,1048575,"[5408,187,46,14,7,3]",3,944.1666666666666,5408,213
1048576,2,175,mixed,38.667187094688416,2,"[8238,8206]",8206,8222.0,8238,194,1048572,"[5598,201,49,16]",16,1466.0,5598,196
1048576,2,176,mixed,39.469415321946144,2,"[8239,8207]",8207,8223.0,8239,200,1048576,"[5782,208,50,18,8,4]",4,1011.6666666666666,5782,202
1048576,2,177,mixed,39.98081851750612,2,"[8240,8208]",8208,8224.0,8240,187,1048568,"[5960,223,53,20]",20,1564.0,5960,189
1048576,2,178,mixed,40.31814821064472,2,"[8241,8209]",8209,8225.0,8241,187,1048575,"[6133,233,55]",55,2140.3333333333335,6133,189
1048576,2,179,mixed,40.3117211535573,2,"[8242,8210]",8210,8226.0,8242,174,1048575,"[6301,249,58,22]",22,1657.5,6301,176
1048576,2,180,mixed,40.59300571680069,2,"[8243,8211]",8211,8227.0,8243,165,1048570,"[6465,255]",255,3360.0,6465,167
1048576,2,181,mixed,40.29782209545374,2,"[8244,8212]",8212,8228.0,8244,170,1048575,"[6625,260,60,24]",24,1742.25,6625,172
1048576,2,182,mixed,40.540642105042934,2,"[8245,8213]",8213,8229.0,8245,174,1048533,"[6781,270]",270,3525.5,6781,176
1048576,2,183,mixed,40.707132779061794,2,"[8246,8214]",8214,8230.0,8246,167,1048567,"[6933,292,62,26]",26,1828.25,6933,169
1048576,2,184,mixed,41.41669627279043,2,"[8247,8215]",8215,8231.0,8247,164,1048576,"[7082,306,64,28,9,5,1]",1,1070.7142857142858,7082,166
1048576,2,185,mixed,41.21679626405239,2,"[8248,8216]",8216,8232.0,8248,162,1048575,"[7228,318,65,29,11,6,2]",2,1094.142857142857,7228,164
1048576,2,186,mixed,41.49159975349903,2,"[8249,8217]",8217,8233.0,8249,164,1048575,"[7371,332,66,30]",30,1949.75,7371,166
1048576,2,187,mixed,41.16070829331875,2,"[8250,8218]",8218,8234.0,8250,151,1048576,"[7511,351,69,32,12,7]",7,1330.3333333333333,7511,153
1048576,2,188,mixed,41.40910413116217,2,"[8251,8219]",8219,8235.0,8251,156,1048575,"[7649,357,73,33]",33,2028.0,7649,158
1048576,2,189,mixed,41.61223117262125,2,"[8252,8220]",8220,8236.0,8252,148,1048576,"[7784,375,75,34,13]",13,1656.2,7784,150
1048576,2,190,mixed,41.475193575024605,2,"[8253,8221]",8221,8237.0,8253,138,1048503,"[7917,386]",386,4151.5,7917,140
1048576,2,191,mixed,42.30869375169277,2,"[8254,8222]",8222,8238.0,8254,134,1048557,"[8048,393]",393,4220.5,8048,136
1048576,2,192,mixed,48.19038603454828,1,[8223],8223,8223.0,8223,1045,1048576,"[8177,398,77,35,14,8,3,1]",1,1089.125,8177,1046
1048576,2,193,mixed,36.557442508637905,2,"[8224,8192]",8192,8208.0,8224,628,1048542,"[1417,83]",83,750.0,1417,630
1048576,2,194,mixed,35.8818294480443,2,"[8225,8193]",8193,8209.0,8225,474,1048565,"[2025,103]",103,1064.0,2025,476
1048576,2,195,mixed,37.06599958240986,2,"[8226,8194]",8194,8210.0,8226,405,1048568,"[2489,113,36,15]",15,663.25,2489,407
1048576,2,196,mixed,37.37407922744751,2,"[8227,8195]",8195,8211.0,8227,361,1048576,"[2879,126,37,16]",16,764.5,2879,363
1048576,2,197,mixed,36.76249645650387,2,"[8228,8196]",8196,8212.0,8228,322,1048569,"[3222,141,38]",38,1133.6666666666667,3222,324
1048576,2,198,mixed,38.103822618722916,2,"[8229,8197]",8197,8213.0,8229,296,1048572,"[3532,151,40,18,9]",9,750.0,3532,298
1048576,2,199,mixed,37.42528427392244,2,"[8230,8198]",8198,8214.0,8230,276,1048554,"[3817,158]",158,1987.5,3817,278
1048576,2,200,mixed,37.93743439018726,2,"[8231,8199]",8199,8215.0,8231,259,1048576,"[4082,169,42,19]",19,1078.0,4082,261
1048576,2,201,mixed,37.79136948287487,2,"[8232,8200]",8200,8216.0,8232,254,1048576,"[4331,174,45]",45,1516.6666666666667,4331,256
1048576,2,202,mixed,37.75342833250761,2,"[8233,8201]",8201,8217.0,8233,227,1048560,"[4566,190]",190,2378.0,4566,229
1048576,2,203,mixed,38.04931603372097,2,"[8234,8202]",8202,8218.0,8234,219,1048575,"[4790,193,48,21]",21,1263.0,4790,221
1048576,2,204,mixed,38.318706676363945,2,"[8235,8203]",8203,8219.0,8235,213,1048531,"[5004,195]",195,2599.5,5004,215
1048576,2,205,mixed,38.47195766866207,2,"[8236,8204]",8204,8220.0,8236,213,1048562,"[5209,203,50]",50,1820.6666666666667,5209,215
1048576,2,206,mixed,38.662719540297985,2,"[8237,8205]",8205,8221.0,8237,208,1048570,"[5406,216,53,22]",22,1424.25,5406,210
1048576,2,207,mixed,38.66326529532671,2,"[8238,8206]",8206,8222.0,8238,192,1048560,"[5596,230]",230,2913.0,5596,194
1048576,2,208,mixed,38.97155076265335,2,"[8239,8207]",8207,8223.0,8239,195,1048574,"[5780,238,55]",55,2024.3333333333333,5780,197
1048576,2,209,mixed,40.132785215973854,2,"[8240,8208]",8208,8224.0,8240,187,1048572,"[5958,253,57,24]",24,1573.0,5958,189
1048576,2,210,mixed,40.091014467179775,2,"[8241,8209]",8209,8225.0,8241,184,1048548,"[6131,263]",263,3197.0,6131,186
1048576,2,211,mixed,40.22077936679125,2,"[8242,8210]",8210,8226.0,8242,171,1048547,"[6299,279]",279,3289.0,6299,173
1048576,2,212,mixed,40.21957144141197,2,"[8243,8211]",8211,8227.0,8243,171,1048576,"[6463,286,60,25,10,4]",4,1141.3333333333333,6463,173
1048576,2,213,mixed,40.42810667306185,2,"[8244,8212]",8212,8228.0,8244,173,1048576,"[6623,291,62,26,11,6,2,0]",0,877.625,6623,175
1048576,2,214,mixed,41.34490620344877,2,"[8245,8213]",8213,8229.0,8245,178,1048573,"[6779,301,64,27,12]",12,1436.6,6779,180
1048576,2,215,mixed,41.387829929590225,2,"[8246,8214]",8214,8230.0,8246,164,1048562,"[6931,321,68]",68,2440.0,6931,166
1048576,2,216,mixed,40.776366367936134,2,"[8247,8215]",8215,8231.0,8247,158,1048509,"[7080,335]",335,3707.5,7080,160
1048576,2,217,mixed,40.88924452662468,2,"[8248,8216]",8216,8232.0,8248,161,1048576,"[7226,347,69]",69,2547.3333333333335,7226,163
1048576,2,218,mixed,41.154625825583935,2,"[8249,8217]",8217,8233.0,8249,159,1048560,"[7369,360]",360,3864.5,7369,161
1048576,2,219,mixed,41.916985996067524,2,"[8250,8218]",8218,8234.0,8250,145,1048514,"[7509,379]",379,3944.0,7509,147
1048576,2,220,mixed,42.31694247573614,2,"[8251,8219]",8219,8235.0,8251,157,1048575,"[7647,386,74,28]",28,2033.75,7647,159
1048576,2,221,mixed,42.042309418320656,2,"[8252,8220]",8220,8236.0,8252,146,1048575,"[7782,403,78]",78,2754.3333333333335,7782,148
1048576,2,222,mixed,41.965861804783344,2,"[8253,8221]",8221,8237.0,8253,144,1048576,"[7915,414,80,29,13,7,3,1]",1,1057.75,7915,146
1048576,2,223,mixed,42.1927934512496,2,"[8254,8222]",8222,8238.0,8254,138,1048576,"[8046,421,81,30,14,8]",8,1433.3333333333333,8046,140
1048576,2,224,mixed,47.45614901185036,1,[8223],8223,8223.0,8223,1022,1048576,"[8175,426,82,31,15,9]",9,1456.3333333333333,8175,1023
1048576,2,225,mixed,36.289517767727375,2,"[8224,8192]",8192,8208.0,8224,615,1048566,"[1413,97,32,16]",16,389.5,1413,617
1048576,2,226,mixed,36.42464708536863,2,"[8225,8193]",8193,8209.0,8225,484,1048576,"[2023,99,34]",34,718.6666666666666,2023,486
1048576,2,227,mixed,36.28389537334442,2,"[8226,8194]",8194,8210.0,8226,411,1048566,"[2487,117,36]",36,880.0,2487,413
1048576,2,228,mixed,36.562466993927956,2,"[8227,8195]",8195,8211.0,8227,362,1048562,"[2877,135]",135,1506.0,2877,364
1048576,2,229,mixed,36.74931451678276,2,"[8228,8196]",8196,8212.0,8228,326,1048575,"[3220,154,39,17]",17,857.5,3220,328
1048576,2,230,mixed,37.825425155460835,2,"[8229,8197]",8197,8213.0,8229,296,1048571,"[3530,167,40]",40,1245.6666666666667,3530,298
1048576,2,231,mixed,37.25085221230984,2,"[8230,8198]",8198,8214.0,8230,281,1048571,"[3815,177,41,19]",19,1013.0,3815,283
1048576,2,232,mixed,38.17861992865801,2,"[8231,8199]",8199,8215.0,8231,264,1048575,"[4080,189,44,20,10,4,2,0]",0,543.625,4080,266
1048576,2,233,mixed,38.49550150334835,2,"[8232,8200]",8200,8216.0,8232,252,1048530,"[4329,196]",196,2262.5,4329,254
1048576,2,234,mixed,37.7464834600687,2,"[8233,8201]",8201,8217.0,8233,232,1048567,"[4564,213,47,21]",21,1211.25,4564,234
1048576,2,235,mixed,37.89387922734022,2,"[8234,8202]",8202,8218.0,8234,219,1048566,"[4788,217,50]",50,1685.0,4788,221
1048576,2,236,mixed,38.28003071248531,2,"[8235,8203]",8203,8219.0,8235,214,1048559,"[5002,221]",221,2611.5,5002,216
1048576,2,237,mixed,38.557739928364754,2,"[8236,8204]",8204,8220.0,8236,215,1048569,"[5207,230,51,22]",22,1377.5,5207,217
1048576,2,238,mixed,38.795480504631996,2,"[8237,8205]",8205,8221.0,8237,208,1048574,"[5404,243,54,24]",24,1431.25,5404,210
1048576,2,239,mixed,38.84532582014799,2,"[8238,8206]",8206,8222.0,8238,197,1048575,"[5594,257,56,26,11]",11,1188.8,5594,199
1048576,2,240,mixed,38.95789012312889,2,"[8239,8207]",8207,8223.0,8239,194,1048569,"[5778,265,58]",58,2033.6666666666667,5778,196
1048576,2,241,mixed,39.547416381537914,2,"[8240,8208]",8208,8224.0,8240,188,1048568,"[5956,280,59,27]",27,1580.5,5956,190
1048576,2,242,mixed,40.304986760020256,2,"[8241,8209]",8209,8225.0,8241,188,1048576,"[6129,290,63,28,13]",13,1304.6,6129,190
1048576,2,243,mixed,40.450695902109146,2,"[8242,8210]",8210,8226.0,8242,174,1048566,"[6297,305,66,29]",29,1674.25,6297,176
1048576,2,244,mixed,40.09050223976374,2,"[8243,8211]",8211,8227.0,8243,166,1048533,"[6461,312]",312,3386.5,6461,168
1048576,2,245,mixed,40.49387946724892,2,"[8244,8212]",8212,8228.0,8244,169,1048567,"[6621,318,68]",68,2335.6666666666665,6621,171
1048576,2,246,mixed,40.50952661782503,2,"[8245,8213]",8213,8229.0,8245,173,1048574,"[6777,328,71]",71,2392.0,6777,175
1048576,2,247,mixed,40.50892498344183,2,"[8246,8214]",8214,8230.0,8246,163,1048573,"[6929,348]",348,3638.5,6929,165
1048576,2,248,mixed,40.75514152646065,2,"[8247,8215]",8215,8231.0,8247,158,1048541,"[7078,362]",362,3720.0,7078,160
1048576,2,249,mixed,41.68754816055298,2,"[8248,8216]",8216,8232.0,8248,161,1048566,"[7224,374,72,30]",30,1925.0,7224,163
1048576,2,250,mixed,41.86709877103567,2,"[8249,8217]",8217,8233.0,8249,161,1048573,"[7367,387,75,32]",32,1965.25,7367,163
1048576,2,251,mixed,41.61490220576525,2,"[8250,8218]",8218,8234.0,8250,148,1048567,"[7507,405,77,33]",33,2005.5,7507,150
1048576,2,252,mixed,41.71052481979132,2,"[8251,8219]",8219,8235.0,8251,154,1048571,"[7645,412,78]",78,2711.6666666666665,7645,156
1048576,2,253,mixed,41.80665500462055,2,"[8252,8220]",8220,8236.0,8252,148,1048574,"[7780,429,80,35,14,5]",5,1390.5,7780,150
1048576,2,254,mixed,42.51124430447817,2,"[8253,8221]",8221,8237.0,8253,142,1048575,"[7913,440,81,36,15]",15,1697.0,7913,144
1048576,2,255,mixed,42.11789648979902,2,"[8254,8222]",8222,8238.0,8254,137,1048566,"[8044,447,83]",83,2858.0,8044,139
1048576,2,256,mixed,48.477369360625744,1,[8223],8223,8223.0,8223,986,1048561,"[8173,452,86,37]",37,2187.0,8173,987
1048576,2,257,mixed,36.45808342844248,2,"[8224,8192]",8192,8208.0,8224,612,1048570,"[1410,93]",93,751.5,1410,614
1048576,2,258,mixed,36.7235392332077,2,"[8225,8193]",8193,8209.0,8225,472,1048571,"[2021,94,39,16]",16,542.5,2021,474
1048576,2,259,mixed,36.39249876141548,2,"[8226,8194]",8194,8210.0,8226,415,1048560,"[2486,98]",98,1292.0,2486,417
1048576,2,260,mixed,36.457376554608345,2,"[8227,8195]",8195,8211.0,8227,366,1048569,"[2876,123]",123,1499.5,2876,368
1048576,2,261,mixed,36.7198484018445,2,"[8228,8196]",8196,8212.0,8228,326,1048567,"[3219,146]",146,1682.5,3219,328
1048576,2,262,mixed,37.29871567338705,2,"[8229,8197]",8197,8213.0,8229,297,1048542,"[3529,162]",162,1845.5,3529,299
1048576,2,263,mixed,37.08295524120331,2,"[8230,8198]",8198,8214.0,8230,282,1048576,"[3814,174,40,18]",18,1011.5,3814,284
1048576,2,264,mixed,37.783121690154076,2,"[8231,8199]",8199,8215.0,8231,259,1048575,"[4079,188,41]",41,1436.0,4079,261
1048576,2,265,mixed,37.71521430462599,2,"[8232,8200]",8200,8216.0,8232,254,1048570,"[4328,197,42]",42,1522.3333333333333,4328,256
1048576,2,266,mixed,37.788690999150276,2,"[8233,8201]",8201,8217.0,8233,235,1048573,"[4563,215,43,20,6]",6,969.4,4563,237
1048576,2,267,mixed,38.03827241063118,2,"[8234,8202]",8202,8218.0,8234,219,1048538,"[4787,220]",220,2503.5,4787,221
1048576,2,268,mixed,38.30648306757212,2,"[8235,8203]",8203,8219.0,8235,220,1048575,"[5001,225,46,21,8]",8,1060.2,5001,222
1048576,2,269,mixed,38.450686261057854,2,"[8236,8204]",8204,8220.0,8236,213,1048567,"[5206,234,49]",49,1829.6666666666667,5206,215
1048576,2,270,mixed,38.73796854168177,2,"[8237,8205]",8205,8221.0,8237,205,1048555,"[5403,248]",248,2825.5,5403,207
1048576,2,271,mixed,38.927020505070686,2,"[8238,8206]",8206,8222.0,8238,193,1048544,"[5593,263]",263,2928.0,5593,195
1048576,2,272,mixed,39.452970027923584,2,"[8239,8207]",8207,8223.0,8239,197,1048576,"[5777,272,51,22,10]",10,1226.4,5777,199
1048576,2,273,mixed,40.58780986815691,2,"[8240,8208]",8208,8224.0,8240,186,1048567,"[5955,287,53,23]",23,1579.5,5955,188
1048576,2,274,mixed,40.28628394007683,2,"[8241,8209]",8209,8225.0,8241,188,1048575,"[6128,298,54]",54,2160.0,6128,190
1048576,2,275,mixed,40.018520317971706,2,"[8242,8210]",8210,8226.0,8242,177,1048576,"[6296,313,59,24,11]",11,1340.6,6296,179
1048576,2,276,mixed,40.414003655314445,2,"[8243,8211]",8211,8227.0,8243,169,1048576,"[6460,320,63,25]",25,1717.0,6460,171
1048576,2,277,mixed,40.22863507270813,2,"[8244,8212]",8212,8228.0,8244,170,1048551,"[6620,326,65]",65,2337.0,6620,172
1048576,2,278,mixed,41.000000201165676,2,"[8245,8213]",8213,8229.0,8245,153,1048509,[6776],6776,6776.0,6776,155
1048576,2,279,mixed,40.944140404462814,2,"[8246,8214]",8214,8230.0,8246,166,1048573,"[6929,336,69,26]",26,1840.0,6929,168
1048576,2,280,mixed,40.829305537045,2,"[8247,8215]",8215,8231.0,8247,161,1048570,"[7078,350,71,27]",27,1881.5,7078,163
1048576,2,281,mixed,41.188791394233704,2,"[8248,8216]",8216,8232.0,8248,158,1048575,"[7224,362,73]",73,2553.0,7224,160
1048576,2,282,mixed,41.924528777599335,2,"[8249,8217]",8217,8233.0,8249,163,1048574,"[7367,376,74]",74,2605.6666666666665,7367,165
1048576,2,283,mixed,42.00647585093975,2,"[8250,8218]",8218,8234.0,8250,150,1048576,"[7507,394,79,28,12]",12,1604.0,7507,152
1048576,2,284,mixed,41.867624036967754,2,"[8251,8219]",8219,8235.0,8251,156,1048559,"[7645,401,81]",81,2709.0,7645,158
1048576,2,285,mixed,41.762190870940685,2,"[8252,8220]",8220,8236.0,8252,147,1048576,"[7780,418,85]",85,2761.0,7780,149
1048576,2,286,mixed,41.7052935808897,2,"[8253,8221]",8221,8237.0,8253,141,1048550,"[7913,429,88]",88,2810.0,7913,143
1048576,2,287,mixed,41.94927588105202,2,"[8254,8222]",8222,8238.0,8254,138,1048566,"[8044,436,91,30]",30,2150.25,8044,140
1048576,2,288,mixed,47.49621916562319,1,[8223],8223,8223.0,8223,985,1048544,"[8173,441]",441,4307.0,8173,986
1048576,2,289,mixed,36.8389505892992,2,"[8224,8192]",8192,8208.0,8224,631,1048571,"[1407,94,31]",31,510.6666666666667,1407,633
1048576,2,290,mixed,36.83185204863548,2,"[8225,8193]",8193,8209.0,8225,485,1048574,"[2018,112,33,13,3,1]",1,363.3333333333333,2018,487
1048576,2,291,mixed,36.3423228263855,2,"[8226,8194]",8194,8210.0,8226,400,1048576,"[2483,127,34]",34,881.3333333333334,2483,402
1048576,2,292,mixed,36.24078072607517,2,"[8227,8195]",8195,8211.0,8227,348,1048546,"[2874,135]",135,1504.5,2874,350
1048576,2,293,mixed,36.56893689185381,2,"[8228,8196]",8196,8212.0,8228,331,1048569,"[3218,139,35]",35,1130.6666666666667,3218,333
1048576,2,294,mixed,37.44965326040983,2,"[8229,8197]",8197,8213.0,8229,299,1048538,"[3528,157]",157,1842.5,3528,301
1048576,2,295,mixed,37.17643674463034,2,"[8230,8198]",8198,8214.0,8230,281,1048562,"[3813,171]",171,1992.0,3813,283
1048576,2,296,mixed,38.47903199493885,2,"[8231,8199]",8199,8215.0,8231,264,1048575,"[4078,187,38,14,5,2]",2,720.6666666666666,4078,266
1048576,2,297,mixed,39.10511173307896,2,"[8232,8200]",8200,8216.0,8232,258,1048576,"[4327,197,40,15,6,3]",3,764.6666666666666,4327,260
1048576,2,298,mixed,37.747361697256565,2,"[8233,8201]",8201,8217.0,8233,235,1048569,"[4562,216,41,16]",16,1208.75,4562,237
1048576,2,299,mixed,38.051217794418335,2,"[8234,8202]",8202,8218.0,8234,220,1048562,"[4786,222]",222,2504.0,4786,222
1048576,2,300,mixed,39.55681994557381,2,"[8235,8203]",8203,8219.0,8235,220,1048573,"[5000,228,44,18,7,4]",4,883.5,5000,222
1048576,2,301,mixed,38.43731340020895,2,"[8236,8204]",8204,8220.0,8236,216,1048570,"[5205,238,46]",46,1829.6666666666667,5205,218
1048576,2,302,mixed,38.854679092764854,2,"[8237,8205]",8205,8221.0,8237,209,1048571,"[5402,252,51,19]",19,1431.0,5402,211
1048576,2,303,mixed,39.06989376991987,2,"[8238,8206]",8206,8222.0,8238,196,1048561,"[5592,267,53]",53,1970.6666666666667,5592,198
1048576,2,304,mixed,39.218383841216564,2,"[8239,8207]",8207,8223.0,8239,198,1048575,"[5776,276,56,21]",21,1532.25,5776,200
1048576,2,305,mixed,39.36006873846054,2,"[8240,8208]",8208,8224.0,8240,188,1048569,"[5954,291,60,22]",22,1581.75,5954,190
1048576,2,306,mixed,39.65647425502539,2,"[8241,8209]",8209,8225.0,8241,185,1048564,"[6127,302,63]",63,2164.0,6127,187
1048576,2,307,mixed,40.224138647317886,2,"[8242,8210]",8210,8226.0,8242,173,1048555,"[6295,318,64]",64,2225.6666666666665,6295,175
1048576,2,308,mixed,40.48335924744606,2,"[8243,8211]",8211,8227.0,8243,170,1048567,"[6459,326,65]",65,2283.3333333333335,6459,172
1048576,2,309,mixed,40.496859699487686,2,"[8244,8212]",8212,8228.0,8244,167,1048528,"[6619,332]",332,3475.5,6619,169
1048576,2,310,mixed,41.12421441823244,2,"[8245,8213]",8213,8229.0,8245,153,1048356,[6775],6775,6775.0,6775,155
1048576,2,311,mixed,40.678574703633785,2,"[8246,8214]",8214,8230.0,8246,166,1048567,"[6928,343,69]",69,2446.6666666666665,6928,168
1048576,2,312,mixed,40.95683712512255,2,"[8247,8215]",8215,8231.0,8247,161,1048557,"[7077,357,72]",72,2502.0,7077,163
1048576,2,313,mixed,41.09550267457962,2,"[8248,8216]",8216,8232.0,8248,161,1048575,"[7223,369,75,23,8]",8,1539.6,7223,163
1048576,2,314,mixed,41.12983215600252,2,"[8249,8217]",8217,8233.0,8249,163,1048570,"[7366,383,76]",76,2608.3333333333335,7366,165
1048576,2,315,mixed,41.218819096684456,2,"[8250,8218]",8218,8234.0,8250,152,1048571,"[7506,401,81,24,10,5]",5,1337.8333333333333,7506,154
1048576,2,316,mixed,41.53547715395689,2,"[8251,8219]",8219,8235.0,8251,156,1048555,"[7644,408,84]",84,2712.0,7644,158
1048576,2,317,mixed,41.82771593332291,2,"[8252,8220]",8220,8236.0,8252,150,1048575,"[7779,425,88,26,11,6]",6,1389.1666666666667,7779,152
1048576,2,318,mixed,42.10473224520683,2,"[8253,8221]",8221,8237.0,8253,142,1048572,"[7912,436,91]",91,2813.0,7912,144
1048576,2,319,mixed,42.01763775199652,2,"[8254,8222]",8222,8238.0,8254,138,1048552,"[8043,443,95]",95,2860.3333333333335,8043,140
1048576,2,320,mixed,47.262370586395264,1,[8223],8223,8223.0,8223,984,1048574,"[8172,448,99,27,12]",12,1751.6,8172,985
1048576,2,321,mixed,35.53414158523083,2,"[8224,8192]",8192,8208.0,8224,616,1048548,"[1403,104]",104,753.5,1403,618
1048576,2,322,mixed,35.74617113918066,2,"[8225,8193]",8193,8209.0,8225,472,1048576,"[2016,107,29,14]",14,541.5,2016,474
1048576,2,323,mixed,35.62382888048887,2,"[8226,8194]",8194,8210.0,8226,407,1048574,"[2482,109,31,16,7]",7,529.0,2482,409
1048576,2,324,mixed,36.157894879579544,2,"[8227,8195]",8195,8211.0,8227,352,1048561,"[2873,121,33]",33,1009.0,2873,354
1048576,2,325,mixed,36.61367204040289,2,"[8228,8196]",8196,8212.0,8228,332,1048544,"[3217,128]",128,1672.5,3217,334
1048576,2,326,mixed,37.23367862403393,2,"[8229,8197]",8197,8213.0,8229,304,1048575,"[3527,150,34,17]",17,932.0,3527,306
1048576,2,327,mixed,38.384148851037025,2,"[8230,8198]",8198,8214.0,8230,287,1048573,"[3812,166,36,18]",18,1008.0,3812,289
1048576,2,328,mixed,37.86819148808718,2,"[8231,8199]",8199,8215.0,8231,261,1048572,"[4077,183]",183,2130.0,4077,263
1048576,2,329,mixed,38.10498397797346,2,"[8232,8200]",8200,8216.0,8232,258,1048576,"[4326,195,40]",40,1520.3333333333333,4326,260
1048576,2,330,mixed,37.7619219943881,2,"[8233,8201]",8201,8217.0,8233,236,1048573,"[4561,215,43,19]",19,1209.5,4561,238
1048576,2,331,mixed,37.95539028942585,2,"[8234,8202]",8202,8218.0,8234,226,1048573,"[4785,222,46,21,8]",8,1016.4,4785,228
1048576,2,332,mixed,38.34377322345972,2,"[8235,8203]",8203,8219.0,8235,219,1048568,"[4999,228,50,22,9]",9,1061.6,4999,221
1048576,2,333,mixed,38.49220275878906,2,"[8236,8204]",8204,8220.0,8236,215,1048555,"[5204,239,51]",51,1831.3333333333333,5204,217
1048576,2,334,mixed,38.71554788202047,2,"[8237,8205]",8205,8221.0,8237,206,1048535,"[5401,254]",254,2827.5,5401,208
1048576,2,335,mixed,39.0564389526844,2,"[8238,8206]",8206,8222.0,8238,195,1048574,"[5591,270,54]",54,1971.6666666666667,5591,197
1048576,2,336,mixed,39.22864329069853,2,"[8239,8207]",8207,8223.0,8239,195,1048553,"[5775,280,55]",55,2036.6666666666667,5775,197
1048576,2,337,mixed,39.673020131886005,2,"[8240,8208]",8208,8224.0,8240,185,1048550,"[5953,296]",296,3124.5,5953,187
1048576,2,338,mixed,39.97121471911669,2,"[8241,8209]",8209,8225.0,8241,187,1048567,"[6126,308,56,23]",23,1628.25,6126,189
1048576,2,339,mixed,40.794096887111664,2,"[8242,8210]",8210,8226.0,8242,175,1048554,"[6294,324,58]",58,2225.3333333333335,6294,177
1048576,2,340,mixed,40.21020699292421,2,"[8243,8211]",8211,8227.0,8243,168,1048574,"[6458,332,61]",61,2283.6666666666665,6458,170
1048576,2,341,mixed,40.184817276895046,2,"[8244,8212]",8212,8228.0,8244,169,1048576,"[6618,339,62]",62,2339.6666666666665,6618,171
1048576,2,342,mixed,40.35795573145151,2,"[8245,8213]",8213,8229.0,8245,154,1048554,"[6774,350]",350,3562.0,6774,156
1048576,2,343,mixed,40.80267995595932,2,"[8246,8214]",8214,8230.0,8246,168,1048566,"[6927,351,64,24]",24,1841.5,6927,170
1048576,2,344,mixed,40.96861928701401,2,"[8247,8215]",8215,8231.0,8247,162,1048563,"[7076,365,67]",67,2502.6666666666665,7076,164
1048576,2,345,mixed,41.06760956346989,2,"[8248,8216]",8216,8232.0,8248,159,1048570,"[7222,377,71]",71,2556.6666666666665,7222,161
1048576,2,346,mixed,40.58237187564373,2,"[8249,8217]",8217,8233.0,8249,141,1048476,[7365],7365,7365.0,7365,143
1048576,2,347,mixed,41.10024590045214,2,"[8250,8218]",8218,8234.0,8250,150,1048564,"[7506,391,73]",73,2656.6666666666665,7506,152
1048576,2,348,mixed,41.220370680093765,2,"[8251,8219]",8219,8235.0,8251,156,1048572,"[7644,398,78,26,10]",10,1631.2,7644,158
1048576,2,349,mixed,41.16554372012615,2,"[8252,8220]",8220,8236.0,8252,149,1048570,"[7779,416,79]",79,2758.0,7779,151
1048576,2,350,mixed,41.17235541343689,2,"[8253,8221]",8221,8237.0,8253,139,1048570,"[7912,427]",427,4169.5,7912,141
1048576,2,351,mixed,41.2381524220109,2,"[8254,8222]",8222,8238.0,8254,135,1048563,"[8043,435]",435,4239.0,8043,137
1048576,2,352,mixed,47.419498674571514,1,[8223],8223,8223.0,8223,984,1048576,"[8172,441,84,27]",27,2181.0,8172,985
1048576,2,353,mixed,35.97517870366573,2,"[8224,8192]",8192,8208.0,8224,631,1048573,"[1401,87,28,11]",11,381.75,1401,633
1048576,2,354,mixed,35.25311220437288,2,"[8225,8193]",8193,8209.0,8225,478,1048564,"[2014,103,29]",29,715.3333333333334,2014,480
1048576,2,355,mixed,36.54659725725651,2,"[8226,8194]",8194,8210.0,8226,410,1048570,"[2480,114,30]",30,874.6666666666666,2480,412
1048576,2,356,mixed,37.28334605693817,2,"[8227,8195]",8195,8211.0,8227,359,1048574,"[2871,132,31,12]",12,761.5,2871,361
1048576,2,357,mixed,37.117768079042435,2,"[8228,8196]",8196,8212.0,8228,314,1048574,"[3215,143,33,14]",14,851.25,3215,316
1048576,2,358,mixed,37.90525533258915,2,"[8229,8197]",8197,8213.0,8229,307,1048574,"[3526,144,34]",34,1234.6666666666667,3526,309
1048576,2,359,mixed,38.105715066194534,2,"[8230,8198]",8198,8214.0,8230,288,1048564,"[3811,162,38,15]",15,1006.5,3811,290
1048576,2,360,mixed,37.796939723193645,2,"[8231,8199]",8199,8215.0,8231,265,1048570,"[4076,181,41,16]",16,1078.5,4076,267
1048576,2,361,mixed,38.246423937380314,2,"[8232,8200]",8200,8216.0,8232,260,1048561,"[4325,194,42,18]",18,1144.75,4325,262
1048576,2,362,mixed,37.75477409362793,2,"[8233,8201]",8201,8217.0,8233,236,1048557,"[4560,215,45,19]",19,1209.75,4560,238
1048576,2,363,mixed,38.084075786173344,2,"[8234,8202]",8202,8218.0,8234,225,1048572,"[4784,223,48]",48,1685.0,4784,227
1048576,2,364,mixed,38.21237478405237,2,"[8235,8203]",8203,8219.0,8235,217,1048543,"[4998,230]",230,2614.0,4998,219
1048576,2,365,mixed,38.424463011324406,2,"[8236,8204]",8204,8220.0,8236,215,1048576,"[5203,242,52,20]",20,1379.25,5203,217
1048576,2,366,mixed,38.437564857304096,2,"[8237,8205]",8205,8221.0,8237,209,1048574,"[5400,258,53]",53,1903.6666666666667,5400,211
1048576,2,367,mixed,38.62848784774542,2,"[8238,8206]",8206,8222.0,8238,198,1048571,"[5590,274,56,21]",21,1485.25,5590,200
1048576,2,368,mixed,39.36118260025978,2,"[8239,8207]",8207,8223.0,8239,197,1048566,"[5774,284,59]",59,2039.0,5774,199
1048576,2,369,mixed,39.80066440999508,2,"[8240,8208]",8208,8224.0,8240,188,1048575,"[5952,300,62,22]",22,1584.0,5952,190
1048576,2,370,mixed,40.147287771105766,2,"[8241,8209]",8209,8225.0,8241,189,1048571,"[6125,312,64,23]",23,1631.0,6125,191
1048576,2,371,mixed,40.39532784372568,2,"[8242,8210]",8210,8226.0,8242,178,1048573,"[6293,328,67,25]",25,1678.25,6293,180
1048576,2,372,mixed,39.89379294216633,2,"[8243,8211]",8211,8227.0,8243,170,1048553,"[6457,336,71,27]",27,1722.75,6457,172
1048576,2,373,mixed,40.292746387422085,2,"[8244,8212]",8212,8228.0,8244,170,1048562,"[6617,343,73]",73,2344.3333333333335,6617,172
1048576,2,374,mixed,40.36073666065931,2,"[8245,8213]",8213,8229.0,8245,156,1048560,"[6773,354,76]",76,2401.0,6773,158
1048576,2,375,mixed,40.64908716827631,2,"[8246,8214]",8214,8230.0,8246,168,1048575,"[6926,355,78,28]",28,1846.75,6926,170
1048576,2,376,mixed,40.59049114584923,2,"[8247,8215]",8215,8231.0,8247,159,1048569,"[7075,369]",369,3722.0,7075,161
1048576,2,377,mixed,40.815443731844425,2,"[8248,8216]",8216,8232.0,8248,160,1048549,"[7221,382,82,29]",29,1928.5,7221,162
1048576,2,378,mixed,40.53420014679432,2,"[8249,8217]",8217,8233.0,8249,141,1048335,[7364],7364,7364.0,7364,143
1048576,2,379,mixed,40.96502810716629,2,"[8250,8218]",8218,8234.0,8250,147,1048570,"[7505,396,84]",84,2661.6666666666665,7505,149
1048576,2,380,mixed,41.21061321347952,2,"[8251,8219]",8219,8235.0,8251,155,1048545,"[7643,404,85,30]",30,2040.5,7643,157
1048576,2,381,mixed,41.296906769275665,2,"[8252,8220]",8220,8236.0,8252,145,1048527,"[7778,422]",422,4100.0,7778,147
1048576,2,382,mixed,41.30654130131006,2,"[8253,8221]",8221,8237.0,8253,139,1048495,"[7911,434]",434,4172.5,7911,141
1048576,2,383,mixed,43.217835016548634,2,"[8254,8222]",8222,8238.0,8254,136,1048563,"[8042,442,86]",86,2856.6666666666665,8042,138
1048576,2,384,mixed,48.481917940080166,1,[8223],8223,8223.0,8223,980,1048546,"[8171,448,87,31]",31,2184.25,8171,981
1048576,2,385,mixed,36.53634153306484,2,"[8224,8192]",8192,8208.0,8224,615,1048575,[1397],1397,1397.0,1397,617
1048576,2,386,mixed,36.346747539937496,2,"[8225,8193]",8193,8209.0,8225,487,1048547,"[2012,95,33]",33,713.3333333333334,2012,489
1048576,2,387,mixed,36.29431966692209,2,"[8226,8194]",8194,8210.0,8226,394,1048555,"[2478,115,34]",34,875.6666666666666,2478,396
1048576,2,388,mixed,36.67652606964111,2,"[8227,8195]",8195,8211.0,8227,361,1048553,"[2870,116,35]",35,1007.0,2870,363
1048576,2,389,mixed,36.82595118880272,2,"[8228,8196]",8196,8212.0,8228,316,1048546,"[3214,131,37]",37,1127.3333333333333,3214,318
1048576,2,390,mixed,37.0718976482749,2,"[8229,8197]",8197,8213.0,8229,309,1048548,"[3525,134,39]",39,1232.6666666666667,3525,311
1048576,2,391,mixed,38.34477439522743,2,"[8230,8198]",8198,8214.0,8230,287,1048558,"[3810,155]",155,1982.5,3810,289
1048576,2,392,mixed,37.85631246864796,2,"[8231,8199]",8199,8215.0,8231,264,1048575,"[4075,177]",177,2126.0,4075,266
1048576,2,393,mixed,37.42205910384655,2,"[8232,8200]",8200,8216.0,8232,236,1048430,[4324],4324,4324.0,4324,238
1048576,2,394,mixed,37.63986472040415,2,"[8233,8201]",8201,8217.0,8233,236,1048545,"[4560,192,42]",42,1598.0,4560,238
1048576,2,395,mixed,37.910535000264645,2,"[8234,8202]",8202,8218.0,8234,225,1048566,"[4784,201,45]",45,1676.6666666666667,4784,227
1048576,2,396,mixed,38.27337455004454,2,"[8235,8203]",8203,8219.0,8235,219,1048562,"[4998,209,48]",48,1751.6666666666667,4998,221
1048576,2,397,mixed,38.530146703124046,2,"[8236,8204]",8204,8220.0,8236,217,1048574,"[5203,222,49]",49,1824.6666666666667,5203,219
1048576,2,398,mixed,38.92314061522484,2,"[8237,8205]",8205,8221.0,8237,210,1048523,"[5400,239,52]",52,1897.0,5400,212
1048576,2,399,mixed,39.012775756418705,2,"[8238,8206]",8206,8222.0,8238,197,1048575,"[5590,256,55]",55,1967.0,5590,199
1048576,2,400,mixed,39.220319129526615,2,"[8239,8207]",8207,8223.0,8239,198,1048572,"[5774,267,57]",57,2032.6666666666667,5774,200
1048576,2,401,mixed,40.21529480814934,2,"[8240,8208]",8208,8224.0,8240,186,1048530,"[5952,284]",284,3118.0,5952,188
1048576,2,402,mixed,39.58701342344284,2,"[8241,8209]",8209,8225.0,8241,187,1048521,"[6125,297,60]",60,2160.6666666666665,6125,189
1048576,2,403,mixed,40.21619260311127,2,"[8242,8210]",8210,8226.0,8242,174,1048516,"[6293,314,62]",62,2223.0,6293,176
1048576,2,404,mixed,40.545315481722355,2,"[8243,8211]",8211,8227.0,8243,171,1048551,"[6457,323,63]",63,2281.0,6457,173
1048576,2,405,mixed,40.6824154779315,2,"[8244,8212]",8212,8228.0,8244,168,1048536,"[6617,330]",330,3473.5,6617,170
1048576,2,406,mixed,40.71705415844917,2,"[8245,8213]",8213,8229.0,8245,156,1048530,"[6773,342,67]",67,2394.0,6773,158
1048576,2,407,mixed,40.66114407032728,2,"[8246,8214]",8214,8230.0,8246,166,1048555,"[6926,343,69]",69,2446.0,6926,168
1048576,2,408,mixed,41.076150722801685,2,"[8247,8215]",8215,8231.0,8247,161,1048571,"[7075,358,71]",71,2501.3333333333335,7075,163
1048576,2,409,mixed,41.2877332419157,2,"[8248,8216]",8216,8232.0,8248,161,1048500,"[7221,371,73]",73,2555.0,7221,163
1048576,2,410,mixed,40.84778297692537,2,"[8249,8217]",8217,8233.0,8249,141,1048335,[7364],7364,7364.0,7364,143
1048576,2,411,mixed,41.09843634068966,2,"[8250,8218]",8218,8234.0,8250,148,1048554,"[7505,385,77]",77,2655.6666666666665,7505,150
1048576,2,412,mixed,41.337800212204456,2,"[8251,8219]",8219,8235.0,8251,157,1048556,"[7643,393,79]",79,2705.0,7643,159
1048576,2,413,mixed,41.48992616683245,2,"[8252,8220]",8220,8236.0,8252,147,1048564,"[7778,411,83]",83,2757.3333333333335,7778,149
1048576,2,414,mixed,41.0381555557251,2,"[8253,8221]",8221,8237.0,8253,140,1048493,"[7911,423,85]",85,2806.3333333333335,7911,142
1048576,2,415,mixed,42.254005558788776,2,"[8254,8222]",8222,8238.0,8254,136,1048497,"[8042,431,86]",86,2853.0,8042,138
1048576,2,416,mixed,47.175449319183826,1,[8223],8223,8223.0,8223,979,1048522,"[8171,437,87]",87,2898.3333333333335,8171,980
1048576,2,417,mixed,35.527391359210014,2,"[8224,8192]",8192,8208.0,8224,633,1048485,"[1394,88]",88,741.0,1394,635
1048576,2,418,mixed,35.16694251447916,2,"[8225,8193]",8193,8209.0,8225,476,1048480,"[2009,106]",106,1057.5,2009,478
1048576,2,419,mixed,35.7987591996789,2,"[8226,8194]",8194,8210.0,8226,400,1048576,"[2476,115]",115,1295.5,2476,402
1048576,2,420,mixed,35.658868961036205,2,"[8227,8195]",8195,8211.0,8227,363,1048459,"[2868,123]",123,1495.5,2868,365
1048576,2,421,mixed,37.482659332454205,2,"[8228,8196]",8196,8212.0,8228,318,1048470,"[3212,142]",142,1677.0,3212,320
1048576,2,422,mixed,37.26940043270588,2,"[8229,8197]",8197,8213.0,8229,308,1048513,"[3523,149]",149,1836.0,3523,310
1048576,2,423,mixed,37.93301805853844,2,"[8230,8198]",8198,8214.0,8230,266,1048439,[3808],3808,3808.0,3808,268
1048576,2,424,mixed,37.736560218036175,2,"[8231,8199]",8199,8215.0,8231,265,1048439,"[4074,172]",172,2123.0,4074,267
1048576,2,425,mixed,37.460627034306526,2,"[8232,8200]",8200,8216.0,8232,238,1048573,"[4323,188]",188,2255.5,4323,240
1048576,2,426,mixed,37.78737969696522,2,"[8233,8201]",8201,8217.0,8233,235,1048572,"[4559,190]",190,2374.5,4559,237
1048576,2,427,mixed,37.998647429049015,2,"[8234,8202]",8202,8218.0,8234,223,1048421,"[4783,201]",201,2492.0,4783,225
1048576,2,428,mixed,38.28613553196192,2,"[8235,8203]",8203,8219.0,8235,219,1048545,"[4997,210]",210,2603.5,4997,221
1048576,2,429,mixed,38.66214491426945,2,"[8236,8204]",8204,8220.0,8236,215,1048500,"[5202,224]",224,2713.0,5202,217
1048576,2,430,mixed,38.71390223503113,2,"[8237,8205]",8205,8221.0,8237,208,1048482,"[5399,242]",242,2820.5,5399,210
1048576,2,431,mixed,38.86678256094456,2,"[8238,8206]",8206,8222.0,8238,195,1048322,"[5589,260]",260,2924.5,5589,197
1048576,2,432,mixed,38.86781632900238,2,"[8239,8207]",8207,8223.0,8239,196,1048574,"[5773,271]",271,3022.0,5773,198
1048576,2,433,mixed,39.83548376709223,2,"[8240,8208]",8208,8224.0,8240,186,1048422,"[5951,289]",289,3120.0,5951,188
1048576,2,434,mixed,39.9518758058548,2,"[8241,8209]",8209,8225.0,8241,185,1048315,"[6124,302]",302,3213.0,6124,187
1048576,2,435,mixed,40.27328360825777,2,"[8242,8210]",8210,8226.0,8242,173,1048334,"[6292,319]",319,3305.5,6292,175
1048576,2,436,mixed,40.318455547094345,2,"[8243,8211]",8211,8227.0,8243,168,1048500,"[6456,328]",328,3392.0,6456,170
1048576,2,437,mixed,40.12393672019243,2,"[8244,8212]",8212,8228.0,8244,168,1048452,"[6616,336]",336,3476.0,6616,170
1048576,2,438,mixed,40.21911695599556,2,"[8245,8213]",8213,8229.0,8245,154,1048246,"[6772,348]",348,3560.0,6772,156
1048576,2,439,mixed,41.807024739682674,2,"[8246,8214]",8214,8230.0,8246,164,1048355,"[6925,349]",349,3637.0,6925,166
1048576,2,440,mixed,41.29037633538246,2,"[8247,8215]",8215,8231.0,8247,159,1048358,"[7074,364]",364,3719.0,7074,161
1048576,2,441,mixed,41.14109929651022,2,"[8248,8216]",8216,8232.0,8248,158,1048531,"[7220,377]",377,3798.5,7220,160
1048576,2,442,mixed,40.692985989153385,2,"[8249,8217]",8217,8233.0,8249,141,1048194,[7363],7363,7363.0,7363,143
1048576,2,443,mixed,41.50404781103134,2,"[8250,8218]",8218,8234.0,8250,146,1048315,"[7504,392]",392,3948.0,7504,148
1048576,2,444,mixed,42.84446593374014,2,"[8251,8219]",8219,8235.0,8251,153,1048221,"[7642,400]",400,4021.0,7642,155
1048576,2,445,mixed,42.16144606471062,2,"[8252,8220]",8220,8236.0,8252,145,1048346,"[7777,418]",418,4097.5,7777,147
1048576,2,446,mixed,41.7830478399992,2,"[8253,8221]",8221,8237.0,8253,139,1048332,"[7910,430]",430,4170.0,7910,141
1048576,2,447,mixed,41.70280788093805,2,"[8254,8222]",8222,8238.0,8254,135,1048323,"[8041,438]",438,4239.5,8041,137
1048576,2,448,mixed,47.88377322256565,1,[8223],8223,8223.0,8223,968,1047948,"[8170,444]",444,4307.0,8170,969
1048576,2,449,mixed,36.489580757915974,2,"[8224,8192]",8192,8208.0,8224,617,1048283,[1390],1390,1390.0,1390,619
1048576,2,450,mixed,35.873545333743095,2,"[8225,8193]",8193,8209.0,8225,467,1046547,[2007],2007,2007.0,2007,469
1048576,2,451,mixed,36.36008407920599,2,"[8226,8194]",8194,8210.0,8226,392,1046836,[2474],2474,2474.0,2474,394
1048576,2,452,mixed,36.20023559778929,2,"[8227,8195]",8195,8211.0,8227,345,1048455,[2866],2866,2866.0,2866,347
1048576,2,453,mixed,36.85528226196766,2,"[8228,8196]",8196,8212.0,8228,311,1047137,[3211],3211,3211.0,3211,313
1048576,2,454,mixed,37.62724716216326,2,"[8229,8197]",8197,8213.0,8229,286,1048333,[3522],3522,3522.0,3522,288
1048576,2,455,mixed,37.93670888990164,2,"[8230,8198]",8198,8214.0,8230,266,1048439,[3808],3808,3808.0,3808,268
1048576,2,456,mixed,37.811982445418835,2,"[8231,8199]",8199,8215.0,8231,249,1045551,[4074],4074,4074.0,4074,251
1048576,2,457,mixed,37.36421559005976,2,"[8232,8200]",8200,8216.0,8232,236,1048194,[4323],4323,4323.0,4323,238
1048576,2,458,mixed,37.570507265627384,2,"[8233,8201]",8201,8217.0,8233,224,1046416,[4559],4559,4559.0,4559,226
1048576,2,459,mixed,37.93549444526434,2,"[8234,8202]",8202,8218.0,8234,214,1046567,[4783],4783,4783.0,4783,216
1048576,2,460,mixed,38.141109980642796,2,"[8235,8203]",8203,8219.0,8235,205,1045500,[4997],4997,4997.0,4997,207
1048576,2,461,mixed,38.30744605511427,2,"[8236,8204]",8204,8220.0,8236,197,1044297,[5202],5202,5202.0,5202,199
1048576,2,462,mixed,38.43159321695566,2,"[8237,8205]",8205,8221.0,8237,190,1043955,[5399],5399,5399.0,5399,192
1048576,2,463,mixed,38.75978197902441,2,"[8238,8206]",8206,8222.0,8238,184,1045396,[5589],5589,5589.0,5589,186
1048576,2,464,mixed,39.99272920191288,2,"[8239,8207]",8207,8223.0,8239,178,1043525,[5773],5773,5773.0,5773,180
1048576,2,465,mixed,39.87134248018265,2,"[8240,8208]",8208,8224.0,8240,173,1044574,[5951],5951,5951.0,5951,175
1048576,2,466,mixed,40.06064124405384,2,"[8241,8209]",8209,8225.0,8241,168,1043028,[6124],6124,6124.0,6124,170
1048576,2,467,mixed,40.27513228356838,2,"[8242,8210]",8210,8226.0,8242,164,1045418,[6292],6292,6292.0,6292,166
1048576,2,468,mixed,39.92750309407711,2,"[8243,8211]",8211,8227.0,8243,160,1045840,[6456],6456,6456.0,6456,162
1048576,2,469,mixed,40.46055767685175,2,"[8244,8212]",8212,8228.0,8244,156,1044342,[6616],6616,6616.0,6616,158
1048576,2,470,mixed,40.82358628511429,2,"[8245,8213]",8213,8229.0,8245,153,1047897,[6772],6772,6772.0,6772,155
1048576,2,471,mixed,40.489827282726765,2,"[8246,8214]",8214,8230.0,8246,149,1043000,[6925],6925,6925.0,6925,151
1048576,2,472,mixed,40.44497199356556,2,"[8247,8215]",8215,8231.0,8247,146,1043535,[7074],7074,7074.0,7074,148
1048576,2,473,mixed,41.02044180035591,2,"[8248,8216]",8216,8232.0,8248,143,1042756,[7220],7220,7220.0,7220,145
1048576,2,474,mixed,40.32923001796007,2,"[8249,8217]",8217,8233.0,8249,141,1048194,[7363],7363,7363.0,7363,143
1048576,2,475,mixed,40.7862039282918,2,"[8250,8218]",8218,8234.0,8250,138,1045143,[7504],7504,7504.0,7504,140
1048576,2,476,mixed,40.63858184963465,2,"[8251,8219]",8219,8235.0,8251,135,1040850,[7642],7642,7642.0,7642,137
1048576,2,477,mixed,40.95914773643017,2,"[8252,8220]",8220,8236.0,8252,133,1043252,[7777],7777,7777.0,7777,135
1048576,2,478,mixed,41.74509830772877,2,"[8253,8221]",8221,8237.0,8253,131,1044856,[7910],7910,7910.0,7910,133
1048576,2,479,mixed,41.60625208169222,2,"[8254,8222]",8222,8238.0,8254,129,1045674,[8041],8041,8041.0,8041,131
1048576,2,480,mixed,41.55326075851917,1,[8223],8223,8223.0,8223,22,179993,[8170],8170,8170.0,8170,23
1048576,2,481,decode_only,28.630674816668034,2,"[8224,8192]",8192,8208.0,8224,0,0,[],,,,2
1048576,2,482,decode_only,28.512487187981606,2,"[8225,8193]",8193,8209.0,8225,0,0,[],,,,2
1048576,2,483,decode_only,28.675460256636143,2,"[8226,8194]",8194,8210.0,8226,0,0,[],,,,2
1048576,2,484,decode_only,28.561346232891083,2,"[8227,8195]",8195,8211.0,8227,0,0,[],,,,2
1048576,2,485,decode_only,29.047598131000996,2,"[8228,8196]",8196,8212.0,8228,0,0,[],,,,2
1048576,2,486,decode_only,29.191117733716965,2,"[8229,8197]",8197,8213.0,8229,0,0,[],,,,2
1048576,2,487,decode_only,29.09022942185402,2,"[8230,8198]",8198,8214.0,8230,0,0,[],,,,2
1048576,2,488,decode_only,29.15777824819088,2,"[8231,8199]",8199,8215.0,8231,0,0,[],,,,2
1048576,2,489,decode_only,29.27158772945404,2,"[8232,8200]",8200,8216.0,8232,0,0,[],,,,2
1048576,2,490,decode_only,29.346484690904617,2,"[8233,8201]",8201,8217.0,8233,0,0,[],,,,2
1048576,2,491,decode_only,31.66002221405506,2,"[8234,8202]",8202,8218.0,8234,0,0,[],,,,2
1048576,2,492,decode_only,29.40173353999853,2,"[8235,8203]",8203,8219.0,8235,0,0,[],,,,2
1048576,2,493,decode_only,29.3303607031703,2,"[8236,8204]",8204,8220.0,8236,0,0,[],,,,2
1048576,2,494,decode_only,29.341609217226505,2,"[8237,8205]",8205,8221.0,8237,0,0,[],,,,2
1048576,2,495,decode_only,29.439075849950314,2,"[8238,8206]",8206,8222.0,8238,0,0,[],,,,2
1048576,2,496,decode_only,29.27743922919035,2,"[8239,8207]",8207,8223.0,8239,0,0,[],,,,2
1048576,2,497,decode_only,29.14959192276001,2,"[8240,8208]",8208,8224.0,8240,0,0,[],,,,2
1048576,2,498,decode_only,29.462484642863274,2,"[8241,8209]",8209,8225.0,8241,0,0,[],,,,2
1048576,2,499,decode_only,29.404825530946255,2,"[8242,8210]",8210,8226.0,8242,0,0,[],,,,2
1048576,2,500,decode_only,29.299073852598667,2,"[8243,8211]",8211,8227.0,8243,0,0,[],,,,2
1048576,2,501,decode_only,29.344159178435802,2,"[8244,8212]",8212,8228.0,8244,0,0,[],,,,2
1048576,2,502,decode_only,29.32536043226719,2,"[8245,8213]",8213,8229.0,8245,0,0,[],,,,2
1048576,2,503,decode_only,29.341490007936954,2,"[8246,8214]",8214,8230.0,8246,0,0,[],,,,2
1048576,2,504,decode_only,29.297071509063244,2,"[8247,8215]",8215,8231.0,8247,0,0,[],,,,2
1048576,2,505,decode_only,29.455382376909256,2,"[8248,8216]",8216,8232.0,8248,0,0,[],,,,2
1048576,2,506,decode_only,29.470866546034813,2,"[8249,8217]",8217,8233.0,8249,0,0,[],,,,2
1048576,2,507,decode_only,29.279593378305435,2,"[8250,8218]",8218,8234.0,8250,0,0,[],,,,2
1048576,2,508,decode_only,29.17711343616247,2,"[8251,8219]",8219,8235.0,8251,0,0,[],,,,2
1048576,2,509,decode_only,29.43396382033825,2,"[8252,8220]",8220,8236.0,8252,0,0,[],,,,2
1048576,2,510,decode_only,29.303216375410557,2,"[8253,8221]",8221,8237.0,8253,0,0,[],,,,2
1048576,2,511,decode_only,29.338727705180645,2,"[8254,8222]",8222,8238.0,8254,0,0,[],,,,2
1048576,2,512,decode_only,29.886065050959587,1,[8223],8223,8223.0,8223,0,0,[],,,,1
1048576,2,513,decode_only,29.86245322972536,1,[8224],8224,8224.0,8224,0,0,[],,,,1
1048576,2,514,decode_only,29.821746982634068,1,[8225],8225,8225.0,8225,0,0,[],,,,1
1048576,2,515,decode_only,29.836934991180897,1,[8226],8226,8226.0,8226,0,0,[],,,,1
1048576,2,516,decode_only,29.929252341389656,1,[8227],8227,8227.0,8227,0,0,[],,,,1
1048576,2,517,decode_only,29.822601936757565,1,[8228],8228,8228.0,8228,0,0,[],,,,1
1048576,2,518,decode_only,29.847057536244392,1,[8229],8229,8229.0,8229,0,0,[],,,,1
1048576,2,519,decode_only,29.93597276508808,1,[8230],8230,8230.0,8230,0,0,[],,,,1
1048576,2,520,decode_only,29.86227534711361,1,[8231],8231,8231.0,8231,0,0,[],,,,1
1048576,2,521,decode_only,29.843179509043694,1,[8232],8232,8232.0,8232,0,0,[],,,,1
1048576,2,522,decode_only,29.953770339488983,1,[8233],8233,8233.0,8233,0,0,[],,,,1
1048576,2,523,decode_only,29.90236133337021,1,[8234],8234,8234.0,8234,0,0,[],,,,1
1048576,2,524,decode_only,29.83997482806444,1,[8235],8235,8235.0,8235,0,0,[],,,,1
1048576,2,525,decode_only,29.926162213087082,1,[8236],8236,8236.0,8236,0,0,[],,,,1
1048576,2,526,decode_only,29.930935241281986,1,[8237],8237,8237.0,8237,0,0,[],,,,1
1048576,2,527,decode_only,29.865186661481857,1,[8238],8238,8238.0,8238,0,0,[],,,,1
1048576,2,528,decode_only,29.821697622537613,1,[8239],8239,8239.0,8239,0,0,[],,,,1
1048576,2,529,decode_only,29.979433864355087,1,[8240],8240,8240.0,8240,0,0,[],,,,1
1048576,2,530,decode_only,29.89526279270649,1,[8241],8241,8241.0,8241,0,0,[],,,,1
1048576,2,531,decode_only,29.875886626541615,1,[8242],8242,8242.0,8242,0,0,[],,,,1
1048576,2,532,decode_only,30.029363930225372,1,[8243],8243,8243.0,8243,0,0,[],,,,1
1048576,2,533,decode_only,29.97726295143366,1,[8244],8244,8244.0,8244,0,0,[],,,,1
1048576,2,534,decode_only,29.92502972483635,1,[8245],8245,8245.0,8245,0,0,[],,,,1
1048576,2,535,decode_only,29.99905403703451,1,[8246],8246,8246.0,8246,0,0,[],,,,1
1048576,2,536,decode_only,30.06685059517622,1,[8247],8247,8247.0,8247,0,0,[],,,,1
1048576,2,537,decode_only,29.952077195048332,1,[8248],8248,8248.0,8248,0,0,[],,,,1
1048576,2,538,decode_only,29.911854304373264,1,[8249],8249,8249.0,8249,0,0,[],,,,1
1048576,2,539,decode_only,30.010689981281757,1,[8250],8250,8250.0,8250,0,0,[],,,,1
1048576,2,540,decode_only,29.91336490958929,1,[8251],8251,8251.0,8251,0,0,[],,,,1
1048576,2,541,decode_only,29.90102954208851,1,[8252],8252,8252.0,8252,0,0,[],,,,1
1048576,2,542,decode_only,29.983981512486935,1,[8253],8253,8253.0,8253,0,0,[],,,,1
1048576,2,543,decode_only,29.965526424348354,1,[8254],8254,8254.0,8254,0,0,[],,,,1
